firm_id,year,v_production,v_investment,v_capital,v_material,v_labor
1,1997,15.2436676874641,12.2967174137522,13.6469111799501,14.762922461964,27.407509
1,1998,15.4398920066508,12.6583131911957,13.841185809558,15.0050739976785,20.842457
1,1999,15.3679367100336,12.3586993074891,13.9283382249254,14.956838110391,25.953587
2,1997,14.8474470017139,12.3571786951712,13.6883098272041,14.2697938854798,43.536949
2,1998,14.7600539157302,11.5890713591495,13.6968350116387,14.2354799130593,41.272972
2,1999,14.7037951740429,12.6856923913699,13.8871149630935,14.0905950561889,42.817913
3,1998,13.9123585566409,12.1450957741812,12.0143163209576,13.4115105127567,17.486481
3,1999,13.6600445262409,9.89272989588317,12.0051784806561,13.0284541413466,17.494886
4,1995,17.6699183565901,14.5626202174671,17.1751309448874,17.2448331124463,71.618164
4,1996,17.606478686395,15.2652350136439,17.2278471542362,17.2083455303283,78.801003
5,1998,16.0787049125008,13.4246108574154,15.1471543902231,15.6537349821223,52.999359
5,1999,16.0031070250352,14.0183811954149,15.3130338568205,15.6114303049669,51.999664
6,1998,10.6063385401654,8.14351740579748,8.54161259595698,9.2212330426759,-5.1722155
6,1999,11.0108343027462,8.070906088787821,8.89698487275969,9.206591776622901,-4.8469191
7,1996,12.1015451161762,9.269363712425641,9.18124106415091,11.4870433952561,14.10842
7,1997,12.501302412339,8.658692753689939,9.516184020052769,11.9876491870305,16.51829
8,1998,13.6316826596517,9.269080866998779,10.3672844598723,13.4396152083483,3.326771
8,1999,13.5453339433579,9.033125752550371,10.4715730849913,13.3075235734652,4.8234453
9,1998,14.1118044506364,10.7105212984733,11.8987829267722,13.8586256014371,49.914024
9,1999,14.2857413812271,10.7748018387628,12.0523018102195,13.994136962752,48.434391
10,1998,10.8036895520607,9.471396088360249,9.77077296908929,7.73546279827671,.55440885
10,1999,10.8567079134952,7.96450336355155,9.81865380279427,8.87461788259977,3.8511147
11,1998,12.8619358362769,8.36637030168165,8.684976241089069,12.5886238914664,3.4742906
11,1999,12.6408894146865,7.96137020171951,8.943649762359151,12.1132663284437,4.0309782
12,1998,15.8533596499094,13.3422632737531,14.3642164776949,15.6321942216013,30.106453
12,1999,15.6710380931154,13.3423916813704,14.5340521048278,15.2228877594819,29.72872
13,1998,13.3383810114043,6.21460809842219,11.2180925527642,12.6403840529226,26.352236
13,1999,13.3871432468299,0,11.1066024889986,12.6701958353905,26.287792
14,1998,10.6649193294145,7.64012317269536,9.699619528841151,10.0074324973016,-4.9576974
14,1999,10.5785960197768,8.85580599253656,9.93175911887792,9.88395373610455,-7.6103768
15,1996,10.5548226652816,7.42595365707754,8.225476323446779,8.393953366647681,-5.8981638
15,1997,10.6250521074576,4.83628190695148,8.156194628378341,8.237118451199891,-4.0073729
16,1996,10.7539510869265,0,8.738382835095569,10.3756761462678,-12.23293
16,1997,11.1080766056886,0,8.64648310165839,10.7625034199996,-15.482066
17,1994,10.6919449129004,8.85366542803745,8.699548080987981,9.492959650085499,6.2231612
17,1995,10.8589989975636,0,8.58806163624868,8.87766093359367,10.570187
18,1994,12.3056496619059,7.16394668434255,9.22552450730122,12.1611717016662,-.10847558
18,1995,12.3695208377319,8.21959545417708,9.43413171342905,12.2052692391364,3.3930233
19,1994,9.89123757375873,6.44094654063292,8.831434426053271,9.23071287647155,-13.360915
19,1995,11.2032820353312,0,8.71961144990931,10.261663631113,-1.1070378
20,1995,11.3728239649519,0,9.641414745590771,10.985702329093,-3.3556206
20,1996,11.5233212411523,0,9.581027682548401,11.1484116744915,1.5949277
21,1998,16.2075628197933,13.4274157095786,12.9272643756334,15.7513641859776,48.766651
21,1999,16.3347176437601,13.117163883433,13.5727922908801,15.8494351826411,44.073963
22,1993,16.1434839565558,10.6681178347179,13.1182286411515,15.7046214354977,38.025013
22,1994,16.1251771785364,12.2116321627354,13.3642856594625,15.7497091114661,31.078365
23,1992,12.1333245175998,0,8.863955163803929,11.7727711904777,-.64908165
23,1993,11.982929094216,0,8.750635527717909,11.6200078568867,.23285662
24,1998,11.5918388078787,7.8578675593318,9.35986321701875,11.0368488731218,-3.1699188
24,1999,11.4453600013802,8.793156870913821,9.681162416228981,11.1153875534182,.45705652
25,1993,11.8239998776275,11.3437965019623,11.7102423609106,10.3868038637562,15.166368
25,1994,11.7588335156945,9.204020443231361,11.6788576128053,11.2769970055649,18.348186
26,1998,11.9333424783222,5.52146091786225,9.22914249893878,11.2224210368465,10.516911
26,1999,12.2233976776015,10.0815500524097,10.2766980279149,11.824179702665,3.9212577
27,1994,15.541016327533,11.5604576954155,13.284393957679,15.0241035006694,37.883335
27,1995,15.6797537776946,10.5159668300286,13.2422338328832,15.2010462013077,39.549519
28,1994,14.5404434466594,11.9183905730784,13.0967203883493,13.6667340487506,13.569333
28,1995,14.5976113521975,12.6362336182559,13.4783183021915,13.7077283675681,18.041718
29,1997,17.1504633979282,14.0828072533542,15.6280860460625,16.8421120060681,67.581421
29,1998,17.6118994836001,13.943555427107,15.7009453713808,17.248403026254,71.421509
30,1998,15.5288572089699,12.3084577390065,14.8314897980318,14.6900038653302,40.131618
30,1999,15.67775743227,15.7783746026589,15.9618191966059,15.0237200479686,33.888432
31,1995,15.99028094317,0,12.6955157846824,15.8205040081145,25.87323
31,1996,16.3828342779167,0,12.6377807085422,16.0859800889215,29.22517
32,1998,11.0978717333348,7.9035962896143,8.493945035096431,10.5568844593943,-5.4482341
32,1999,11.1874240087009,5.45958551414416,8.42461727011783,10.5819567586176,-4.4570217
33,1992,13.8623772081786,9.921278353544681,12.3703634543223,13.4584883397033,12.596059
33,1993,13.8429544838068,11.2596705837992,12.5583546044241,13.4125678346279,-4.493535
34,1998,10.5644801960458,9.17305378719017,9.08856814004627,9.655908598899369,3.4704595
34,1999,10.5273542828022,9.00981411052738,9.59665663902336,9.253777205134369,3.7714641
35,1993,10.9497950243893,10.1658518170036,10.4729093893466,10.5065754073497,2.6926546
35,1994,11.1842567391029,0,10.3694266828859,10.7299430231954,5.6099896
36,1992,11.6583256206153,8.34283980427146,8.977083351502481,11.3827505012244,8.4498796
36,1993,11.1965545696574,6.68461172766793,8.965309020903939,10.6327519492146,8.4974794
37,1996,17.4018872342708,13.8116330501378,15.7590736691655,16.7972396362145,85.881409
37,1997,17.4035668144721,13.518283072669,15.7432274953476,16.9140141145549,87.469322
38,1993,15.7274440176443,0,13.483680549509,15.3760000706637,52.267353
38,1994,15.0446401980338,8.549466751966531,13.3622817611804,14.7625646524971,59.249596
39,1995,17.0625655173096,13.1346989800454,14.9611130744275,16.5188604789142,59.982613
39,1996,17.0942550565292,12.8076526325646,14.9642781737808,16.5224912943098,60.919888
40,1994,17.1644200783788,13.8912198901135,17.1712016157467,16.5470663142454,51.723061
40,1995,17.2272818177317,13.4174033142593,17.1084481362038,16.6032127021307,55.3731
41,1995,13.2630825880278,8.919453168575449,11.416459717755,13.2055576626168,5.8747172
41,1996,13.1071425515752,7.60090245954208,11.3370840665236,13.0895710676372,8.6860209
42,1994,16.3131163590286,11.486324783173,15.2642961741269,15.9362866242941,48.415855
42,1995,16.2716673061202,12.1620685100321,15.2386441208043,16.002029098627,51.739967
43,1996,15.4768754898428,12.449677430741,13.8120996474172,15.0496020992795,28.106941
43,1997,15.524631571895,12.0717237760053,13.8526428418665,15.1162977511342,30.55106
44,1998,15.3638341858885,11.9399302529164,13.8101562492023,14.81230837279,36.952187
44,1999,15.1113405610308,11.5549691129679,13.7915766125132,14.7281856499538,36.108727
45,1995,16.8927079665567,12.9684333399004,14.0323908559931,16.7134616881022,23.208429
45,1996,16.8164292087291,8.911125383710679,13.9093409160997,16.628560933934,24.579306
46,1995,11.5550074653496,0,8.46356032024674,11.2598921853869,-3.4072084
46,1996,11.7704163352578,0,8.35693053814123,11.4931140973548,-6.3141499
47,1994,10.910022928753,0,8.58621539580631,10.0050128973574,-7.3830214
47,1995,10.6157795810777,0,8.52581590870712,10.3255483443564,-.6453566
48,1998,14.9319922338746,10.8780471925343,12.1546998743002,14.7624621666966,49.358963
48,1999,14.503910488141,11.3025994173666,12.3859913177078,14.2897560467225,51.81881
49,1995,16.6328342706265,12.8883282273833,14.355741496465,16.2117698289714,41.790905
49,1996,16.6727578540707,12.4784976688738,14.3803894429031,16.1496351351332,44.246689
50,1995,16.2045988889051,11.6701172302917,14.2475324911579,15.7474339550943,50.106071
50,1996,16.1012494768149,12.0796757418063,14.2164798416487,15.8455807712633,47.987991
51,1998,17.5215920471425,13.231531634405,15.0494507412471,17.3790192849904,65.962326
51,1999,17.5988216294564,13.2315280480804,15.0741989932974,17.4991650329126,68.356483
52,1997,15.8969787054107,13.2516374705762,14.2191717733692,15.6094715895288,38.384525
52,1998,15.8808292132791,11.5909785022541,14.1732719914594,15.6387923557616,42.834061
53,1997,11.8304518305276,7.96554557312999,8.37914877325159,11.5735447987389,1.1020395
53,1998,12.4205512405533,10.0562086395538,10.0668471285916,12.0982155801278,7.7010474
54,1993,11.1509658289131,0,8.5918738566928,10.6502044706778,-.55048394
54,1994,11.4523495896659,0,8.49699048409872,11.0283510226882,-2.3888297
55,1993,14.0812857519354,12.9159417324427,13.6640229124448,13.6621103964277,36.940063
55,1994,14.140217286008,13.1820143489065,14.0331392503601,13.9332854579943,43.547955
56,1994,10.9508470479856,8.45914025996762,8.788593431293741,9.974432443420209,9.7016211
56,1995,11.073214800659,0,8.676757761087581,9.990040723867249,10.679798
57,1992,12.6074404425403,7.56112158953024,11.367377012994,12.2426215232773,14.233866
57,1993,12.6689663492299,7.88004820097158,11.3077249698839,12.4767827555711,13.088757
58,1992,11.5445401469202,7.60090245954208,8.317521996287169,11.3074696335501,5.5225716
58,1993,11.745998448396,7.82404601085629,8.705679043178041,11.1552907294792,6.8320694
59,1997,14.7898891494847,11.6151300057743,12.7305032010814,14.5687093513864,33.825382
59,1998,14.8418745238818,11.9073431072594,12.9618393978465,14.7446179043251,35.619225
60,1997,13.7586743416234,0,12.6073091590542,13.5532272737222,13.014774
60,1998,13.8030654274433,8.93748122841604,12.5371543076477,13.6664145168034,13.093259
61,1993,12.5540255414023,9.054504940418051,9.272761027017751,12.1036442357721,9.4316587
61,1994,12.5579472250805,6.96979066990159,9.269316577076481,12.4066550650147,6.2487164
62,1992,12.8990074317263,0,8.981115869095969,12.6057869397699,-3.4165847
62,1993,12.9595208150832,0,8.864181369765429,12.5987341430041,2.5157111
63,1996,15.3925878279131,11.5744155944797,12.9332847227576,14.9547891763553,35.20232
63,1997,15.5492491774986,11.9260941574634,13.1091618190342,15.0578632917226,36.899994
64,1997,11.944899342994,10.2383155810449,11.2832279834986,10.9771176206982,11.779204
64,1998,12.1108598341827,9.257891673834409,11.2884885776575,10.993625011146,14.875664
64,1999,12.0647362521202,7.83002808253384,11.2056717785366,10.9684996703393,17.892584
65,1996,13.0880057898656,8.69951474821019,9.586397266503759,12.9052433116449,6.0484476
65,1997,13.02909760704,9.635608107380531,10.1625733718473,12.8590221770145,6.9030938
65,1998,13.2012169896767,8.78996465113226,10.2606513769533,12.8845850518732,9.0793724
66,1997,14.1462216016501,0,11.9456937588952,14.0214230711228,-3.4141374
66,1998,15.1237980600351,10.5134976594732,12.0353578687019,14.8462497960788,10.688643
66,1999,15.2969048060309,10.7452271371459,12.1513022604315,14.9414250219556,6.3749676
67,1997,11.346644553989,0,9.98656411495322,10.8620934810579,-3.2649052
67,1998,11.523903086963,9.47270463644367,10.320423287407,11.0460244439339,-1.6588424
67,1999,11.5892668638412,9.31695010703444,10.5021866815524,11.1166666539568,-6.1097374
68,1994,15.7745354542779,11.9194033933361,15.1933738523146,14.8968961073069,54.977108
68,1995,15.9031132055279,11.7931296475661,15.1426080260153,15.0370374130346,51.470497
68,1996,15.7557564140951,11.4411179217229,15.0832562935636,14.7763976008311,46.37188
69,1996,13.8791638783959,0,12.7399353659344,13.5698702526775,17.602489
69,1997,13.9589462947136,0,12.635907061939,13.66233798611,19.41309
69,1998,13.745827236341,0,12.5318789167214,12.9648360966438,18.938486
70,1997,16.0296936755982,11.088506868945,13.851697539388,15.8767983120768,29.274265
70,1998,16.3289120672429,12.0715693521917,13.8725195217482,16.1775215336447,35.991104
70,1999,16.2325383095786,12.3825228328522,13.9378787988156,15.9965280545917,39.185371
71,1995,14.1562377646453,10.9441882025852,11.941405030386,13.4295317528811,27.891752
71,1996,14.0952592631344,10.4718365235458,12.0303367555496,13.2896199401799,26.568695
71,1997,14.0542039370087,11.1152797059142,12.2412790621658,13.2150467210654,25.497992
72,1997,13.0672576295842,8.145549631783579,12.7006896159317,12.0640826905333,37.424034
72,1998,13.2285275415843,6.97354301952014,12.5881268443153,12.1039106421797,38.38961
72,1999,13.0355806864522,8.37839078853578,12.4863342543145,12.2314210494624,37.339039
73,1995,15.1757719836623,11.0821425488778,13.1907843520561,14.4419712948002,8.7241468
73,1996,15.1353405123732,11.5525787768469,13.2576148149032,14.4836421350919,13.53533
73,1997,15.1552449607815,11.7449573973298,13.3429255197475,14.6227187043787,12.792477
74,1997,14.3764789202557,10.7228267583338,12.8860684749336,14.2431331481506,19.52825
74,1998,14.4525731220757,11.0113238357318,12.9158468281865,14.270607665901,21.792248
74,1999,14.5323756315767,10.5588809434842,12.8959379466102,14.258188983871,18.275681
75,1997,12.5058838862759,8.987196820661969,10.4335450525156,11.2814478649203,8.8117542
75,1998,12.4430532555492,0,10.3076418018442,11.8150945763186,11.658107
75,1999,12.4827704861553,10.3851726865557,10.8871939127029,11.8478778480827,10.799399
76,1995,13.2953492062345,9.18296917518005,12.0044600065785,12.8845538674993,21.007248
76,1996,13.3049443082246,7.41397029019044,11.9532769063641,12.8190518528032,19.14852
76,1997,13.3972986621409,8.807621489536039,12.2548532858447,12.9752395702404,22.680799
77,1995,14.0066923264709,6.82979373751242,12.982542763308,13.4850761622541,31.93795
77,1996,14.0811731909067,4.36944785246702,12.8574963837211,13.574914026104,25.726223
77,1997,13.9750181111225,0,12.7322731674747,13.4326928060103,26.79846
78,1994,14.199853030237,7.4500795698075,13.4039468410884,13.6060673284636,24.729675
78,1995,14.0912961271977,7.91571319938212,13.2946133859986,13.5771046206859,42.225037
78,1996,13.2431205036306,9.81640344562901,13.2104409191716,12.6630247861257,32.725517
79,1994,14.7428856911586,12.1504172192853,15.1735188126217,14.3363613420034,41.47702
79,1995,14.8354352650005,10.1115174660403,15.0756430192051,14.3552735954954,33.773701
79,1996,14.5217164755139,0,14.9716149436828,13.8220291988629,30.418768
80,1993,11.5744306661668,8.493105395887151,9.556869015861039,11.2075837674998,-2.4523554
80,1994,11.7238457052656,8.012349639327789,9.65882665463454,11.2305064251465,-3.4186082
80,1995,11.6343931807795,7.10496544826984,9.639137818327431,11.0267166541112,.23197725
81,1996,12.5940301160191,9.104535313079211,10.3993447056198,12.2195165732748,7.060204
81,1997,12.0527107939502,0,10.3642359842675,11.6506415942645,10.837681
81,1998,12.0065315929843,8.69951474821019,10.4818437791953,11.6059476407938,8.2106295
82,1995,12.2591465131762,6.19236248947487,12.3610264313529,10.15982609407,85.091476
82,1996,15.2172487854063,12.9588156836159,13.2566192325425,15.1109673826586,56.069405
82,1997,15.8493413626915,12.6399664677326,13.554026306172,15.3756634321775,36.106148
83,1997,11.0991025112991,8.69533937679971,9.86530789729396,10.4557292661908,6.8367758
83,1998,11.1930356175256,5.97635090929793,9.7807604400491,10.512648492092,2.8690524
83,1999,11.2984953981007,9.081256218564651,10.0562086395538,10.2011167165504,6.021297
84,1994,16.5742016785286,13.3384049694008,15.4068644762059,16.5281556480664,57.977482
84,1995,16.4836671144326,13.1254785203045,15.4250005490423,16.2747399970527,55.012012
84,1996,16.3553976271356,12.7663710575676,15.4136169707706,15.9501419200238,59.552631
85,1993,15.2121553715284,13.2073127966862,15.1631820931607,14.2700642914308,46.538761
85,1994,15.2355269819055,12.4849611678,15.153045044456,14.2298677130243,47.891495
85,1995,15.1795414633325,12.8558581509762,15.1683230293381,14.2067004266351,48.812473
86,1996,11.8996199048723,0,9.559221019148969,11.3823260876978,-18.41889
86,1997,12.1503968988604,0,9.45884753022589,11.667576794178,-15.701037
86,1998,12.1356216341474,0,9.35847585386294,11.8013410572038,-9.5032539
87,1994,11.196732313686,9.759155181646211,9.43019853229886,11.0836416635619,-11.167975
87,1995,11.2378354565739,0,9.32672687738242,10.6999617017103,-.12186236
87,1996,11.6157020793741,9.266626182986769,9.86288428409358,11.209613886416,-.18481815
88,1997,11.2110976607224,8.1789193328484,8.860045035001489,10.7148914182039,3.7733085
88,1998,11.2313323436456,0,8.76967804559256,10.6349603709628,4.3093004
88,1999,11.2681128341089,8.330863613224739,9.143131622282731,10.6767822439251,6.9476981
89,1997,16.6017880381349,12.3236156523819,14.298976598433,16.2433977065934,49.513428
89,1998,16.6428872169489,12.616382664746,14.3470827163469,16.3175334399351,51.829021
89,1999,16.8549152892887,12.8974257176396,14.432342193011,16.5105719269632,52.674896
90,1994,12.8139254919928,6.5510803350434,8.256114100758991,12.5098349032834,9.6931334
90,1995,12.9520963567758,0,8.154730099852619,12.7101338870239,9.6369438
90,1996,12.7330046594968,0,8.053378371919599,12.4905643990935,9.7655687
91,1994,16.8688283720777,11.5642077592973,14.652170593943,16.4748923661534,62.067162
91,1995,17.0829341822041,12.7963811279758,14.668426208975,16.9942665579846,67.246155
91,1996,17.3030603852513,13.2643836374248,14.7543903842679,16.9122592911635,72.330025
92,1993,16.785576675363,13.0794558763931,15.9318707178937,16.2577504171279,66.557816
92,1994,17.0004139941774,13.9708034423703,15.951065998724,16.2891891977124,58.239067
92,1995,17.2357430246942,13.9708034423703,15.9629160052605,16.471969451545,62.324635
93,1996,15.5779621136065,11.4954333663457,13.0782802377928,15.1997045919698,49.447121
93,1997,15.2699116887404,11.044824025414,13.0681614359486,14.5109086324507,50.418362
93,1998,15.269480403495,10.9659198337495,13.0499488014149,14.7868466232091,51.895927
94,1996,17.9186536564968,14.158978978404,15.7924174762778,17.4650721246611,71.986839
94,1997,17.9262436851401,14.2596269863831,15.8808433628432,17.6378083850585,72.993584
94,1998,17.9392851929739,13.7915077823816,15.8945374011686,17.6094974348046,71.089165
95,1997,11.6331195719605,8.3170334764924,8.518712037385511,11.2780361262853,.62834209
95,1998,11.5722592281385,3.71357206670431,8.414052432496719,11.1706290377655,-.93230873
95,1999,11.472051800395,7.4301141385618,8.599473394029969,11.0197835650481,-3.7801139
96,1997,16.7985770792734,13.9639771137232,15.3003983168613,16.3774866194373,74.345398
96,1998,16.9517692068762,13.8184223146832,15.3809719639664,16.4930554415579,63.256805
96,1999,16.9936228534023,9.776165413960779,15.2708481693021,16.4969294338782,63.256947
97,1997,16.6123029273126,12.5426341638799,14.1731053487142,16.402224830921,15.172121
97,1998,16.6820124720739,13.3042431699682,14.3987036329129,16.3302321955302,15.744803
97,1999,16.6185079248498,12.7448353689391,14.4569344043144,16.2103959578847,11.615309
98,1997,12.9289851157763,10.0087930666814,10.7774697688983,12.3522268196262,2.319386
98,1998,13.4221938870368,8.415160465851089,10.7975653947641,12.9140229969026,7.449471
98,1999,13.7372267440176,9.52281261323518,10.9585780248872,13.2602036033692,7.0766282
99,1996,16.2666762802723,13.2766129094884,13.8634226224313,15.8152558324189,42.434277
99,1997,16.458551144856,13.7259862079193,14.3521067302121,16.1298460268726,48.509754
99,1998,16.6700942759234,14.5243809779894,14.9898224752382,16.3316555593039,45.915966
100,1995,18.9626182893588,16.3345546704876,17.0208244623136,18.2764353777673,64.562943
100,1996,19.1962625882006,14.9785435483295,17.0280772379683,18.2765956043775,63.629784
100,1997,19.460676329598,14.5327740875457,16.9933175828583,18.6105875679627,67.164558
101,1997,15.9555252516623,12.6796511273694,14.7261780289006,15.5881407051588,45.640068
101,1998,16.1235416943569,12.8603334570376,14.7437925464859,15.7264529284779,46.498661
101,1999,16.3211177051096,13.6022987729745,14.6221178884037,15.9329599526348,47.447083
102,1993,11.4556464955535,0,8.57934135793117,10.8278376391014,4.3988276
102,1994,11.1460321731894,0,8.47795327807863,10.8040234443739,3.8344736
102,1995,11.3515783242659,0,8.37659690106959,10.8841158447377,-.74252498
103,1997,16.283467310974,14.0895456829871,15.2978657261882,16.1304594458118,24.634468
103,1998,16.476917029752,13.9919054198807,15.4220367755261,16.3017692424354,27.772949
103,1999,16.838872850977,14.6985691692162,15.6913165243775,16.6888769029084,28.783512
104,1996,16.4460091247302,15.6748317862373,16.4845019661368,16.2409387516078,47.965946
104,1997,16.690862915806,12.4799093111599,16.4327305651229,16.4719944088057,54.638233
104,1998,16.6664785999318,13.2780705595389,16.377117366096,16.324159951578,53.184845
105,1994,15.3997343047877,14.3989985523626,13.4730358826981,15.1031950964291,27.124046
105,1995,15.3937448850194,11.6692110072133,13.4990069740719,15.2542690450101,25.714586
105,1996,15.3829870565793,11.5005289446337,13.4969667227865,15.1734858323565,39.522335
106,1997,16.5181525426587,11.7564910595461,14.3155987614034,16.3947181474282,38.855484
106,1998,16.713715824851,11.8574367304081,14.2655162420905,16.5676390007362,38.998051
106,1999,16.7071765467136,12.1772049544163,14.248058590322,16.5496650465887,44.845592
107,1997,15.302480883081,9.00773447187952,14.5205623466518,14.8666683480865,51.93755
107,1998,15.0354865535857,8.595449689382001,14.4216795064398,14.0946935162161,49.640144
107,1999,15.1700535607677,9.6274046159277,14.3279408735234,14.470412076317,45.931423
108,1997,11.5168432021337,0,9.508992057616551,11.0284157402108,3.1109033
108,1998,11.5250961839271,5.72031177660741,9.468217661935761,11.0520744064414,5.4584918
108,1999,11.7770792481698,9.81623978397185,10.2220758200588,10.9138417678232,8.6624336
109,1995,16.244328286957,11.3328653491899,13.8628193397141,16.026631537505,33.807518
109,1996,16.2780116007053,11.2582396456461,13.8361746768151,16.0466634142328,35.582951
109,1997,16.3468480319492,8.44741429680832,13.7464220747638,16.1011097239196,37.193909
110,1995,17.2786697573488,12.8013892226851,15.0196416797573,17.0211508358128,91.198433
110,1996,16.9638361568743,12.778951517199,14.8876817755456,16.4658682134976,86.518982
110,1997,16.7355270894885,12.6836041193216,14.8865283635188,16.1160442140412,60.522202
111,1993,15.2559123581052,10.2076948285701,13.009250444821,14.5772812065896,47.423508
111,1994,15.2671486956908,10.616951933859,12.9883386059456,14.8640006048617,46.421547
111,1995,15.2875820676853,9.897720957641789,12.9218090085093,14.8488985727776,46.169247
112,1997,12.7488979095566,8.558335134747409,9.77397094700054,12.4674337560885,4.9268608
112,1998,12.974772288445,9.42432208149801,10.1681108020361,12.6508800228685,7.1148343
112,1999,13.1151898262251,9.721425961948031,10.5220108586569,12.8571190420179,9.357811
113,1997,17.7976651090564,14.5801389781203,16.9964725887283,17.2504054786966,61.512909
113,1998,17.823528166634,14.8056066161995,16.9864012945025,17.4312885379561,70.074333
113,1999,17.6656433429088,14.9695575535205,16.9934945192048,17.121958234406,72.259735
114,1996,10.4590215154918,7.76259604854007,8.422156974080769,9.602982467152559,-8.5524473
114,1997,10.9625700561506,0,8.310660905907231,10.1522479390015,-.9293794
114,1998,10.7347641096884,0,8.199161871069711,9.825780662748411,.8420102
114,1999,10.7277578014057,5.99146454710798,8.185517433278569,9.62567623044802,1.3210469
115,1996,12.096048832456,8.85366542803745,10.7008325731084,11.8108513248537,8.5416622
115,1997,11.9828820227479,0,10.6017864402357,11.7064875720021,8.287322
115,1998,11.9068593100099,8.366835309827669,10.597546817021,11.6900322387599,3.3919597
115,1999,11.8964995045107,7.99023818572036,10.5643516985009,11.5148638733656,10.407652
116,1996,15.5364114542766,10.0647557001323,12.0214380156441,15.0813501541054,36.839622
116,1997,15.1263874526669,9.980448593672261,12.0207383550081,14.4698815000846,33.587704
116,1998,15.5546699247817,12.0844811167619,12.6018351687603,14.9051055486661,38.53899
116,1999,15.6861524771834,10.4968143978139,12.5921255501169,15.1963509783492,44.233273
117,1996,14.3279080407187,9.474856166396121,13.1686192854386,14.0176225576052,30.224604
117,1997,14.2880261094241,11.6332120308446,13.231453449612,13.950217856098,31.342812
117,1998,14.3093517115902,11.4328210887286,13.2530299954779,13.9816318836786,31.173635
117,1999,14.8737865485609,11.2829461026467,13.2519242479282,14.5661258422552,32.261738
118,1996,16.1321982680154,13.6126719587404,14.9228556379051,15.5760566668964,39.074154
118,1997,16.2103436325637,13.1868262706822,14.9661291984008,15.7257210463163,40.097637
118,1998,16.1981674661712,13.1460779508947,14.99703199598,15.7659185434182,39.411087
118,1999,16.1471424401022,13.2417220599658,15.0357996251568,15.5777498976352,39.054268
119,1996,16.7250690970627,14.0959217615961,16.6901210346465,15.8827131180323,59.165195
119,1997,16.7047823919066,14.8882517232042,16.7249351414284,15.8748091858788,61.029415
119,1998,16.6971369254561,13.4192405450956,16.6485094025465,15.9647214509389,61.233154
119,1999,16.6719925291971,13.8916620122141,16.595654393327,15.9661989531226,68.309196
120,1995,10.8724053644385,7.41818082272679,9.116194514085951,10.1182484586971,4.9240856
120,1996,11.0996779911348,9.9446294958673,10.1669243185912,10.2916848650698,4.9048328
120,1997,11.0894494282084,8.35279013512463,10.2000822889381,10.2811167999117,6.2592692
120,1998,11.3298585380011,9.579625472629591,10.4989502368319,10.6342109848319,7.9060192
121,1995,15.3034774815251,9.10164095505284,14.2969261350241,15.0441503755157,26.211515
121,1996,15.2964122640505,9.27284557732758,14.2048949279459,15.1190823310982,24.227022
121,1997,15.4696938372132,8.96162256954254,13.2543042057519,15.1362350209461,40.752102
121,1998,15.4873167233092,11.2336083088501,13.2745674209068,15.1451614480094,27.324417
122,1996,11.8220429767124,7.11232744471091,9.607349831636689,10.9223663750699,12.793967
122,1997,11.9083857124784,8.271036865792951,9.718747072504859,11.0616450287644,16.298573
122,1998,12.0793411049937,6.69950034016168,9.652715834104439,11.1121200304046,20.273918
122,1999,12.14937427164,8.07961802938984,9.717302542207451,11.0239199782358,16.862946
123,1996,11.501559636136,0,10.463828791554,11.1953157251219,3.8572295
123,1997,11.5797985968503,9.462576597493671,10.6406635801638,11.1814831483446,7.9210744
123,1998,11.6123959045006,9.580454602781421,10.8009807118773,11.2632620515083,6.7615914
123,1999,11.7887506119901,0,10.6757577872487,11.4197922735511,9.206212
124,1996,11.8456198977449,0,8.76422512957895,11.5594765193112,-.54243493
124,1997,11.8896432171749,10.2312433396166,10.2854247029134,11.614329288564,.01265551
124,1998,12.0169101553645,9.55506418479516,10.5563828885095,11.7092030235196,2.4482405
124,1999,12.0312585631508,4.74493212836325,10.4600959657071,11.6998468724182,2.0839996
125,1994,13.9419960172749,8.22657347497711,11.7324890157227,13.7241554077094,-2.6441638
125,1995,14.615988560964,10.2685819531676,12.3404759079657,14.383959816481,29.341558
125,1996,14.5589546124736,9.13658618338752,12.2729763361978,14.3214795665344,12.41671
125,1997,14.5527957325853,9.56766510475641,12.2286630500287,14.2523878563728,13.748237
126,1996,15.9703827790015,13.4394809435246,14.1783421010933,15.6348392292374,25.754831
126,1997,16.0649255559337,11.7170818963717,14.1258438436948,15.8026522104067,32.812565
126,1998,16.0263139014339,12.9590582565862,14.2557363841145,15.740316676995,37.438538
126,1999,16.0356714829267,12.2207099949329,14.2414990792917,15.6033692345047,29.878407
127,1996,14.1206979007976,9.992779660014889,13.4988529877825,13.8592521492624,29.008348
127,1997,14.3464928772478,10.8696726006841,13.464144354835,14.0605620408797,28.136599
127,1998,14.3752832126398,10.6513359638662,13.4184542962026,14.1696036509701,28.856249
127,1999,14.4684523061384,11.1353332727761,13.4084612957463,14.0566920532188,28.818317
128,1995,11.2743294722163,5.82008293035236,8.67051495635989,10.6426995912837,3.185394
128,1996,11.5025650290646,0,8.560367616800031,10.8314199832573,5.2087941
128,1997,11.7398639832989,8.827028068509151,9.254165851516211,11.1762367476383,6.102324
128,1998,11.8369485344555,0,9.144008243285841,11.3399609537143,5.3456602
129,1994,15.6495234964306,11.6227211307931,13.5592235296321,15.1645839038277,26.789818
129,1995,15.9604437122699,9.64859530290734,13.5039100398442,15.4318525311698,27.812546
129,1996,15.5919031754712,12.3842188309136,13.6925960915078,15.3556620452185,35.096756
129,1997,15.7812791815785,0,13.6175557156764,15.4927925084814,39.165913
130,1995,17.5322910517047,13.9315142337206,16.1718483480342,17.3061743789589,45.47987
130,1996,17.7137479192997,13.7642172635767,16.1312581637613,17.5129973244553,50.538002
130,1997,17.7446525289862,13.7610543721682,16.1516074550256,17.5923994608832,52.740726
130,1998,17.800507316846,14.9549448411526,16.2803444409717,17.7401602987646,54.783939
131,1996,16.9281810659861,13.6060233330975,15.9863204980987,16.6608553989323,66.372513
131,1997,17.0934486742579,13.6921320216521,15.9766689436306,16.7595470341743,71.178566
131,1998,17.1304791290791,13.7245152556723,15.970181457096,16.76250541815,73.077873
131,1999,17.1863739820296,13.407509236384,15.9391702088332,16.7356486450902,72.858223
132,1996,13.6117638568712,10.6689553946757,11.7597449170765,13.1496289594435,12.810271
132,1997,13.7275664724342,10.375520371583,11.8604407873628,13.2091331412629,13.86969
132,1998,13.7253136785347,10.8556665279728,12.0444309781842,13.1850397486071,18.697977
132,1999,13.7878182014934,9.52879410309472,12.0050342157954,13.3027596413278,20.164854
133,1996,15.0986289331828,10.2553057214135,12.4651750574747,14.6386892678075,45.791286
133,1997,14.9793735092135,11.6928608437712,12.7235134407226,14.4572304475939,46.588398
133,1998,15.5949343290018,10.1697672187275,12.6921083219689,15.2768700467708,53.013981
133,1999,15.1162865802685,10.6311810768487,12.7021277198327,14.6331151276158,48.003563
134,1996,11.6736920481008,8.1605182474775,8.109585790236039,11.2683615226311,6.0979586
134,1997,11.8179723918414,8.039157390473241,8.63387339695675,11.3458642063947,6.4088426
134,1998,12.1308661728097,7.65349490966125,8.83223748062383,11.6404675239461,11.454842
134,1999,12.6567729442389,8.51719319141624,9.242749477174121,12.2055963928688,10.552044
135,1995,16.7579472416658,13.0639203741267,14.6549300078738,16.266884031911,55.427036
135,1996,16.8695409602632,13.7410789949992,14.7173175449747,16.2882372908948,69.028961
135,1997,16.7920732178059,12.9527605930181,14.7524208382656,16.3013827354241,68.755432
135,1998,16.9542207096287,12.5075503688787,14.7378721846089,16.4629021898857,63.342392
136,1996,16.8710627823365,12.9054975796956,14.6245145646741,16.712580004821,43.354191
136,1997,16.6847973863776,13.0538853733504,14.7186090942156,16.4901710267848,53.745247
136,1998,16.6409981970233,12.2356217389867,14.7114678801022,16.383770164922,46.935139
136,1999,16.8508312218702,12.6582495690603,14.7409235948044,16.5414565325977,51.064171
137,1996,14.1391763092899,0,12.7607812701527,13.6559902957395,28.405451
137,1997,13.9738651187145,0,12.6450337786548,13.4785044015084,24.546631
137,1998,14.3378974121077,0,12.5292859410216,13.8537623675068,26.560558
137,1999,14.5652633190567,0,12.4135383389784,14.0204813031934,31.263281
138,1994,12.7423809436892,8.661639795781269,8.792898831857419,12.1879194011345,5.4035292
138,1995,12.9572685484133,8.38320455141292,9.17972651335835,12.5041136651825,14.322328
138,1996,11.9568005403955,8.53973715585113,9.963655599549909,10.8655109831716,11.536502
138,1997,11.6941835361838,7.69302574841789,9.940113556186461,11.3200423301598,9.3443556
139,1996,14.4645541655165,7.50823877467866,11.8213553061666,14.1334397561183,14.243963
139,1997,14.5113341315295,10.1370961536981,11.8811814885761,14.1474443601048,15.033082
139,1998,14.5333600576569,10.4786391748584,11.9869429030968,14.1916465483106,15.644986
139,1999,14.7088156491768,9.615805480084351,11.9693631160307,14.4068184160391,16.339722
140,1995,11.7261435725378,8.781862489558939,10.3432091493224,10.8249703626919,12.541678
140,1996,11.8537883537595,8.242756345714479,10.3585805690461,11.0417558208688,9.9200354
140,1997,11.8830651196971,7.88532923927319,10.3403091987408,11.1619396173093,8.0952263
140,1998,11.8344179981657,8.118505067587099,10.3420714616061,10.9607960169649,11.288736
141,1994,15.3375734197868,9.952277716705559,12.0705862001778,14.9930478705796,20.588778
141,1995,15.2704714643112,10.896035374127,12.2207513837851,15.0868063306767,22.147911
141,1996,15.3090491948302,10.4458118433615,12.2562004860401,15.1746374548937,22.305956
141,1997,15.3389362401524,8.413608875159669,12.1606295735927,15.2106006701045,25.304291
142,1996,15.2855324635699,10.1510895426827,12.7555613269885,14.7964173356138,40.84494
142,1997,15.5452789462479,11.9260147682312,12.9969516168809,15.0825713291852,42.535179
142,1998,15.7101105754203,12.0571549165679,13.2059919558439,15.2138428661573,44.346161
142,1999,15.848224892456,11.4397524402323,13.2514986211107,15.323132545427,47.124733
143,1996,12.486102255452,8.891649112650059,9.615892142995669,12.2340295006232,12.293283
143,1997,12.5810023548529,6.50578406012823,9.555467900400711,12.3581037824196,12.91735
143,1998,12.7208140417259,8.931684110731711,9.859070562088011,12.4531881381122,12.015927
143,1999,12.7171263889332,7.18159194461187,9.819361101053341,12.3649008799967,18.276287
144,1996,16.0057413794591,12.3134685883001,13.4500456668097,15.8095054177211,20.750572
144,1997,16.0331272674854,11.2852466448543,13.4517348920348,15.8357202514311,24.547632
144,1998,15.9060968093987,11.2384886192685,13.4482750470162,15.7070680523973,22.724228
144,1999,15.89243442949,7.49776170062257,13.3503067511189,15.6699360788235,24.945637
145,1996,14.2490404985373,10.6466384463312,12.3881333349679,13.7098162877605,33.522507
145,1997,14.2727189741026,10.1993237892438,12.3866172077374,13.6040363394237,31.175615
145,1998,14.3795059315018,10.4959300289744,12.4168399257763,13.7338950034518,32.533451
145,1999,14.3483086957828,10.5338280448033,12.4471771292612,14.2586919766263,34.238239
146,1996,11.6131497411362,8.878915376576479,11.0956099169445,10.7516580989599,1.8456632
146,1997,11.6861438429886,0,11.0060138381816,10.9381163347492,1.7296379
146,1998,11.7424681387954,0,10.9164166726642,11.0016798192568,3.6671851
146,1999,11.6658723998942,7.92226105835325,10.8716000391381,10.9633065108038,4.0870395
147,1996,12.0172104808752,0,10.0459155031684,11.5051099076548,5.2847729
147,1997,12.0677573543037,6.10924758276437,9.948661662846661,11.2914482079238,4.0299578
147,1998,12.3223673976654,0,9.83302753388636,11.8133930626072,4.9605832
147,1999,12.2633350892732,5.63835466933375,9.73144102634992,11.5637622841478,8.1012478
148,1995,14.6757957162716,0,14.5341559289886,14.4081840063551,3.919466
148,1996,14.4703642128274,0,14.4416019183129,14.1688893774202,-7.0012665
148,1997,15.7704766200962,12.6515209965047,14.4932184639439,15.7460302795022,-9.5208635
148,1998,15.7949319795227,12.2394832433744,14.4932120659013,15.7329272328857,-20.586803
149,1996,11.8424695117234,7.11476944836646,9.383873422737061,11.6246725323286,12.087357
149,1997,11.9509414809994,7.25770767716004,9.394435355319279,11.5890989579001,11.074
149,1998,12.053967150676,9.483111831692209,9.998447671076161,11.6792655327201,14.410446
149,1999,12.1812107677984,8.18952211074809,10.0439796630562,11.7489149742969,16.118492
150,1995,13.1542112786596,7.18311170174328,9.37669344175505,12.9001361724004,1.4084477
150,1996,13.0086496404898,4.90527477843843,9.287106949761091,12.745534416138,5.364356
150,1997,13.2521231306807,5.605802066296,9.21004032696718,13.2220913706861,5.4825063
150,1998,13.3903958697169,0,9.109668845804491,13.1892986383489,5.1889076
150,1999,13.5548816285839,0,9.00928849276162,13.3610601681477,7.6793904
151,1995,14.1592405665647,0,13.2702694573822,13.6745059183687,36.313713
151,1996,14.0024430494166,0,13.1601197497029,13.4201645525361,29.666788
151,1997,14.1016104296802,0,13.0499700881874,13.6658680859375,35.097221
151,1998,14.2441895112456,0,12.9398203560889,13.7594169947312,32.683823
151,1999,14.306520458134,0,12.8296703711679,13.7853283579202,33.757736
152,1995,16.5506238757267,13.793421378499,15.0763105429452,16.0171883542689,59.902088
152,1996,16.5236590500254,13.345918044199,15.132036184193,15.9512874062492,60.93877
152,1997,16.7995686302196,14.2118474638456,15.3493271506347,16.231392955991,62.524937
152,1998,17.1097475736429,14.4331644996391,15.5660988918684,16.5976556269148,64.641518
152,1999,17.311253200311,14.8220890602511,15.830487975739,16.7131164099073,66.318184
153,1995,15.3719658340201,9.691345759329691,12.7441501407733,15.0905119222309,20.012909
153,1996,15.3978485411494,10.9364940841062,12.7750722672559,14.9395776385085,19.619156
153,1997,15.4965419857061,12.3907248176624,13.1584877634189,14.959308173664,25.280916
153,1998,15.3044649008572,11.230177864628,13.1714942454324,14.9000804329947,29.38703
153,1999,14.9855911177012,0,13.055746751836,14.6764245120841,27.844515
154,1995,11.7936136652512,7.9291264873068,8.794521851788531,11.3315384975991,6.4331799
154,1996,11.9700060425593,0,8.70074732161274,11.3388461872024,7.2928624
154,1997,12.3431777149199,10.5342804913491,10.5266011416765,11.8396943929449,12.824704
154,1998,12.7321425778692,10.9340172695544,11.3039313367604,12.2078101391554,1.6995528
154,1999,12.8999388883783,10.784358339179,11.6459683633008,12.4441841053521,2.674428
155,1995,11.2666542488895,8.01002752848173,8.89604050162011,10.5880161612952,1.8805426
155,1996,11.3299617071293,6.87832646829133,8.914411050936319,10.6075607573682,3.4790869
155,1997,11.32443227557,6.49978704065585,8.89442342050962,10.6033996066177,1.5675578
155,1998,11.3505553283238,7.24992553671799,8.95932447056027,10.6233932983159,4.0021691
155,1999,11.3346649530727,7.9976631270201,9.161549207806249,10.6067391218032,3.8957791
156,1995,14.602260690998,0,12.3951248340523,14.1760991530597,34.660839
156,1996,14.526059127172,0,12.2809477162457,14.0036639733599,27.838591
156,1997,14.6657397662757,0,12.1667708490897,14.2466767008226,24.239771
156,1998,14.2887682757438,0,12.0525933236251,14.0798484260237,30.707289
156,1999,14.4091356977209,0,11.9384167048074,14.039289920657,31.242701
157,1995,16.5581761137477,13.8579098678683,15.0658760548199,16.2123329621462,53.333054
157,1996,16.776636270697,13.3211847275174,15.0981975324639,16.4119646869795,57.203011
157,1997,17.0082068922204,13.1425561246722,15.1009947570685,16.6209825381388,54.006817
157,1998,17.1732043555456,13.9507466218109,15.2403015239805,16.8444783102367,60.472061
157,1999,17.1762549252611,13.3367793539943,15.2478924105121,16.8108782653113,65.2668
158,1995,15.9075564808445,12.1976018695956,14.0337228505835,15.6517817855988,46.635612
158,1996,16.024550337609,12.9612387695059,14.2158539725634,15.8456640137035,51.177555
158,1997,16.0213492230739,12.7322114222018,14.3071259613265,15.7597989392733,52.573502
158,1998,15.9249800343744,12.1987307597243,14.3132484497773,15.5773265985667,58.590275
158,1999,15.8244559731725,11.5504909628564,14.267106806105,15.5464383539201,50.449474
159,1995,11.0190457230407,7.9973268229981,9.107033302110249,10.6317702463144,1.6095055
159,1996,11.3012986737837,7.28619171470238,9.13626316857987,10.6976458480248,1.645424
159,1997,11.2728529154348,8.025516386489009,9.292979705496981,10.6690130130183,1.8863721
159,1998,11.3725001597614,8.19533366716287,9.45141028169051,10.7325605541774,3.6979144
159,1999,11.4389150948909,8.740336742730451,9.71488430718397,10.9396232443238,4.3212104
160,1995,15.0037623517325,12.2649969991802,13.9857579309586,14.6718955762642,37.772472
160,1996,14.9036014698763,12.2019893200925,14.0118219655228,14.5197958752752,37.016438
160,1997,14.8972940955993,11.1394966700615,13.939468092111,14.5458509934233,41.593086
160,1998,14.8062216257261,11.8010849234552,13.9207961808177,14.4937552237007,42.424519
160,1999,14.7935168216781,11.6924932335676,13.8927679440748,14.5303296956316,41.751438
161,1995,11.6696607662131,8.206583614320749,8.56342771175577,10.8282340764629,11.895196
161,1996,11.4970011203308,8.006367567650249,8.8963143241848,10.6995405502609,15.057441
161,1997,11.5996507205635,0,8.79494613279013,10.7180548092538,15.909136
161,1998,11.6738784470146,0,8.693580508722,10.8308326204165,18.632277
161,1999,11.8482386092501,0,8.59220789522168,11.1053006621433,17.267427
162,1995,13.0651546823252,9.387481868728599,11.6794140051279,12.4204757516365,20.033922
162,1996,13.0125408335046,9.84686428959504,11.7118279617264,12.3000277497786,21.517071
162,1997,13.0381361314582,9.28859686994195,11.682149117495,12.3237546194844,21.259596
162,1998,13.2084413805127,11.1504911102775,12.0117139319757,12.3992611556094,23.397488
162,1999,13.2357202392091,10.8650957591007,12.1612949207485,12.4808024218887,24.437292
163,1995,15.5301246016535,0,15.136102067043,14.9185460596622,31.20476
163,1996,15.4871106819443,13.3829630088994,15.1824024017333,15.3791066590923,45.711098
163,1997,15.9713930433552,14.5490676481492,15.4812482712913,15.5313276396418,40.827019
163,1998,16.0452125448919,14.6984033354743,15.7426636015464,15.6066741202023,40.122898
163,1999,16.3801301802837,13.5491084523775,15.746073931085,15.7367185846679,42.863285
164,1995,15.3366914115037,11.6712958009417,13.9628992556057,14.9079663504936,42.265404
164,1996,15.3016913975416,12.4883036378035,14.0511998019379,14.845984638001,43.663342
164,1997,15.4225299672323,12.6919342448769,14.1587099734356,14.9632228384033,44.916382
164,1998,15.5643015411132,13.6016673738474,14.4795349057342,15.0840936420042,46.684387
164,1999,15.7030008235421,12.7045908426741,14.516559834562,15.1703092776235,45.203983
165,1995,15.0807009086258,11.8913619006905,13.2936563422305,14.6414077635334,43.815945
165,1996,15.1752009084101,11.3496062153017,13.3119529580089,14.7874299179459,45.005737
165,1997,15.366962446452,11.4367353266122,13.3371664837035,14.9699075592855,45.993919
165,1998,15.4565957555697,10.645948569649,13.288787063408,15.0801108983038,54.296631
165,1999,15.5159268944424,12.9560797231561,13.6910414074751,15.1706603544655,47.823921
166,1995,14.4779582580089,8.796943893541741,12.4415348102103,14.1279929545398,-.82024455
166,1996,14.442064905489,8.89192414015454,12.3680482024278,14.0019252487072,6.0195184
166,1997,14.4049926777146,8.836228571526011,12.2946927694589,14.1631841340879,7.9051318
166,1998,14.2134389731569,6.51025834052315,12.1971777025592,13.7650768416281,12.990994
166,1999,14.185229489294,7.58426481838906,12.105935685542,13.6995426865322,17.11965
167,1995,16.8936971713765,13.1579061814881,15.2059362981728,16.3512870185315,72.706833
167,1996,16.9141356693428,13.5261484083062,15.2603276864926,16.3398918789143,76.775322
167,1997,16.923870818216,14.102479626289,15.4105001543599,16.2711847751981,78.336189
167,1998,16.9514767886875,14.6178560304887,15.6550409737232,16.3419860124087,76.627083
167,1999,16.7541889158253,15.2551461400379,16.0311024301675,16.2399005920827,73.652
168,1990,13.5035734971547,11.0526345145783,11.6891534938756,12.8706115035913,17.176661
168,1991,13.5014695323542,9.700759185964509,11.7154392790271,12.9697573644005,17.455805
168,1992,13.4723762580601,10.4516089610458,11.864500928633,12.89278122676,25.755148
168,1993,13.3666928451251,8.69951474821019,11.7960443920922,12.8540569147089,23.485531
168,1994,13.3904207216471,8.10591119798651,11.7097578946146,12.7049736294941,24.186083
168,1995,13.5806873068578,9.19248185367487,11.6744956945946,12.8744802615454,30.376822
168,1996,13.4931483652403,10.1644277265449,11.755130192303,12.7550785317,30.12097
168,1997,13.7881436384875,7.97143099776935,11.6649372876439,13.1702862406483,28.745384
168,1998,14.004600158685,9.39307850865535,11.6460664063786,13.3746131337526,30.479168
168,1999,13.9475020705576,9.25894004181225,11.6169827317681,12.8425080401615,33.125183
169,1990,15.0025883315082,13.0103138735957,12.8540864676492,14.0575033894045,19.87122
169,1991,14.9345141569026,11.6837562550487,13.0323421663141,13.8879546954009,25.077915
169,1992,14.9415845301072,10.9522441095193,13.0456555362104,14.098130897285,30.552423
169,1993,14.7056720607533,10.6764389507947,13.0283660554249,13.8992749330101,31.953882
169,1994,14.7653715998598,10.4573726657626,12.9933848049475,13.9621496872114,34.626259
169,1995,14.9086826491233,11.3715462154587,13.060272418541,14.2519678356044,37.650475
169,1996,14.8924145384542,11.8814291724221,13.2083269222762,14.2138337709643,40.191746
169,1997,14.8723600250398,12.1078035925749,13.3716615744564,14.1716530367015,42.505974
169,1998,15.2583479948847,11.492528861305,13.4769341290825,14.7021773995151,46.028782
169,1999,15.1414972640529,10.9768162206697,13.4406082139786,14.5965942099047,48.414928
170,1990,15.7606879009331,13.0110160878357,13.8028831669811,15.5146485730537,25.859091
170,1991,15.3072934528262,11.9465957087175,13.8522196581181,14.7810774607425,31.002808
170,1992,14.9672375465794,11.1762632102967,13.8160817947775,14.508723892288,33.630665
170,1993,14.8683138047481,11.2189570078757,13.7861429194498,14.4915400702796,41.698277
170,1994,15.0961321699181,11.2393698098533,13.7564465178066,14.6716620423883,34.828011
170,1995,15.4860733739187,11.5025316357862,13.7485963103554,15.144606601985,38.115517
170,1996,15.6067031796454,11.2025341450917,13.7157408291363,15.2765473735743,40.287971
170,1997,15.5802284070671,11.7937339684788,13.7390106504897,15.2657515018529,41.729305
170,1998,15.718488968597,12.0613069552627,13.7947896551822,15.319475104736,45.466309
170,1999,15.6454331734842,13.5132669795136,14.2195631355875,15.3720138657947,46.145752
171,1990,13.1125851470948,11.792827350103,12.9357759346433,13.0717403711094,12.131593
171,1991,13.5033353872989,11.9977622864548,13.1735624473529,13.2700210006496,15.067582
171,1992,13.8607009735219,11.745718311732,13.2839160802554,13.6091560451798,14.920436
171,1993,13.8188213966345,12.3680426744096,13.5178122231526,13.8034013652816,19.439285
171,1994,14.2068926265362,11.7604493850098,13.5651297936835,13.9314730277697,20.856405
171,1995,14.1124908248048,10.4889938415787,13.4938674837938,13.8667430683021,23.266027
171,1996,14.2359167143758,10.6818257041518,13.4343679939796,13.8199334610123,27.124916
171,1997,14.4541749439086,12.5182485303251,13.6409604848114,14.2424347498671,25.757816
171,1998,14.7418468205498,11.8074739098393,13.6659116862558,14.5056347414607,28.000181
171,1999,14.700366032492,12.9799884240877,13.937310581378,14.3991911687132,26.876534
172,1990,16.2280131186798,12.9631308066153,12.5244354634253,16.0334368160534,35.266972
172,1991,16.1464268280768,12.906309633902,13.3595185459269,15.8196925891291,39.455585
172,1992,16.2771405605755,13.4237205184214,13.9990548668921,15.9386906609239,43.837013
172,1993,15.8330594093836,11.7629679735931,13.4189123226934,15.5284028282165,40.913437
172,1994,15.8057428757545,12.462442053623,13.635716683887,15.4723132778837,39.155094
172,1995,15.810440406661,12.3913107783118,13.7700027061092,15.4147642816182,43.249161
172,1996,15.8885130019692,12.7315730658295,13.9476092122092,15.4987251875149,47.869217
172,1997,15.9943196000107,12.7673869901012,14.0881086622166,15.6779452965839,48.105068
172,1998,16.1047822666699,13.1997521048474,14.3007621563097,15.8361947146694,51.265965
172,1999,16.1057750903872,12.8055957240575,14.3760279964335,15.7027082523564,52.391022
173,1990,11.665807205942,7.48773376143644,10.627454875436,10.7468983883058,5.830544
173,1991,11.6032567476996,7.61775957660851,10.5677953470127,10.5335337583461,11.501277
173,1992,11.7183148950612,8.553525120663631,10.5878033509862,10.8203084839791,10.58983
173,1993,11.7628308688506,7.28824440102012,10.5140137044077,10.906413554485,11.969716
173,1994,11.9741476029929,9.39623885726048,10.6909557875135,11.2622969834227,12.480445
173,1995,12.1821657728764,9.715771471424871,10.8944589496868,11.4733177334009,12.932698
173,1996,12.3439626732347,10.2876609251767,11.2034557563952,11.5284398604149,17.575758
173,1997,12.4352056270938,10.3492305071429,11.4305216387154,11.6347355098514,17.970604
173,1998,12.56345968267,8.770594329891139,11.3827871664285,11.7280347803438,20.054672
173,1999,12.5002424810476,10.2756026809627,11.5405017207403,11.6705949693694,19.73348
174,1990,12.2739128324899,0,11.2257366042029,11.0126951692721,15.442044
174,1991,12.1415309386828,0,11.0998207492305,10.9619985350947,17.107616
174,1992,12.2135913530891,7.68156036255954,11.0083403287937,11.0611746512642,18.158146
174,1993,12.2132344565547,0,10.8824412978824,10.7430543117954,21.984701
174,1994,12.3058566167845,0,10.7565402506057,10.8993806970469,21.761929
174,1995,12.3917486293202,7.24422751560335,10.6599146500236,11.120572779376,25.469406
174,1996,12.5231719296827,10.2831903094209,11.0453205564921,11.2601760562888,25.679834
174,1997,12.4408675342741,0,10.9194172632484,11.2142502948148,25.750435
174,1998,12.6040678826156,8.9782822032724,10.9219467107677,11.5254965922765,26.858601
174,1999,12.6073095699551,0,10.7960428136135,11.2602491841734,29.632748
175,1990,11.2128217858109,10.7212609672345,11.5818543344091,10.9044595818515,-8.6466799
175,1991,11.2293249937863,9.768812649209529,11.6342506641959,10.617542008892,-1.7122381
175,1992,11.5168654816817,9.203718495667299,11.6102663088527,10.8361259214543,-5.6225324
175,1993,11.5648277039776,7.24422751560335,11.5107090104487,10.9177872565037,1.6588131
175,1994,11.7401348487053,7.32909373624659,11.4228311588161,10.977202189169,4.0775981
175,1995,12.0459377779341,8.85366542803745,11.3903543597819,11.4714675965717,5.3104267
175,1996,12.0573319474328,8.92478936053336,11.3560494080076,11.4728609198726,6.6661916
175,1997,12.1174749270381,6.90274273715859,11.2543010983584,11.5367428492348,8.3425713
175,1998,12.1709469612083,10.7715119830008,11.5999010079845,11.6548005610209,11.074585
175,1999,12.3410793232189,10.8736981263997,11.860627976757,11.8680378596161,18.097225
176,1990,11.8377319965685,8.17723488551019,10.026943356463,11.4247589304367,1.5298811
176,1991,11.7445976497174,8.509564164251749,10.1413660099506,11.3641846775013,.67704481
176,1992,11.7865225859136,7.34536484041687,10.1079659893411,11.4389237091587,-10.144439
176,1993,11.8652622028457,7.02908756414966,10.0592640528578,11.4452874096309,1.9872661
176,1994,11.8523763604715,8.56541176368671,10.1680263740167,11.258276548675,5.0541506
176,1995,12.0017300515703,7.63964228785801,10.1474841596454,11.6056438942255,7.4479122
176,1996,12.0106572765008,7.26822302115957,10.1043527745313,11.3837925050721,6.1387649
176,1997,11.8212260250685,7.94093976232779,10.111253471806,11.467277968753,3.0319026
176,1998,11.76448471391,6.95749737087695,10.0552553956616,11.4405730276034,7.2139521
176,1999,11.9120277930151,8.50451313825886,10.1387809940962,10.7920187234519,5.8962784
177,1990,13.4387476225792,8.18227973925902,11.5774483609857,13.1734201047377,3.1737893
177,1991,13.5647204235553,7.87131120332341,11.4934245521537,13.3241897792491,5.3272982
177,1992,13.6532942636589,9.6782793713397,11.5413710264299,13.3346541347331,9.4736176
177,1993,13.4438899680156,8.8446246833853,11.4989969114723,13.0654244011306,14.980714
177,1994,13.6080427077732,9.31892568238962,11.4980666170335,13.2714540977998,15.698051
177,1995,13.6559140143165,9.883080742758469,11.5660689966127,13.3213184444407,14.73158
177,1996,13.5518123270228,9.580178302441199,11.5758166925645,13.1035289696712,16.030663
177,1997,13.6704713565533,11.1615223149606,11.9509074554307,13.1702951119083,19.764227
177,1998,13.6933732261696,10.4421131511598,12.0296122783563,13.2072423555617,23.377523
177,1999,13.7254353500038,11.055182367295,12.2212759868167,13.2575799091773,17.330322
178,1990,14.448068225779,11.6655607113938,13.6288062107605,13.8197976127661,-4.4097729
178,1991,14.5523894487752,10.6415602964491,13.5773715090693,14.1334127121071,6.5748672
178,1992,14.5701452543123,12.4209743257424,13.7577274078408,14.2001993513758,5.1155477
178,1993,14.7575893675364,13.0711795507092,14.072617333719,14.2215993877761,8.5745096
178,1994,14.9674136784671,12.4698397716808,14.1544982709774,14.5827305807574,7.9587336
178,1995,14.9465713794974,12.7268139460835,14.2605219672418,14.5890195595855,10.396856
178,1996,14.8842722308959,12.8887729469773,14.3727621820368,14.5024803572301,15.408904
178,1997,15.057482006006,11.6416352523155,14.3281476400485,14.6874318126917,12.121275
178,1998,15.0176689743151,12.6849802663278,14.3901592970261,14.5788667419309,13.885355
178,1999,15.0011600716753,11.6505634141375,14.3443365977836,14.6465638615519,13.827705
179,1990,11.835912960484,8.69951474821019,10.0515626706015,11.1874581735321,1.1895199
179,1991,11.7736362211342,6.2709884318583,9.95030911361072,11.2452899906184,1.4655889
179,1992,11.8899012783892,8.41183267575841,10.0309656609476,11.412748679736,1.0676283
179,1993,12.0194476703769,8.00936307663004,10.0360365878056,11.5992671857508,1.7814184
179,1994,12.2899212116817,8.04269949689764,10.042344737916,11.5814050611477,1.688889
179,1995,12.3331381273261,10.0499660189149,10.6114125020085,11.8608455047704,4.585886
179,1996,12.1853238500477,9.312806703520669,10.7209762150497,11.5813401713619,3.3023922
179,1997,12.2448117424478,9.41531995266272,10.8264003103192,11.68421503502,1.4342045
179,1998,12.3469584414688,10.3506063092444,11.1662828852949,11.8307992253184,6.0531836
179,1999,12.2946499468923,9.58314453784479,11.2182899398698,11.6996488229499,8.6405363
180,1990,12.0791242612808,0,9.65713934357732,11.1624978049101,15.933512
180,1991,12.1329575343653,7.45587668749182,9.653640618387371,11.2119328761278,20.39892
180,1992,11.9376544513538,9.21034037197618,10.055461579458,11.076294124531,16.878891
180,1993,11.8900695903321,0,9.93857956200233,11.0727048031099,11.841799
180,1994,11.9806663213879,0,9.82170249451808,11.1963078541722,2.4848499
180,1995,12.1985729147224,10.0748324186165,10.5252300269012,11.3745798192086,17.949959
180,1996,12.2096083784531,9.700697947102309,10.7609153598935,11.356214731886,11.823437
180,1997,12.3237222392739,9.408289184655841,10.8640592497874,11.3729455209773,18.809946
180,1998,12.4526442750835,9.666942095531731,10.9985686137529,11.4052647080972,23.930725
180,1999,12.6002525919943,7.66199755890189,10.9145683289677,11.4873395217328,25.816656
181,1990,12.866366525133,7.40671073017764,11.1496142639928,12.0816404964344,13.701301
181,1991,12.7088562195822,6.06842558824411,11.0394518221852,12.2583676122532,15.152531
181,1992,12.8065663476609,10.0530706740756,11.2554375915582,12.0299048994614,17.531965
181,1993,12.7604808806401,7.82963038915019,11.1720605948451,11.9977765666852,20.982012
181,1994,12.9226975963129,10.0878902755339,11.3535251968007,11.8913155913296,15.913269
181,1995,13.057918016238,9.87302834505142,11.4392552431437,12.0578208107982,21.910755
181,1996,13.0928172316039,0,11.3223834122955,12.1348619713179,25.624899
181,1997,13.0161994657682,8.58223158759546,11.2651472056391,11.993564307554,25.324343
181,1998,13.0598393839685,10.0026992026071,11.385499964815,12.0133477391914,23.553602
181,1999,13.0279020132093,0,11.2686284994579,11.8601665514597,23.865017
182,1990,13.5983689588457,8.006367567650249,11.1119851047335,13.5111425443421,4.8840451
182,1991,13.7072233637578,8.294049640102029,11.0494127242549,13.5726508501549,16.186655
182,1992,13.7623992456674,7.00306545878646,10.9420330845854,13.6228807660906,19.793287
182,1993,14.0203633689051,5.77765232322266,10.8221534614427,13.8748147215863,22.814852
182,1994,14.254592785301,7.96032362914884,10.7538478616937,14.0697127315903,26.851137
182,1995,14.1903136338965,7.30854279753919,10.6592197849543,13.9410021961162,24.651606
182,1996,14.1671365178014,10.8948857568971,11.3359364647896,13.9340238168274,20.272179
182,1997,14.3527230028688,8.656955133791399,11.2738684636957,14.0775065057604,23.648052
182,1998,14.2722877516725,10.4364659809433,11.4938527312369,14.0608779978799,21.36665
182,1999,14.2492829529095,9.379829949954759,11.4763652096584,13.9371013001906,19.461948
183,1990,11.6981921805233,0,9.58781744354418,11.2752391788397,.066536218
183,1991,11.7128413301651,0,9.47097236770138,11.2310664058212,-.60613757
183,1992,12.1776514115125,0,9.354102996591511,11.8084492109757,-.12296721
183,1993,12.3172807804873,0,9.237215965981539,11.6150938913276,4.2237277
183,1994,12.4620659441391,0,9.120382841152409,12.052146107248,4.8267422
183,1995,12.6484534771781,0,9.00351298514691,12.2921815320644,9.671073
183,1996,12.967788007409,0,8.88664417310568,12.5521663046061,9.806325
183,1997,13.098546332821,9.39266192877014,9.717061584157079,12.9136157063739,7.1567435
183,1998,13.2724122276476,0,9.600190870785349,13.0670282415589,11.799915
183,1999,13.3412839444591,0,9.48331735259327,13.2185549868172,8.2955313
184,1990,12.5686477510787,0,9.615938804529581,12.3423505527566,-4.2683897
184,1991,12.5106342721183,8.674367865788239,9.85186788910652,12.2822401072526,-1.9649464
184,1992,12.5855594935653,8.006367567650249,9.88967763304383,12.2538670216214,2.3372655
184,1993,12.4800990062529,8.32142158689788,9.970187797963201,12.2421197421472,-1.6023619
184,1994,12.6762206372765,6.85751406254539,9.8980628654909,12.5381786253486,-5.9362769
184,1995,12.7519170038977,7.90248743716286,9.90710101610596,12.504435376902,-3.8190093
184,1996,12.8835212304152,6.62804137617953,9.82589351109757,12.485381489552,2.5546186
184,1997,12.7256993748539,0,9.70902256179548,12.448439516585,4.0597882
184,1998,11.9733764104787,0,9.59215465797511,11.6671530474364,2.8348053
184,1999,12.123384688708,8.236950048061461,9.69230345105707,11.7131668685092,2.4613364
185,1990,12.324087160454,9.521274996238111,10.8220357344515,11.9814116272384,.081165008
185,1991,12.3359220437652,0,10.7316572010151,11.979966050123,1.9691509
185,1992,12.2710816561545,6.74523634948436,10.660257209793,11.8504941813653,.95388275
185,1993,12.161146909806,0,10.5698979701532,11.6031534833882,1.0152643
185,1994,12.2753842600857,8.344267356262639,10.5822036034411,11.7905107445383,7.015183
185,1995,12.4677789264055,9.305650551780509,10.7294289790948,11.9639793260553,5.4565105
185,1996,12.3619778667435,0,10.6390666310261,11.8542894869369,6.7467718
185,1997,12.5175449235046,9.43659906619054,10.7943804732258,12.0810164457461,7.0529079
185,1998,12.4581775042459,11.0064404073027,11.4643841698303,11.9456620426876,8.5105581
185,1999,12.557559702187,10.6213273456864,11.7061267885447,12.0558471509437,8.8469601
186,1990,13.1588032988912,8.70748291785937,11.082127164144,12.6403803222321,5.4788351
186,1991,13.1893381825776,8.966228514225779,11.0841774002397,12.5072260236116,11.197021
186,1992,13.2374809443075,9.49439085819391,11.1591876320663,12.3972535503293,23.83914
186,1993,12.5884968909113,9.977806216778429,10.9263376811229,12.0466895790032,13.831982
186,1994,12.650633294815,10.7918519489694,11.4496096626739,11.88072853312,17.8613
186,1995,12.5978247287683,9.631219406136699,11.479770875628,11.8231648682914,20.473129
186,1996,12.5508059733404,9.64594663699633,11.5046301538161,11.717980914359,20.485222
186,1997,12.5887068513277,10.4032320062913,11.6612782264484,11.7501648616027,21.765083
186,1998,12.6568338609971,10.1529224378044,11.7330099420844,11.9580148285376,22.60054
186,1999,12.5344069971473,10.6481117606037,11.8894834251307,11.819982227951,23.439692
187,1990,15.1055607755115,12.2118608614408,14.4702526126892,14.6301560908217,21.721447
187,1991,15.2760632932374,11.6699292137799,14.4472580195226,14.8646975314786,31.069614
187,1992,15.3420404808948,13.7068111410409,14.7605732972011,15.0241167450377,31.000221
187,1993,15.5622537388617,13.142362063911,14.8588805722946,15.1707522977131,36.043579
187,1994,15.7957639796954,12.5296043708757,14.8664950716268,15.4848368508286,37.882217
187,1995,15.8798865111067,13.5463230681487,15.0089990838124,15.5810102226916,39.135628
187,1996,16.2083607741182,14.1033768634441,15.2443742980386,15.7071157333682,43.002899
187,1997,16.9260518229664,14.2484377734027,15.4525194341198,16.6907115180257,44.01112
187,1998,16.9934218064057,15.394285737049,15.9906330402536,16.6588247736718,46.222977
187,1999,16.9258825966266,13.7576526053865,15.9988399314352,16.6129346476406,48.534657
188,1990,11.5099555591627,6.68461172766793,8.77353938355817,10.929377882449,-30.585707
188,1991,10.1324811967348,6.89770494312864,8.82453082152646,7.59262832308984,-11.212005
188,1992,9.730709737584309,0,8.724207360800561,7.42890819224643,-13.069757
188,1993,9.280952820129411,0,8.62387483400145,7.21309945414695,-28.302908
188,1994,9.133211431031381,0,8.523334296172999,6.8417223083777,-28.464674
188,1995,8.862372310841479,0,8.422948443837379,6.90253769101244,-39.631428
188,1996,9.00626213138916,0,8.322588504908451,6.86839055545986,-28.897058
188,1997,8.89849830697155,0,8.22220449044868,6.86433375476425,-32.569424
188,1998,8.99792772844528,0,8.12183681745636,7.0288831418124,-34.557461
188,1999,9.039630565678889,0,8.021453205068291,7.03746688550379,-32.300045
189,1990,11.4257319528665,7.37775890822787,9.90708108804626,10.661522413548,-11.608251
189,1991,11.4065721095946,9.067393362656251,10.1835594912362,10.211200536698,6.9980288
189,1992,11.4358074670727,6.74405918631135,10.1130594238202,10.5044194295251,6.594738
189,1993,11.4070987350025,7.15383380157884,10.0617725315018,10.3406546975476,7.4455547
189,1994,11.3969448686481,7.76641689801966,10.0555904227461,10.4060305658215,13.163627
189,1995,11.4661277983244,6.83410873881384,9.99023389440705,10.4619421722498,14.470081
189,1996,11.4168235298578,0,9.88676348161867,10.3646043233674,6.5808425
189,1997,11.2806939202639,6.63068338564237,9.81884427846702,10.3543626754188,5.9231539
189,1998,11.2774117377252,5.29831736654804,9.725478682724439,10.3727015046328,6.1910915
189,1999,11.2844424815015,7.66152708135852,9.733298103204721,10.3215448780196,9.7485313
190,1990,12.9000197886597,0,9.20633235057864,11.9936829310463,14.51444
190,1991,12.9877699293605,8.57130251706327,9.552141243315461,12.1997341974574,13.774628
190,1992,12.4739387527229,0,9.448648359810161,12.0813294747466,21.49659
190,1993,12.9531104945625,8.987196820661969,9.84673729068494,12.406493650961,19.904013
190,1994,13.0025023670785,9.083869707922229,10.1305474250435,12.4338731247821,23.117224
190,1995,12.9976610121826,9.16083495207234,10.3413811278636,12.3901153627096,26.010496
190,1996,13.0192824322113,8.444837529224101,10.3713670524156,12.4139889903088,23.96855
190,1997,13.1024175245636,10.5928525898006,11.0435232548358,12.5668221484086,25.193653
190,1998,13.0656820142443,9.534089150464361,11.1276496740899,11.9387304673012,19.33568
190,1999,13.1372346401056,9.34320904505061,11.1688677310714,12.4687705772093,25.416241
191,1990,14.2090269104681,10.1654671276355,12.1641563024289,13.601341204477,.72340912
191,1991,13.8724599186651,8.294049640102029,12.0708930382029,13.0289324985364,7.2939191
191,1992,13.6780360546483,0,11.955290646912,12.9219900388735,15.386353
191,1993,13.5214971992146,7.79358680337158,11.8561207653521,12.636770573254,14.320266
191,1994,13.5103213252761,9.75045291636707,11.8582979763782,12.763795085237,5.9196825
191,1995,13.529927852223,8.80642406385787,11.7889612317162,12.925155120698,9.3621635
191,1996,13.4626819552055,10.795465099828,11.979218468351,12.9789917809546,11.834398
191,1997,13.5966687367668,10.2050355472245,12.0135352846481,13.1633730710365,12.403938
191,1998,13.7404434177135,10.0364875539974,12.0220187891714,13.3452259590882,11.900973
191,1999,13.7298884529413,10.0022916215947,12.0249128136724,13.0384971241206,19.914927
192,1990,12.3764059500401,8.15765701519647,11.7626018857824,12.1406178984416,1.4427513
192,1991,12.514024613105,5.96100533962327,11.6623604720411,12.0786299816855,2.4583814
192,1992,12.5169325826221,9.16523839806376,11.641404867757,11.8720771265889,2.7076325
192,1993,12.5343135087298,6.97541392745595,11.5476109093217,11.8110362957667,4.3871574
192,1994,12.5351129537953,9.65175160685782,11.5859203178365,11.7932844690012,6.9532104
192,1995,12.394156268925,9.11569996782206,11.5615927644492,11.6995533844058,7.4527054
192,1996,12.2990581982243,9.139273923542319,11.5391388717861,11.7978034461899,13.762707
192,1997,12.3454161630736,10.4689718016059,11.7148674429193,11.8909742543816,13.948753
192,1998,12.3629742556339,8.933927891782631,11.6676445546506,11.796841341954,13.869893
192,1999,12.442213713811,6.7696419768525,11.571066062976,11.9863720011713,14.807555
193,1990,12.6467120745107,8.7662383802531,9.58596463807333,12.3239667740001,7.3701177
193,1991,12.4983045125167,9.539859923169541,10.1806002150448,12.3494222864511,.69949836
193,1992,12.7269429719338,0,10.0649684434582,12.374328329765,9.930418
193,1993,12.8957325225092,0,9.94935917619218,12.5218657918415,13.127926
193,1994,12.8278797387325,7.96311205897929,9.965480649328111,12.4648675020275,17.682077
193,1995,12.480107239415,8.290041618704491,10.019232958078,12.1363713872219,16.60597
193,1996,12.4209285282655,6.59850902861452,9.93458885383448,12.070205608106,15.630445
193,1997,12.6269244687512,7.54960916515453,9.902872363346059,12.2863514650337,14.334293
193,1998,12.5114996015047,8.824383730256059,10.0659294790693,12.1521433265145,9.8324251
193,1999,12.6399558935168,10.6819864001956,10.9575155698545,12.152089941955,11.067014
194,1990,13.5213773854169,9.585071320714491,10.965556873023,12.5403012035927,9.2816076
194,1991,13.5847387035168,10.4631033404715,11.3539613859683,12.7113767778693,11.121662
194,1992,13.3651356460502,9.77741399528076,11.4359526237645,12.983781808065,13.330459
194,1993,13.2449150269026,9.615805480084351,11.4767395820576,12.6867714879421,14.574091
194,1994,13.3707415301432,8.99961934066053,11.4436975658665,13.0417348401915,17.117882
194,1995,13.4309641286449,8.961879012677681,11.4071470842412,12.6020014119031,17.955059
194,1996,13.2906411103747,9.41735454136051,11.4150921046215,12.5773087993127,18.540174
194,1997,13.3720623270055,9.90063348355322,11.4892125223465,12.9214828315481,19.581123
194,1998,13.2919451290025,10.6517619187214,11.7163788306665,12.8245170149546,20.533106
194,1999,13.3236109080677,9.381516717665139,11.6876272314239,12.9480800950628,21.132553
195,1990,15.5107865020522,11.5195137147137,14.8171445095604,15.0098706675144,32.983543
195,1991,15.518621999647,13.508812828474,14.9752872756679,15.1322448082587,39.213844
195,1992,15.5209058218237,11.9432847913612,14.9302205144594,14.8938568837927,45.377708
195,1993,15.3577438781838,12.7427940602161,14.9451442357301,14.9562976430238,50.914089
195,1994,15.5407126994025,13.2094104204246,15.0143937019152,15.0544892775267,51.56089
195,1995,15.6804059837789,12.9616945002098,15.03737769937,15.1973625874222,46.089783
195,1996,15.6328711811857,14.4468238233072,15.3635944839102,15.1071779767085,49.557533
195,1997,15.7105520237506,13.2929530506555,15.3807334343511,15.2222885016854,53.725658
195,1998,15.5961098638377,13.7522693283134,15.4536918334636,15.1145379611561,50.526978
195,1999,15.7858313952397,12.8676027320185,15.4268062636314,15.2756886129609,55.287159
196,1990,15.5999616944303,11.946699403492,14.7850398310061,15.3251898587184,51.415009
196,1991,15.7320317775134,12.2764612092521,14.7821781183994,15.503057233583,57.815083
196,1992,15.9087466637509,12.3223478783563,14.7812909045734,15.7480083311871,61.586716
196,1993,15.9347913661651,11.7990363036805,14.7465076591259,15.7007538342167,64.521408
196,1994,15.9219582586768,11.8573942155101,14.7155025033165,15.5810315113154,62.163155
196,1995,15.9781288098736,11.646546853545,14.674065349262,15.5083757509878,65.438713
196,1996,15.9656568028103,12.314478519374,14.6736885007272,15.4764490685649,62.733589
196,1997,15.9695922696495,12.052315221701,14.653654650158,15.3748578668112,63.004986
196,1998,16.0676620318544,12.2806140951475,14.6507028550811,15.5401771223751,70.065987
196,1999,16.0255851441791,11.8836679947974,14.6214279643503,15.4432502757245,69.820442
197,1990,14.4083414117281,10.7157058277371,12.0725583956159,13.750381955636,11.299592
197,1991,14.3960997299288,11.0768980512794,12.3038107845455,13.9097554328633,21.938372
197,1992,14.2350618440546,11.3307558966254,12.5346804671195,13.7709866106384,23.787647
197,1993,14.163352984216,11.2333306027011,12.679820817716,13.6007262614816,30.028639
197,1994,14.3060575053495,11.6619831977315,12.8894025438856,13.7169309565232,30.379051
197,1995,14.3404064267523,10.934159986529,12.9161750209426,13.8153064051566,33.977829
197,1996,14.4276321509876,10.1807025356381,12.8741245574447,13.6420776523588,34.482265
197,1997,14.4840106996021,10.66225860253,12.8700227084328,13.7462628802298,34.352924
197,1998,14.6511290786481,11.2931013980664,12.9443016944504,13.9149071894306,39.153282
197,1999,14.7731730431066,11.8893873498076,13.1218920663547,14.0108189166008,40.303947
198,1990,16.5929977219452,12.604563489901,13.6634438717797,16.1683204523153,24.526922
198,1991,16.7529282701975,12.9072574377726,13.9589163750958,16.3233885159418,31.181234
198,1992,16.9188904777848,13.263862939678,14.2670773942373,16.5747957924577,38.411278
198,1993,16.7201046041669,13.2097201947226,14.4612692315742,16.2935863005388,45.020805
198,1994,16.8482314810406,13.0523035083064,14.5694110108883,16.5855077755444,47.961266
198,1995,17.2311091272152,13.2581731724976,14.5649259673782,16.960319527614,54.9786
198,1996,17.2223230224694,13.8487102967602,14.8347996217357,16.9083441942447,56.232632
198,1997,17.7568470404254,13.9565126006623,15.1917218049157,17.4438273358905,62.459347
198,1998,17.9308878720269,14.6790521994518,15.5245055647357,17.6127199480848,59.012321
198,1999,18.0517886431957,14.358314966073,15.6647480880879,17.7826984667703,60.795204
199,1990,15.7619558941057,11.59659543233,13.0175871354698,15.7018988814353,42.426449
199,1991,15.8046629273822,10.4452302789368,12.9813254813464,15.6802905684659,36.578522
199,1992,15.8721176087636,10.7150842132956,12.969670134999,15.7310683697372,42.487942
199,1993,15.8630731526455,10.7091595239379,12.9574634980466,15.6090430674847,46.901073
199,1994,15.9467057540842,10.1849754808246,12.9039187687466,15.7015557474135,43.942226
199,1995,15.9981403572615,11.0346154328809,12.9297284198553,15.7665222036473,48.803406
199,1996,16.0667217738835,9.94975071700577,12.86173756096,15.0758433382105,49.428566
199,1997,15.9211109724752,10.556879877314,12.8366130379544,15.0107655987189,50.686489
199,1998,15.9155857549354,10.1348770127042,12.7823418494942,15.1010435988457,49.158222
199,1999,16.0687959230329,10.3682587665417,12.9796007073458,15.3881916970958,49.16925
200,1990,13.9135968727972,11.0348896640272,10.6352061970712,13.766979681824,19.220797
200,1991,13.7985073019412,10.6689553946757,11.2740056197897,13.519569901634,23.543446
200,1992,13.8605720610302,11.0877575245862,11.7916808125055,13.2618653101959,27.527746
200,1993,13.7608402063462,10.7313404359484,11.9894372451834,13.0934989661848,31.770155
200,1994,13.6018980515436,9.779340559793249,11.9857445022328,13.1113697197583,31.636936
200,1995,13.844943676987,9.10308918122921,11.9293502953147,13.4753588578545,29.102968
200,1996,13.9030536659886,10.5624831501652,12.0378876944058,13.347565683973,31.608185
200,1997,14.3316526769708,10.0756325028785,12.0527874244188,13.8000280236385,35.95499
200,1998,14.1459521266153,10.0582666063237,12.0632825228415,13.4825624991157,32.97155
200,1999,14.0587869509223,11.2467308741599,12.2987753378828,13.4635951771468,33.834015
201,1990,16.1364836642965,13.2979959460475,15.2118270295393,15.7509209769614,35.14032
201,1991,16.3147336963004,13.0080742310022,15.2527133144076,15.8396117679883,35.73579
201,1992,16.2978601994688,12.8428716721362,15.2723593939669,15.9312432432573,44.351173
201,1993,16.2923003395636,13.0306295946612,15.3059977357468,15.9695756404202,48.844738
201,1994,16.3253716697248,12.2240206128308,15.2828802626365,15.9939934207731,48.803516
201,1995,16.3509205227085,13.1402032955327,15.3204151236531,15.9818217332749,49.355675
201,1996,16.2781951405156,0,15.2534202553607,15.8416933746371,47.697475
201,1997,16.3484453991189,14.4156615793079,15.5170118030765,15.9617111252668,54.868729
201,1998,16.465339626459,14.1977882367918,15.6656450932034,16.0601574060527,59.525677
201,1999,16.7632382757145,13.6303224966691,15.7091175344556,16.4863065951818,61.215824
202,1990,14.4392142379277,10.2303061999863,12.0098995982455,14.001150152028,28.957758
202,1991,14.4747918639811,11.5435031654344,12.4219119859258,14.0725979640975,28.572906
202,1992,14.5559246641243,9.802561633946169,12.3946889322098,14.2386741256513,32.331211
202,1993,14.5183808730605,11.1737255115097,12.5595986367172,14.223920630894,35.144806
202,1994,14.6574841230396,9.62032856881193,12.5113320770867,14.2966232642241,36.702457
202,1995,14.7482699216343,9.540291391607131,12.4595203523091,14.3814238977964,40.580421
202,1996,14.7474120768788,9.4425625872236,12.4045226042535,14.3582624136539,42.860153
202,1997,14.7771445033067,10.0299880361455,12.387683533192,14.3704320009663,45.155392
202,1998,14.8956776822306,10.9584613841744,12.4885290881301,14.5354007512107,46.701645
202,1999,15.0781501704059,10.2693798855245,12.4839073918236,14.6794086092639,27.253685
203,1990,15.763391055156,12.6690925703818,14.5515112680791,14.9941413525368,23.79607
203,1991,15.7377144218332,11.9786072685669,14.526038563073,14.9421289239849,36.124435
203,1992,15.7299947312154,11.4546075556457,14.4693380004681,15.1078208029678,34.983677
203,1993,15.6517548563781,10.8473934514433,14.3925687109756,14.980687651883,36.356499
203,1994,15.7393447279243,11.0800480492517,14.3248367581564,15.1496750369363,43.195839
203,1995,15.7483797863357,11.4837540876699,14.2761231667886,15.1943756867477,41.72044
203,1996,15.785458773304,11.1110439281934,14.2114851061751,15.0753170475785,45.642475
203,1997,15.7755107342804,11.8537098196041,14.1926425816651,15.1923989065536,48.397076
203,1998,15.6912131059649,11.6012110298376,14.1562493939774,15.1181967944575,51.436523
203,1999,15.5815273114931,11.0998615589867,14.0949549688572,15.0045733869561,53.282295
204,1990,12.4026151812945,7.60090245954208,9.00270100719794,12.0992176474658,3.4480736
204,1991,12.4329965536393,7.60837447438078,9.136478523377731,12.1958016957127,8.7280779
204,1992,12.4682781744138,8.006367567650249,9.325292738399281,12.2663965680522,3.8232248
204,1993,12.3084301071351,0,9.22489395298369,12.1497181348918,5.3968778
204,1994,12.4583045423183,0,9.124477426196011,12.2417670472931,3.5594218
204,1995,12.4311312975373,0,9.02314294743544,12.1969129423907,4.0005765
204,1996,12.4333085034302,10.2337620513684,10.353275719281,12.2011988379208,3.2342992
204,1997,12.5785959256362,9.32259705432185,10.5398924091493,12.3311581805938,6.6776299
204,1998,12.7007452339969,8.915969311373599,10.6067805893874,12.1420436716518,7.8821673
204,1999,12.6470147426351,8.53817159780143,10.6157999023571,12.3506020356254,8.9920759
205,1990,11.7773082672035,9.638414622945209,8.53188474015923,11.4123897874587,-2.1222694
205,1991,11.7799017238994,4.02535169073515,8.453038596569529,11.4406451358936,3.2157145
205,1992,11.9889048052247,8.845633256340189,9.28981676547796,11.7412439004167,6.2891402
205,1993,11.961663513844,8.33038156934942,9.52928125714319,11.709925689597,10.764322
205,1994,11.9981804058242,8.03592636989179,9.64168113244453,11.5264530493106,12.220718
205,1995,12.1379118083328,9.568853625188559,10.1898725341292,11.7905425295192,9.0762749
205,1996,12.1658920691133,7.40245152081824,10.1557160074119,11.7235821916923,13.622032
205,1997,12.3123318997693,6.289715570909,10.0845791866185,11.8989787009448,13.713006
205,1998,12.4649812594016,9.91398228962877,10.5690810941702,12.0820558324135,14.00679
205,1999,12.5255698755121,7.44307837434852,10.5181027586902,12.1159433971525,16.396332
206,1990,12.0700103094217,8.39434736141739,10.0479341569012,11.2572026676475,6.0677595
206,1991,12.5693317399424,0,9.93611929834948,11.199454874067,6.4205465
206,1992,12.5540148756655,5.4553211153577,9.836155800625811,12.0234921190288,4.7764192
206,1993,12.4947185707604,7.38585107812521,9.810390422130549,12.1185350147887,8.0037651
206,1994,12.7161274550253,9.325453179076691,10.1869733328565,12.2786999633259,13.261101
206,1995,12.6240552381886,9.07073341758977,10.3540279968686,12.1009706479826,10.167882
206,1996,12.4641740263781,6.77878489768518,10.2687138293846,11.8816461390067,15.907337
206,1997,12.5286764950411,7.59488438721652,10.2201724474586,12.0137902780092,13.564894
206,1998,12.5774562995808,7.57660976697304,10.1731443921899,12.1394131128768,15.950437
206,1999,12.5026437034323,8.51418868239594,10.225118050565,12.2173979122899,20.816885
207,1990,11.7177416181016,8.27461194620955,9.72256501665588,10.1728843007466,6.054018
207,1991,11.792153940298,10.3937532623368,10.7459939521872,10.6121258073764,11.847084
207,1992,11.7615909009947,0,10.6345107926077,10.3600782409799,15.091621
207,1993,11.7842835929153,6.57088296233958,10.5407466884659,10.8303737506323,15.577463
207,1994,11.9606692567994,9.483568487457809,10.7332198957151,10.9457847995639,15.826056
207,1995,11.9790242924523,6.84268328223842,10.6415937582918,10.988755893709,15.893498
207,1996,11.9679464906414,7.7367436824535,10.5812799494614,10.9551021097429,15.858873
207,1997,12.0239466760865,7.62217459481762,10.5177213874531,10.8942009085813,17.24773
207,1998,12.1015467667688,0,10.4062306001088,10.8969956157282,17.36784
207,1999,11.9330791630512,8.35537989525363,10.4082759891057,10.8016736438976,14.059535
208,1990,15.1200338856146,11.8694103908567,13.7505655542238,14.9870201290886,24.443331
208,1991,15.1546007881063,9.973526543316099,13.6819567650889,14.7314430013271,30.184404
208,1992,14.7503222893928,10.4452302789368,13.6292123045834,14.6100851295826,32.351856
208,1993,14.9022406001543,10.0422489945777,13.5645567360856,14.4139013958371,37.433022
208,1994,15.0224846252203,10.1394683526518,13.5041313805732,14.3878947425995,39.221035
208,1995,15.0589374149969,10.3358542138418,13.4513118096315,14.3628997110048,40.584103
208,1996,15.0697368112918,11.28370096209,13.4610354782632,14.3078362568842,42.661167
208,1997,15.1974389290584,12.1103378756002,13.5841145485948,14.5957866551268,46.628277
208,1998,15.4079832557346,13.0907117066405,13.9386743800783,14.8501313110422,48.476227
208,1999,15.5072227624725,12.3681277174627,14.0206770051006,14.8035068904844,49.833363
209,1990,14.3547789861306,10.8130960076464,12.6343195987853,13.7262058417556,10.773608
209,1991,14.4326875689119,9.74384682996523,12.5784996222115,13.9134023143135,9.8509073
209,1992,14.5139413819416,12.5769394075337,13.1843809110215,13.8982896007006,16.066401
209,1993,14.5306599224148,8.906528917594519,13.0845877795687,13.3086081108347,16.890081
209,1994,13.9706136248972,9.445096238618561,12.9969804102908,12.6590740517152,20.891335
209,1995,14.0541257369529,9.528430400599349,12.9130189290277,12.8399619076379,23.668627
209,1996,14.0689203092558,11.1934086689984,12.9577582733569,13.0425415009261,26.146914
209,1997,14.2178044051177,10.6455677442053,12.9334362115338,13.199055577623,27.069502
209,1998,14.1990912092879,11.0412083685778,12.952246479842,13.3908270061428,29.323046
209,1999,14.4649615409447,11.4885303081355,13.0343429824363,13.8561506256542,30.395397
210,1990,13.8243360418161,10.4487146030195,10.5674118744192,13.7133277204341,8.8797522
210,1991,13.7517183452321,8.768263145371289,10.6181589168788,13.5487378359313,9.6794577
210,1992,13.7485542475609,8.67470962929122,10.64513676052,13.4996178424517,10.431521
210,1993,13.631954343652,9.403601868808471,10.7949260090745,13.4159327202827,14.121017
210,1994,13.7741999042405,10.0711183939201,11.084498233611,13.520986459738,16.919617
210,1995,13.7831274856877,9.45477563742468,11.1470151488202,13.4967981880222,16.889196
210,1996,13.8317749239319,9.12314716027381,11.1527458152902,13.4834877326298,18.197872
210,1997,14.0353254723203,11.3934434869282,11.8306050783551,13.8449199004982,18.310629
210,1998,14.0284529914407,9.23092700558457,11.7845010210844,13.8744584982685,17.553406
210,1999,14.0665918156437,9.194617411510951,11.7385978161731,13.8267718732546,17.640902
211,1990,15.3462743394782,11.8716413248225,14.169547625765,15.0728750528314,28.261497
211,1991,15.256095624914,12.0248624709222,14.1782259814175,14.9007321850818,33.289726
211,1992,15.3179705565104,12.1801854447033,14.2014223396982,14.9496709085474,37.686581
211,1993,15.1584513832397,11.9670219944901,14.1968509238798,14.7379367227629,46.621838
211,1994,15.3239424768692,12.2660664802069,14.2247940998994,14.8836555265883,40.23624
211,1995,15.3784737231206,12.1969461252519,14.2360181583517,14.8924699811203,39.192509
211,1996,15.4139554718352,12.6830084416897,14.3103928800474,14.7738199539261,45.003769
211,1997,15.43130615135,13.0951607172787,14.447454024066,14.892567786694,42.17952
211,1998,15.4158727665182,12.3980020653009,14.4515731278431,14.9179358814522,43.294857
211,1999,15.3005372619794,11.8924229813808,14.4111595116899,14.8599976578027,47.19416
212,1990,13.2920944225415,9.746131741759919,11.7354608313775,13.1590489524988,8.9953461
212,1991,13.4998979572692,10.0788264539022,11.8122475291029,13.3925248644622,12.161424
212,1992,13.4968739141252,10.3272181594511,11.9158119178697,13.3433491098191,17.855652
212,1993,13.5346080744114,10.8846105124118,12.1211229599753,13.1700286995793,17.748222
212,1994,13.661836349429,10.3734911817819,12.1746578269554,13.2260599722836,16.780388
212,1995,13.8672532974827,10.8552033416285,12.2972524890453,13.3817548066711,18.302799
212,1996,14.0186240631926,10.2920777434194,12.3083760429604,13.5155930019025,22.435122
212,1997,14.1979609648883,11.4449998808723,12.5337805156216,13.6858224438734,24.313847
212,1998,14.4268138941063,10.906469610189,12.5930645023302,13.9237411844141,24.249376
212,1999,14.5456731125391,11.7790901908346,12.8290736111868,13.9694704434466,24.596344
213,1990,12.4610653852667,7.56475701290573,11.5444241320296,11.9971648635444,8.8716955
213,1991,12.3512358586513,8.613593685702551,11.5096190046501,11.7290124942699,8.2599049
213,1992,12.3368759782229,10.1808162129084,11.6613084004359,11.8818978515708,7.0243607
213,1993,12.3908527206621,9.7553934942914,11.7127856502395,11.9062710197379,10.522799
213,1994,12.5936560748458,9.481664377815139,11.7252304911034,11.979950459353,11.183265
213,1995,12.5610044256738,10.3913310999102,11.8612112178427,11.9838757440303,12.429247
213,1996,12.6051227800618,10.1492923863934,11.9280675992605,12.055972338233,15.541122
213,1997,12.7739238708466,9.32053916427426,11.9045160995052,12.5574303952804,13.634953
213,1998,13.0293900060593,10.2265488343895,11.9735830557414,12.6157034315929,14.468135
213,1999,13.2021003173235,9.833547804331451,11.9861750703307,12.8285047989848,19.859821
214,1990,11.9575660762248,0,10.4178668545014,11.3376788289895,-3.4420414
214,1991,12.0622405550806,7.64969262371151,10.3794204439139,11.4222987744817,1.1913018
214,1992,11.9315718185214,10.0097826313537,10.8194702369685,11.1858101857159,8.3560658
214,1993,11.9587014198959,6.76503897678054,10.7337627750162,11.1882926850019,8.7608089
214,1994,11.9004256630901,9.10497985631836,10.8109353002224,11.0992134225856,10.682116
214,1995,11.9099386922285,0,10.7074625259197,11.3001165189615,10.405594
214,1996,11.8671317020228,0,10.6039876341413,11.2851895667411,12.21393
214,1997,11.832581536736,0,10.5005147254697,11.2219331066692,13.179514
214,1998,11.8492534880399,7.94307271727793,10.4668961387102,11.2508960230822,10.295572
214,1999,11.9021755359579,8.87416809036397,10.5361838461869,11.3340126921921,10.370914
215,1990,13.3006523632539,9.324739912284681,11.5885708261641,12.6807161865914,5.6295471
215,1991,13.2783904128906,9.444621667700851,11.5958510899644,12.7739835490803,13.660846
215,1992,13.1303300112398,9.45774717542607,11.6011029950723,12.6839058183312,14.569178
215,1993,12.9963644679905,9.4678467019179,11.6056459307216,12.5510643471596,14.634709
215,1994,12.8472962949044,7.90875473878325,11.5188637981167,12.3576107664191,17.983541
215,1995,12.7402639575721,7.45529848568329,11.4237772611368,12.3446071229595,19.836384
215,1996,12.6289630146278,8.66198593631778,11.3707891560164,12.1900888158203,19.610615
215,1997,12.5331466209857,8.71440336070394,11.3233279021266,12.1238644495114,20.300734
215,1998,12.6122141789107,8.04076899436758,11.2462244102072,12.0393272657225,19.566765
215,1999,12.4672296884726,8.632662441222349,11.2006692395781,12.0322330433812,16.040277
216,1990,14.031564742849,0,12.538959892319,12.687263040415,24.155087
216,1991,14.0707389331965,10.2035921449865,12.5264764739723,12.6689372063661,23.294624
216,1992,13.8820777185582,13.543680837073,13.7792125854403,12.762645810998,31.370186
216,1993,14.0095159524352,13.3978534282907,14.2047759564664,12.1672777040644,35.283348
216,1994,14.3551086369218,0,14.0929504579813,13.8790759730347,35.850426
216,1995,14.5079818087945,9.185535253057211,13.9883577073022,13.5358304489516,36.643753
216,1996,14.3866342008337,9.778887584302799,13.8906801806533,13.3672884559461,37.517246
216,1997,14.291616145598,6.21060007702465,13.779291806412,13.41935041666,39.393188
216,1998,14.1582448962084,9.341894811716481,13.6785379368132,13.4970481764265,40.813412
216,1999,14.3491573734198,8.849227021438519,13.5741574647193,13.3969186431296,41.679161
217,1990,13.223659638402,6.53233429222235,11.4778370022977,12.8893951522901,15.825477
217,1991,13.424941804228,6.80793494369993,11.4134531354253,12.8914267274916,15.432396
217,1992,13.239791631928,9.030615441029489,11.4288958200142,12.7154585441558,18.903198
217,1993,13.0042837714016,8.721602344674199,11.4196033077389,12.2181373739045,18.984724
217,1994,12.9284240617335,9.60817645291986,11.4947665859793,12.5728887054634,15.705067
217,1995,12.893490032152,8.919051803930291,11.4901858690007,12.0687310989942,18.50662
217,1996,12.9511922576608,8.87416809036397,11.4814440857614,12.0845940225941,21.599852
217,1997,12.8519011334679,9.25922576970599,11.5016076595498,12.3615950982407,18.593323
217,1998,12.9203910071797,10.63974211413,11.3141708215962,12.3736569348688,20.605043
217,1999,12.888391272445,9.6900467766833,11.372901038149,12.3293921622196,19.163013
218,1990,16.1079558809877,13.0136305151056,14.7967995802659,15.45445249304,47.185364
218,1991,15.9863683582468,13.0755421735597,14.8864543463105,15.2739572949391,49.118675
218,1992,15.8589307884106,13.7452500977117,15.0865618144453,15.0626691925738,54.732197
218,1993,15.6487726849341,13.5641449855184,15.2038742265898,14.8973462515332,55.402534
218,1994,15.8337339209081,12.4909470301127,15.1849193315875,15.0901583901834,56.207294
218,1995,15.9072149498783,12.9735361693902,15.201750767618,15.1237907763171,58.657917
218,1996,15.8954659092017,13.4650264114333,15.2710884849821,15.2322088426636,62.617882
218,1997,15.9751740547727,13.4221034589842,15.323513705554,15.2133918784682,57.242905
218,1998,16.1699767292687,13.4423272404268,15.3714130432561,15.3937954538161,58.028419
218,1999,16.1774360399555,13.0143794235398,15.3713635838971,15.2660673945515,58.511673
219,1990,12.3082252957851,10.0051412062626,9.26832622117484,11.8791786118445,2.5539284
219,1991,12.4951637744008,8.866158492284921,9.69804884146536,12.0033201667276,2.8740065
219,1992,12.6906658734873,10.2162158335924,10.6035532449043,12.0468851072355,4.4267211
219,1993,12.5434041741537,10.3235456629472,11.0707128627796,11.4941410322616,11.678585
219,1994,12.8260852023997,10.0024727892205,11.2576821859959,12.1524902241742,12.331651
219,1995,13.0421286270283,10.0531567770548,11.4015871176259,12.4360087403275,15.027666
219,1996,13.274646126872,10.313110670793,11.5673492542415,12.7350244767372,18.190166
219,1997,13.4804124270953,9.488880786510681,11.5646456182406,12.9433370161463,21.161913
219,1998,13.6984024321291,11.3387744383016,12.0110481469231,13.2459990186462,22.388645
219,1999,13.7161053803926,9.89485035914046,12.0028395588347,13.2637181854177,26.259844
220,1990,12.9363183081339,7.97728198675515,9.17243079890296,12.5903476937147,14.42812
220,1991,12.8871975472344,7.70975686445416,9.28060310351613,12.339388086991,17.786306
220,1992,12.857624355431,6.63725803128446,9.2388500804219,12.3108422767395,20.25699
220,1993,12.5302874166109,7.26961674960817,9.26016809293546,11.9498403829065,20.236397
220,1994,12.7653788617437,8.090708716084,9.42205081366393,12.2728807371223,20.445213
220,1995,12.8744787748266,8.47031120551611,9.629925324245029,12.3684532309481,13.115376
220,1996,12.8214159298514,8.63533171943328,9.82021463334231,12.2799296988097,17.669025
220,1997,12.9448601736805,8.645938147306801,9.963989813925661,12.3900014239558,18.185991
220,1998,12.9821621719006,8.71686338654481,10.0906764114402,12.4275421015405,18.139187
220,1999,12.9058597537319,8.645234541297119,10.1766091336565,12.2550943880378,21.475023
221,1990,13.5409913663414,6.39692965521615,11.4917018285186,13.3476749005063,5.9877782
221,1991,13.8764332070027,10.7057805753568,11.7719171255204,13.5727636704785,15.645931
221,1992,14.0535205753109,10.5627676635845,11.9242904677546,13.6665902173332,17.471361
221,1993,13.830837840672,10.2055531838552,11.9731179974193,13.3099798348305,22.466223
221,1994,14.0334818388208,10.56421484184,12.0743384940427,13.5073009520331,21.641136
221,1995,14.4565380384021,11.6747041205329,12.4608857795294,13.883388537358,20.526423
221,1996,14.781579449451,11.5118548921116,12.6556726544196,14.19437035396,22.193596
221,1997,14.8396784600199,11.1941241734596,12.7320368012963,14.20935559855,25.812361
221,1998,14.9922818429907,10.7792895676801,12.7344704698625,14.2463837651492,28.097569
221,1999,14.9009553349332,12.5171171780188,13.1764552720544,14.3232730170143,30.945402
222,1990,16.3888335356937,12.2821583036303,13.993893535394,15.9069689495515,29.672626
222,1991,16.3778967602988,11.7073402694516,13.9973558346882,15.8452141559721,36.207798
222,1992,16.328861985927,11.7363169855375,14.0009696874252,15.7838074274943,40.128532
222,1993,16.2479367840592,11.9323460738399,14.0238287547839,15.7124493605845,42.04549
222,1994,16.3313466928855,11.6342223199264,14.0130005731489,15.7431483603913,45.191395
222,1995,16.3555936891102,11.1164696510197,13.9657928796183,15.8600854977886,49.061481
222,1996,16.341521249675,11.4981670939947,13.9436759543478,15.8520547059568,51.82085
222,1997,16.3129741001292,12.5184241595722,14.0471467445461,15.8964844695497,55.055817
222,1998,16.3790809478427,12.0309153639202,14.0644856632727,16.0232793418444,53.080814
222,1999,16.375017346509,10.3761439101846,13.9879443077837,16.081049068146,52.900837
223,1990,16.5165953034418,13.6360824112194,14.9028771838656,16.0700191186323,39.032757
223,1991,16.6003869244218,13.0749216037477,14.9608435057734,16.1701348820199,45.85754
223,1992,16.6171617876958,13.0716762150711,15.0068134468169,16.195336198798,52.794247
223,1993,16.596818499792,12.9356505932687,14.969637998093,16.1406355534619,57.10252
223,1994,16.5606661896774,12.2809528194593,14.935989681854,16.086412096566,57.773449
223,1995,16.5954401143918,12.8220930712242,14.9467371379216,16.1338090386949,65.483582
223,1996,16.6894252380829,13.3275384583277,15.0184106671585,16.2401287783515,62.489548
223,1997,16.8126734386991,12.6775938726415,15.0044446353799,16.3726952140222,64.024277
223,1998,16.7495703698159,12.9820893039124,15.020717330638,16.3062234619898,66.666626
223,1999,16.7280893571155,13.1470989159026,15.0535742480411,16.2315248807093,66.007378
224,1990,14.6580373481381,12.4490188241406,13.114393703754,14.2880749557026,17.587208
224,1991,14.7327726812071,11.8349364977456,13.2543070102051,14.2410326884051,20.617825
224,1992,14.7658636973362,11.407998188784,13.2842558407131,14.3086979792125,23.805262
224,1993,14.734615797214,11.5384664980379,13.3275829292955,14.250024030399,27.709728
224,1994,14.7738903271881,11.3702091627686,13.3383819260641,14.2328467654987,28.674208
224,1995,14.8430322280122,12.0725412529057,13.4600277602796,14.2301635414605,30.719431
224,1996,14.9493876285271,12.7632024889215,13.7292948279999,14.5382877404675,32.055138
224,1997,15.0778500742866,12.4912515877638,13.8490608012717,14.6375797619577,30.44977
224,1998,15.2419964501801,12.9058254607671,14.0392396178349,14.8523134469195,32.092239
224,1999,15.2740601949287,12.4127534260133,14.0843086959923,14.8229197400338,32.215557
225,1990,14.5711648170072,11.6008081289458,13.0843665549911,14.1475799839193,22.383629
225,1991,14.6314726605233,10.91086136077,13.0898569210959,14.1537926111225,28.838041
225,1992,14.675222029282,11.1463589027404,13.1200272507842,14.1773422119832,32.950775
225,1993,14.4658095277928,10.7420761687462,13.1019671819814,13.8700689672966,37.391582
225,1994,14.6166942244983,11.292403474361,13.1463954792226,14.0534977990478,35.941284
225,1995,14.7771507274091,11.4927227576527,13.2081863318329,14.2574383184911,38.183537
225,1996,14.9359423628991,12.2044964039138,13.3988807054012,14.2869799219029,41.010174
225,1997,15.0225519849816,12.0399531240268,13.5061874654073,14.4317728743926,43.171547
225,1998,15.1662870379075,12.6231204148814,13.7243524862165,14.5623768893025,45.132427
225,1999,15.1434257519289,12.7339294125171,13.9118743643273,14.6197881112042,48.443695
226,1990,15.8997612547217,12.7621335509227,14.3220226919953,15.3563355530326,25.811785
226,1991,15.8578228799882,12.8929502130765,14.4370166672208,15.4915475933639,30.135366
226,1992,15.6393920644232,12.2608070126302,14.4346300169965,15.2347866544898,33.863323
226,1993,15.4559544046934,11.9008170594612,14.3986211961629,15.0000675893081,50.607586
226,1994,15.4399125052867,12.0076217068063,14.3727018663658,14.9877605531676,47.507355
226,1995,15.8093557914031,13.1597400837293,14.5140296837546,15.2769099614161,43.18594
226,1996,15.6960384409616,12.9675207915987,14.5848554791614,15.1608821365096,47.888809
226,1997,15.667801886043,12.0916377485966,14.5447450380451,15.1771144488469,50.462982
226,1998,15.3615278070135,11.2037337090306,14.4619072677652,14.9128370959266,57.066448
226,1999,15.2357109291243,11.7239964350502,14.4051277686169,14.9217037129883,44.859066
227,1990,15.3918444512497,12.1496980420777,13.8639930557616,14.7007194029443,19.916634
227,1991,15.4167755026763,12.4492109625435,13.981948383548,14.6516949657868,30.029922
227,1992,15.2736968606948,11.9421982413755,13.9951101636081,14.6696673152152,31.908279
227,1993,15.0188994236077,11.3388815537424,13.9502314678326,14.2168939162311,48.546188
227,1994,15.2244304647207,13.2819756867716,14.2573379388003,14.4010483296558,36.587425
227,1995,15.4561621775286,12.5530608238794,14.3065545286141,15.0301803162056,38.883499
227,1996,15.4679022760634,11.8551667429114,14.2705297288732,15.1403730480128,37.475327
227,1997,15.5206382182232,11.7271170668826,14.2268465983734,15.1460997295005,44.165493
227,1998,15.6458501574491,12.8176083886031,14.3188557529562,15.3317332401977,51.708172
227,1999,15.6977986675506,12.1539948329624,14.3054256933826,15.4250229098255,47.813034
228,1990,13.6216199368748,0,10.9308723319159,13.3515367129755,-.010886643
228,1991,13.817060356406,8.1605182474775,10.9026238296929,13.5241363446077,9.3991117
228,1992,13.7864493419062,0,10.810172294265,13.3877614966154,12.118037
228,1993,13.7995742468259,0,10.7177344845867,13.725223640426,7.4657326
228,1994,14.028088084925,0,10.6252853560774,13.777584366556,11.275569
228,1995,13.7998140091779,10.357361799852,11.0849186918245,13.6636068517998,7.1029272
228,1996,13.8044779216298,8.570354739530471,11.065828659621,13.5465311616789,8.8706493
228,1997,13.9596550568073,11.7183611534364,11.9971697135563,13.7285791777748,16.818769
228,1998,14.2759365931319,8.59433940059289,11.9349900365027,14.0726914117396,21.213131
228,1999,14.243809641898,8.692825760059399,11.8777581439228,14.0582057246817,18.128199
229,1990,13.8025925362207,10.5913960350479,12.7583933172651,12.9730002897257,11.336116
229,1991,13.9557130925104,8.364508103750589,12.6789406061593,13.5271446954317,22.188993
229,1992,13.8314521561002,0,12.5861679784918,13.438979218076,16.328981
229,1993,13.7776270090902,10.9854960920375,12.6811773048718,13.422112935754,14.879507
229,1994,14.2288299911542,11.2992370724268,12.8133699561082,13.7986988204643,20.118389
229,1995,14.1469796304928,11.9862298905888,13.0724480805104,13.7181631571443,24.964573
229,1996,14.2253445378139,10.3439980023871,13.0396450267218,13.6938425489605,25.129953
229,1997,14.4106940601361,11.9531462043687,13.2198056463268,14.1086045726939,26.436533
229,1998,14.4359057446707,9.852088989450129,13.1586906779043,13.8866519833076,28.537477
229,1999,14.4064738374894,11.737444070464,13.2662470745352,14.0978100791764,29.762842
230,1990,12.9325931421148,0,12.2800616820399,12.1345571150137,15.081819
230,1991,13.0337092566118,0,12.1706910335882,12.5731927211705,19.891148
230,1992,12.8582135883335,0,12.0613242916433,12.323712666553,17.019999
230,1993,12.8345660503999,9.810878720803469,12.0556607178507,12.3770313188646,19.377321
230,1994,12.9567295934898,9.921523915022229,12.0611694093247,12.487728001471,18.403948
230,1995,13.1113204170142,5.63478960316925,11.9543823609098,12.450299837275,21.445217
230,1996,13.1846579287753,8.956866470854139,11.8932792395033,12.3522849029812,22.19058
230,1997,13.3318477060022,7.89543600694297,11.8012423358948,12.5094548033153,24.331953
230,1998,13.3760692885334,10.3353024359671,11.8887468405637,12.3568060648383,28.840231
230,1999,13.2580770346559,8.40200678160712,11.8087118585164,12.0895860660164,22.889849
231,1990,15.1525779841846,12.1757732190942,13.9411418266245,14.965792181003,31.299936
231,1991,15.145922416026,11.8537169317014,13.9425169716388,14.8183366754641,32.440723
231,1992,15.2403620475114,13.0636680183631,14.1838722352275,14.9285237397539,34.155262
231,1993,15.6160298444648,11.1600290875348,14.2443976831803,15.3753145630684,34.958179
231,1994,15.7035493454408,11.4650264036507,14.1454413746447,15.4152327012741,41.10886
231,1995,15.6307984367699,11.6700232264546,14.0092855233447,15.0817835695307,42.065792
231,1996,15.4587402147096,10.4253421331499,13.6323997698092,14.942593232854,44.024311
231,1997,15.5520302784269,11.3989837918246,13.6044584842058,14.9745046015451,44.668488
231,1998,15.5894138243308,11.9008577677861,13.638791398395,15.0562133717928,47.947746
231,1999,15.6569302875697,12.1856556295359,13.7131734671478,15.1820161699828,48.55698
232,1990,16.7743530182306,13.8500134288113,11.604674766913,16.4926203467485,36.46365
232,1991,16.5896234390105,13.3877998409088,13.4950894302897,16.3210356003081,36.175873
232,1992,16.4515467212292,13.3862649211907,14.0411737323606,16.1570273927859,41.05854
232,1993,16.0884744138955,12.9480099902596,14.21818597851,15.971991998757,45.464123
232,1994,16.1310330628974,12.7068479334427,14.2980658963941,15.8854601038162,39.274792
232,1995,16.1899302057027,13.2551444886381,14.4727737403407,15.8645022231985,34.517445
232,1996,16.308885625437,13.3101566039398,14.6121814132221,15.955212108765,40.370365
232,1997,16.3816093289502,13.1019463614101,14.808484699846,16.0871331344169,44.924473
232,1998,16.5838086177344,13.5103431711715,14.7136708828023,16.4242662456206,43.35667
232,1999,16.6236542849838,13.5716131270568,14.8519203681546,16.4174950279592,49.913361
233,1990,14.3542160383916,6.99576615630485,10.9786264850186,14.1756980525418,16.26815
233,1991,14.2714451303359,7.12367278520461,10.9644723914658,14.1292472414262,19.951218
233,1992,14.3590664032496,9.62562378902169,11.1571586799589,14.1970376775817,18.949987
233,1993,14.4026560011917,8.17611034223734,11.1698434316934,14.3187415492331,12.986829
233,1994,14.3957902512036,7.4899708988348,11.1583554469768,14.3028854490168,18.097563
233,1995,14.4029840342899,8.505525386548561,11.1853584588195,14.34305418676,16.805656
233,1996,14.6660501566321,11.5094795345659,11.9515796710192,14.5918280529063,18.941862
233,1997,14.8947837023306,11.406497713352,12.3275988888574,14.8498642482227,21.520121
233,1998,14.8323893621137,11.6242879328237,12.6512320725714,14.8056925903367,25.270224
233,1999,14.8719226835724,11.0225231908451,12.7730382146731,14.6963996071481,24.399628
234,1990,12.572250352213,8.02059914989697,10.8261777639909,12.3959235217809,.38263452
234,1991,12.4567094817607,8.87919392811032,10.8643596038057,12.2437610235451,3.9063711
234,1992,12.3477924327199,7.46508273639955,10.7946594309922,12.2343998414331,7.749723
234,1993,12.2534621135901,10.0552210275621,11.0917592368735,12.0617333331094,6.5108776
234,1994,12.4217144212446,10.2058119017248,11.3372724241175,12.3253495525611,7.4275479
234,1995,12.466197864345,10.071076109728,11.4759616431208,12.3895082134607,8.3247318
234,1996,12.2197691560952,9.35832924968963,11.4803537183669,11.8386792483356,8.5728636
234,1997,12.2895699266108,9.84892576454344,11.5450905765728,12.0155542675586,8.5238676
234,1998,12.7388775056648,9.738200088297949,11.5837268334735,12.4649810656284,10.460108
234,1999,12.4072613469017,7.80343505695217,11.5006463846837,12.2040860972906,11.219085
235,1990,12.61690926581,7.54960916515453,10.0305166006647,12.3778714068583,-6.6382375
235,1991,12.5086751052497,0,9.93807736730442,12.1958047148867,-4.0090275
235,1992,12.5217930247012,0,9.845635957324999,12.2703478007208,-2.986244
235,1993,12.2511286145487,6.90775527898214,9.805880236333101,11.9441563490149,-1.4123012
235,1994,12.11908181044,7.32317071794347,9.793879138430549,11.6298111261548,-2.2324455
235,1995,12.0454261085674,4.45434729625351,9.70604829701017,11.5456235312048,-.94607961
235,1996,12.0114493342875,4.44265125649032,9.61846194854556,11.4992527118411,-1.7738653
235,1997,11.9850876712141,5.92425579741453,9.548853381945049,11.4340224541578,.13469437
235,1998,11.8728090521758,0,9.456411075934041,11.2772312824474,4.9095178
235,1999,11.4362000593632,0,9.363962340631749,10.7133258836404,3.323602
236,1990,14.2654016904546,9.866097163317569,12.9697551740151,13.7434030049509,8.5033197
236,1991,14.3818651177299,10.5051771226072,12.9635097225731,13.7503157987329,13.750376
236,1992,14.3613340827739,10.3418392529785,12.94349337713,13.7324027090485,15.423247
236,1993,14.1880642506801,10.5876444412579,12.9435256649711,13.5348437276301,18.135651
236,1994,14.2680001260852,10.8867638091909,12.9717618585142,13.6158119512862,17.21529
236,1995,14.2856535870376,11.0206271458181,13.0076147083975,13.5628222607614,19.164917
236,1996,14.3741459036534,11.2926901805452,13.0716002582385,13.6082345370835,21.039364
236,1997,14.5205016194746,11.9071206385979,13.233699006465,13.7924316510505,22.303095
236,1998,14.5588578834564,11.8909303007153,13.3572523998181,13.8608684212313,24.270979
236,1999,14.6306540782076,11.7393197269946,13.4319074258257,13.9305255847583,24.160332
237,1990,14.3651480061061,11.9511803959014,13.2659007924005,13.8644743786189,10.729136
237,1991,14.4191946745233,11.9721145775618,13.4221818548536,13.9347049199268,10.241693
237,1992,14.4044242076923,12.1846957797706,13.5858761112937,13.8525899220887,13.541852
237,1993,14.2482614659847,10.6040323034765,13.5364061254816,13.5899107942124,17.00742
237,1994,14.5262957939446,12.0723069397422,13.6461716013317,13.9477213686804,18.837423
237,1995,14.5325110463917,11.5631907311178,13.6599631531707,13.9734851400932,20.11224
237,1996,14.7517575112438,12.7751237802521,13.8899361653809,14.264593387243,23.323214
237,1997,15.0097315318131,11.9049472822705,13.9060361279383,14.4008977232696,23.994108
237,1998,15.3093516825469,13.2086364819379,14.1829136094174,14.8439926903312,24.913452
237,1999,15.3900693049016,13.1473876423091,14.3627195272064,14.8155306156974,27.047651
238,1990,14.0787775820448,11.1885240815818,12.1152284782294,13.5523760635905,7.7334886
238,1991,14.2148199948887,9.69177837884758,12.1124463472013,14.088795300375,12.835191
238,1992,14.393364420756,9.7981270368783,12.1172561858131,13.9561502104705,15.463614
238,1993,14.2678432162348,0,12.0248097281797,13.5547326864794,15.790358
238,1994,14.2094415637005,11.7867241070634,12.5149042319366,13.7450902935796,15.738682
238,1995,14.3302628199388,11.7067555439471,12.8104345129694,13.8142726185296,17.770121
238,1996,14.4492405041793,12.3064336846057,13.1680248427722,13.8998990582303,17.631617
238,1997,14.5432563663382,11.3243765584205,13.2127096208736,14.0219073599342,23.49682
238,1998,14.7572606925268,11.7450525432997,13.313191649282,14.0489410492784,21.854057
238,1999,14.7630699048229,9.71625395138115,13.2455725537849,14.2510205882,22.998487
239,1990,13.4994554157176,9.72513809649457,11.2744017428673,13.2612983767983,14.192595
239,1991,13.573454360086,9.287856814404011,11.3241277832745,13.2580752652734,16.640308
239,1992,13.6049625965918,9.22808205345234,11.3579813037532,13.2499769134781,19.834932
239,1993,13.6091827326012,8.762333040602339,11.3460110069224,13.3122799435232,20.993513
239,1994,13.6067416963555,6.47389069635227,11.2687063765538,13.2496153436714,23.177509
239,1995,13.6862449168564,9.972407088000731,11.4161116552809,13.3017366650973,24.345869
239,1996,13.7813023823541,7.94767857130157,11.3598943248911,13.4259806065842,26.961849
239,1997,13.8006523585881,11.3850807297594,11.9404364340774,13.4288114338048,28.482565
239,1998,13.7453274448349,10.5069835111434,12.0531883301915,13.3535126384516,28.291115
239,1999,13.7460070855645,9.32687818822413,12.026160384052,13.3260494753074,30.546286
240,1990,11.2217474066482,0,11.6216004815959,10.1205799409142,6.9982343
240,1991,11.305617654737,5.59842195899838,11.5201651947683,10.2806132742843,8.7760859
240,1992,11.3958074956534,7.64969262371151,11.4377017937326,10.355750935906,5.2415376
240,1993,11.1640552657948,6.51471269087253,11.3411663288919,10.344905957713,9.4209499
240,1994,11.384535204793,10.1329312163988,11.5019110281571,10.1679483367245,7.4776568
240,1995,11.3607633294357,8.127995055771949,11.4307192519392,9.931982047452379,8.7065649
240,1996,11.2621728715923,8.339261982923579,11.3690273805406,9.90383355007039,9.2001572
240,1997,11.4384252619946,0,11.2649998595659,10.1900527384444,6.5810509
240,1998,11.6730420330458,11.2524304523624,11.8145533410791,10.4625200244165,6.7765245
240,1999,11.4400385992631,0,11.7105247211154,10.2820035977151,9.4421616
241,1990,13.6791799207204,8.95609307561064,12.0565918780023,13.4953312060782,10.596006
241,1991,13.7148074740771,9.75417514934912,12.04545484891,13.4948383623697,13.762311
241,1992,13.6572767383368,8.949884285777991,11.9782833192961,13.3951843767662,17.467701
241,1993,13.7927075722678,8.759197750371371,11.9053431578735,13.4716816367707,21.228693
241,1994,13.8851151968957,10.1025433083212,11.9475842601298,13.627960180629,21.527159
241,1995,13.8852314436012,11.0205944238404,12.1626483095213,13.6082866172819,22.704836
241,1996,14.1190008112611,12.2279173041076,12.7548756136329,13.8187324686641,25.112188
241,1997,14.2102462560965,11.1837962026043,12.8210233921705,13.8263427974948,26.189518
241,1998,14.4340114690035,11.5429501780759,12.9404951578375,13.9791355585778,29.472544
241,1999,14.507129369225,11.0233719764798,12.9557149922522,14.1546366261144,28.093824
242,1990,14.2063370684258,10.8043194093477,11.3163508136982,13.9519147196269,5.4744968
242,1991,14.0503414636761,8.999989642460729,11.3160403728392,13.5134986963708,8.4832592
242,1992,14.1443589684937,9.09054280852059,11.3222902452512,13.5687798379541,8.9263182
242,1993,13.9466909386529,9.67111403584323,11.4022195771209,13.5542529138689,10.876913
242,1994,14.1054678033223,9.89353822168246,11.5036849021721,13.736099569785,10.560944
242,1995,14.2000674187204,9.22581994282457,11.4981884059917,13.6746402914984,11.624561
242,1996,14.218223188255,10.2747752088427,11.6439089895338,13.731360468417,12.048474
242,1997,14.2282561245697,10.1589046644006,11.7358529929531,13.7877539911491,14.485538
242,1998,14.3615598800998,10.7723511908379,11.9393572285132,13.8491109808136,14.924326
242,1999,14.3171527059416,9.785154365574259,11.9408439324441,13.7560788241231,16.58473
243,1990,13.0092514302079,9.95712310170204,10.6541250362991,12.8094172306271,13.844746
243,1991,12.9557370405168,8.78492762605832,10.6965637749695,12.9028771375648,12.909313
243,1992,12.9639838827301,9.3031929889908,10.817375399794,12.8583475165249,15.747647
243,1993,13.0644663049409,9.68831217087109,10.9961354227042,12.7812773422632,17.678551
243,1994,13.4020879827361,10.2394596641157,11.276497819484,12.8374399190447,20.112629
243,1995,13.6986011437449,10.4793703129354,11.5313222025056,13.1815032214681,25.660152
243,1996,13.8278518913999,10.60641178161,11.74211708976,13.299559597604,24.463499
243,1997,14.0344350311811,10.0339015912581,11.7889361914716,13.3604352394887,25.118004
243,1998,14.3184238435198,10.2460838558653,11.860745217172,13.7487588539278,25.308157
243,1999,14.4248653497856,10.052984563682,11.8918987428663,13.8889034414733,31.74786
244,1990,13.2223363337645,6.90475076996184,11.0795391630077,13.1159942720848,2.2301238
244,1991,13.2900537960467,9.706803344906341,11.2184832608974,13.1384850023887,6.5765405
244,1992,13.2451110886365,8.41626727282628,11.1794088561746,13.1048787648335,6.8972602
244,1993,13.2685193975276,8.03786623470962,11.1222090580909,13.1155438886907,10.420665
244,1994,13.3852653565841,10.9461994592397,11.6357756409596,13.2027176429356,13.318722
244,1995,13.4648102707933,10.4960406178604,11.805794312816,13.2492125122046,7.3604331
244,1996,13.6145633358079,10.5374684224269,11.9414330444465,13.3845870795196,10.694117
244,1997,13.7320997926945,11.1044157266758,12.1810840141306,13.5481556924053,14.279987
244,1998,13.7957794832401,11.0821425488778,12.3505530038694,13.5503022415584,13.377501
244,1999,13.7943531199254,10.5505384372031,12.3922094151353,13.5404120384263,15.478827
245,1990,14.97229096538,11.1982147201305,12.8121411741103,14.6384753842266,9.8246174
245,1991,14.9077972874555,12.2614363943663,13.1889395710764,14.5934891997862,14.265046
245,1992,14.8495593053767,12.1282570393573,13.393854175767,14.4967506498411,14.896786
245,1993,14.9318916150049,8.727616178321069,13.2995038689627,14.6004593988026,13.902778
245,1994,15.0369946655127,11.4858008975736,13.348592403741,14.8378169456957,18.244923
245,1995,15.1900573480196,12.7124624455609,13.6605256469296,14.9265745563708,18.800785
245,1996,15.2621910310202,12.3866844081254,13.7925728895581,15.0311698365302,20.919262
245,1997,15.4617102733133,13.3579902863726,14.1638177698794,15.4407924396706,22.700092
245,1998,15.7108527607268,13.2522506382388,14.3785353287094,15.3811207082762,24.1362
245,1999,15.4915490652091,9.998797732340449,14.286064285878,15.0516697629128,25.76145
246,1990,14.7811079403527,12.6521549271842,13.9969834213865,14.3384706941999,12.644243
246,1991,14.8902810310302,10.5202395318424,13.9199176892957,14.3379960809704,17.32926
246,1992,14.7431005740221,10.9274840478234,13.8615124575821,14.2564150189206,19.20101
246,1993,14.725677477411,10.7571366297501,13.7972789679425,14.2456796854537,20.852484
246,1994,15.0146793121764,10.1999187396202,13.7150422780046,14.5518890321009,28.2666
246,1995,15.2375785598669,12.7661226249051,13.9269250015648,14.764639318587,30.735334
246,1996,15.1832601106294,13.0577565872698,14.1545849773977,14.6882270723419,31.349174
246,1997,15.3232320016325,11.1375335898682,14.0899902107498,14.7876790121751,33.200851
246,1998,15.4435628363911,11.075179904288,14.0252322781348,14.9056166798302,33.523155
246,1999,15.4240334037079,13.1722139315425,14.2502135754094,14.884335208746,29.700727
247,1990,14.7060019463943,9.582041849931541,11.6375296281948,13.6406862696323,4.6369562
247,1991,14.7731128343087,10.2163986790337,11.772684029857,13.7301780655909,11.348243
247,1992,14.9065410669554,9.68800210296374,11.801133649001,14.0109575972323,17.765556
247,1993,14.8776783445183,9.70959935937071,11.8275442155786,14.1077000983778,19.937504
247,1994,14.9107315426111,10.5808355811871,11.9884538048587,14.1491791907445,22.068424
247,1995,14.9616455121502,10.5518204048062,12.1022032398373,14.2486482684317,23.385969
247,1996,14.9341379577738,10.2328992075255,12.1452562553274,14.2637011823903,26.671341
247,1997,14.9337761269044,10.5409898791286,12.2240117728825,14.2721114125875,26.589697
247,1998,14.9170440695718,10.9321779668992,12.3576651989976,14.3603354665764,30.595964
247,1999,14.9154879302036,12.2162110775031,12.8508627431275,14.4223870184108,35.378185
248,1990,14.716697937491,10.8285794403634,13.5339616392159,14.0826841503317,-5.8294554
248,1991,14.561823648484,11.441268333206,13.5609168444143,13.976648456736,-1.3912117
248,1992,14.6717383851906,10.6822388703882,13.522205908409,14.1958276378368,1.853574
248,1993,14.2503610912907,9.45171669155145,13.4452403298221,13.804557993997,4.6133609
248,1994,14.4178808933843,10.6477317582241,13.4091682151983,13.9302275775489,6.2645998
248,1995,14.4794260160242,11.2206193849209,13.4172474034177,13.9941583943758,10.068507
248,1996,14.4092628055742,10.7516493253578,13.3847953318885,13.9415879194537,14.082002
248,1997,14.5062600043951,10.7351567766795,13.3508336763743,14.0430196107512,12.886313
248,1998,14.4835958285784,11.1706745639828,13.3528739653425,14.0458856961477,15.850765
248,1999,14.4758968580232,11.5438910442271,13.3935130904002,14.0474814764029,15.572527
249,1990,15.1790043718779,12.4292161968444,13.7979950532082,14.6631598652592,31.3855
249,1991,15.1955621689784,11.0210360802226,13.7720153059731,14.6604939699008,34.245384
249,1992,15.2750083743223,11.5258910473603,13.7859141740165,14.8290760727235,34.464527
249,1993,15.5717404028703,11.7209878652563,13.8178576015015,15.1676769537933,38.199612
249,1994,15.2533921804049,13.2155403745005,14.1650142296867,14.8279114374521,34.678898
249,1995,15.5020135168286,12.599441555391,14.258336830824,15.1344688396601,37.774044
249,1996,15.4335314161184,12.2592578990338,14.2883731589528,15.0193646453373,41.60154
249,1997,15.3219175133803,12.7483300736552,14.3798869960012,14.8665370250416,45.463356
249,1998,15.3884875071279,12.2206705753857,14.3912778903268,14.9734797499948,39.880238
249,1999,15.3940595988194,12.3612285342514,14.4151006212075,14.9197023913274,38.134567
250,1990,13.9463987125622,11.2137779144092,12.1934381655697,13.457150398684,7.4158235
250,1991,13.9010998007941,0,12.1134204800738,13.4108425388131,16.387987
250,1992,13.9635720177532,9.68034400122192,12.1192007133631,13.4850718167626,22.322453
250,1993,13.9469622101251,10.2625596210746,12.1855663206969,13.3744521777445,25.549738
250,1994,13.9622243526921,0,12.1055520651336,13.5888132379742,27.086411
250,1995,13.9631660008125,10.9852927228879,12.2958123389441,13.5016448397967,27.774143
250,1996,14.0509898567424,10.9461113309954,12.2497899645503,13.4203486011653,26.008291
250,1997,14.1658053310211,12.0294726891183,12.7213325234436,13.7039709326215,25.430096
250,1998,14.2699461558463,10.6831334787127,12.7535623516678,13.7908338277285,29.807203
250,1999,14.2811802033396,12.2287192640624,13.1026668684774,13.745893956809,31.894493
251,1990,11.5972073429287,7.65207074611648,10.3893645309382,10.9452991747507,-3.9016881
251,1991,11.6685603932745,0,10.2858989543131,11.0547657774146,.55679345
251,1992,11.6160035429821,0,10.1824214712302,10.8991278607771,.47226048
251,1993,11.7456854516254,0,10.0789607125012,11.1111597776107,3.1020994
251,1994,11.5641897533551,0,9.97548723237407,10.8049520050153,3.1484342
251,1995,11.4667403461004,0,9.87201236520111,10.6829739900162,6.3895063
251,1996,11.4519793640954,0,9.76853801195784,10.7287153335124,3.6724865
251,1997,11.4429938186524,0,9.66506537518277,10.7825547405345,4.6373816
251,1998,11.5899318412146,0,9.561595656054189,10.9599383522439,3.8827407
251,1999,11.6785349180537,9.10497985631836,9.920197166099079,11.0437555578274,-1.2062224
252,1990,11.4430341077323,10.5976592081423,9.91852393736224,10.8743992202943,10.506094
252,1991,11.6649774260454,6.90875477931522,9.84662086084702,11.0265162640758,11.96018
252,1992,11.6855993683816,0,9.72215750403533,11.0137192065947,20.530102
252,1993,11.3697568703263,8.890135107818841,9.975575628930381,9.98804175848416,11.388665
252,1994,11.7831057310352,10.9876289747758,11.199077361647,9.691465667925531,7.7173824
252,1995,11.9056580162405,6.47697236288968,11.0834570691327,9.59754233042163,17.575893
252,1996,11.6894536177199,8.306472160100579,11.0177172520993,10.1996280933876,16.926918
252,1997,11.7749348619231,6.96979066990159,10.9098913461985,8.015473840254201,17.709806
252,1998,11.7604346327784,9.494992859867599,10.9937853716002,10.0793469849946,16.927397
252,1999,11.919859184142,9.47393464889887,11.0576055011096,10.4426358435002,16.17004
253,1990,14.3550592870667,10.0441186822759,11.0053113454662,13.703280785819,27.103764
253,1991,14.2693997030348,10.0772307535552,11.2460690257773,13.8193342694687,30.546423
253,1992,14.1331687175829,9.56899335829854,11.3107541997718,13.64273295074,34.284653
253,1993,14.0786873183544,9.94716945362225,11.4320548313272,13.5396768743876,33.038757
253,1994,14.2815927352059,9.71601274050137,11.4857012255151,13.7961484073594,33.765884
253,1995,14.362015718506,9.58162802828276,11.506989884212,13.7900702455751,35.573509
253,1996,14.3985088956082,9.528357644224039,11.5162389692466,13.7354822555907,36.253944
253,1997,14.4664960067172,9.565494159542981,11.5272671298859,13.8226919770948,39.018501
253,1998,14.5772463470251,9.947217315397451,11.5893780435278,13.9132078966983,41.793644
253,1999,14.6552195214742,10.1490577364119,11.6743986979179,14.0467488361094,42.392128
254,1990,12.2330067216072,8.86035727332702,10.9552527879714,11.4857158985548,19.152769
254,1991,12.2156173753982,9.79929302351827,11.1451924625889,11.9247048358731,19.320156
254,1992,12.6437317826579,9.64872432684146,11.2552784567338,11.8208110581698,21.556267
254,1993,12.2601201304916,0,11.1559090341601,11.7594964960617,20.627817
254,1994,12.016930901921,0,11.0565296283185,11.6014364593368,14.3301
254,1995,12.0168599442356,7.61726781362835,10.9877997471662,11.2655339257532,22.612919
254,1996,11.59114121924,6.31173480915291,10.8972077343444,10.1173850379332,20.736185
254,1997,11.6292291992113,0,10.7978291550259,9.92477812527733,22.134558
254,1998,12.8721713417411,9.96222804755873,11.3910447954675,12.3175791365497,20.546713
254,1999,13.0835819244662,10.3339704236196,11.5699709835489,12.5331175266212,25.131142
255,1990,15.654384703612,13.0407671302797,13.7453080265623,15.2251155024798,38.034721
255,1991,15.164172649881,13.0653103697737,14.0757753123097,14.7134091070452,36.737514
255,1992,14.6765099538503,10.8207178428869,14.0128782682079,14.1710102373627,47.230011
255,1993,14.0170987004183,8.48239468587354,13.9153876571354,13.071902566912,33.225552
255,1994,14.4370489879104,7.27031288607902,13.8151333868442,13.6446844219844,56.328335
255,1995,15.0809405844825,9.69885903521963,13.7289916415142,14.6027074133149,45.541771
255,1996,15.6042087354158,10.568338133941,13.6668878042939,15.0769204732822,53.596527
255,1997,15.703612190167,10.6699548950088,13.6111621413018,15.2122471878597,57.773907
255,1998,15.950666997769,11.8824939290806,13.6623984219969,15.5027831638411,60.667381
255,1999,15.9367770502623,11.6571816409574,13.6779864048699,15.6077640062673,60.907455
256,1990,15.3816177841792,12.6697532012138,14.0166276992092,14.9096563890253,29.06846
256,1991,15.4001151372578,13.2458739791934,14.3014376089315,14.9359903580081,32.567711
256,1992,15.4830457463884,12.6501204427848,14.3632080037821,14.9419080773229,39.891159
256,1993,15.2833743869591,12.5308409431973,14.3947991048194,14.726180978463,45.542664
256,1994,15.4032319678817,11.8130300574206,14.3457920430277,14.7006488066929,42.631134
256,1995,15.4975028819035,12.1858699382127,14.3299536507922,14.7992251936344,43.814144
256,1996,15.5938484433208,13.1223633774043,14.4604540348532,14.74278751134,45.618767
256,1997,15.7637533255979,13.1911466269221,14.5746532290163,15.1124151272671,51.464886
256,1998,15.9235015939451,12.8083674455181,14.6012160444855,15.2826740155596,54.030209
256,1999,15.8818071372586,13.4492627976191,14.3719400178008,15.2780276602856,56.699139
257,1990,11.2530476955806,11.3782505616436,10.3130110807718,9.887834062692979,.90341634
257,1991,11.6357402595984,10.3828225092107,10.9700517432353,10.2860416768412,6.2666135
257,1992,11.4966060703554,8.49187538343195,10.9429317622807,10.3551361877725,4.3068104
257,1993,11.449479527491,8.99961934066053,10.9701997335784,9.71198702012374,7.6491599
257,1994,11.2595126613403,0,10.8583776507214,9.64091127132161,5.9725246
257,1995,11.4660224742922,0,10.7465514623913,10.2596103537173,6.177527
257,1996,11.5085149253471,8.625150332921329,10.7435622456909,9.85336902112776,8.4681501
257,1997,11.4646442972488,0,10.6317363976814,9.754559768957151,10.400646
257,1998,11.7051662050213,11.35783767953,11.6003125213835,10.431958592549,9.4305134
257,1999,11.6895990398419,0,11.4884872700129,10.2899351737144,10.001693
258,1990,13.0682435361797,8.6628507638386,10.9250387950678,12.9740420620926,8.1020756
258,1991,12.9182942750671,9.44430516192198,11.033016943839,12.4129162270163,14.285704
258,1992,12.5911558320287,0,10.9215294943536,12.0312736200142,17.262421
258,1993,12.6002365646467,7.1770187659099,10.8343673446536,12.1237592962714,17.751894
258,1994,12.8370402234487,8.086102535669101,10.7862938870929,12.1262476575239,16.978289
258,1995,13.147152271538,0,10.6891979616639,12.5122324285323,22.949673
258,1996,12.5810713263974,0,10.5777067232106,12.2319810204214,20.279633
258,1997,12.6412757953589,0,10.4662156351113,11.4514111454615,20.18239
258,1998,13.114549049755,0,10.3547255790897,11.7219292695106,22.127235
258,1999,13.0455863751176,4.60517018598809,10.2462080849794,11.9408776708916,21.269472
259,1990,13.5581792887316,9.63253148399993,10.8283018553512,13.3219166884515,25.415936
259,1991,13.39643406686,8.755264763314679,10.8389709217789,13.1446204465978,27.877766
259,1992,12.9506949828608,9.57817283861079,10.9842362327953,12.4791362013046,36.004261
259,1993,13.2604592185844,7.91315518592807,10.9143572878794,12.9725363069819,29.754433
259,1994,13.4441548736494,9.50911074141338,11.0219890660579,12.8298476710725,30.491222
259,1995,13.3557256170332,9.993008278474541,11.206925981742,12.6889989849585,30.677273
259,1996,13.4470291709367,9.533727369048741,11.2559588071793,12.7569864087408,31.020782
259,1997,13.9040648842267,11.8795388585034,12.1598135006275,13.2706231079359,33.085358
259,1998,13.8947224857476,9.864798697921019,12.1335917336111,13.1920296954277,30.831848
259,1999,13.6915240217836,8.54694614956558,12.0419736448477,12.7858550685865,31.601656
260,1990,11.7339239177385,7.00669522683704,8.29903718161307,11.010386492603,5.560957
260,1991,11.8519083484356,9.033961124637861,9.369299472795751,11.4162391314707,5.8934441
260,1992,11.7126885617739,9.32687818822413,9.960793733235789,11.5041816126425,7.1483221
260,1993,11.2658130269193,8.22443157322116,10.026320040446,10.9303164042011,6.1066942
260,1994,11.204193327568,7.79688034278352,10.0283168162292,10.3410471609748,13.842299
260,1995,11.6002395173958,8.676928249537401,10.1513744468612,10.6984844444858,9.0737867
260,1996,11.7481205611186,6.289715570909,10.0697728802429,11.2745245047649,7.194694
260,1997,11.9505161239521,6.29894924685594,9.989761574412951,11.3587928408128,7.4601369
260,1998,12.0785524984832,9.01990599507168,10.1908708303532,11.6124173035912,9.0409384
260,1999,12.1630358324018,7.56527528189893,10.1543435424169,11.598544936896,9.3604345
261,1990,15.2637019034658,11.5676030262609,12.4189153245587,14.8451486112892,6.775516
261,1991,15.2514159237477,11.8571390881577,12.7788852567886,14.8087342583283,10.458624
261,1992,15.3055955738538,11.8571320003575,13.0082818327698,14.8573379092777,13.877099
261,1993,15.3115982472396,12.7429752890063,13.4767510274797,14.813671322343,19.13114
261,1994,15.6053536481761,12.2525553877431,13.6181328236383,15.0214701997853,21.215481
261,1995,15.7615038698377,11.4181531404958,13.5982455689946,15.217905072749,23.645721
261,1996,15.8249313409053,12.8975083623712,13.8672312809912,15.1656097406505,24.959877
261,1997,15.8377978771964,11.6956802612357,13.8465557307378,15.1676026989066,25.558344
261,1998,15.9701578766409,12.8666811383967,14.0280220284866,15.1862635892909,29.568954
261,1999,15.8771371030013,12.8279010374681,14.1544858023036,15.0000940186379,29.242481
262,1990,15.4795846222335,11.6824403654947,14.4465748664776,15.0660443419675,31.323952
262,1991,15.5751283515117,13.804986372488,14.7831705633395,15.0496039118324,21.412458
262,1992,15.850940590103,13.2920403270402,14.8823043996489,15.2725462225953,34.433449
262,1993,15.8846413618401,12.8186765764997,14.8926627504933,15.3699744792591,43.431282
262,1994,16.0207145859317,13.3667265907623,14.9796961134859,15.4349459963672,42.254108
262,1995,16.1724023628891,14.2009967432371,15.2383580389105,15.5371247112262,42.917259
262,1996,16.1962882704636,13.2737857674027,15.25065348631,15.5297788746211,45.363911
262,1997,16.2876562510593,14.1650985486686,15.4145389387286,15.5242919073499,45.949295
262,1998,16.3723036344964,14.4255038210528,15.601178511526,15.4890608149063,46.327015
262,1999,16.4630911079562,14.2064161894075,15.6959167066235,15.5786922988402,48.248756
263,1990,15.1614222130297,11.669176794031,13.2222865373999,14.5406870627385,27.515415
263,1991,15.2086812171046,11.5381935217169,13.2910955148875,14.7786621976938,26.456942
263,1992,15.2879722206545,12.624526368519,13.6102080298858,14.7377412924001,29.856951
263,1993,15.3326613467156,12.1902328558108,13.7211211940788,14.69915358376,32.12075
263,1994,15.4276546264085,12.4558503380818,13.8610085469624,14.8321723803566,34.36779
263,1995,15.640167695126,13.2039304610877,14.1591309711027,15.006634779126,35.425888
263,1996,15.715908961966,12.8946041904135,14.2851535596917,15.0209488004588,39.64497
263,1997,15.8056990721418,13.2535565384949,14.4624073912874,15.1008465726531,39.467537
263,1998,15.8940857677464,13.7745875166723,14.7364303591458,15.1888662386871,39.138844
263,1999,15.890645898313,13.5026241753606,14.8635628271927,15.1726295766606,37.729271
264,1990,12.487200667937,8.895629627136479,9.53046543291733,12.3101728075899,7.3019171
264,1991,12.8341282218577,9.17263850479217,9.981142797101731,12.4819448937715,-.97380936
264,1992,13.1749118188381,9.582386570538899,10.4043749553756,12.9380310502237,11.763741
264,1993,13.0678955238944,8.450198322591961,10.4305329221491,12.7370783357921,9.9936514
264,1994,13.2126933435221,9.65605130865287,10.7051684587934,12.7142594045085,11.567485
264,1995,13.4428341865178,9.27799902045,10.8052451887129,13.1469743560624,15.80018
264,1996,13.2935888894107,9.69763121260851,10.9689428398684,12.9363312220718,11.396216
264,1997,13.6795828729935,11.4367784923904,11.7782982761422,13.3026623891269,15.629434
264,1998,13.7442958742468,11.0703657818743,12.0477291045997,13.3663015651358,26.583384
264,1999,13.4483280120625,10.1732092996109,12.0702603679498,13.0706883085999,17.943356
265,1990,11.7294656260847,8.51719319141624,10.2585712310834,11.2782122719638,-18.794073
265,1991,11.7231905300193,0,10.1581879087546,11.1692632160182,-15.299128
265,1992,11.6783847199229,0,10.057808217915,11.1014946230662,-9.4013195
265,1993,11.5261822810876,0,9.957468980652591,11.2112610030495,-8.8016863
265,1994,11.5669592390042,0,9.857098004580431,11.270345367794,-3.7284496
265,1995,11.5170380676138,0,9.75672617114073,11.2550927162584,-2.5148189
265,1996,11.566986719207,0,9.656352236730131,11.2990395417787,-3.6780541
265,1997,11.7076033568748,0,9.555977624099031,11.4527530414112,-1.0490048
265,1998,11.9433527484601,0,9.45560542853717,11.3146553365918,-2.5540688
265,1999,11.7427588903717,0,9.3552369356794,11.1657167359792,.26133817
266,1990,12.4823967093151,7.86134179559999,11.2798957057469,11.725788708389,-.47422063
266,1991,12.4983354603435,0,11.154667840682,12.0361918158153,-7.9339066
266,1992,12.4500770875117,0,11.0294490844261,11.9522422994427,3.4277344
266,1993,12.1872159706799,0,10.9042186926235,11.7680148891109,3.0105951
266,1994,12.4767598701811,0,10.7790042054087,12.0562301537734,3.1398466
266,1995,12.5243336308017,0,10.6537827302151,12.1126385965216,2.422318
266,1996,12.489396484665,9.682529112127259,10.8419643435846,11.953708100825,3.6949806
266,1997,12.486730103045,0,10.7167417329213,11.9119589675242,6.0362773
266,1998,12.6662026909776,0,10.5915191708907,12.2200985297532,6.927104
266,1999,12.8344972880225,11.0365656780855,11.3741138708711,12.3152288827358,9.5802326
267,1990,12.5883619704271,7.52833176670725,8.74464743831753,12.1387632465023,9.6359882
267,1991,12.4945744403269,7.24422751560335,8.846856586108119,12.1829803093445,10.489377
267,1992,12.4214290905395,6.98007594056176,8.88426391153709,12.0587408320892,13.257883
267,1993,12.4672018529479,5.62040086571715,8.80950453225168,12.0298717992367,14.085982
267,1994,12.4503658536531,8.97638862194537,9.4890926926068,12.0871124533974,15.962734
267,1995,12.4756522569447,6.65544035036765,9.431505968426761,12.1682525509845,14.964853
267,1996,12.4537663448651,5.85793315448346,9.344276682610341,12.1122209278501,12.767813
267,1997,12.4137945258436,7.53047999524554,9.374277295644861,12.0302042996307,12.991287
267,1998,12.3054725060803,6.16751649088834,9.29792075371857,11.9593510939995,16.241863
267,1999,12.3018998427924,5.4249500174814,9.203376178174549,11.8514392383098,18.771791
268,1990,14.8673709908985,11.6858950951648,11.8892088997148,14.3033194040247,-27.61445
268,1991,14.1955498682327,12.9973442240833,13.2306761109753,13.645611476391,-16.74934
268,1992,14.9128183142042,12.349930535872,13.4870460735422,14.4211797386856,11.925501
268,1993,14.9319720861795,11.226136327067,13.4858747396922,14.4253170094642,16.014973
268,1994,14.9328610338034,10.5579978494812,13.4352522716817,14.3093176669958,18.265955
268,1995,14.9307836298556,11.1258944010166,13.4241177193804,14.3666059096347,17.4972
268,1996,15.0607605998598,11.2528455892987,13.4236299611479,14.398941643117,23.393902
268,1997,15.092917489316,11.0992870461729,13.4080677454874,14.5225619341597,24.861603
268,1998,15.0946902341078,11.9049743094802,13.4932810701393,14.5178660630738,24.051649
268,1999,15.0661968767901,11.7731181424794,13.5434027085702,14.586464553338,27.833826
269,1990,14.0332777546323,0,13.1368282548149,13.5417955854442,-14.344208
269,1991,14.1041667230774,8.538563217152429,13.0471405686666,13.5705666743925,-25.001488
269,1992,14.9557682546524,9.914279113614329,12.9911796269103,14.5597219196596,-7.1651468
269,1993,14.2227883101572,10.2544612753551,12.9554002340604,13.7671012855099,-3.2452798
269,1994,14.0829790886429,10.5025712758102,12.9384527987836,13.5683749606413,-5.6998296
269,1995,14.2384819109953,9.9865871217057,12.8875583445533,13.6953930751101,-5.3590846
269,1996,14.2561913221391,10.9541518223309,12.9157364230426,13.7758497755018,-3.681664
269,1997,14.4191939350974,10.7860973980414,12.9208917835309,13.9780190279975,-3.3596268
269,1998,14.455139996374,11.3264151475548,12.9935813742675,13.9061525755889,2.705421
269,1999,14.4402540345802,10.5993809587641,12.9741881423274,13.8878331879485,.22273014
270,1990,11.8942260058966,9.305650551780509,11.1418327976521,11.0737844687377,-.94936734
270,1991,11.915045273102,6.5510803350434,11.0917805689716,11.5267015833296,2.6786449
270,1992,12.0095783119441,0,11.0314029473279,11.2421443473473,3.9842033
270,1993,12.094369573815,7.76387128782022,11.0080288962345,11.3218161356765,20.937695
270,1994,11.8844781285066,8.32530602975258,11.0119429055785,10.8908692847705,2.3859813
270,1995,12.0986716996906,0,10.9515553891713,11.3940145132964,7.8557181
270,1996,12.2868845320964,0,10.891168280497,11.4752477824566,9.9741726
270,1997,12.2204266534253,8.61613313927114,10.9192181073068,11.3503805645905,9.7817745
270,1998,12.3858182243537,9.7981270368783,11.1145873990532,11.708521694339,12.596458
270,1999,12.3360449438115,9.21034037197618,11.1784354624243,11.5730570877668,12.382099
271,1990,15.6632093694266,12.1226910365911,15.0077015282586,15.189694355935,43.350895
271,1991,15.4617485122819,13.1693099384194,15.0557471696417,15.0718159756436,53.381878
271,1992,15.4424532369214,11.0941623287181,14.9654214176727,14.8791744268511,44.376148
271,1993,15.7594583776871,11.4691616475291,14.8863118134856,15.2761793302293,50.269135
271,1994,15.8041609168122,12.4122002431641,14.8586706352244,15.222011778585,49.404312
271,1995,15.9437597019152,12.0183444994369,14.8042066734104,15.3434325098981,52.969822
271,1996,16.0046593317756,12.1398580539042,14.7586216274595,15.3730668414409,55.440144
271,1997,16.0928306088887,13.7588851785068,14.9470126967105,15.4825164209795,59.79483
271,1998,16.0819193111525,14.3918862535779,15.2682909644397,15.4570400903091,56.686131
271,1999,16.2025614033209,14.6030315710013,15.550148836189,15.6154264289279,58.305679
272,1990,11.0676377754728,6.21460809842219,9.0902045707362,10.906922751195,-16.966244
272,1991,11.2332292525853,8.13944052187461,9.335041643578149,10.7498476893349,-7.2032356
272,1992,11.1012185209787,0,9.23472074070156,10.5274094706686,-2.9954507
272,1993,10.906859760414,0,9.134322885552271,10.5545120120201,-5.3088365
272,1994,10.9666441869685,0,9.03400883911444,10.3949101368812,-3.5349243
272,1995,11.0388075386805,5.96614673912369,8.977815452918589,10.4574076440047,-9.5675831
272,1996,11.009248736439,5.96614673912369,8.92305821954573,10.4376050167085,-9.5675831
272,1997,10.3784907634923,0,8.822675888493521,9.68911208122611,-12.994047
272,1998,10.5826872480638,6.80239476332431,8.838682311078291,10.0064339388422,-8.3446474
272,1999,10.6591326233232,0,8.73831870786713,9.82415781903854,-6.005271
273,1990,13.4477588209303,10.7732944585967,11.7105460590534,13.2147073382834,25.967096
273,1991,13.4493118503112,10.7234215571662,11.935776557153,12.2182771214494,33.841278
273,1992,13.8512607325267,8.691986481789399,11.8604217132688,12.6078307385763,42.873821
273,1993,13.0010694354092,0,11.7446124172817,11.6248735916344,39.756115
273,1994,11.9545879848226,0,11.6289834580403,11.1257687413484,37.501328
273,1995,13.1633967399069,8.66319648553608,11.562340195962,12.2639420716996,27.257639
273,1996,13.4982061075102,0,11.446064248463,12.6521277911578,28.67808
273,1997,12.7409530517374,0,11.3297391343672,11.9575798418297,24.132378
273,1998,13.4159695032874,9.756784073343921,11.3924264944995,12.2169129681777,26.872417
273,1999,13.2812700886656,8.08579470128157,11.309675223115,11.9649860232737,23.395594
274,1990,12.9513943123597,9.04782144247841,12.0134825472594,12.7570763306435,4.5413036
274,1991,13.0132425146785,9.04782144247841,12.0285929479943,12.8265619165382,4.0773754
274,1992,12.8596289491477,0,11.9934850584679,12.6794372684203,3.5173266
274,1993,12.9833095452683,8.935903526274419,12.0027292705287,12.8520873221708,5.3656373
274,1994,13.0992773981671,9.21034037197618,12.0240386473873,12.9536390747417,6.8942566
274,1995,13.1217305030629,9.566615235893581,12.0639542037901,12.9339863550327,8.6542921
274,1996,13.2112425410441,9.58966682247465,12.1010020878305,12.9556696235995,4.8335581
274,1997,13.3052513264996,8.49290049884719,12.089386008609,13.1181418473671,10.532294
274,1998,13.3943372750944,10.5942819675125,12.2328382299802,13.1736208702634,10.043974
274,1999,13.4011523942792,9.59838800604728,12.2580183020832,13.1902480786252,10.23204
275,1990,12.9777240203232,9.16125516428569,10.1129783273966,12.7835505015223,-5.1705227
275,1991,12.9633853076997,8.240385115516331,10.156391827452,12.6247513542779,6.5921082
275,1992,12.8790776032864,8.561401446080559,10.2399740747696,12.5779552001184,10.018795
275,1993,12.9027963255118,7.23849684089437,10.1805585258755,12.6375950257605,8.2296419
275,1994,13.2204386150243,5.8171111599632,10.0836651460157,12.8200325822523,3.5296817
275,1995,13.4458974832817,7.27517231945277,10.0312693227147,13.1733495085779,12.41807
275,1996,13.4770500764612,10.2279595014348,10.6940631224552,12.9558143528388,11.350952
275,1997,13.7591124911797,9.7925001243465,10.9089716125456,13.5009841740286,14.45473
275,1998,14.0622270486621,8.195609567288781,10.8595949737806,13.8399742992605,15.832687
275,1999,14.19288984622,10.2779434737699,11.1695601254085,14.010914003079,15.902043
276,1990,12.6869276397933,8.53129331579502,10.6697690170836,11.733223190758,5.5479798
276,1991,12.5438793630027,8.66060065471097,10.7004202591086,11.976525524485,3.303674
276,1992,12.5536147065279,8.28248300373056,10.6859634230409,12.1285829392674,3.4028666
276,1993,12.4664248806849,9.327945614050449,10.8181309282639,11.9007091475361,9.445962
276,1994,12.5536941245751,10.2750511089686,11.1779015789827,11.9956493957736,10.670947
276,1995,12.5351762174192,8.96724918285228,11.1758752613583,12.0917371050174,10.442522
276,1996,12.5892622854957,8.61031916940572,11.1429814463781,12.1734012865226,12.19647
276,1997,12.6528154744534,8.526351129201,11.1058590754951,12.2239099498802,12.628922
276,1998,12.7740005404582,9.24792513230345,11.1383411004879,12.3808854371681,14.455133
276,1999,12.9000327486951,10.4075000193689,11.4040097481786,12.495165141855,17.227444
277,1990,15.0024029545863,11.7919577355143,14.0945564456945,14.2952144061483,12.025431
277,1991,14.9886468261845,12.1282462300657,14.1427609033557,14.2376166354823,16.760061
277,1992,15.0851536185124,11.7704163352578,14.1449328592301,14.2578969478168,23.855707
277,1993,15.0754421271487,12.4726396047528,14.2236816682107,14.4678068492399,25.868305
277,1994,15.5186001249695,12.6042378406559,14.3067269717278,14.8414476780494,29.727804
277,1995,15.6802620600007,12.3237845675469,14.333553057324,15.1433030536576,37.131092
277,1996,15.8083445214517,12.3767179662864,14.3606117454547,15.2087405953279,38.574142
277,1997,15.9427485924002,13.2208448868591,14.5235537401532,15.3732294142705,32.660892
277,1998,16.1495025217249,12.9584670291125,14.6024328315947,15.5709594039815,34.016674
277,1999,16.1942020985123,12.8836187598615,14.6586366572154,15.5891762000596,35.482014
278,1990,14.8429078923686,10.6223999409821,11.4625790905335,14.6227941079317,14.763974
278,1991,14.7127114164292,10.5864833820397,11.7119894157638,14.4237253944011,20.503464
278,1992,14.4948074491951,10.980791080258,12.0008696948984,14.188783229699,20.494139
278,1993,13.6242221176404,9.838415555792411,11.9893788745922,13.1591489793057,21.383848
278,1994,13.8264142457828,10.2035921449865,12.0235232627859,13.390638357152,28.953625
278,1995,14.2531603067316,10.3057475296953,12.0617876395074,13.8005799874108,20.54871
278,1996,14.4970860905919,10.9229844811887,12.5041663285679,14.1812146865503,23.690945
278,1997,14.3590976057438,9.978223898650141,12.45195724784,14.0326868058227,22.682026
278,1998,14.8262987627992,10.7095168901527,12.4803422972558,14.6323474889865,28.968973
278,1999,14.907401431098,10.1543629955882,12.4427237576029,14.576618491056,28.523565
279,1990,12.2153857991716,9.859901324373199,9.294773427951011,8.552477057399001,-5.1252432
279,1991,12.3330035133728,9.89842475819367,10.2719774245194,10.2841568323765,-.95281702
279,1992,12.5421600084938,6.69084227741856,10.1867963260413,12.2090681832138,7.1504426
279,1993,12.3146139072476,8.25842246245888,10.2139604302887,11.9536470773149,6.2431445
279,1994,12.6278671339672,7.81359155295243,10.188692810213,11.5792162377104,8.4706001
279,1995,12.7560996136721,8.96367227561502,10.3285166973885,11.9572070425593,10.477077
279,1996,12.6036420085664,9.865422171729341,10.6875306388583,11.9448434204666,7.5360088
279,1997,12.7030692205997,11.0136330770179,11.4128553747449,12.1216614046227,13.175868
279,1998,12.9897836207195,9.94232357632133,11.4949396862048,12.1369440890425,12.911862
279,1999,13.3325083678403,10.060918560485,11.5823927572352,12.7790043602013,12.67021
280,1990,13.8825410523287,9.855609472291659,10.3032698775088,13.5258917273612,4.036191
280,1991,13.8087418115047,11.2062780146311,11.4849847329467,13.391967572818,16.931269
280,1992,13.5188691548245,10.9480659527118,11.8425773529436,13.1146916628071,17.753881
280,1993,13.6714694519405,9.45501055383467,11.806615453696,13.4411003597785,20.58079
280,1994,13.8204030938259,10.5515850645423,11.9374667928136,13.3271687107774,21.443943
280,1995,13.9803570238273,11.0418332434228,12.1507311682961,13.5987529104137,22.879902
280,1996,14.137834122245,9.79031885443049,12.1099674998242,13.810629048307,25.66143
280,1997,14.198423337042,9.907130907450931,12.0822505363217,13.792309616933,29.800482
280,1998,14.3794711432324,11.0788911148443,12.254302652841,13.9842881215366,29.961596
280,1999,14.4583028964973,11.5787319319247,12.5201842359127,14.0188930093831,32.899902
281,1990,14.7645883662799,13.4203175111267,14.4514882657996,13.9470372523404,32.193882
281,1991,14.6270246050564,13.3274961031864,14.6480679668813,14.1299399287362,36.381771
281,1992,14.6326087087477,12.3296963688915,14.644409171285,13.7021479639751,36.298359
281,1993,14.6787922624359,11.1783614066183,14.5747426727235,13.8493008113285,39.880917
281,1994,15.0407636902668,11.8453609936092,14.5373328494547,14.4627728239659,42.488037
281,1995,15.2931013841342,12.2539385732008,14.530430629458,14.414938038041,49.054153
281,1996,15.2533711860748,13.0626367272906,14.6268820990047,14.4562186093972,42.386971
281,1997,15.4025188444386,12.9121730694277,14.6814073803567,14.5069205896349,48.296619
281,1998,15.5415354241463,13.4400895712045,14.8184534056348,14.6996821597482,51.835232
281,1999,15.5543148060296,13.0984087424415,14.8703973702519,14.6070605724196,50.925503
282,1990,12.5676590485087,7.06646697013696,11.0772382346725,12.1074767628275,20.087175
282,1991,12.8456466722668,7.44775128004791,10.9898349337842,12.1013410502392,20.548145
282,1992,13.0683244985404,9.4180859811103,11.0726918777893,11.6536914051907,24.347431
282,1993,12.8308969718007,0,10.9569507901297,12.0469953674472,24.365513
282,1994,12.813954796791,7.83636976054512,10.8855117163575,11.9189641640298,29.438402
282,1995,12.4601981035855,8.719317375506369,10.8768275811861,11.5751763208054,28.715286
282,1996,12.7377670387812,7.4489161025442,10.7918560622407,11.9969617083526,34.276474
282,1997,12.8379575674753,7.92624152317096,10.7288355534017,12.2121367721156,33.923382
282,1998,12.6570162409073,8.31458729131958,10.6942286667846,11.7551040015524,26.899485
282,1999,12.7140763074292,8.62873456614915,10.6909080118679,11.7998088839912,29.191032
283,1990,12.4150051300416,9.68930374259339,11.6044740333223,11.3196150554705,10.744751
283,1991,12.3163750249476,9.36391945990448,11.6119324395643,11.1652831762923,13.876507
283,1992,12.2687472198632,9.466918699376629,11.6269244612829,11.122384755947,11.459992
283,1993,12.3565067472376,10.4054136931151,11.7919577355143,10.9534439641992,16.094507
283,1994,12.4365709120773,10.0375375606564,11.8530723702903,10.8571590842692,15.503006
283,1995,12.4339916782871,10.8577097052448,12.059577007629,10.8785933829203,16.098202
283,1996,12.4084724198091,10.7119480548515,12.1797512572045,10.9147508793616,13.941852
283,1997,12.4393669121065,9.51716308795535,12.1429624372014,10.9605277815878,14.873847
283,1998,12.4062824177003,10.2279956462308,12.1713900993025,10.9814122600161,18.0958
283,1999,12.309496200165,10.3247275797597,12.2074432058831,10.8808233607858,18.434725
284,1990,12.1922558821509,6.5510803350434,10.9332855252039,11.8713051341425,13.189823
284,1991,12.2012367343935,0,10.8334642035148,11.8547706648688,15.66042
284,1992,12.2656497248786,6.60258789218934,10.7486710363466,11.8937951644946,17.919313
284,1993,12.2707137022962,9.13237883050647,10.8348993821925,11.5444983411705,19.653633
284,1994,12.2185790417748,7.27931883541462,10.7635507313027,11.8398881285794,19.883022
284,1995,12.4456984318766,7.59689443814454,10.7038106000063,12.0260267509456,19.601583
284,1996,12.4123319817708,7.62021477057445,10.6464791032998,11.8986701663508,19.905853
284,1997,12.4040519257591,9.174816815907141,10.7412262983922,12.0747381456645,20.975773
284,1998,12.4419171738601,7.75362354655975,10.6872269827682,12.0292653463535,20.911194
284,1999,12.4664676085933,9.638675294175091,10.8678958414779,11.9759650908039,23.926891
285,1990,14.8913401601453,12.7683563001139,14.0838622465954,14.6981617709068,26.975817
285,1991,14.9331096005367,11.9834227223615,14.101451390337,14.7031007757952,28.082769
285,1992,14.9523571551276,12.1157375693486,14.1299147918343,14.7895090038747,32.678532
285,1993,14.8952232145286,10.3894260447942,14.0483633813764,14.6628162548545,34.298157
285,1994,15.1731722230336,12.8036693674211,14.1992364047105,14.9242552851535,34.117645
285,1995,15.34724672688,13.2144447137358,14.4043228078854,14.9118381641076,35.288425
285,1996,15.3266634403178,10.6220587854362,14.3200816025659,14.689487543045,34.904827
285,1997,15.4971673356213,11.2786956879185,14.258349932001,14.9523460253802,36.369068
285,1998,15.6343041694214,13.3672605926808,14.4774280796789,14.9459022660356,41.837376
285,1999,15.7051688897384,13.1735734683306,14.5963897766086,14.9409227056777,41.228748
286,1990,17.3173122189235,14.8065625057249,14.8690051805788,17.1065098050208,53.586662
286,1991,17.0867290017721,14.728498240773,15.4197688995509,16.958533450029,54.749241
286,1992,16.6850067665253,14.1971869448492,15.5797245774624,16.5050491433243,60.972309
286,1993,17.0888740627981,14.0560562105574,15.6140026951669,16.8760317587907,59.576687
286,1994,17.2307915962957,14.2130967084438,15.7285040642505,16.8646301151323,62.313644
286,1995,17.2296521678228,13.3260255938024,15.7036694620278,16.8688561264856,65.403343
286,1996,16.9351235827715,13.2009564194356,15.6693040240005,16.6195250266919,67.807999
286,1997,16.9677074631445,13.8265721523235,15.6989803413089,16.7128678206085,67.216309
286,1998,16.8949954357842,14.9916778471422,15.9697559314171,16.4933792877347,72.190826
286,1999,16.8955978131981,15.5401851557437,16.334500822298,16.6965562512768,71.2388
287,1990,15.6786963010706,12.0581583125382,13.1530070278784,14.8470515568898,48.162846
287,1991,15.7137310089392,12.5204708915472,13.4863988063893,14.9437252706185,50.299156
287,1992,15.6006797237557,12.6084162200511,13.7290403799546,14.9208847401456,53.300777
287,1993,15.542262754713,12.5809857583438,13.893341498406,14.9915743711507,60.348328
287,1994,15.8843945516506,12.742124398078,14.0522403568217,15.472788954144,60.613686
287,1995,15.9216184869408,12.9276906580658,14.2077370206341,15.4444231530793,58.633736
287,1996,16.0624311260138,13.1904238143092,14.3843217667032,15.6283706315704,60.279633
287,1997,16.1625009085261,13.1935783116136,14.5157233680701,15.7572199428601,61.217758
287,1998,16.1340472375261,13.3796316021674,14.6583298473644,15.7014726465047,62.921703
287,1999,16.4506140996885,13.4462163246692,14.7821449514675,16.1301270323145,65.043739
288,1990,12.3256502921308,0,10.2948537362648,11.7288071924835,14.511372
288,1991,12.3413033320564,0,10.1829736293884,11.8011100994396,18.975832
288,1992,12.5695901523241,5.40267738187228,10.0749798506663,12.1564347688035,19.241007
288,1993,12.8646467928635,6.14203740558736,9.982271006143501,12.3078846927236,21.486404
288,1994,12.7670664645247,6.21460809842219,9.888871252961851,12.2811645821708,22.282743
288,1995,12.7090017577724,0,9.771999784573209,11.8532778890227,22.190489
288,1996,12.4089976925159,5.4510384535657,9.66786015121771,11.5881412321457,25.321943
288,1997,11.9505816342773,0,9.55098958714944,11.0408709831107,23.911871
288,1998,12.6382980650042,6.71538338633468,9.488153910229361,11.5095341597877,24.74268
288,1999,12.4995002401353,5.99645208861902,9.39949685071652,11.7860547630466,24.680199
289,1990,11.788168603526,7.17395831975679,10.3446093378523,10.3109184294102,14.080187
289,1991,12.0781785232498,7.70616297019958,10.3167885464121,10.7143308009487,23.118124
289,1992,12.101383453828,8.793156870913821,10.4119664248337,10.6374055249785,14.658705
289,1993,12.1342733556958,0,10.3004701187284,10.5084042476445,14.308893
289,1994,12.1445711714712,6.4085287910595,10.2096147135982,10.548365435048,16.763529
289,1995,12.3220583500196,0,10.0981246277194,10.8497858450867,16.562561
289,1996,12.3939969234367,0,9.986633133622799,10.8794846831893,16.868982
289,1997,12.4894348857471,9.943765399034699,10.5206550103096,10.6897211721227,21.036562
289,1998,12.7874409563226,10.2999455514843,10.9714602050721,11.001809895721,23.367502
289,1999,12.7951015704641,9.80289343730043,11.1150236826683,11.8706638928765,22.536531
290,1990,15.9226013127901,11.8514741157792,13.6197280071442,15.6922934665845,26.992405
290,1991,15.9240217045783,11.791163078594,13.6563831648174,15.6185643616862,30.858007
290,1992,15.6690112019021,12.192936746137,13.7520279058674,15.3894029849455,25.148874
290,1993,15.3726818603875,10.585725442588,13.670359460142,15.013340554919,28.709503
290,1994,15.3651222422809,12.8622938779484,13.924939685584,14.9993847538515,27.430439
290,1995,15.3742284853218,11.7014775715148,13.9020300306555,15.003091811016,30.948883
290,1996,15.1455400764787,12.2527128812111,13.9480974296693,14.6024438039494,32.941559
290,1997,15.5566572029868,11.9481629447454,13.9450032560301,15.0417442216881,38.548409
290,1998,15.5921247475957,12.5251916098775,14.0273310446573,15.1978489115054,36.617626
290,1999,15.5325421706423,12.6179836011217,14.1103568311355,15.1346320033312,37.474785
291,1990,12.9524844968506,8.40065937516029,9.59035091061188,12.8558130783945,-3.5158303
291,1991,13.0431217709556,8.89781900951076,9.90894264641906,12.9127595647642,.54618716
291,1992,13.0560819207136,8.848365694942551,10.1066977480096,12.8551631476957,4.4436193
291,1993,13.1396490084395,9.267476563346991,10.3651376378856,12.8848270172649,6.2254109
291,1994,13.1837449184447,9.08681588569068,10.5023954796454,12.9285796138271,6.0926518
291,1995,13.1784450261952,10.1859183612052,10.9291993448863,13.0021966472169,9.4086628
291,1996,13.2801130994165,9.47270463644367,11.0174875081315,12.9429297132443,10.876187
291,1997,13.3218734130033,10.3089526606443,11.287009323578,12.9760554568008,11.322039
291,1998,13.3669157183728,10.4550423665162,11.5171226444762,12.9963514195922,15.005485
291,1999,13.3393121787678,11.0951043346525,11.8822319934718,12.9340346682014,13.97749
292,1990,15.3091716676513,11.6180059414207,13.6892997330498,15.0837253630021,8.90061
292,1991,15.3013117967751,12.645198165131,13.8976362946258,15.0789992867738,13.849168
292,1992,15.3462657476334,11.7371004841385,13.8984108710991,15.0837881093581,22.674757
292,1993,15.1401486223439,9.81230384711351,13.8008221089365,14.7457961300567,20.367262
292,1994,15.340721211922,11.0568405198617,13.7494631657197,15.0997829770006,18.240494
292,1995,15.5165698602186,12.8836162205497,13.9810730461349,15.2079126846257,21.271246
292,1996,15.3076710955336,11.5376278336106,13.9460953009779,14.9540766664253,24.302773
292,1997,15.5490008087884,12.1813649078254,13.9815807741722,15.228504814678,29.737856
292,1998,15.5514076282886,11.3444594749467,13.9317240069081,15.1201648261522,26.697559
292,1999,15.6351583070976,12.5879790812281,14.0354428787925,15.1939440618978,27.403414
293,1990,11.984689097002,7.97246601597457,9.18194089745448,11.6448301504777,-20.103292
293,1991,12.0047360289473,10.9657988614779,11.07511328601,11.7492077323368,-13.345004
293,1992,12.1608944794288,10.0140893088639,11.2752188856539,11.8246651141164,-11.52303
293,1993,12.1815541286037,9.021719013033699,11.2697335311645,11.8317586544789,-3.4222407
293,1994,12.155498741996,8.866017398810261,11.2488492359273,11.5533887762342,-1.6074053
293,1995,12.3649091452748,10.4608722820821,11.5081731907817,11.732664958074,-.6021564
293,1996,12.3893304617774,10.0893029985843,11.6073361494408,11.7054666877342,-1.3073841
293,1997,12.5456704796883,9.48978863950086,11.60590839337,11.9105472019631,1.0764197
293,1998,12.542589661022,8.53993267838573,11.5396774190752,11.9300141747186,3.9848986
293,1999,12.5594898183612,8.47824444127766,11.4733547705807,11.8197779768335,2.9429848
294,1990,12.211260427672,8.22443157322116,8.794824928014521,11.7813852330881,-9.6124468
294,1991,12.2876817765381,8.72631895096224,9.37020327736265,11.8877963682703,-6.1420965
294,1992,12.4145977880378,9.706316282491841,10.1564966551561,12.085077109549,-1.0604149
294,1993,12.5133885574444,9.3604830304059,10.4164668554693,12.1521880341621,2.9471958
294,1994,12.6421691887245,0,10.2847624218431,12.2849805061322,3.717572
294,1995,12.7294860438619,10.6286177789491,11.0339069232311,12.4066510014423,3.5451269
294,1996,12.9272672122665,10.1450209689619,11.2403001353767,12.5930992244665,7.9818134
294,1997,12.9683345532542,9.64665794356711,11.2878112231204,12.6693548989881,8.9311428
294,1998,13.0495465893395,9.531553927636759,11.3095428734175,12.7650768834045,12.915019
294,1999,13.0786765642805,10.4075302240053,11.5049971185281,12.7701752492947,11.306715
295,1990,12.5037456915736,9.772239265926171,11.0299581693326,12.2897199126849,10.095779
295,1991,12.5201758426391,0,10.9086642366187,12.3249668127396,12.245534
295,1992,12.2407984228608,0,10.7873480635894,11.9129135774823,14.534017
295,1993,12.2694660206681,9.22503192071917,10.8621095394237,11.7776491679417,14.697383
295,1994,12.3640438610824,8.294049640102029,10.813367780969,11.9159494143766,10.412522
295,1995,12.6534325072732,0,10.6881445187238,12.2160860304441,11.701918
295,1996,12.6412289654846,9.328123407632569,10.7856774025248,12.1009201753205,14.26884
295,1997,12.4306547766956,0,10.6643681451302,11.9368401122918,16.252926
295,1998,12.6568113464447,9.338557669776939,10.7650010333507,12.1432066835727,14.799309
295,1999,12.7930748319113,8.093156697722639,10.7032287376935,12.1874470654367,19.239626
296,1990,14.0154203571251,8.36637030168165,12.3370482749725,13.5533492053726,4.7198038
296,1991,14.2097609582739,7.10987946307227,12.2326697848211,13.9164371086937,15.477086
296,1992,14.5706810726557,9.294497679982911,12.1767375482648,14.4670758488039,30.462374
296,1993,14.9996721397322,9.905485555198799,12.1685332781226,14.8237376907403,24.850796
296,1994,15.0212086707715,10.1627701504662,12.1871120236479,14.8935172101068,25.357401
296,1995,14.9427717340181,10.9575033711941,12.3290382285583,14.7446860793889,32.757019
296,1996,15.0608577296726,0,12.2188886683433,14.8647448218869,34.824665
296,1997,14.962396539687,13.2213033252592,13.3830167945915,14.7783255662128,34.673824
296,1998,15.0722159066625,10.5441828730936,13.3263826600851,14.8983216428424,32.883545
296,1999,14.9200304409016,4.38202663467388,13.2163546878827,14.7395933244717,31.427269
297,1990,14.6940810336776,12.5918043239479,12.7182853069146,13.7181686478446,19.009798
297,1991,14.628253234524,12.1615563354216,13.1064477937562,14.0595693438166,26.276114
297,1992,14.6464861764293,12.202370802155,13.3709075052774,14.0809039508678,28.41427
297,1993,14.715971318627,11.7439181312278,13.4671672380253,14.0545690022676,29.632656
297,1994,14.7110342197578,11.9865662218409,13.5887252585277,14.1239933720112,30.52231
297,1995,14.8358133018509,12.3664425174571,13.7541379001887,14.4550877056727,31.974043
297,1996,14.7824250655151,12.4151659528216,13.7251487746262,14.3977762000076,34.718567
297,1997,15.7152079007247,0,13.5066805697214,14.9850682888245,40.562271
297,1998,15.8016280891208,12.375135864377,13.6530723310923,15.443734679075,43.98938
297,1999,15.910468224084,13.3197295279582,14.0557247728638,15.7083534113451,46.950314
298,1990,15.9421843067483,12.4026832919544,14.0307098369438,14.7418633479985,38.123402
298,1991,15.9341645889146,13.8255569238099,14.5593253297003,15.4796937246111,40.604446
298,1992,16.5642760522637,12.7141845905985,15.5966427909571,15.9318643624593,54.547916
298,1993,16.2668184416758,14.0675812557568,15.7031845849296,15.7485105243266,73.127861
298,1994,16.2704967010778,9.98012446707483,15.6127019807172,15.7504535496302,59.50684
298,1995,16.3682324406047,12.4326343483029,15.5582648324055,15.848664740186,58.16806
298,1996,16.510991241691,12.5413119795821,15.5095864497735,15.8851471674806,59.602631
298,1997,16.5058598087531,15.110500156874,15.9007170503371,15.8672812551038,55.943302
298,1998,16.5799436812571,14.2929309896064,15.9768787431341,15.8918144642979,65.294472
298,1999,16.5539803990242,14.659520017483,16.1030282455821,15.9980042020341,77.75325
299,1990,15.210247788962,11.576857552264,13.2332032539087,14.7632199341509,37.712482
299,1991,15.4296619875025,11.8014821548327,13.3722306479463,14.8824553175405,38.103867
299,1992,15.6252734976427,12.0388485464154,13.5266319032267,15.0198063713878,47.446632
299,1993,15.8311791424433,11.6075717881068,13.5804698907901,15.0404583201697,51.180164
299,1994,15.8457749021282,12.058419146571,13.6921967306382,14.8979501301062,53.501881
299,1995,15.9487050204865,11.529703916209,13.7116329422666,14.9209301835215,59.624702
299,1996,16.0079491560637,12.0964307556332,13.7970449125094,15.0921775536511,55.773361
299,1997,16.0592809065062,11.374146039767,13.7907064641601,15.1259867821781,56.516548
299,1998,16.1999849007118,11.7060468266956,13.8137162491546,15.2940899030642,60.022362
299,1999,16.2478457354986,12.3709046478113,13.9235990193923,15.3531359762706,61.738308
300,1990,15.4793497838258,11.7288429711927,12.7243514253962,14.8554560221076,40.117622
300,1991,15.527156352967,11.2158662307059,12.8484427142469,15.0967718034483,45.340435
300,1992,15.5009292157217,11.6691169181451,13.0376780929626,15.0583353379874,50.050179
300,1993,15.4774885213258,11.6850788338486,13.1856620677693,15.0013520759081,62.552795
300,1994,15.453102281252,11.3841029680734,13.2528839671071,14.8395752842245,49.275341
300,1995,15.232907777508,10.6141062140081,13.2340537571356,14.6526741146807,45.242008
300,1996,16.3252866102015,13.0861370565802,14.1570067959862,15.6636078466944,73.822128
300,1997,16.2722854182492,12.7995016955296,14.284947339082,15.6146370474409,80.458458
300,1998,16.3043606275135,12.4250394865209,14.3334101421697,15.5755711340853,69.883423
300,1999,16.482891384141,12.3837584739196,14.3703221384391,15.5672237688351,71.991165
301,1990,14.8317207827194,10.7030871524101,13.7064933648029,14.4567260810803,22.949892
301,1991,14.8547948543563,11.1180738341217,13.6609893261578,14.4949614219584,20.598907
301,1992,15.0693974688369,11.7636063592775,13.6849970070712,14.7640367849236,25.60573
301,1993,15.1128526041639,11.9253264640795,13.7274216916005,14.8271698514682,32.195152
301,1994,15.2489097505427,13.2795893237485,13.7133309777627,15.0196175342638,35.317898
301,1995,15.4079432200187,12.4236889497185,13.8307310365666,15.0362874239223,31.18395
301,1996,15.5484946173726,11.246717824185,13.7770511869165,15.2205914983135,34.455997
301,1997,15.588691568067,11.9858809831018,13.8009805061799,15.2592425177992,35.959587
301,1998,15.8515397550128,12.8254844768116,13.9836025192318,15.5361108275516,39.634064
301,1999,15.9303341289108,12.5630580412738,14.0651783312527,15.6231992824842,37.599522
302,1990,12.889115436758,9.947504437952899,9.281916570465411,12.5319168137734,11.319976
302,1991,12.674668494772,5.66642668811243,9.208909348550399,12.2053653783494,13.911101
302,1992,12.3614279890829,7.61035761831284,9.298827326432381,11.9309417867143,13.410028
302,1993,12.089824456147,5.78996017089725,9.22782659298346,11.5207540007632,14.919355
302,1994,12.2224520392961,6.87316383421252,9.21819940868645,11.4860191255586,16.389797
302,1995,12.1714504637428,8.48322267184508,9.49939899654521,11.5766493372516,16.045263
302,1996,12.3758995620647,8.76950712003023,9.774761737462381,11.7076408351083,17.090467
302,1997,12.4805990689759,5.54907608489522,9.68699682205202,11.8463993931736,16.408144
302,1998,12.4501739771187,0,9.585628019846739,11.7981803563332,18.475657
302,1999,12.7356957186886,8.770904744296869,9.82763729425224,12.1159075360475,17.033264
303,1990,14.928322277399,10.7658710503414,13.228881422866,14.7542729959663,33.608486
303,1991,14.9346651500038,10.6838898303835,13.1948416079647,14.5362203080748,40.302444
303,1992,14.6225012012489,8.430327258394581,13.0881600560628,13.8346080222485,56.317059
303,1993,14.6363750925945,12.1930684563949,13.3282959865034,14.1764641358738,48.152691
303,1994,14.3688547850324,12.4710488804463,13.5742461868225,13.9498080912244,53.185123
303,1995,14.4484228215363,11.4694854631241,13.5720742442573,13.9402045402688,36.52383
303,1996,14.3022364292797,11.4795548068284,13.5686952790293,14.0410568025027,36.124691
303,1997,14.1986191864662,0,13.453059967041,13.6183694729942,19.300728
303,1998,14.2977098899008,9.7705274252799,13.3609214324639,13.9192956870411,31.290102
303,1999,14.4478888673332,7.743269700829,13.2486904309868,14.0407001719496,29.865557
304,1990,15.5962461500999,12.5258709268812,12.4953521913417,15.4433659553312,19.292439
304,1991,15.7826319074256,12.4709107705567,13.0968135425039,15.5007242052165,26.640213
304,1992,15.7913167857787,13.0162047655747,13.6577208984076,15.5095038429289,34.00127
304,1993,15.7517066186705,12.2783700510254,13.7688466367374,15.3422945750156,21.43428
304,1994,16.0493730296976,13.3571413851902,14.1668764739207,15.7203997304013,38.195549
304,1995,16.6388855638756,13.0375459555704,14.5665447812941,16.2684727233909,36.998589
304,1996,16.744894538151,13.1483390689358,14.6584387997439,16.3651150877166,44.891068
304,1997,16.6977770631123,12.9005589290913,14.0760382908858,16.3438214862204,46.099144
304,1998,16.5664081043687,14.024804241103,14.6010337998279,16.2348089448413,54.089993
304,1999,16.5594776223862,13.1435376126357,14.6829524999505,16.2503620279771,45.336964
305,1990,14.9540411869081,12.1048203462502,14.4193253063324,14.6448667175859,13.268255
305,1991,15.0047718195789,11.0942991265842,14.3418129955839,14.5914465165832,20.439062
305,1992,15.0364428507299,11.6943215936877,14.298317869125,14.5967935067828,27.940327
305,1993,15.1890557464156,12.0493252638556,14.2872508034188,14.6715613953456,30.09906
305,1994,15.4561719783455,13.2764843425044,14.2766171633093,15.0011770944989,37.269604
305,1995,15.5590958467003,12.8622342132381,14.3757100041095,15.0575676319629,40.687099
305,1996,15.6048302257231,11.9931392922908,14.3451294174091,15.0679536317185,41.27911
305,1997,15.6477229447121,12.2635818311758,14.3414510149396,15.15658086659,40.936859
305,1998,15.6418517651218,12.867246586439,14.4215901054068,15.1045985573519,41.5149
305,1999,15.5980581357722,11.8042882552616,14.3721240148395,15.2006676075816,44.732727
306,1990,14.7483724467937,11.3331646267362,13.1177989763567,14.2311268767747,57.482468
306,1991,14.6325223604738,10.4076510334286,13.0594318843052,14.5416209566189,48.54261
306,1992,14.2633658281399,9.496871782670571,12.9605263330171,13.5840183330158,65.189575
306,1993,14.2426755193249,12.9382938938761,13.5428890372468,13.8497843635221,42.572319
306,1994,14.8242625974302,12.3835198419079,13.696443761139,14.4207012009297,42.270336
306,1995,15.1371332860476,11.4796271795687,13.6709050444138,14.594570836987,53.13575
306,1996,15.3578297236338,12.3915558656617,13.7822175452291,14.8259446528819,46.947113
306,1997,15.5780485812419,12.7322350572064,13.9438561902462,14.9601734719587,48.800827
306,1998,15.6699582398045,11.6513212571958,13.9073266405143,15.01166208692,52.358028
306,1999,15.618395839639,11.7078670531203,13.8787177244925,14.9049724639417,52.810814
307,1990,14.6249698856083,11.8565151693603,14.4921700607067,13.9801020711308,35.292236
307,1991,14.1845019191983,13.6813698368797,14.760731428493,14.1457523188235,53.362274
307,1992,14.2583968822301,11.4286630334382,14.6694444936738,13.7660846474662,47.049561
307,1993,13.550341406899,10.0816337379196,14.8087597754157,13.3879350067858,75.825089
307,1994,15.9142207463204,0,14.6799033074007,15.0977630569775,56.183201
307,1995,16.0445813524132,7.77401507725073,14.5520470107651,15.2853839138119,58.803562
307,1996,16.3318659317397,9.76548905437884,14.5799054526085,15.7548826530453,60.125671
307,1997,16.2092008801506,10.4406239910919,14.466281255162,15.5538484861958,62.633778
307,1998,16.4126670886867,10.8719531900644,14.363397372485,15.8039930034572,61.373207
307,1999,16.4359991083239,11.6878782724267,14.297989668769,15.8426273976271,65.915543
308,1990,17.6060685797152,15.4946610828097,16.864271998407,16.4586790700621,56.228348
308,1991,17.6488982129117,15.7587027309525,17.0846628932704,16.4763038474957,63.864845
308,1992,17.5863021639784,15.9586308763073,17.2938562564353,16.1347836445772,64.929092
308,1993,17.5112656055667,15.4469447682703,17.3652861305085,16.5023249322314,75.525894
308,1994,17.5358683118129,14.7851524653354,17.3616673228897,16.5453970041736,81.215897
308,1995,17.6020322168012,15.6277260357597,17.4406436091322,16.669654849055,85.807701
308,1996,17.5449081561761,15.4768308012699,17.4870143991485,16.7378682972757,87.041275
308,1997,17.5901145319431,15.2473039591554,17.5041429390582,16.8204348450121,86.751045
308,1998,17.6377446494101,15.6420119756357,17.5603959181473,16.8359630581647,92.155365
308,1999,17.6188630796289,15.0449192108074,17.5550617597206,16.8150892119823,100.5556
309,1990,17.6794476127077,13.310459893641,16.0435163831469,16.9918896318379,45.698853
309,1991,17.7046542352138,13.050317278129,15.9952464514377,16.9095479584321,46.636215
309,1992,17.6920468203647,13.3038796100118,15.9631078441714,17.1067816311291,46.926025
309,1993,17.5663566599615,12.3611386206326,15.890436155601,16.8588569954404,58.459782
309,1994,17.6563352119288,11.9021324565753,15.8086263239398,17.2660927093845,62.072308
309,1995,17.7315376516722,11.9957280865498,15.7294686331869,17.1515633673829,65.558022
309,1996,17.6311748061882,12.0098083387734,15.6518248380767,17.0630413136626,69.537872
309,1997,17.616822061823,11.99110185603,15.5752404636323,17.1294000713601,54.235981
309,1998,17.6206939185715,12.7232073252819,15.5271988024455,17.0632489098507,72.916283
309,1999,17.7484662392812,12.4261595299945,15.4675847477118,17.3624287792634,76.334038
310,1990,12.5716883395606,8.8246778911642,10.026545540028,12.0495827348914,15.216947
310,1991,12.4803972447529,8.99961934066053,10.240370419123,11.954674888627,18.268219
310,1992,12.6099747029247,7.92008319905323,10.2256036598692,12.1024662177417,19.862534
310,1993,12.5262606226722,7.6182510978767,10.1863329470964,11.9839692285536,21.021095
310,1994,12.4227994929901,7.28069719538474,10.1274827411044,11.8190791948164,17.09737
310,1995,12.6166944533712,9.39266192877014,10.4005407706177,12.0680627808784,17.952873
310,1996,12.7702041382857,8.627123250788429,10.4382279254595,12.4150205927428,16.60347
310,1997,12.7098632178282,7.8336002236611,10.3926072989741,12.372741614682,13.444381
310,1998,12.2090035667222,0,10.2792148423803,11.8375972171552,19.998316
310,1999,12.0090358018681,0,10.1658248935643,11.358711134219,13.84927
311,1990,14.4766109648342,11.3118735857557,10.2450184013482,14.1876654246584,13.514443
311,1991,14.4639313737426,11.6399809339924,11.8147700242814,13.9561508808096,20.043825
311,1992,14.5321350576081,10.5446043250017,11.9773303253185,14.2577407632464,20.202036
311,1993,14.5953882688777,10.1342420668517,12.0348441327805,14.3083727996661,25.619761
311,1994,14.6722939147683,9.909519324767849,12.0546629557551,14.1339295079176,22.03285
311,1995,14.7910379741578,9.994652790288219,12.0762628904421,14.2899400414896,28.528151
311,1996,14.8980731985182,10.2841817116524,12.1278197102581,14.3363403831391,29.663183
311,1997,15.0991476743208,10.5146380342913,12.2044583432451,14.5374518923988,31.472321
311,1998,15.2872853553311,13.4323112176002,13.5353482742307,14.8082254854986,32.867416
311,1999,15.3948104890045,12.4905520950555,13.7240838477212,14.9103684931683,33.569736
312,1990,14.7808034606131,10.5713169251118,14.2922371622832,14.5788960875691,28.256107
312,1991,14.7859953493361,10.6454248972655,14.2081636077137,14.6353313586845,29.662138
312,1992,14.8083366439375,9.01225522000275,14.1021579703399,14.3883803863103,36.326488
312,1993,15.015683483326,12.6436563835198,14.2073166043712,14.4489297217376,38.462688
312,1994,14.9639434717217,11.1085148007407,14.140587037464,14.4731508777646,39.280964
312,1995,15.0051435344721,11.5016420459497,14.0965677845034,14.531782850496,37.565193
312,1996,15.0373593574247,11.2837764167041,14.0407351424262,14.4196329363741,40.464291
312,1997,15.1432967858898,12.6861039541228,14.1475359218867,14.5817721529346,48.879578
312,1998,15.1169881827621,12.9650731075514,14.2892342591541,14.6734617969323,44.475407
312,1999,15.1489587882229,10.0599355914121,14.190933553722,14.6039957969135,45.345818
313,1990,15.6184165059085,13.2269215712881,13.1151554626881,14.9887275415526,50.660419
313,1991,15.7827237303163,11.7701921434105,13.2511285546484,15.470663342322,47.526829
313,1992,16.0845030939312,11.824599904898,13.3648765210922,15.7846448837248,57.406651
313,1993,16.3737379248989,12.9583539258656,13.7800562151253,16.1496415653471,62.889484
313,1994,16.5188052291946,12.3357842520518,13.8843726875715,16.3676720302583,65.459435
313,1995,16.6315063911323,12.3883191995115,13.9714011233125,16.261655706618,67.217201
313,1996,16.60430626122,12.7991314991002,14.1196627994714,16.4321897582566,71.70472
313,1997,16.6855914850642,12.3845116750599,14.1622955774253,16.5630793675473,74.408661
313,1998,16.7452843534321,12.9433156557591,14.2959314263713,16.6005352664379,78.586357
313,1999,16.9041487847189,12.7033691622559,14.3582232617197,16.7925944248777,82.817688
314,1990,15.0096637284851,10.3089526606443,13.7586830305518,14.6197398472725,29.921408
314,1991,14.8269132923372,13.243316494151,14.1367260718475,14.468459422141,34.524803
314,1992,14.8686568422122,12.4379261547926,14.1905870402892,14.4164852915133,31.672922
314,1993,14.6435035583093,11.0878952013672,14.1124707304222,14.2453747233594,37.005524
314,1994,15.024566125163,13.2761397014549,14.3587527413508,14.7124538297054,38.88213
314,1995,15.6134459929264,11.6062882953744,14.2958163744713,15.3128197152154,39.339985
314,1996,15.3715318294994,11.9675298826387,14.2618452754591,14.9237222282423,42.538551
314,1997,15.4459201791869,11.546456948179,14.1989492560032,15.0116841271032,44.304733
314,1998,15.6556836668135,14.4110460121924,14.8531903315884,15.2347695710647,47.174515
314,1999,15.7203523017566,12.1692219217322,14.79142234001,15.218128295466,48.609138
315,1990,14.2932192174556,10.4193007178132,12.8428293526026,14.0728296657019,16.901188
315,1991,14.3304377173908,10.3654905116046,12.8343289762254,13.9758178919081,18.983208
315,1992,14.4746119965995,11.2316097508521,12.9298363212045,14.1108215253162,22.319218
315,1993,14.3387420001001,10.4676643517991,12.9197080026574,14.0532054697313,28.86504
315,1994,14.4278433720139,11.1842547174411,12.98899928507,14.0056564571355,31.824547
315,1995,14.5160376911479,12.6129933603953,13.4034044471312,13.9660780979308,37.394943
315,1996,14.5783634538176,11.2700510337859,13.4154244072913,13.9301107578243,40.918083
315,1997,14.6026585977673,10.9917127483178,13.400839151642,14.1689862886684,47.511284
315,1998,14.5491293386362,9.16293424957891,13.320337786606,14.2232825158942,55.130669
315,1999,14.4155722548906,11.4691094093858,13.3612974397982,13.9397202187043,46.38253
316,1990,14.8553992328512,10.2399597891573,12.609041306773,14.3730591157452,8.2740145
316,1991,14.9115635229687,9.416866617466949,12.525148364992,14.2841127855678,35.761051
316,1992,14.3282940004826,10.0650535281175,12.4839009537161,13.9414215709723,29.699696
316,1993,14.0266702327697,8.535425959677299,12.3752730789841,13.6638780751401,32.35202
316,1994,13.8021434145714,9.697262571660611,12.3154466463706,13.3822917661225,27.911329
316,1995,13.6966381178839,9.46156590741735,12.2425559615822,13.2575108452263,31.069956
316,1996,13.7571700489286,9.697262571660611,12.1874564341642,13.3053307249864,30.486252
316,1997,13.3427946864253,10.4539760993585,12.2157566042758,12.9374713570214,31.190916
316,1998,13.2868759032518,10.4328502973005,12.2811003374691,12.1644026442527,38.063229
316,1999,13.2125546529364,10.7386116119916,12.3373920936081,12.7050610890689,33.394875
317,1990,12.82389953938,8.326032685955081,10.8120484863483,11.991718114201,21.264082
317,1991,12.7096374633263,0,10.7106752185846,11.8960096322758,23.594494
317,1992,12.759589478306,7.77485576666552,10.6631946473413,11.9081596716764,26.685848
317,1993,12.4932827941434,8.03008409426756,10.633296887466,11.642323239848,22.259493
317,1994,12.6276081240671,0,10.5319255307266,11.8266433193189,24.734125
317,1995,12.8399355783833,0,10.4305565357363,11.9482812773422,27.822155
317,1996,12.8654304146782,9.59199081531831,10.6730585929391,12.0710142442764,27.689907
317,1997,12.944719062043,10.3495826367302,11.0893824314122,12.0762189133663,28.885225
317,1998,13.0933025649053,9.212138753917561,11.1212715418486,12.1245660828215,31.004648
317,1999,13.0811982925727,0,11.0199037403473,12.0442347136253,29.74205
318,1990,11.7502683982099,7.58882987830781,8.44548234386224,11.4641425741773,1.2976235
318,1991,11.7710113022576,7.38709023565676,8.657963321051961,11.4659439072624,4.3918424
318,1992,11.7734620773928,8.654343029563471,9.267995884464341,11.3204129478801,5.1658592
318,1993,11.9154985928628,0,9.16452677343664,11.4901165450908,7.2523518
318,1994,11.8029694126641,7.7591874385078,9.28319112559034,11.3832059150337,10.724937
318,1995,11.6480918720816,7.60090245954208,9.346164135110561,11.1182381440931,9.5317879
318,1996,11.586222187515,0,9.242691388860511,11.0125483008819,5.2392135
318,1997,11.6128909200924,8.84014587794994,9.626514598892699,10.9787233071357,10.830908
318,1998,12.1117062868532,9.016755622903521,9.933410366187379,11.5337264259909,12.735217
318,1999,12.2519129959015,9.279306576440909,10.2234020344204,11.6270250391347,14.374386
319,1990,15.7303970483875,12.6880758658465,14.2322960151177,15.1833358328525,44.022594
319,1991,15.1876940794633,11.7274237534594,14.2159980315123,14.568498507432,17.873396
319,1992,15.7759669230369,12.248145057952,14.2513168805963,15.0977862782201,42.028362
319,1993,15.7566983022366,12.2143532663614,14.2774809444436,14.9594886269524,47.790382
319,1994,15.7367838263124,12.2976896503151,14.3082948512398,15.1797198466262,50.653881
319,1995,15.8349093132362,12.7630535366003,14.3965668468345,15.3891542212505,54.892654
319,1996,15.8413314621996,12.9765534829816,14.5030232948171,15.32029570143,50.263515
319,1997,15.7353094294237,11.6508509394614,14.4553699828361,15.2987486726639,52.364506
319,1998,15.6893222096612,12.0593575861655,14.4364778295385,15.3888107424349,52.932568
319,1999,15.5772124684947,11.4381480380124,14.3812610330255,15.2355981025885,50.847233
320,1990,15.0068171337572,10.9502274317935,13.4651186912342,14.5396581659412,25.918131
320,1991,15.013702583105,11.3032039339877,13.4859843020684,14.6022985591456,27.386221
320,1992,14.9822415184951,11.0123141636112,13.4753351731457,14.5511586040157,31.097868
320,1993,14.9865134526225,11.3626954227227,13.497734984345,14.5560112093991,32.539551
320,1994,15.0453588259734,10.8925081645741,13.4750510025425,14.5519100852976,34.350342
320,1995,15.0503156829266,13.6924442151875,14.1689254537158,14.4408065050701,35.130806
320,1996,15.0320722379509,11.1815561860849,14.121045343158,14.6324925325721,36.431755
320,1997,15.0802073341872,11.8244973888615,14.1171313337609,14.6958397430025,37.859661
320,1998,15.0822586937919,12.5593177141657,14.20163639541,14.6544146901887,39.802525
320,1999,15.0624869127318,13.2513703000336,14.4120443549186,14.617730195599,38.714542
321,1990,14.2562323595073,10.6896468197605,11.4080426129907,13.7651457101986,21.837486
321,1991,13.9145399083099,9.74096862303835,11.4903587410763,13.5571580560801,23.023773
321,1992,13.8632466139223,9.74096862303835,11.5556199452942,13.3381785372151,24.54151
321,1993,13.1841080302175,7.14361760270412,11.4666815064662,12.3612846914448,22.593407
321,1994,13.5701861484674,7.0825485693553,11.3778626145483,12.9651862290163,27.089754
321,1995,13.7302083327811,9.10175243155928,11.3716199318717,13.1420274172909,28.333496
321,1996,13.7980173279459,8.49187538343195,11.3221801275522,13.2371277268349,30.228691
321,1997,13.81169743185,9.47270463644367,11.3583373561515,13.2990564798215,30.984325
321,1998,13.6880238377997,8.04654935728308,11.2903629947957,13.2026120085059,33.78783
321,1999,13.9364296915705,9.96307634394778,11.4084478927364,13.0573716469007,34.097309
322,1990,14.590288654412,11.2438688566416,12.6874334126416,13.8393071516696,31.545431
322,1991,14.3799283885676,11.324207494671,12.8276311777734,13.4276541946354,29.630882
322,1992,14.2867001802007,11.2113743267769,12.9145110668778,13.4424434447739,32.698811
322,1993,14.2402081911144,9.664849580263271,12.8523556560028,13.3049747446994,37.061989
322,1994,14.2749683305928,9.58720022307401,12.7889106973302,13.1213629023986,35.432705
322,1995,14.3875899217194,9.60075952187908,12.7268481050997,13.2608972239452,35.044041
322,1996,14.3139680032117,10.7189187352992,12.7454422849713,13.1819455037683,35.823208
322,1997,14.3129194958096,10.644209873709,12.752586114599,13.2903030519406,35.065884
322,1998,14.4267166664473,10.8870443324622,12.7859433394207,13.3849943924599,37.118172
322,1999,14.3419457705448,11.6670961445975,12.9486814314591,13.2446401285461,37.95187
323,1990,11.6440418739702,8.69951474821019,8.80312373082921,11.3859778737937,-4.0287805
323,1991,12.0540216624329,8.455317787698149,9.24832955788022,11.4053726634749,1.4314914
323,1992,12.0773891929134,6.21460809842219,9.169757932093759,11.43468972131,8.4386768
323,1993,11.8741140337697,5.7037824746562,9.073397452419821,11.4016138622043,10.724412
323,1994,11.9327322406248,5.52146091786225,8.973997592853991,11.594305810387,4.2804155
323,1995,12.2183307151433,6.30991827822652,8.91241939370415,11.7871550584917,11.689279
323,1996,12.0105509426747,8.041412909393051,9.125990903507819,11.5453618840612,14.280528
323,1997,12.1602512962687,5.29831736654804,9.017883627244039,11.7207559487252,11.854523
323,1998,12.0835614340981,5.85793315448346,8.92885240968773,11.6620466407159,13.900406
323,1999,12.463288117421,6.30991827822652,8.867018731653721,11.9410977315449,13.136401
324,1990,12.2808835973221,9.39266192877014,9.53604051161548,12.054297692103,8.2926168
324,1991,11.6154223698487,8.85366542803745,9.86719694243509,9.58997922423225,5.6792979
324,1992,11.703004820304,8.994296557777201,10.1283376468771,11.6408320118895,-5.5144944
324,1993,12.1145834524067,0,10.028294749796,11.9145021433954,5.2251401
324,1994,12.7759058149141,6.80350525760834,9.96762599365236,12.6974086352079,7.1743116
324,1995,12.7427299193445,9.743377484107389,10.4417366907297,12.4320528297591,6.5542631
324,1996,12.5912688258491,8.81581520390635,10.5127040604056,12.1427753619018,10.455758
324,1997,12.253509309321,9.26719318356897,10.6511678984291,11.8108939784109,7.8339844
324,1998,12.4006467288342,7.17930796950403,10.5796131850116,11.7993904018271,4.2865505
324,1999,12.4976229704178,5.85507192220243,10.487740202379,11.8967772226396,7.7709107
325,1990,11.6834483571274,0,8.49902922078857,11.0728589927989,-4.2924428
325,1991,11.4060641347646,0,8.438106693095451,10.554939405009,.13650504
325,1992,11.6350560142568,0,8.377356246228439,10.6902869227946,1.7895708
325,1993,11.3597372218521,0,8.316520273729401,10.5406635711266,.42530012
325,1994,11.5946930104093,0,8.25562061348224,10.7740419112462,9.3506317
325,1995,11.5074629324688,0,8.194809247118011,10.7332786859858,7.5059452
325,1996,11.5286187585474,0,8.1339982519538,10.6761641413867,6.0736427
325,1997,11.3850760933323,9.212737496575899,9.3669765318658,10.502917432242,4.9344096
325,1998,11.6423055173993,8.865029186687771,9.73894304352485,10.6221806046768,7.0813122
325,1999,11.4908553087724,0,9.678129050027611,10.5138339439834,8.604619
326,1990,12.3375617774041,11.1837684070682,11.4436932791356,11.9692595144192,13.199874
326,1991,12.3573050260574,7.90100705199242,11.3489702103335,12.1718916988035,15.92354
326,1992,12.1794192185953,0,11.2230676940688,11.844869574871,14.530723
326,1993,11.981679409073,0,11.0971675673766,11.5780195047909,19.562155
326,1994,12.0443735514197,0,10.9712659931038,11.3140704412841,14.927254
326,1995,12.0582881650543,8.87766093359367,10.9611458935341,11.5302491550595,15.614352
326,1996,11.9640431987568,0,10.8352440702089,11.3958765545084,19.167397
326,1997,11.9092866952671,0,10.7093404565455,11.2383882553388,15.332954
326,1998,11.8705798075554,9.04782144247841,10.7500165459923,11.5053984113293,14.932212
326,1999,12.0849591254247,8.294049640102029,10.7023204458716,11.609272535973,13.767655
327,1990,13.1232389939403,10.3622722340745,8.35420356292178,12.9446438028387,13.385506
327,1991,13.0488933555632,10.0148947501103,10.1409441812974,12.9362985042789,11.471415
327,1992,13.0883452672118,10.2866047969804,10.8244354230856,12.8628789034167,19.996548
327,1993,12.9252919744881,10.0768944919405,11.1110902607822,12.6620988494782,16.901363
327,1994,12.9387770210886,7.77106708606541,11.0311811832015,12.2662920358949,23.593641
327,1995,13.0528503706705,8.476162841858249,10.9893455161645,12.8270983205645,14.652889
327,1996,13.0730113554224,10.5716758350549,11.3648337259667,12.7098277289387,18.306738
327,1997,13.1940214939681,10.0625404823907,11.4791028756942,12.8286455269267,12.628281
327,1998,13.425271443854,0,11.3634679217954,13.04211083619,13.91351
327,1999,13.4463928081069,0,11.2478329822976,12.8629129662373,14.915134
328,1990,13.8047965009744,10.6071047308792,12.5919573016594,13.2111700565557,-1.3344775
328,1991,13.7039335504259,9.69609431131315,12.5343506869604,13.1170692716783,22.950071
328,1992,13.8250084660819,9.227492430793751,12.4553427077403,12.9519366419577,21.465229
328,1993,13.6725124083056,9.166283985779261,12.377853847441,12.8498976107583,18.186169
328,1994,13.7456385294397,8.328692583545569,12.2798536356597,12.9209236869763,20.514143
328,1995,13.9367653705316,9.191565216649851,12.2080656581604,13.247755904335,20.804752
328,1996,13.9185724889953,9.406236048797259,12.1491270913869,13.2102807446086,23.189379
328,1997,13.9773251214721,10.3791004205464,12.1834665421647,13.1845312042795,23.257088
328,1998,14.0857783495707,10.279352190868,12.199427112811,13.3662203501921,33.060177
328,1999,14.0611900396573,10.2799700257198,12.2126887110222,13.2995023254077,31.558702
329,1990,11.7239057840589,9.75846178048587,10.5537272320848,10.3118379205372,-17.447401
329,1991,11.7616661200324,8.10711747075039,10.5417058907369,9.07384040424235,-16.256069
329,1992,11.7732916141973,7.79729127354747,10.5061600932014,9.66767711723478,-17.261152
329,1993,11.5558817982419,9.4785337678441,10.7195689231911,9.777080276133059,-12.627954
329,1994,11.6958578963091,7.5595594960077,10.6612021600659,10.1335072740777,-18.731098
329,1995,11.6098599231544,8.808668062106721,10.7025723322092,9.73379007955428,-16.085018
329,1996,11.8932258449018,0,10.6021992225685,9.34338235204819,-12.714965
329,1997,11.5772898530646,5.85507192220243,10.5099160405429,10.0189497494182,-13.681739
329,1998,11.6537586494126,9.25368717647955,10.6446055140437,9.72666224992688,-8.1891127
329,1999,11.660999764004,0,10.5442302953015,9.4809036646406,-6.0229144
330,1990,14.8306100518008,12.3915766330154,13.2251437673988,14.2007785027124,15.742974
330,1991,15.0118817432066,12.6393831146675,13.5732225402185,14.3745402702858,25.679411
330,1992,14.7614949726774,12.277979267919,13.7017152357992,14.0814001219521,35.532581
330,1993,15.0171978183665,12.1785267161002,13.7807239595779,14.2338044541484,36.121582
330,1994,15.4366399456395,12.2836214768468,13.8611509095354,14.7692840915093,43.262852
330,1995,15.823192994404,12.8966114271735,14.0549343835036,15.2171022835463,51.880486
330,1996,15.8138556159795,12.5660137497555,14.1250424255394,15.3102807896255,51.700699
330,1997,15.9544721962387,11.9296865328202,14.0980471400568,15.5306194224467,44.190994
330,1998,16.053675836515,13.6395105778338,14.4425504675418,15.6073115919408,47.737492
330,1999,16.0279792933975,13.032548073082,14.5225034428462,15.5348743031708,43.860355
331,1990,11.530705966168,6.74641212857337,9.74683374249075,11.1377771520461,-2.7917619
331,1991,11.6195209515352,6.31173480915291,9.67727053295337,11.1033977029679,7.8300109
331,1992,11.6427105096892,8.10167774745457,9.766510229507309,10.7069322549746,-13.122037
331,1993,11.7169999857023,0,9.663026159288091,10.9109130299857,-1.0492344
331,1994,11.7329949014477,9.63003706233107,10.2433148688634,10.9052457634343,-.34615007
331,1995,11.7585931645094,9.06797003068446,10.4027192254453,10.7847199729226,-.56484538
331,1996,11.7597038843498,9.28200965866654,10.5693945657419,11.0041560331365,.53180468
331,1997,11.7160122958745,8.88016824790345,10.6258439596801,11.0140464878198,4.4220428
331,1998,11.7220237654501,8.50976567558744,10.6252173308497,11.0532966781946,-.16528456
331,1999,11.8238084200792,8.76717339668401,10.6531757341537,11.0966979635154,2.6923406
332,1990,12.3505601680075,8.740656691541369,11.2284117014561,12.0020153846799,-4.0092773
332,1991,11.9281814197201,9.0808010006212,11.2338846160393,11.2202131316855,4.5201311
332,1992,11.8003236058995,7.24351297466548,11.1398234757567,11.2201932570941,4.2741938
332,1993,11.6638431223905,9.5187070356208,11.213969412695,11.0780726422724,-2.2210686
332,1994,11.8584715033967,6.96508034560141,11.115101091958,11.0139557488863,-.83733559
332,1995,12.2446919807999,7.81278281857758,11.0372658708683,11.5359659536525,-.65924209
332,1996,12.7570552566549,9.808297365532381,11.1715992669158,11.938526679352,-1.9225199
332,1997,12.6065574270839,9.68365102697941,11.2522941979948,12.3606593746995,-3.5083165
332,1998,12.7395982437506,10.1999187396202,11.4234503281426,12.3864087679001,3.7405899
332,1999,12.784844041112,10.3828225092107,11.5958483287018,12.1659045148756,6.2048926
333,1990,14.4963068695837,9.45610610132667,12.4340365602028,14.2540451991627,22.129459
333,1991,14.5720064343432,0,12.3336612270814,14.279822120678,26.200031
333,1992,14.5641729746049,0,12.2332908466231,14.2675876895988,-.64823246
333,1993,14.1094598821185,8.34924780056679,12.1538784191094,13.5244758894216,8.6860361
333,1994,14.2520872478682,4.9416424226093,12.0542527473199,13.7293850527433,1.9442387
333,1995,14.5884591558641,0,11.9538799745642,14.2414509074837,3.2858579
333,1996,14.0790525816711,10.4631033404715,12.0470651906416,13.4852295402257,.8288309
333,1997,14.093588803044,0,11.9466922748205,13.3304544639954,14.065724
333,1998,13.8357514399821,5.99146454710798,11.8487289065693,13.16180437735,13.398435
333,1999,14.4567011231298,8.879611609982041,11.7947318090898,14.125882713114,9.8048944
334,1990,15.2256031664688,11.2664237228288,12.9668060420342,15.0916978524163,-21.365921
334,1991,15.4245830430781,11.8177522237559,13.1549194309699,15.1885462987856,-14.169893
334,1992,15.4007125368735,10.8419310890514,13.149251237212,15.0999761510204,-14.338322
334,1993,15.3718189559392,9.577895907011129,13.0737687541155,15.0233287349901,-3.0273149
334,1994,15.5999221757686,10.5360351109671,13.0467980977398,15.2797801301143,-.99036294
334,1995,15.7141415721386,12.0974010988985,13.2626677813163,15.4719571037183,-2.8248837
334,1996,15.5731423026839,11.9478199171024,13.3861423330319,15.2850205281812,-1.4832259
334,1997,15.6447666519559,11.7010551220472,13.4426381403466,15.3915588131953,-1.2843512
334,1998,15.8236615968117,12.4725055449428,13.6416262274619,15.637665603372,3.6272237
334,1999,15.7928936436443,11.5269072624906,13.6436181876509,15.5653948441681,10.047796
335,1990,15.956573334359,13.2103193081626,14.5844505049005,15.8285320503972,16.49062
335,1991,15.9670417149922,12.7242620896965,14.6293365329767,15.6510696209307,16.495289
335,1992,16.1322651200373,12.5585939751439,14.6437405770339,15.7791498517385,20.721966
335,1993,16.1410006546874,13.2753041827714,14.7684405971055,15.6979788037391,22.695122
335,1994,16.4349872222276,12.7065600132097,14.7804093040862,15.9967160235312,29.766939
335,1995,16.6388494986776,13.905030369533,15.0128291621249,16.2076719107118,34.173851
335,1996,16.7623539654648,13.9783748778079,15.1956212897952,16.3253951334861,38.985149
335,1997,16.9568352203879,14.4442536083558,15.4542534540229,16.6253378800217,41.409191
335,1998,17.1523225377029,14.2465069512688,15.591653352559,16.7065082549844,41.66383
335,1999,17.1852354603771,14.8086689932854,15.8368298965084,16.5196253618489,39.380611
336,1990,16.110956987091,12.6521773315217,13.7698476986754,15.8367490733217,6.6961913
336,1991,16.1604260075617,12.653364043685,13.967834999805,15.7010317202484,19.084381
336,1992,16.2973995033043,13.3362917995384,14.3073405619159,16.1173212305189,17.54336
336,1993,16.1999466181836,13.1697754495839,14.4914768893622,15.92767979709,18.833029
336,1994,16.2840322112967,12.1252800734452,14.4808059534994,16.0596941957881,20.679829
336,1995,16.2802444019883,13.3339297713003,14.6485210235901,15.9816171458963,27.268536
336,1996,16.3480943788471,13.3880835429928,14.7856331992145,16.0505028246229,33.752007
336,1997,16.6070011925321,13.2277822913569,14.8648879235724,16.3327052503641,35.439941
336,1998,16.7591677851273,12.127375698581,14.8226787505529,16.4992515915521,31.993029
336,1999,16.80366079805,14.1616162435537,15.1122976572364,16.5909985558272,36.290806
337,1990,15.6516586796047,10.2845233467211,13.1994188585253,14.9275274375579,-.45827445
337,1991,15.0104538374154,10.2020724723502,13.1513408456555,14.8512040882612,13.078024
337,1992,15.5978736807451,11.4879255551689,13.2311173288406,15.456412079998,23.130468
337,1993,15.4504970622244,9.16051967699223,13.1481706855639,14.882008334908,22.380835
337,1994,15.1835326697061,7.70796153183549,13.0521747913355,14.6961584581434,19.229748
337,1995,15.2584097589703,8.03008409426756,12.9581804760376,14.6881214389466,21.09059
337,1996,15.1954132340459,9.7412626974413,12.8951103939282,14.6920079241571,24.756912
337,1997,15.1402321768422,8.454466361507929,12.8057134933749,14.7697148409802,22.029123
337,1998,15.2397718429558,8.54071438645758,12.7183332392342,14.7528743988357,22.074923
337,1999,15.3258529586673,9.756784073343921,12.6646800209548,14.729327999495,22.711966
338,1990,11.3635635038387,7.06390396147207,8.64347335732657,10.6411083746269,-12.316612
338,1991,11.4281521206253,0,8.53347984097892,10.7153468808829,-9.6369362
338,1992,11.3871735688684,5.51342874616498,8.48939024675415,10.4178759778593,.73919147
338,1993,11.3271621842334,6.96318998587024,8.583018384436411,10.2417638032161,1.0267873
338,1994,11.4716296684986,7.37775890822787,8.73987263504914,10.2561719604013,5.882586
338,1995,11.5474057771835,7.48885295573346,8.87706103262909,10.9365490476632,5.7436934
338,1996,11.4667428824181,0,8.76692414443945,10.5716596174726,6.200439
338,1997,11.5484264975946,7.71467747380093,8.94201638358143,10.7949799177236,10.001883
338,1998,11.5449146909468,7.45240245122364,9.0240469377098,10.6448315541114,7.3501167
338,1999,11.5211949285349,0,8.913900057850499,10.6990161252542,6.3302526
339,1990,15.6962805382327,12.8801618714564,14.6269815168418,15.0860958660116,34.980789
339,1991,15.7951534588799,13.2619131233544,14.7494852036573,15.2024109331685,37.179787
339,1992,15.7643280117744,11.7729793703045,14.6780174017588,15.1280279938449,32.468639
339,1993,15.6837214249781,12.2289489755311,14.6416554637736,15.095854508772,46.545971
339,1994,15.8008911313326,12.4130868149145,14.6229597446437,15.2667634846438,44.218842
339,1995,16.0601731712412,13.4519548529333,14.767311396429,15.52511369312,46.173733
339,1996,16.1760709856444,13.279367126214,14.841224429851,15.5905963032819,44.629757
339,1997,16.4116244309064,12.3913066237712,14.7963109105584,15.8810660337776,54.802341
339,1998,16.3100360349192,12.7573682018499,14.7888562916649,15.7787069268617,60.868568
339,1999,16.2106195271138,12.8434428106211,14.7913602711204,15.7405783886219,63.798698
340,1990,15.3525266645348,12.7393415247101,13.7275325321019,14.9330435344921,29.280704
340,1991,15.4231068594324,11.5361340501071,13.7389249343502,15.0767875280747,34.420685
340,1992,15.6297829414673,12.0499450128187,13.8136965135802,15.1662786642275,38.49728
340,1993,15.6786022316868,11.7064671731166,13.8304208451,15.2231810488514,43.745113
340,1994,16.036500298284,11.4659281926093,13.8199285840984,15.7000547980218,47.115818
340,1995,16.2709937808593,13.2183424243762,14.1454859500065,15.8516680657681,51.376781
340,1996,16.3839691292405,11.7141341974827,14.124274879823,15.9788908282048,53.793846
340,1997,16.3519891561553,12.6242729819402,14.2127876354556,15.8745870544345,55.377731
340,1998,16.5424877861804,12.5843960611653,14.2793220554714,16.1891531276819,57.732731
340,1999,16.381494693884,12.2653787514276,14.2943994709037,15.9382068042888,53.982204
341,1990,14.5822495796795,9.80620542972957,11.6803533259242,14.2260630267033,17.598913
341,1991,14.2290368308111,11.8123705807544,12.3656124919632,13.8236602915474,25.160784
341,1992,13.959156863114,10.0722171558106,12.3434617750101,13.5790376637443,26.280497
341,1993,13.2122109062782,10.1169039480918,12.3268467590055,12.8109872362512,33.415443
341,1994,13.5783392540698,8.799360083179909,12.2323932005955,13.1198192835502,30.987597
341,1995,13.6932733770753,9.04570155003454,12.148225288541,12.7209539282931,27.899916
341,1996,13.6989786523747,10.1302644950828,12.1452392519224,12.618762867476,29.18498
341,1997,13.7667025322695,9.741615472609579,12.1039413547533,13.187594628259,29.981575
341,1998,13.8278430783055,10.8071995022034,12.2111477453969,13.2738806686724,30.857395
341,1999,13.8780439730731,11.3391909339136,12.4202856378471,13.3172944872495,32.403572
342,1990,12.649544405155,8.840435439266569,10.9657297278945,12.5607967250523,11.230507
342,1991,12.5304924254973,8.909775673693391,10.9936374694573,12.4379430313567,12.071523
342,1992,12.5459941315395,10.1411255500008,11.2610042812219,12.4010645988161,11.951088
342,1993,12.6475051775575,8.687104728133511,11.2365261686054,12.3066136114266,13.84476
342,1994,12.6748920764475,10.8226940294912,11.6482418884787,12.3054057865464,14.248614
342,1995,12.8799725699354,10.2313153909171,11.7595386374231,12.4580448070635,14.932981
342,1996,13.0722907847745,9.78908629222615,11.7836126896211,12.6836662823615,17.318178
342,1997,13.0309333375953,10.287252233665,11.8738533523107,12.6755350863461,18.497026
342,1998,13.1233183538492,10.7175683559917,12.0305775354392,12.5592937587552,19.41494
342,1999,13.228982931406,10.7158611709905,12.1522144857384,12.5166799565591,19.108709
343,1990,13.8690805474566,10.6454248972655,12.4733708718108,13.7803598875037,-77.335121
343,1991,13.5227582703116,9.45727857185611,12.4203707913363,13.1613648829073,-11.988564
343,1992,13.7091808819219,10.5853968236693,12.4705884399501,13.4589616278944,-26.682995
343,1993,13.3608574445117,10.5355037330918,12.5056074460503,13.0652422136195,16.757887
343,1994,13.4514983910688,10.4024430037316,12.5182631672738,13.1670865453964,10.98268
343,1995,13.8315940855043,11.7228702951197,12.7787197275592,13.6963066565864,11.596479
343,1996,13.9205281560678,10.4157721115384,12.7604044980342,13.6194811959844,10.48782
343,1997,13.8330742321163,10.8735844189688,12.7894158417201,13.5883357352429,9.0985012
343,1998,13.5793859130788,11.4612742117862,12.9064426783768,13.4108616833339,13.923895
343,1999,13.7440666006717,10.6832251881772,12.8980273653914,13.5266352769647,10.205622
344,1990,14.7854074661633,10.7133727784958,12.8405493873635,14.3740026311539,3.7659559
344,1991,14.7455646838811,11.1571643890412,12.9081708954716,14.3238352750785,19.071409
344,1992,14.6583177796613,11.6110589282836,13.0463937966089,14.2435534539355,22.53196
344,1993,14.365449010925,11.1733042755973,13.0796800683791,13.8719879581547,28.9212
344,1994,14.5733516332915,10.3020958731811,13.0258280273854,14.2047221687372,26.591799
344,1995,14.7647302766383,11.5250516447681,13.1087900755102,14.37330391479,27.99972
344,1996,14.5284016764156,11.4072871329472,13.1548747098396,14.1355806895908,31.736479
344,1997,14.6910175179049,12.052804909127,13.3135824007533,14.3079462598188,31.75547
344,1998,14.6439516241444,11.8365512524619,13.3932191788139,14.2693455130341,34.28973
344,1999,14.5284432590129,11.415555164574,13.3996130713366,14.1530858503822,34.57832
345,1990,14.9622461168858,11.4394619005259,12.190095691007,14.5077907535625,22.509422
345,1991,14.8402698156274,11.6548155759698,12.5649351949143,14.3870084715551,25.0282
345,1992,14.851653535077,11.4479388434507,12.7456364436526,14.3564115823555,28.530626
345,1993,14.7657157425081,11.3412589411636,12.8575704060144,14.3202795111216,31.313274
345,1994,14.911594037784,11.9168760934996,13.078061376346,14.4271884139876,29.575855
345,1995,15.1735847005358,11.9468225270726,13.2376570950558,14.6736381110522,33.941559
345,1996,15.1107360012636,11.4003612873527,13.2636130820773,14.5768674417351,36.081001
345,1997,15.1554900728781,11.6102608653575,13.3141021196544,14.6368604782731,37.639732
345,1998,15.2368234120784,11.7456707715407,13.3771764338974,14.937671903543,39.1535
345,1999,15.207590791554,10.9736489250302,13.3418448715649,14.6934139037259,38.307571
346,1990,14.5833452827827,11.2118203721863,12.6446243066261,14.5180534973045,14.995614
346,1991,14.5472602296128,9.64517008871425,12.5950926037018,14.3368311698248,23.70215
346,1992,14.497902238478,9.7385539453434,12.5519204368198,14.2716030890698,23.029427
346,1993,14.5142534760634,10.9881699356707,12.6459948953897,14.2958554645199,24.520592
346,1994,14.6885211202183,10.1266311038503,12.6229609267194,14.5205949388478,29.442785
346,1995,14.747173605187,8.87416809036397,12.544218837449,14.4637716456544,31.665026
346,1996,14.7699344185155,9.555347511047231,12.4895339480514,14.4575704364901,32.564499
346,1997,14.7971943453407,9.744726260151189,12.4466434561669,14.5420300713075,32.519234
346,1998,14.6920272356423,9.55236857416808,12.3955439981756,14.3923414229765,33.821278
346,1999,14.6038316469489,10.1502304361007,12.3876547623391,14.2997858755652,29.893764
347,1990,13.3253408735058,9.05122740031911,9.52032195192273,13.0283768972386,-1.4573336
347,1991,13.4075186692379,10.2056640711384,10.5528604682445,12.8913315515775,.48978481
347,1992,13.0227201676281,8.435983135990689,10.561582519663,12.5541075194943,2.5432329
347,1993,13.0157527340379,9.0543880702023,10.6578050883259,12.5762535043012,7.5893059
347,1994,13.1957397495672,8.134467570277559,10.6251298630426,12.4857734033808,10.633405
347,1995,13.1371393540112,7.7367436824535,10.5667372234997,12.5934096901618,6.8264513
347,1996,13.0950125219087,6.73578001424233,10.474981091299,12.4804202759379,8.7708111
347,1997,13.229101163933,9.346094292953801,10.628920396594,12.7251913309878,17.493784
347,1998,13.385785821088,9.04522985191258,10.6921562542026,12.8221348415837,20.156517
347,1999,13.185760126491,9.7002079011507,10.8780226639315,12.7575595872971,21.263433
348,1990,13.8621433018028,10.3938145068248,11.8874432739878,13.2264571918649,21.435827
348,1991,14.1285944606229,9.26672070541229,11.8475667406908,13.4259297635093,20.696133
348,1992,14.2634691517583,9.684771684549069,11.8466281556515,13.9666856043377,23.404737
348,1993,14.2008570003626,9.570808114153611,11.8329299929814,13.9220503858467,21.111023
348,1994,14.3902162090623,10.4668961387102,11.9498317449449,14.1062083058441,13.539665
348,1995,14.2951981062712,10.7747599977586,12.0998756690254,13.5892487433124,19.973099
348,1996,14.1916257373663,8.365905077202459,12.0068811887881,13.5312881391119,22.529863
348,1997,13.697248844076,8.856660937017249,11.9310573430809,13.4086256524805,11.570978
348,1998,14.3760834256177,9.61973109808682,11.904864169024,13.6613677496565,20.322088
348,1999,15.0673606501967,7.08170858610557,11.7966364129341,13.3674780457054,17.845587
349,1990,16.3090931992256,11.4676560955227,14.289524883604,16.021367081784,15.182862
349,1991,16.4280066206895,13.5103431711715,14.5703048491854,16.0616526822214,20.906971
349,1992,16.3716231887596,11.9333645678055,14.5177950657121,16.1983253639978,24.174572
349,1993,15.6203307563086,5.8171111599632,14.3917271019725,15.4213832220688,47.925304
349,1994,15.4078012134287,12.3771015125769,14.3950917610657,15.3727409115027,54.122349
349,1995,15.7510028275823,12.9025343270579,14.470956494393,15.2767829689409,31.321449
349,1996,15.8318977028283,12.7481294587261,14.5049345661116,15.5916879695687,30.186813
349,1997,16.2548488606748,13.3382905532013,14.6404308112099,16.075488046149,36.200371
349,1998,16.5168666544493,13.3840858975364,14.7546987701914,16.4830341420487,35.739529
349,1999,16.5487370921984,12.3656159021014,14.7118800123036,16.418911101283,36.542351
350,1990,11.9299997339048,8.006367567650249,10.1197676038289,11.6135093940732,-10.007066
350,1991,12.1658039418627,7.38523092306657,10.0942855823109,11.6436370007426,-8.3294754
350,1992,12.1193047031978,7.59739632021279,10.0840283580666,11.6848579070204,-.55313259
350,1993,12.1821606216949,7.55276208421415,10.070246978407,11.8925763212395,3.6804464
350,1994,12.3366995625398,8.454679286026989,10.1600968272333,11.6848248153246,-2.4668665
350,1995,12.0284213461935,4.65396035015752,10.0721031097739,11.1871909073899,1.7165771
350,1996,11.9508617466148,7.61923341622681,10.0580095919723,11.3620109277843,4.9665937
350,1997,12.1677867307637,8.48011418317482,10.141421189323,11.4377868331351,6.240356
350,1998,12.2816781995203,7.18538701558042,10.0964192884421,11.5962851299621,7.2932673
350,1999,12.1237715389046,6.82437367004309,10.0387000313431,11.4553560014027,7.5121293
351,1990,15.0357332621722,11.4716137672316,13.8886150982772,14.7023566399507,24.181892
351,1991,14.7376370987751,12.1421099585683,13.9472545291024,14.5762373308019,31.583418
351,1992,14.6745685121841,10.3260719524517,13.8609399381634,14.3605109011177,40.367577
351,1993,14.6978850435304,10.183616169333,13.7728321538816,13.9844149102826,33.80542
351,1994,14.9130329770426,10.774425206686,13.7085111444912,14.6421775394168,35.005444
351,1995,15.1679267025171,11.0069049448473,13.6582962399865,14.8644137196357,36.049221
351,1996,15.139941525619,10.5936051485357,13.5880134185231,14.806446669495,36.512047
351,1997,15.2089091042149,11.9212331956625,13.4907386843527,14.862471525244,35.152805
351,1998,15.384811463566,10.2714930624839,13.4135976333753,15.0500866068696,33.003983
351,1999,15.3779069329776,11.4392896890066,13.4217675764883,15.1068945470419,33.237427
352,1990,15.4992655042782,11.6107778651377,14.2083286958868,14.969079404413,34.048698
352,1991,15.5464515017908,11.1357270625704,14.1880072650831,14.8705639071486,36.345695
352,1992,15.5554611497217,12.2185445470255,14.2525506868059,14.8530307009956,38.603825
352,1993,15.5166022512037,11.6658267932542,14.2578583918517,14.8677804948952,43.298523
352,1994,15.7046145837542,10.9235074701728,14.2251196014333,14.8283064163898,42.55933
352,1995,15.5656100686876,11.4736439499686,14.216339803715,15.0002683852101,44.357944
352,1996,15.5493645925222,11.7294149268535,14.2228543003335,15.0217300294568,47.315983
352,1997,15.6191624916462,11.3848420622051,14.2075110232525,15.0995859471042,46.955078
352,1998,15.6504228691,11.7502243550726,14.214798359071,15.0742130014538,48.54829
352,1999,15.6526091089011,12.2526031156559,14.2661740541969,15.0874826833074,51.204418
353,1990,12.4669144145801,8.269756947532979,11.2865767827071,11.6728075242068,-11.795438
353,1991,12.8928529472391,8.03883475778775,11.2215097645292,12.3500803390366,-7.4683781
353,1992,12.6982065811531,8.962135390066599,11.2199534252814,12.2136254653405,-1.48246
353,1993,12.9339155317889,8.244859395911259,11.1667805989332,12.458766381047,-1.2995503
353,1994,13.1328989201446,9.542732869195021,11.2442182263077,12.4766980101682,2.446749
353,1995,13.2282940420673,9.583006768332959,11.3056872504897,12.8013798029508,2.3700886
353,1996,13.2004248738722,9.614671504043139,11.359572633444,12.6428751648655,5.2421288
353,1997,13.2123874060985,10.2563602771918,11.5235567520389,12.6862592375612,6.3935275
353,1998,13.1154358314199,9.02773877597491,11.4907238223365,12.6496226216377,7.3715858
353,1999,13.1981683424571,9.608310798322091,11.5165827688736,12.7102729437749,9.0089397
354,1990,12.8943599180545,10.6261935353376,11.4310644384899,12.1409760188117,-9.7890596
354,1991,12.8751992923089,10.6769004928147,11.7353695717301,12.0287055786942,-4.3969331
354,1992,12.9008327593494,10.5669484227257,11.9131823672228,12.3636724384738,-4.2124624
354,1993,13.0606298060894,10.0977788519433,11.9651539227415,12.5162262862603,-1.813924
354,1994,13.0110587128926,9.30392178559771,11.9301366503494,12.5257097472755,-.57151109
354,1995,13.0480972001445,10.1069996619011,11.9727600644499,12.6282869623825,1.1993937
354,1996,13.1040252481656,10.3748028212067,12.0452969016834,12.7079410132542,13.0624
354,1997,13.0516518577299,9.42504844446929,12.0079429966506,12.6376923921431,15.400526
354,1998,13.1200395961093,10.4027465399307,12.0763249428571,12.7028784851358,19.592606
354,1999,13.1607245240818,11.3626024502773,12.3473082840902,12.6590385949338,22.402237
355,1990,12.0094717423204,0,11.6961882453409,11.689216306104,-3.3139796
355,1991,13.2195967692954,9.48683509878739,11.7116017183088,12.8816237855967,14.155709
355,1992,13.3204310386421,10.0885968865324,11.8028203373734,12.9998566004014,15.922257
355,1993,13.1445813891323,6.8351845861473,11.7151705567834,12.6587035535491,15.660748
355,1994,13.270970122647,8.256607344626159,11.651575485041,12.8951577387202,17.710087
355,1995,13.2970034758089,9.071997422354441,11.6364793726229,12.9198610130533,17.328842
355,1996,13.3695859494736,7.61529833982581,11.5584971219643,12.8518897896347,19.91927
355,1997,13.3755439347303,8.2725706084249,11.4979783107629,13.0930540897978,18.396587
355,1998,13.6953742047366,10.8779528484614,11.8072452092561,13.3569350656455,22.893486
355,1999,13.7969163879298,9.107975365298151,11.7724819451442,13.3744787211523,21.743505
356,1990,15.8274317766589,11.4800716400991,13.9204442825597,15.7083021051272,16.58812
356,1991,15.7462219109371,10.5858518057306,13.8640690762583,15.5636485688668,18.467077
356,1992,15.7765054474295,10.2134691324827,13.7971546137174,15.6232504720849,18.944696
356,1993,15.7402595397173,12.9949571873667,14.0812032003086,15.6313905469889,23.168968
356,1994,15.689949529928,12.6844504879703,14.2096423526729,15.529646420416,22.384041
356,1995,15.6352870842907,11.006523376264,14.1546431099494,15.4575068179807,24.857031
356,1996,15.4627001284239,10.1976485910856,14.0790579683923,15.284386014703,26.113731
356,1997,15.38678860917,10.7315589053526,14.0178037637172,15.1363798394473,25.290611
356,1998,15.4844047021514,12.2484997511701,14.0706665977974,15.2856254910389,26.628141
356,1999,15.4967207463439,11.6038624599623,14.0522487223544,15.3471175939108,27.75757
357,1990,17.1358980460426,15.2449046376205,17.1818197979826,16.9372445058455,57.921124
357,1991,17.2006745403159,15.4441609235761,17.2585851532072,16.9489071310922,63.48325
357,1992,17.4030865870771,14.8330707686048,17.251887073513,16.8894822439945,70.56546
357,1993,17.5672659279152,12.3645155292284,17.1652673431624,16.8161823755259,69.471085
357,1994,17.5052353567152,13.5580343275696,17.0978532749808,16.9658661370163,67.450005
357,1995,17.5873944682189,15.3570614158419,17.1599073817484,17.1846892187516,72.370636
357,1996,17.1697714869208,15.2956481143017,17.2019721356735,17.1667837353758,72.556946
357,1997,17.2908327476107,14.2000475256239,17.1528649241243,17.1282059398507,70.843956
357,1998,17.3421032105592,14.3609619311115,17.1137141174352,17.1414024228293,71.194695
357,1999,17.598749261281,13.8747224175961,17.0547910719903,17.4392799064026,73.792892
358,1990,13.5101247189912,11.2670249265334,12.4774195221909,12.9508987518175,4.3301353
358,1991,13.4573944614131,7.12528309151071,12.3683526214808,13.119260085834,6.4386702
358,1992,13.6669496984507,10.9715031672268,12.4862994967522,13.1808970648495,10.60171
358,1993,13.8165738824484,9.16125516428569,12.409002469058,13.3765461527644,11.754295
358,1994,13.775464249409,11.2320336199888,12.5693888374802,13.3419949042445,15.516454
358,1995,14.0504959303583,11.8639766250387,12.8514403510024,13.4539190886175,18.413448
358,1996,13.7930119223081,10.6707909183732,12.8403789094004,13.0619447439338,20.808495
358,1997,14.3009823348115,11.6897988741905,12.4503113218388,13.3996359661147,24.995445
358,1998,14.4561505272647,11.2728900459858,12.5913187196569,13.7974686263065,23.472542
358,1999,14.5416612290663,11.4498365592989,12.738975953745,13.7442539020949,25.927265
359,1990,16.4977531658446,10.3775765751861,13.9778130640442,16.3243802525048,13.02142
359,1991,16.4940130580742,11.5725330992419,13.9696688949051,16.2112065547141,19.040087
359,1992,16.6141899903621,11.6806831482037,13.9699826432781,16.4028998461442,20.865582
359,1993,16.483215076059,12.3202670274423,14.0504316806016,16.2816763389365,30.230988
359,1994,16.5066179987616,10.5721883401911,13.9811067727591,16.3610430408404,30.656311
359,1995,16.6097557773293,12.8215447300775,14.1468110153894,16.4839766076412,34.666122
359,1996,16.5841101562371,13.1194290765513,14.3389414405866,16.4629813521442,36.35886
359,1997,16.5994099390598,11.7810194371133,14.3088929492718,16.4742355235522,37.344231
359,1998,16.5997607569518,12.9023449378376,14.4141795175462,16.489962297146,33.616257
359,1999,16.7241666829538,11.9426538252141,14.3892887834622,16.5676613800951,35.700825
360,1990,16.2364840443205,12.520744689621,14.9894006818484,15.683159898206,32.723148
360,1991,16.1480802644346,12.6930655119243,14.9901138186381,15.6304665179246,36.200672
360,1992,16.1168676771927,12.5843892110526,14.9786378362431,15.7024396983758,40.404007
360,1993,16.3677039345127,12.5936894154746,14.9679802774771,15.9345692093326,44.678047
360,1994,16.581114124848,12.9869422002613,14.997283059065,16.1585209584382,47.81974
360,1995,16.6996564299076,13.6036938649021,15.1119983938503,16.3086030014455,51.840393
360,1996,17.0349407251348,13.8287100599847,15.2441715680113,16.6117344472884,53.356014
360,1997,16.9990542221798,14.0450241772463,15.391618134858,16.5574480465246,55.152023
360,1998,17.0070761435566,13.9850457160638,15.4958194864006,16.5046665865162,58.077332
360,1999,17.1278793244217,14.0473363096613,15.591156956105,16.672807616997,59.157066
361,1990,14.4038945778462,11.7675676833438,12.2905976005999,13.8014038985504,-6.7262402
361,1991,14.2803863879747,10.8351593864486,12.4002169540203,13.7699710689894,6.1115289
361,1992,14.3348199657951,10.3123801135446,12.4076852608828,13.8481850828386,9.3433628
361,1993,14.4672196641995,10.4326735876341,12.4274642631043,14.0360925865604,12.759739
361,1994,14.9651384034284,11.0113238357318,12.5341684691822,14.5734213260207,14.658996
361,1995,15.1358546079974,12.3434360615655,13.0143720709156,14.7184127649827,13.349331
361,1996,15.2624063769532,12.2403194709254,13.2661008849982,14.7405745579643,15.419181
361,1997,15.6154522159748,12.216874099224,13.437748550766,15.1033212382295,16.276381
361,1998,15.933323708023,11.7619394715311,13.4848680951416,15.4941266441159,16.786781
361,1999,16.0468810233597,12.0296456814385,13.5671949572732,15.5454212873418,20.069405
362,1990,14.5143261283764,12.7036002411522,13.1066343218372,13.9844053375753,16.21698
362,1991,14.826577575224,11.251365876664,13.146095724209,14.2868218342186,22.86274
362,1992,14.8710184874624,11.6428390712906,13.4898805513656,14.3474324480466,20.373137
362,1993,15.0827963210358,10.5698286386756,13.4275197805368,14.6669379488038,22.651869
362,1994,14.6591789404764,12.6192644920289,13.6874523884619,14.1563882083733,33.407082
362,1995,14.9938112344409,11.3514530465122,13.6613486114069,14.5585548476099,26.855261
362,1996,14.8242073775961,9.5621937106357,13.5598997276376,14.3502351468325,31.045563
362,1997,15.1035493273684,13.2260510947148,13.9625289778724,14.3941400513773,33.421383
362,1998,15.2925985050268,0,13.8452083796684,14.9335828699061,35.501453
362,1999,15.450079103447,11.148679072678,13.7893660493828,14.9714734964344,35.761776
363,1990,15.7571868212973,11.3504065354725,14.4711505564377,15.538838960147,38.563
363,1991,15.4857539826116,10.8550102839809,14.3825899097988,15.1726071858548,35.222103
363,1992,15.7982773438021,9.56395062454207,14.2737911779655,15.3863910251098,43.370525
363,1993,14.6628002346304,12.5507539524869,14.3279203862154,14.4004748085798,62.016052
363,1994,15.142445704093,11.9936279072627,14.3055702137704,14.9111020404207,46.850082
363,1995,15.7530976065122,11.2689284844609,14.2345573493725,15.2127005514344,49.093571
363,1996,16.2830245980362,10.9693527952441,14.1534092053492,16.0156022280165,46.337944
363,1997,16.2175393573165,13.6971120829639,14.5081839763166,15.9470974613254,52.012329
363,1998,16.650528026302,12.6548685983604,14.5291850541508,16.3190064509332,53.193214
363,1999,16.673068732021,11.5198613559713,14.4571973249099,16.3798042623225,56.101711
364,1990,14.0023860437383,8.69951474821019,11.1246271604839,13.873516584601,-13.199877
364,1991,13.9079052634768,10.2098318964431,11.3734449829814,13.7626377546194,-10.137558
364,1992,13.7320261378291,6.87212810133899,11.2752303006216,13.5355066049246,7.0617914
364,1993,13.3739178194986,8.83360848269089,11.2520411049038,13.1422628374621,5.9000716
364,1994,13.3088659360506,7.85554467791566,11.1748928115317,13.0172691729955,5.3641396
364,1995,13.4477535791747,0,11.0650777702512,13.4162429636477,7.0493617
364,1996,13.3272681494929,6.68586094706836,10.967190885716,13.0865628361477,11.747872
364,1997,13.3845869478298,8.052933036797571,10.9071094435975,13.3494365900154,7.9984183
364,1998,13.3420328629843,7.02908756414966,10.8165470696541,13.0145649326884,7.6036081
364,1999,13.4592827581894,10.1714514941218,11.1052143364455,13.2404157387814,4.9868093
365,1990,15.9985987851876,13.476174424302,12.6671269739749,15.1658281212382,35.01889
365,1991,15.8310988290586,15.8046385035985,15.809934356772,15.2108178035088,40.33197
365,1992,16.0582607642184,13.3729150704322,15.8193609897236,15.2527045157659,59.66782
365,1993,16.0236854016652,14.0875280794599,15.9073390387628,15.171905425594,49.693405
365,1994,16.5676312618273,15.6411850232221,16.2337223545119,15.6012474289864,55.781044
365,1995,16.5592852288505,14.6171658951585,16.3303898240374,15.7064128125412,62.381039
365,1996,16.5232991115566,14.7189822762467,16.4241662483936,15.7027493521642,62.28241
365,1997,16.5302476011646,14.5058427802442,16.4743424402519,15.7135540491876,64.764198
365,1998,16.5424274188501,14.6793599682988,16.5391441843091,15.7649291794663,68.95462
365,1999,16.5623352696758,13.380350383331,16.501043934066,15.835999342126,62.943455
366,1990,14.9118518841863,12.9003716624718,13.7412093363699,14.3296378517244,23.400759
366,1991,14.8728990390597,13.7000716476979,14.3340866491126,14.3430670608227,25.001917
366,1992,15.1019501553388,12.7196205604968,14.4022142477716,14.5479329371507,33.018543
366,1993,15.233495146599,13.9480508345956,14.7905854237014,14.5814196679136,38.134495
366,1994,15.4061738695726,12.4104043585546,14.7576741227679,14.7901692069488,44.094074
366,1995,15.7519712643378,12.4132859820713,14.7243494738957,15.202652773901,43.940845
366,1996,15.739988613704,13.8979869172885,14.9541809974983,15.263911290816,49.313667
366,1997,15.7797670442442,13.3107895961082,14.9998308301292,15.3639765355555,50.262711
366,1998,15.901359026797,12.8535135269172,14.9810733939945,15.5397205156647,52.381927
366,1999,15.9703258476442,13.6961209825136,15.0893250094651,15.6334851037347,56.227673
367,1990,15.9088081639037,13.5974304159298,14.2037074245059,15.6328588873843,20.815411
367,1991,15.916622617642,14.2589738373541,14.8470969679176,15.6307892804409,25.68428
367,1992,16.0871395529894,15.0520123123792,15.5598110041613,15.7760395314401,34.277115
367,1993,16.1203041926983,14.1581842400972,15.6663022602619,15.840325685436,41.134991
367,1994,16.3602690740846,12.3442507255617,15.5785577465503,16.0460779723133,44.029495
367,1995,16.5388418350774,13.4353841951212,15.5644558064511,16.2781579714155,45.402878
367,1996,16.5425444861399,12.008121581848,15.4673756143767,16.1570834090356,53.567825
367,1997,16.5464772219956,12.5754303225227,15.3947736966854,16.2077459445354,49.457626
367,1998,16.5630188463696,13.6591350717563,15.4256886164227,16.2636121450506,58.433678
367,1999,16.6356797227664,15.0865124668484,15.81680202689,16.3400336031363,58.578976
368,1990,12.5787744204658,9.64212278840172,10.767684669852,12.3513925348547,-37.841801
368,1991,13.0735392360816,0,10.6642139391621,12.4372236335545,-11.080818
368,1992,12.4269120711565,9.41205597587677,10.8221434851166,11.4603379014629,-12.080286
368,1993,12.7974636661191,9.61880098906415,10.9888136358368,12.5300277197199,-2.5573454
368,1994,12.9019012578311,6.80239476332431,10.9006391188653,12.6400774276453,-1.7036518
368,1995,12.8309562876814,7.60090245954208,10.8324674355263,12.5561301698544,5.3086715
368,1996,12.4845838913001,9.25913053614561,10.9090191741882,12.111135499043,-4.3723259
368,1997,12.4484619306965,0,10.8055454768295,12.0027766590484,1.2176917
368,1998,12.485707856803,7.73193072194849,10.7443475916934,12.0852752349663,4.7784896
368,1999,11.9155621279998,8.216358332386161,10.7122777026659,11.4480866935703,2.7916842
369,1990,15.069654376753,11.7981044072039,13.6577204300396,14.5335367244706,15.315238
369,1991,15.2173844887773,12.5496623499203,13.8414326583271,14.593899481656,18.828491
369,1992,15.1585395970012,11.5235191531811,13.8169252568058,14.6019979629479,25.299934
369,1993,15.0318279500748,12.2020445436097,13.8830103153109,14.460900275614,24.795996
369,1994,15.4645757401151,11.5503079511576,13.8543425417259,14.9132262226289,27.521172
369,1995,15.6662800616339,12.30230966841,13.9210825412612,14.9945677241597,29.683758
369,1996,15.8896301021227,12.0827518044954,13.9403503251085,15.19406636759,35.245506
369,1997,15.9799719594763,13.8237148108547,14.4329608200483,15.2918334722931,39.304451
369,1998,15.9421546814869,14.0627830508411,14.8143738900181,15.177992874096,36.997242
369,1999,16.3996905144871,12.9689627495511,14.8293374630075,15.7084444178386,40.076511
370,1990,16.6683239209553,12.363123401782,12.8694948850483,16.36931318522,32.59407
370,1991,16.7999672974783,12.7021155411965,13.405275391194,16.5597791805647,35.200188
370,1992,16.8602693024075,12.84325775517,13.7626477166927,16.6583006052576,39.989578
370,1993,16.8422624378378,12.0631948539346,13.8234197973057,16.6282502298329,42.312531
370,1994,17.0724242931149,13.6740679540684,13.7273631541222,16.8321986294467,42.530766
370,1995,17.0636466378891,12.283704757744,13.7721039762743,16.8066579144735,46.614883
370,1996,17.133713822506,12.9143891873476,14.0000174751179,16.8236760138435,49.165634
370,1997,17.2525495679754,12.8406024072433,14.1463788359856,16.9593636222792,54.479946
370,1998,17.2744579511018,13.4486756040484,14.4171722950818,17.0247083754823,56.945923
370,1999,17.3747200869106,13.6951672475999,14.678128957256,17.0928941288905,57.636189
371,1990,11.5284644470886,9.25282498358234,9.53430615650521,11.1604335859847,-2.7506819
371,1991,11.7836116758384,8.50431056558522,9.75689986769328,11.4885065337119,-3.8371353
371,1992,11.9650427131007,7.28207365809346,9.74090391506248,11.6099205771468,1.3248706
371,1993,11.9610939022796,8.91704256073877,10.0136326040261,11.4624588086148,3.2384267
371,1994,11.9945793005991,9.073833127321519,10.2464352068846,11.4444308565651,5.6794863
371,1995,11.9963672297293,10.0786166387486,10.7455869241645,11.4673980980086,6.2166963
371,1996,12.0421360678073,10.1624228679484,11.0702334547459,11.4694410213866,4.0519881
371,1997,12.2090633731085,10.3897335573277,11.35810973071,11.6833422538104,4.7649875
371,1998,12.3285898424088,10.0974082451734,11.4921368717694,11.8499148208418,4.0989952
371,1999,12.6651018724335,9.777300552285739,11.5459733190164,12.0583775215642,8.4307423
372,1990,12.1938332538251,8.521583539717531,10.5990567975284,11.1778884266051,2.9120848
372,1991,12.1038163220302,9.312264991698109,10.7545184365124,11.4109517964525,3.0593643
372,1992,12.2273675278438,8.628555659269701,10.7685439356538,11.4309227067772,8.4116278
372,1993,12.2735437148148,9.56381018496597,10.9348928740404,11.5485426348276,10.988638
372,1994,12.2663863398693,0,10.8314281603172,11.4237850058424,10.105742
372,1995,12.2815684133408,0,10.7279546196427,11.4332988988636,10.86345
372,1996,12.2566729582705,9.600014794178019,10.8929227925816,11.4030877191663,11.841846
372,1997,12.3242924432556,10.4534858113766,11.2626791803065,11.4857617623639,11.251915
372,1998,12.3289724581386,8.478868077094569,11.2152994483116,11.318401585784,12.794738
372,1999,12.327370753091,0,11.1118268100153,11.3089240864014,13.458073
373,1990,13.6538324404685,9.271623600393079,11.4055295459503,13.5601783654363,12.625475
373,1991,13.7932041071383,8.69951474821019,11.3925223749671,13.6884594008158,12.045421
373,1992,13.8143823430133,9.326076870458779,11.4335889245686,13.7092850910098,13.365971
373,1993,13.7922563080793,11.078474290576,11.8883292245816,13.7174541737814,14.711422
373,1994,13.9168239516641,9.68663666084494,11.9118143302495,13.8409089386938,15.562393
373,1995,13.9795676614848,0,11.8312548247186,13.8902304878232,16.591429
373,1996,14.0464703073186,11.4821981803189,12.2549675661172,13.9776022776769,19.573082
373,1997,14.1020196421055,9.99825212898055,12.2661601819656,13.9504229601359,21.12882
373,1998,14.0703604096929,10.7310782096456,12.3650590429771,13.8669671038252,20.076899
373,1999,14.115328036774,9.98003184017591,12.364655488794,13.8978723107563,21.286665
374,1990,14.9482819413786,10.4912742174382,14.1601061392692,14.3799835130435,1.6948242
374,1991,15.1103225559373,11.1662998568845,14.1498005580957,14.6745139467247,13.257629
374,1992,15.3259407445472,12.3557504799391,14.2433633153316,14.7778449782647,24.711653
374,1993,15.4347068032986,12.3567401231889,14.3227490356077,14.7466814805246,25.660429
374,1994,15.3369628449401,11.3915823497441,14.3128762823397,14.8235376683762,26.13876
374,1995,15.2810492687619,12.2129042568431,14.3606603880749,14.7014611112964,27.025894
374,1996,15.1565615916258,11.4502731638008,14.348698060758,14.655573287373,30.076279
374,1997,15.3942888326208,10.4756810512493,14.3068441401973,14.9670970010609,29.646179
374,1998,15.4705418801628,11.7299624088526,14.312214965013,14.9770363551144,32.462334
374,1999,15.5645361715349,10.9582350275573,14.2823933850689,15.0666881436765,37.755089
375,1990,14.0595843199464,11.1766971985859,13.4889019157615,13.4307392095759,4.6831775
375,1991,13.9838068416026,11.89737801411,13.5867857101514,13.4609564956438,7.0898461
375,1992,14.0986527143455,11.598690231931,13.6215500101328,13.4394156938857,12.895767
375,1993,14.0638295500729,11.8131263490807,13.6789112641397,13.3326567256154,14.777475
375,1994,14.2814631878296,12.4838407364681,13.8470824781545,13.6183650101311,15.46859
375,1995,14.5852960784977,12.1481680710286,13.911874273514,13.8420666081202,18.793863
375,1996,14.6507214471666,12.4719269665053,14.015844578576,13.8309605927243,20.510077
375,1997,14.7432430067054,12.6786105607587,14.1368910564631,13.8431888312025,21.873142
375,1998,14.7193661858682,13.1375672111466,14.3326370693798,13.8014662698347,21.855101
375,1999,14.8576317644833,12.4529952215087,14.3657347829067,13.8292288247789,24.835201
376,1990,14.3941487432146,9.4893348160304,13.1900855752607,13.2904606761099,3.2082295
376,1991,14.2668430586685,9.80090096376103,13.1250764935739,13.0828363912204,8.3148155
376,1992,14.2270039720527,8.88016824790345,13.0395264027338,13.1044251060392,10.409295
376,1993,14.1052608720832,8.251403065380559,12.9476947024663,13.2094065998601,14.927647
376,1994,14.3143603570849,6.67708346124714,12.8492335718901,14.0900527343333,17.858698
376,1995,14.2699934272014,6.88141130364254,12.7513428834867,13.3586608156849,19.039654
376,1996,14.1573604088879,6.41836493593621,12.6526534650196,13.406991574489,18.806479
376,1997,14.1564828297213,4.87519732320115,12.5526727078596,13.321265939378,21.98432
376,1998,14.0723961928845,5.97380961186926,12.4535918811695,13.1866076743591,23.382919
376,1999,14.0460356141235,8.236420527265389,12.3667529608123,13.0838174623108,23.14669
377,1990,12.4490319242288,12.4058083585779,11.913498626998,11.6334131824436,-5.1395164
377,1991,13.0358690400953,11.3144745262464,12.2666633844196,12.9588702877619,-1.6532151
377,1992,13.1015493822254,9.814765622475321,12.2453803741283,12.8567227644044,7.3809071
377,1993,13.1925370481317,8.86304982791909,12.1730880870808,12.6603175908745,11.590379
377,1994,13.1876637218728,9.81694879111889,12.1580335242574,12.4764238089404,.54811096
377,1995,13.439895506472,11.580920505456,12.489002067007,12.7202126921197,8.5899611
377,1996,13.3966955177914,11.1094733294726,12.5989083372382,12.4466770149042,1.6708386
377,1997,13.4672155117457,10.4803536938781,12.6006894564007,12.6560537308477,11.952017
377,1998,13.4053563553585,10.6908989114862,12.6262578790325,12.6649994711161,12.483428
377,1999,13.4890794014833,10.5819524743099,12.6351009481884,12.7388914946795,15.73546
378,1990,11.4894454775475,0,10.1688856717472,10.9605761625648,-8.7637377
378,1991,11.5048618841197,0,10.0685145841147,11.2295725236595,-6.5113878
378,1992,11.4620091584194,0,9.96815106586185,11.1959370435382,-6.5692701
378,1993,11.4576409068017,6.5510803350434,9.90099945979893,10.9869118348283,-.28389889
378,1994,11.697458658918,0,9.800640542042601,11.0783589390604,1.2356408
378,1995,12.0277428868202,0,9.700269170029189,11.6020598167661,4.1300688
378,1996,12.3220183275946,0,9.59989965040057,11.7160802522221,-.79437095
378,1997,12.3436417204885,7.09090982207998,9.57292581445463,11.850520275381,2.3650064
378,1998,12.8315385153202,6.67959918584438,9.522819929567801,12.5366098785954,5.9465189
378,1999,12.8179071311655,7.66434663209862,9.557088204792169,12.4351299008775,3.9258728
379,1990,11.3869093145136,0,9.33943694531059,10.5658458088845,-7.5050731
379,1991,11.4012411144161,0,9.22606607243767,10.5912305660517,-3.8120041
379,1992,11.1193947653344,0,9.11272754310918,10.4235248003994,-4.6073089
379,1993,10.794914357266,0,8.99936004778778,10.3290307422774,-4.8218241
379,1994,11.0348678380316,4.82028156560504,8.901461901380729,10.4738867698395,-2.0697038
379,1995,11.0750509236025,0,8.788074925189671,10.3147139411338,-1.0818411
379,1996,11.0634473074779,0,8.67467545819655,10.5252396512428,-1.2492
379,1997,11.2744269769932,5.99146454710798,8.62409052556335,10.4622502447342,1.0372741
379,1998,11.2861032506185,7.99429498641598,8.91767255801174,10.5608710580209,5.4764638
379,1999,11.3761543536216,0,8.804280086785271,10.5935561840034,8.1412458
380,1990,14.7713214407458,11.0365012679216,13.0832066622031,14.592335749729,6.3364229
380,1991,14.8020516511854,11.6868787720937,13.2489421061791,14.3808194450591,-.321163
380,1992,14.9271491338668,11.9177637099741,13.423153216501,14.7054743308575,-5.072011
380,1993,14.9508556265431,10.9684051646801,13.4443413637608,14.4863898306999,3.0490921
380,1994,15.2246910815125,11.6952553550628,13.5400742656136,14.919869105728,10.760135
380,1995,15.4548960484679,11.6994050319128,13.617757302632,14.8531312579757,14.201121
380,1996,15.5357960964751,11.1693923589784,13.6331780411103,14.8063810317705,16.912806
380,1997,15.7378145613966,11.8784778872339,13.7173934123148,15.4163584762632,16.574917
380,1998,15.8708306487893,9.12793654572137,13.6660488344457,15.5771604319216,17.03089
380,1999,15.807095601457,12.1103983994618,13.7774720816935,15.5382736770733,15.794642
381,1990,16.4530413357271,12.563747089802,13.3867517458367,16.0176560072757,38.545002
381,1991,16.3929318775133,13.448785278172,14.0476060805504,15.8590389831679,45.346657
381,1992,16.3685657992939,11.9049675527463,14.0675715408373,15.8325979666731,55.261246
381,1993,16.374420138504,11.8350089641393,14.0770489430257,15.9663118051285,58.580536
381,1994,16.413223968868,11.3144745262464,14.0438364974773,16.1870891039983,57.806007
381,1995,16.4571783157654,10.2399597891573,13.9703728702354,16.0693572791404,68.708221
381,1996,16.4269050087895,11.0348896640272,13.9244873769081,16.0836305764219,59.496105
381,1997,16.5298578308593,11.5424842672118,13.9122283829347,16.3322766112576,61.664852
381,1998,16.6093740705215,11.3850920934603,13.8888048849128,16.4019314190991,69.6427
381,1999,17.7038677658513,14.1512682536476,15.158567796948,17.5706409841119,72.455063
382,1990,12.1704201979484,7.23128700432762,9.77588142793098,11.6845453449076,-5.1430545
382,1991,12.6427676444742,0,9.6625172955063,12.3421117614147,-8.8059607
382,1992,13.1898453953363,9.576024610072499,10.226081790821,12.861273739876,-1.7972978
382,1993,12.553768672934,8.208491751740381,10.2426419033569,12.0059729220779,3.3355124
382,1994,11.9401063221885,7.64969262371151,10.2030623750535,11.3138545074143,5.6016102
382,1995,11.9242791761324,0,10.0896683196558,11.3199531521738,7.1184673
382,1996,11.9114150600934,0,9.97627787125143,11.3704466675655,8.6260529
382,1997,12.0377240107413,0,9.86288428409358,11.573146333073,9.09688
382,1998,12.3197737457735,10.0141340726232,10.4899177422861,11.9382521886803,8.0494165
382,1999,12.4281189396481,8.890135107818841,10.5497422671578,12.0876409135394,7.6775103
383,1990,11.8504831934401,5.93489419561959,8.39908510293591,11.4904701785412,-5.0078244
383,1991,11.9612974826391,0,8.285639372742059,11.3847434992517,-2.4963083
383,1992,12.0994351864379,8.64628976475065,9.093952612469151,11.7337055392726,.78849173
383,1993,11.8296979101144,0,8.98054977794018,11.49319936733,4.30758
383,1994,11.7168094434148,0,8.867258338699321,11.5568822352845,4.0287066
383,1995,11.8829560491913,0,8.753860877950309,11.4127326085606,6.1985722
383,1996,11.9306548822161,0,8.64047220757641,11.3660914406462,6.2892003
383,1997,11.9213898907825,9.28079883562474,9.556472939837549,11.4126266011188,6.4267669
383,1998,11.9898939667999,7.63530388625941,9.572417696741359,11.498692247921,5.7346997
383,1999,12.1422955450863,0,9.45901910764673,11.6332567657655,6.3821335
384,1990,13.2385342716941,11.1762071980861,12.5075281769033,12.8180791679297,6.6699438
384,1991,13.304710286501,11.6226136029478,12.7877847867034,12.8615346437396,12.147817
384,1992,13.3059988316166,10.6196674322066,12.8173712805391,13.2211319685853,16.469505
384,1993,13.3234478766317,11.5636566013766,12.9878413228077,12.7124891659108,17.693623
384,1994,13.6062769063104,11.8353349979411,13.1794483774384,13.2598734433863,21.054976
384,1995,13.8020472474901,12.0641461121173,13.3718423667417,13.0783382790849,23.874279
384,1996,13.7914942727669,11.5146040553488,13.427001087143,12.9479592185127,24.944847
384,1997,13.8841601705083,11.4530586809222,13.4667459588736,13.1003448122225,28.230305
384,1998,13.9798305003973,11.8330432653027,13.5494648553113,13.2053523113118,27.781448
384,1999,14.0686588276052,11.9728408788572,13.6406787230483,13.1277002833672,29.924313
385,1990,12.1773992858331,5.28320372873799,9.134538658559901,11.9502822711425,-7.0584488
385,1991,12.0859606013883,0,9.02444443468864,11.9016264633289,-2.7710259
385,1992,12.013148781377,0,8.914236266894999,11.7159958713068,1.2715831
385,1993,11.9459332796486,7.13727843726039,8.96613915613594,11.6796688024945,1.3356225
385,1994,12.155659033907,0,8.8559770399171,11.9204592781455,3.9455199
385,1995,12.1215166954571,0,8.74582565107344,11.8841878814422,6.3313856
385,1996,12.0524293119528,6.01615715969835,8.696276176359669,11.724967710873,7.8051486
385,1997,12.1981754941538,8.558335134747409,9.186938675794559,11.9354598447625,6.6313343
385,1998,12.2145837133009,0,9.076797550714931,11.9022361073084,7.9747729
385,1999,12.328320538714,0,8.966636906696611,12.0383656772601,8.6028214
386,1990,13.7352853951577,9.32847889999322,11.1441201012247,13.2301893857625,11.526122
386,1991,13.6710623954899,0,11.0339682719339,13.3380727453852,15.112705
386,1992,13.6655919341574,9.46211025207872,11.1214002435957,13.368318141045,15.482033
386,1993,13.3081816094917,0,11.0112495215893,12.9300401096704,20.953491
386,1994,13.522719581876,0,10.9010946421855,13.2671553630921,15.893846
386,1995,13.4926842557085,0,10.7909445592368,13.1937343766698,17.988787
386,1996,13.436209178141,8.78508063653984,10.8019910248955,13.0892191823599,20.894953
386,1997,13.502331844478,9.73014555852275,10.9722624334891,12.5680946128156,21.483448
386,1998,13.6543952231604,9.6237075099802,11.0804364789832,12.7329003461263,20.643419
386,1999,13.7956149804992,10.059507911994,11.2601934609749,13.4630224622559,23.808468
387,1990,13.3013356040559,8.379079889286601,10.1301050626618,12.7634355349034,-19.750193
387,1991,13.041614798635,8.512984346642179,10.2137331433967,12.5730741303495,-1.7879814
387,1992,12.9651995756111,0,10.10357944416,12.4947267377053,5.5505242
387,1993,12.9682199056691,7.97487690055888,10.1101276682313,12.4167238050629,3.1382859
387,1994,12.8190244894393,9.018574356354231,10.2947049760457,12.1003458463152,8.0052691
387,1995,12.7378369891122,0,10.1845565567739,12.1167649729814,4.9300885
387,1996,12.7530451027857,0,10.0744068499386,12.1062341411026,6.4520431
387,1997,12.5995557660248,9.775654181026241,10.4956230807426,12.0339095620915,10.990992
387,1998,12.6404835056409,9.63200685942236,10.7192704200164,12.120669806616,8.1386595
387,1999,12.6189509937243,9.854297308345361,10.9406250664435,12.0151934869996,9.4594421
388,1990,14.6046683109222,10.2998782793686,12.7873157255802,14.1035375862712,10.388927
388,1991,14.5687033421763,11.1562505210315,12.8638954523382,13.90835341385,12.552055
388,1992,14.5227519542307,9.998797732340449,12.8066740717383,13.9454119873482,14.048173
388,1993,14.3050960694692,11.0666383623418,12.8594748555379,13.4232011844314,16.502878
388,1994,14.3229433183041,10.9909209226128,12.8908307358663,13.4685374608034,22.456324
388,1995,14.3681918435297,10.4259650290426,12.8555813690603,13.4039081422394,24.29451
388,1996,15.0883733499293,12.6029308200229,13.7781597195051,14.2550850541147,26.455746
388,1997,15.1625798466047,11.4816618102933,13.7571948747464,14.2475417606491,37.814693
388,1998,15.1392811583596,11.4150590207041,13.7336804621973,14.3961633190576,35.482418
388,1999,15.0739344264917,11.4296090712959,13.7127981995076,14.3320365433986,39.096001
389,1990,11.1540044925561,8.006367567650249,9.16345838607605,10.7179766994542,-6.4861665
389,1991,11.4277904030636,8.51719319141624,9.50525373550594,10.8327014045266,4.3785181
389,1992,11.5188959515859,8.429672593886741,9.706620724300141,10.8990047788344,.036337264
389,1993,11.7203011961539,9.47039427731049,10.1996882383532,11.2068917456566,.62529451
389,1994,11.853072850526,9.853929593687781,10.6372343028818,11.139329458748,8.131259
389,1995,11.8637651254917,9.64730414714372,10.8426546144113,11.0483621730939,5.0311165
389,1996,12.0958493690353,10.7736924602149,11.3746341906325,11.2722021760155,1.7473762
389,1997,12.3492400068648,7.48268182815465,11.2901430984209,11.4238600553635,11.132523
389,1998,12.4020524728223,12.0268562626896,12.2685651687908,11.5680302621553,11.356295
389,1999,12.4017550488346,11.0635084693329,12.4102979703505,11.6112860552087,11.849466
390,1990,16.3545358582055,13.5958546676836,13.0008689630946,15.988528419448,33.66489
390,1991,16.4031692827179,13.1159850792394,13.7029884592788,16.0477160062958,37.681355
390,1992,16.4213284894774,11.0970917885598,13.707748828365,16.0514243670703,41.359348
390,1993,16.3533460498697,13.4979065906941,14.2327723441823,16.1536337105159,49.145653
390,1994,16.4509804939786,12.5383575560968,14.3309907125755,16.1014615575948,49.810005
390,1995,17.3044667263586,13.9587672561257,15.7287484782345,17.0165088758693,57.57616
390,1996,17.3086867585689,14.5010992449463,15.8997618019596,17.030190024341,61.876354
390,1997,17.4483211718713,13.5159515666466,15.9129490290212,17.1163169243277,61.395824
390,1998,17.606122697336,13.6242640923922,15.9332982116953,17.2584481764527,70.114456
390,1999,17.6677118466805,13.6621274168371,15.954552514787,17.2919340516951,68.242371
391,1990,15.0272716325966,10.3764243757593,12.671066873651,14.6518248963383,12.921182
391,1991,14.9019647883722,10.0366188651393,12.630193645253,14.6807311910884,17.130495
391,1992,14.8962808826467,10.452360123939,12.6276328629809,14.7259945812724,20.463985
391,1993,15.2119991572552,10.9381478147117,12.6884416943788,14.9402909360099,20.301394
391,1994,15.2277584628473,10.6942150614349,12.7035105523949,14.9311535255652,22.382099
391,1995,15.1146241221655,11.6056596023518,12.8721186339494,14.669719761392,23.822611
391,1996,15.047596297504,10.2709045930068,12.8253743963922,14.6683491335966,27.208397
391,1997,15.16006138834,9.95151552154671,12.7619322449568,14.8749602446685,29.388699
391,1998,15.0815350939244,8.921190556249369,12.6662796946025,14.6668583652004,31.523838
391,1999,14.9235702497441,11.9586107865648,12.9307495004207,14.4545130754642,21.145863
392,1990,12.7738688419983,8.68033192879342,10.2058119017248,12.1033150384352,-2.0307972
392,1991,12.7604894453255,7.50218648660292,10.1623302389045,12.0687832522216,.22369805
392,1992,12.5500817787248,0,10.0489246649743,11.7264953120832,.46109337
392,1993,12.1939376045301,0,9.93551418097455,11.642805574356,4.2194695
392,1994,12.2422202865973,0,9.82215276048097,11.6827651372983,3.1179693
392,1995,12.2330598953587,0,9.708761375583411,11.7058488793949,6.7717571
392,1996,12.2736331137292,8.42266270757,9.830836211288011,11.7020275294783,9.8149405
392,1997,12.4171249133943,0,9.7174410668003,11.9221892811243,8.1657705
392,1998,12.415494654293,0,9.604049987573481,11.8481455118019,8.5891113
392,1999,12.5064837700456,8.15908865466791,9.690158184193519,11.9023207211486,9.3382387
393,1990,11.3361258740214,8.79224584746788,9.904137341377631,10.7451472528771,3.4340343
393,1991,11.2381083890954,0,9.792304563575369,10.9721850368622,.88512528
393,1992,10.9226329510493,6.19440539110467,9.708913236333469,10.8311426095734,10.830721
393,1993,11.2134280251654,0,9.59709146004022,10.1522177358851,1.8806421
393,1994,11.4079648026937,7.79276172081653,9.640849250523781,10.3134409579614,7.7912621
393,1995,11.5057007091605,8.83258770243455,9.89204230485139,10.1734293797146,11.211322
393,1996,11.3713235819419,8.131824785007201,9.93293469805886,9.98332663546902,11.362244
393,1997,11.2891613535013,6.99759598298193,9.87018409782686,9.774694692926801,10.855504
393,1998,11.264280906388,7.81035268372429,9.871687239986329,9.738236134089179,10.154617
393,1999,11.2223232113681,8.392310009269551,9.952948919969669,9.703217404846891,13.159019
394,1990,11.8872538282889,8.530306830561621,10.9734088289907,11.0581773178954,6.2558689
394,1991,12.0067504664859,7.3132203870903,10.8889740686424,10.9704636936859,13.551334
394,1992,11.6381709578075,7.2902928824466,10.8055759064038,10.8313298221205,15.523177
394,1993,11.6211691412316,0,10.6937410261955,10.8228855314662,9.5902014
394,1994,11.6431287344232,7.60887062919126,10.6276390919588,10.5975557389056,11.634898
394,1995,11.7542883840821,7.35244110024358,10.552272625597,10.4916565149041,15.133904
394,1996,11.8225588942563,0,10.4404457272932,10.5767902671148,14.800027
394,1997,11.8159833063714,0,10.3286212920353,10.5452361467898,15.274232
394,1998,11.7473262826495,5.01727983681492,10.2214320631148,10.4245893778597,20.936808
394,1999,11.7986644186747,0,10.109602944157,10.5745166238077,16.63616
395,1990,15.0609240584108,12.0708140478597,13.0910151150336,14.6875862854375,13.479047
395,1991,15.1529618755422,11.7487877886922,13.2263678340296,14.638017375622,17.725027
395,1992,14.7483772385125,10.7856215277588,13.2009118615895,14.2417754067373,17.04467
395,1993,14.4887617295369,11.1138200908146,13.2092452293393,13.9909620516112,21.748877
395,1994,14.5641724585774,9.89651328879879,13.1317993185561,14.1202090491539,21.020309
395,1995,14.6167888850672,11.626388069881,13.213941328372,14.2612971201444,23.999571
395,1996,14.5462866921827,9.78627935163059,13.131260678769,14.1103552188315,24.000093
395,1997,14.5598247808313,10.5254609136415,13.0855641141734,14.1727797325949,26.362181
395,1998,14.7189736898004,11.1341071563458,13.0978790681173,14.4483298074237,26.80546
395,1999,14.8379747172017,11.1008435137598,13.1041537845547,14.4928389461185,29.606901
396,1990,13.758554386025,9.62568980215832,10.762975101586,13.7355865771514,-7.8218756
396,1991,13.4974972698365,9.25913053614561,10.8756840250938,13.447294561046,-.75749189
396,1992,13.1319418569512,0,10.7756382914161,13.0103580349059,6.2536278
396,1993,12.0082711300318,0,10.6756122582795,11.4231710739637,6.7898598
396,1994,12.8832575287781,6.62007320653036,10.592930380446,12.6911228179463,8.1263628
396,1995,13.7519691182424,9.900834035070559,10.888850886052,13.650988694235,6.7575617
396,1996,13.7761437957463,9.096611606647841,10.9354381789078,13.6582672736219,7.1993275
396,1997,13.5880968525052,9.48637993264389,11.0340376882957,13.4287436590785,10.805125
396,1998,13.5668816589908,8.304742269640769,10.9929447274155,13.3478620943464,12.314572
396,1999,13.7171823370234,8.913146539151811,11.0021815045364,13.3655807743423,11.549183
397,1990,13.609895430553,9.48303570211964,12.2536191795693,13.2049975417851,4.575736
397,1991,13.6721152202375,10.3194309049319,12.2978196666357,13.157182641726,7.8617573
397,1992,13.4247041313761,8.75494945509829,12.2284283834131,12.9351502811887,18.398182
397,1993,13.4374800699315,8.569026340056251,12.1555211811818,12.9527769098981,14.532808
397,1994,13.5603527519902,9.72022555366512,12.141206604097,13.2450525244241,14.843547
397,1995,13.6266236033342,8.641532465671849,12.0710286809738,13.2589616953619,14.909707
397,1996,13.3029075193126,8.631235907456899,12.0019029468007,12.8568203721772,16.564095
397,1997,13.2381388496253,0,11.9028558652433,12.9212388661473,18.157219
397,1998,13.1521976155875,9.46993156426144,11.8822375231645,12.8201922471089,17.6511
397,1999,12.7104836762948,0,11.7831899785874,11.8277907273808,32.480637
398,1990,13.9471682163692,7.74759683869289,10.5417032495699,13.429746225025,-.3235763
398,1991,13.9350819187777,9.73246195548403,10.8275261917083,13.5379257022609,.9538365
398,1992,13.9200505564922,9.168267595554269,10.9049316029446,13.5343138996896,1.8485801
398,1993,13.9392236945379,9.02437217426203,10.947303928577,13.573806070243,2.5650272
398,1994,13.9900982948131,9.01784725986073,10.9807468126569,13.650924222034,6.2242651
398,1995,14.0462924821098,9.10775378320108,11.0162558372885,13.6535983431152,7.9664578
398,1996,14.1010150189826,9.78947863592426,11.1583853834474,13.6913276255578,11.439828
398,1997,14.0466470031008,9.768698226187491,11.264711510962,13.6889237236549,11.820827
398,1998,13.9910903413452,9.26681521890416,11.2799600870458,13.6725581437983,11.819283
398,1999,13.9432826169143,10.7362662321813,11.6068574227355,13.6877779192478,12.986423
399,1990,16.0993484731282,0,14.2454685839284,15.8962207584037,17.90546
399,1991,15.600178891878,10.4207623356963,14.1645439293152,15.3441782484152,17.623945
399,1992,15.5319009769174,9.551871220788261,14.0708395172215,15.2332611340417,16.503719
399,1993,15.7928978496008,9.771726021353871,13.9807534341484,15.4890215741236,27.229109
399,1994,15.7592332655665,12.0462852760408,14.0135588816496,15.2975122609465,26.200697
399,1995,16.0171833370455,14.3263063812862,14.7563784616194,15.5237809688469,26.568737
399,1996,16.0734991418634,12.1644899450798,14.7211943546678,15.6113232727631,30.27067
399,1997,16.1615642725845,12.5820162507012,14.7221070118009,15.6719918511606,29.429466
399,1998,16.114308107735,13.4567820783924,14.8520030868206,15.6433149936899,34.023624
399,1999,16.0032795168974,13.7221927919847,15.0101604284823,15.6688515905009,33.65147
400,1990,14.4675479916697,10.4460734370499,13.3685013196586,13.9888861082838,10.592724
400,1991,14.7420999080091,10.4461315596886,13.3239501622194,14.2819485967942,12.537926
400,1992,14.833626342913,11.401602766326,13.3653939446108,14.4359170759199,15.903826
400,1993,14.6168375992948,10.7147954751902,13.3352265866176,13.9635496541163,15.689684
400,1994,14.710644681298,11.1586048901852,13.343420914503,14.2738475839276,17.223797
400,1995,14.9244551494479,11.518847892722,13.2142305459328,14.537447686477,16.724339
400,1996,14.9841171601981,12.0264255092833,13.3678282637586,14.4996199298134,22.497473
400,1997,15.1747800205454,12.3729505608303,13.5647290733579,14.7002354840042,23.625214
400,1998,15.1512512182734,12.0281055941013,13.6468389749466,14.7275281929008,26.539452
400,1999,15.0773834707801,11.7126693674561,13.671881151582,14.6006931771595,29.257664
401,1990,14.3547871919028,12.7825848811253,13.6666659427119,13.8236642653954,12.128327
401,1991,14.5417317613504,10.2772211664828,13.5914573430315,13.9690825552264,16.207458
401,1992,14.4648079454984,11.0821425488778,13.5626725839625,13.7686777845752,17.76651
401,1993,14.3876901129416,10.0257051852604,13.4815841778984,13.5628642979704,19.64374
401,1994,14.4540263398454,9.852194258148581,13.3974028175096,13.5228084661585,24.381062
401,1995,14.4283427451107,10.2273810069505,13.3268587675698,13.6247778837057,23.706182
401,1996,14.3328699504593,12.3873269663637,13.5340528075005,13.5092083513175,26.76866
401,1997,14.4749366678444,9.86889610776651,13.4470543437396,13.6508409484324,27.87314
401,1998,14.5509089863097,11.5942196968528,13.4736831278563,13.8674040335376,30.239252
401,1999,14.4529828167085,12.6311410146572,13.700859799103,13.9654618410958,31.217087
402,1990,14.5022313456257,9.469700127423369,9.44430516192198,13.9854155130079,29.05105
402,1991,14.468678260003,9.683339510201719,10.1908258158923,14.156229071559,24.781862
402,1992,14.1242865373485,9.83536929845984,10.6254432539469,13.6999231006684,22.173607
402,1993,14.5026589098672,10.4025947833479,11.1137321479983,14.2033998452533,26.711264
402,1994,14.5279967095739,11.0082310071345,11.6484497454739,14.497869484883,23.773952
402,1995,14.3226678697787,8.727778213483051,11.5773114744785,14.0623320332106,29.464079
402,1996,14.3172720229803,8.82776136765472,11.5142216245923,13.8450423617262,26.232796
402,1997,14.6790316790844,10.2057010308338,11.6211222545976,14.4198935704299,29.589008
402,1998,14.7923172433079,9.72925320592479,11.6319974473555,14.4931513024561,30.745432
402,1999,14.8834073550378,9.0395520509959,11.5770901662459,14.5432993903933,31.917027
403,1990,11.7659447058952,0,10.2145320850248,10.8539541292434,5.0034661
403,1991,11.3680348788401,0,10.1030185078321,10.250628678568,6.268795
403,1992,11.4271772701098,0,9.99063725329192,10.7737106491236,12.533262
403,1993,11.3379879547903,0,9.87918973700314,10.4162131093769,7.4597678
403,1994,11.5172480956971,0,9.767673556754049,10.62836338779,9.5687141
403,1995,11.8208423059362,0,9.656179374222621,10.9296440420619,13.566423
403,1996,11.9615063964182,0,9.54468892660883,11.093310793547,13.406967
403,1997,11.9189280627107,8.1605182474775,9.64603072686905,11.0667638758803,12.800527
403,1998,12.0868633511767,0,9.53453757772178,11.2174254543147,12.441163
403,1999,11.6245557237431,0,9.42304563340458,10.7122774909937,14.255934
404,1990,14.446330648763,11.9430701774541,12.6053318702502,13.902263410053,21.776932
404,1991,14.527206742355,12.0055708246968,12.950887275473,14.1635096157017,27.34244
404,1992,14.5729318481837,12.8103476279371,13.4825133564086,14.1311564307355,32.564133
404,1993,14.4429527265092,12.4790191812715,13.6850781300133,13.9010101529435,30.385187
404,1994,14.7455061126752,12.4887183065268,13.8380631261948,14.1764158540611,32.716434
404,1995,15.2903594520788,12.8809030943042,14.0399541438672,14.7495286339571,35.36277
404,1996,15.8193662730089,12.7349729339362,14.1493509772476,15.3960389325647,40.750332
404,1997,16.010035033741,13.1720008015952,14.3330548210415,15.4189412668776,41.232986
404,1998,16.0466824859807,12.1656620247175,14.3122038288001,15.5340522315048,43.968586
404,1999,15.9086643389779,11.9867156660954,14.2762866819305,15.2090730521087,42.43391
405,1990,12.2072737714769,9.24734709760528,10.4608436464278,11.6867717765948,12.859348
405,1991,12.2069938365097,8.048468743668881,10.4430697150688,11.5912671967267,13.982791
405,1992,12.1530934892673,5.8636311755981,10.3400248801987,11.5045127485529,17.507908
405,1993,12.086930302061,7.86787149039632,10.3117753398012,11.3863571098818,17.913559
405,1994,12.2157895641628,9.745136396380749,10.6572734724599,11.5307682522479,19.821604
405,1995,12.2552135560646,7.71646080017636,10.5976167507589,11.4053750558137,21.044893
405,1996,11.9401416871805,8.116715624819109,10.5645427500596,11.1595065737604,18.180061
405,1997,12.4075337957707,9.022563964499261,10.6386112608862,11.8514637208307,21.872374
405,1998,12.5355626762285,9.91348738711446,10.903549417475,11.8687151440088,19.700779
405,1999,12.5887289839058,7.38585107812521,10.8207178428869,11.8576048550357,19.088804
406,1990,13.3868473104147,7.89618060861549,9.811536723788221,13.1832978383874,14.461377
406,1991,13.4027146589333,9.42939557738179,10.2486752702027,13.1859358433651,14.556793
406,1992,13.2849476163679,7.84227877911735,10.2229698454127,13.008242231403,20.089512
406,1993,13.0178317533441,0,10.1061058955554,12.8273984903754,19.372446
406,1994,12.867962865485,0,9.989220195627279,12.6229229772082,17.510544
406,1995,13.1912731032304,0,9.87234770109473,12.9597219655714,21.048374
406,1996,13.2500282528645,0,9.755480462156831,12.9923028367097,21.08391
406,1997,13.3068493352305,8.3513747067213,9.84866699202153,13.0532572576825,21.768415
406,1998,13.357054812733,7.92008319905323,9.86065311774898,13.0660617050102,23.09026
406,1999,13.4361089473479,4.21950770517611,9.747108558526531,13.160831849927,23.299559
407,1990,15.3727820316207,12.5595565033651,13.8075479402997,14.8506429183281,50.635983
407,1991,15.5125753720963,12.0313620517376,13.8863331677919,15.1569831199098,49.022377
407,1992,15.4888442369307,11.7098400240671,13.9114995981998,14.9172681927754,50.929985
407,1993,15.6552927897633,11.5686155791634,13.9195522343358,14.4142576561353,55.343971
407,1994,15.8188270541794,11.9932320856494,13.9700845196237,15.2508985502064,55.799793
407,1995,16.0221422827129,12.2730581703108,14.0465921197427,15.450550832382,58.474129
407,1996,16.1114020390865,12.3394796554195,14.1181569543293,15.4422920059697,60.875214
407,1997,16.2018971182001,12.8853363957315,14.2712373818991,15.5005998207058,62.535599
407,1998,16.3446021462071,12.8201225047314,14.3808445940825,15.6300817745497,63.231071
407,1999,16.5046045211542,12.4760425291959,14.4230036581724,15.7275137641793,64.73996
408,1990,14.9841124425965,12.1686822563116,13.4467991802004,13.9807146918163,40.88179
408,1991,14.9887693048561,12.7417264824485,13.7623545824945,14.1440702056005,35.43718
408,1992,14.8584345969558,10.9214680711786,13.7102213730957,13.8854882266039,42.851246
408,1993,14.8691491222258,10.3075182991061,13.6324851535277,13.8205349649509,30.220451
408,1994,14.9496739791394,9.05497228474248,13.3738209954331,13.9534354251994,47.342018
408,1995,14.6758802794145,10.5183758501275,13.3169574841042,13.7214583075404,47.03611
408,1996,14.6206756758099,10.648776417499,13.2695617745944,13.7577135268195,47.468193
408,1997,14.5544135482787,10.583524163946,13.2202772555514,13.7354834179521,46.604992
408,1998,14.2169872533686,10.0714988712123,13.1480471084306,13.4370475074949,38.881729
408,1999,14.7779521898363,11.1093086477197,13.1511012602595,14.1455138156057,47.969299
409,1990,16.2124091358019,15.2224307368778,16.0060430151537,15.6007926733426,35.003986
409,1991,16.2691362555968,13.5789042895841,16.0032252706501,15.862664912551,49.983917
409,1992,16.2680439172454,13.3699528767434,15.9770754873547,15.8734698262383,60.417614
409,1993,16.1959349505384,13.1210965753493,15.1142589446773,15.7725604990081,57.208313
409,1994,16.243806811825,13.3610573911068,15.1804324973051,15.7705456124263,51.481625
409,1995,16.2492497947367,12.5073987138972,15.1506256971375,15.8060973240356,53.204105
409,1996,16.1165541121907,12.7661511835231,15.1395967206344,15.7308318285985,53.126286
409,1997,16.1536032990547,12.4754889091751,15.1080956795908,15.8570978701333,56.201717
409,1998,16.1609551947194,11.4148274026302,15.0365488352302,15.6616455351568,56.898453
409,1999,16.1114456030697,12.0993612178014,14.9898003174309,15.8603867990136,59.60685
410,1990,14.7107634440802,12.048640755081,12.939531290312,14.3430874452721,16.009865
410,1991,14.9034486188453,12.0810761553555,13.1947285031117,14.432415877982,17.695843
410,1992,14.8334274696328,12.2548628096996,13.4177233988239,14.4606260195233,23.016838
410,1993,14.9641309236387,12.2548628096996,13.5772225308011,14.5625791695479,29.859581
410,1994,15.0530317968903,11.6526874073454,13.5922780026893,14.3998301780209,31.51605
410,1995,15.1071155428526,11.47210347045,13.5792873395276,14.6109492071069,36.574402
410,1996,15.4494978745245,11.1844213979982,13.5383763935564,14.736760333236,35.989082
410,1997,15.5186985235807,12.1756134380455,13.632269938962,14.8704846590328,38.924641
410,1998,15.6027749111654,12.6977154498794,13.8248086959879,14.9982165101962,39.316807
410,1999,15.5278482504251,11.3504065354725,13.7757379085222,14.9173920350769,29.595432
411,1990,15.9608502370437,13.2369412821118,14.2920974697742,15.4198795496685,34.287651
411,1991,16.0469076459151,13.5207729872521,14.5920942959536,15.4940941014989,38.724998
411,1992,16.0023736554128,13.2914257517953,14.7407013663973,15.3827866518264,42.708549
411,1993,15.938281676488,13.2144830183027,14.8415413293662,15.2910741153031,39.268074
411,1994,16.0421457103387,12.9761808672262,14.8857541672469,15.4354601317394,42.268311
411,1995,16.1957543841925,13.8148193191137,15.0718589198197,15.4871899627426,48.676586
411,1996,16.3746099479001,13.4441497309808,15.1414276213681,15.6586510170749,54.329998
411,1997,16.4406687470768,13.4503785248747,15.1994029616928,15.7003508864574,56.18993
411,1998,16.4614712835129,13.3932786697092,15.2404469792732,15.7740816681273,57.82761
411,1999,16.4574578284232,13.5006792579129,15.2896111280278,15.750279876467,58.65176
412,1990,15.6395084367056,12.3798116439769,13.2262818538232,15.3068076965808,26.967342
412,1991,15.5973188009431,10.9466928339325,13.2038862199069,14.9706114325177,28.910557
412,1992,16.0584323169534,12.2705674157107,13.426734706227,15.7267557877785,33.610168
412,1993,16.0329850749228,11.5498743687484,13.4482094991675,15.669763023283,38.488567
412,1994,16.1843061484956,12.2051572266621,13.581814145562,15.7398485750255,43.817841
412,1995,16.250506644429,12.4871529743474,13.7413719699573,15.8270481745388,48.021484
412,1996,16.2020824338888,12.494198369554,13.8596415038615,15.8034976736759,42.24424
412,1997,16.2205322641892,12.0475984661672,13.8768927280627,15.5085724600559,41.528473
412,1998,16.866937328778,13.1632653687248,14.1326694875526,16.448364162478,59.287136
412,1999,16.6062283452019,12.4712675154361,14.1698294485878,16.2326310178309,59.714859
413,1990,10.9923155165607,7.53476265703754,8.49658223751211,10.4966754150525,-1.490508
413,1991,10.9792861476702,0,8.39303487678645,10.4171992772185,-2.9893734
413,1992,10.9089567179563,7.53476265703754,8.656207027943029,10.3151875390071,-6.1511889
413,1993,10.8753205826739,0,8.552734065335329,10.074856057635,2.7442794
413,1994,10.8213033118142,0,8.449406734775311,9.868700575140609,2.7825308
413,1995,10.9245701104846,7.60090245954208,8.69440169882337,10.2737113138771,-6.103797
413,1996,11.0985341605426,8.94441979130591,9.38909724951033,10.4698995105615,-2.2240219
413,1997,11.2082718573392,9.735601303538431,10.1306470292166,10.6955321609853,5.3641062
413,1998,11.2668034802596,8.517793011488211,10.1978236875288,10.8383957186766,3.263422
413,1999,11.4575346624752,8.142645185942801,10.2065691906667,11.1193573813477,1.3195839
414,1990,12.5384586010288,0,12.5824521727432,11.5154184357092,7.0432916
414,1991,12.2013055519451,0,12.4667054118195,11.3295668315077,16.41585
414,1992,13.0388170467998,8.9226582995244,12.3810670072069,12.0463851651013,10.978082
414,1993,13.2612421062911,9.04782144247841,12.3019553886616,12.4171181536877,10.756667
414,1994,13.0984473527673,8.006367567650249,12.2001038677643,12.2590765220657,9.5340395
414,1995,13.3520981617716,9.923290179832311,12.180729709025,12.5316970018153,10.231365
414,1996,13.2659884125182,9.64859530290734,12.1387430329181,12.2911012539412,14.984452
414,1997,13.3006603366526,10.4341158035983,12.1824574897747,12.4372358513259,17.541658
414,1998,13.3068331957597,8.85366542803745,12.1000174441897,12.4684543602897,18.248318
414,1999,13.1844047715897,9.47270463644367,12.049912280972,12.2926093987096,19.007114
415,1991,11.4341676188934,9.09974395063416,10.0478908809085,10.6852656730898,4.861238
415,1992,11.4789548599922,9.10497985631836,10.2811428613384,10.6865851630819,7.3617435
415,1993,11.3124491338858,7.75833346749091,10.2511328516602,10.4983800684568,6.4942594
415,1994,11.3682995787629,8.062432791583189,10.2493194222449,10.6792909257821,6.5004425
415,1995,11.6420378794464,9.379829949954759,10.4834520371321,10.9450335616489,8.0040188
415,1996,11.6169294792937,7.03614849375054,10.4033290712885,10.8687210917331,9.2996187
415,1997,11.4659475604586,9.27068260098234,10.5590704473092,10.7967516275524,8.6370239
415,1998,11.5314309904168,7.91425227874244,10.5135329762991,10.8692711343169,9.7047586
415,1999,11.6190950928863,7.52779398772144,10.4494476675953,10.9766324351443,8.7997036
416,1991,12.3912449244935,8.69951474821019,8.73629659230272,12.0654301615953,16.075964
416,1992,12.3714422971974,8.69951474821019,9.323445818081449,12.0166399974259,18.748951
416,1993,12.3714422971974,8.69951474821019,9.65272225916733,11.9774192842726,19.636045
416,1994,12.3502763932356,8.25712628599743,9.763524089857119,11.8534289040419,15.19162
416,1995,12.3434735345205,5.26269018890489,9.658660606390759,11.7999385648654,12.551352
416,1996,12.5687914778997,0,9.54291215456402,11.9813309636457,11.025421
416,1997,12.5944675313323,0,9.427168019897239,12.1464584942445,16.208309
416,1998,12.7908739455177,4.85203026391962,9.321112219930059,12.3071424150979,19.458593
416,1999,12.74153401134,8.644706511715199,9.59557556151225,12.2670816152322,20.049612
417,1991,17.2477199286731,13.7668621837422,14.565058676663,16.9849233174926,33.055267
417,1992,17.243336257871,13.2411912004136,14.709620259583,16.9327275186507,37.75288
417,1993,17.0148018493256,13.3294133185066,14.839888692159,16.9894711739889,44.275188
417,1994,17.2431180600722,13.2140980818991,14.9212268533177,16.970000999201,46.674995
417,1995,17.1945971447613,12.636633536977,14.9154243326652,16.9410218816785,47.416386
417,1996,17.1964981371641,11.6549110202413,14.8511109462828,16.9577552658843,48.344234
417,1997,17.2104112811575,12.2446825952824,14.8178565932687,16.9883536232309,51.122437
417,1998,17.2488911519835,12.8678607292904,14.8421255735904,17.1658416748796,47.543636
417,1999,17.391644558046,13.1573733145938,14.9002953188224,17.2876678576737,54.956871
418,1990,14.6175627910685,11.3169835710812,12.0669542460369,14.2476883529412,-7.4528403
418,1991,14.6546415330383,10.8598063638634,12.2310330271453,14.1575076726354,.91239321
418,1992,14.7257278083948,9.588228712314111,12.1868210164066,14.1426722416022,11.940379
418,1993,14.6389175235606,8.893298144217921,12.1080859871504,14.1425970822288,14.743044
418,1994,14.3529581049208,9.7902628618215,12.087645464957,13.9868640883822,8.5487204
418,1995,14.0212779867292,9.40566041455579,12.0361339042429,13.496758136309,2.0178983
418,1996,13.9815421064336,8.471986598578161,11.9462009220997,13.5285071384253,6.7758694
418,1997,13.7869094630293,0,11.8293305535985,13.1829637405941,7.2404814
418,1998,13.361207784336,0,11.7124588776077,13.1647132268074,4.4752746
419,1991,12.8750035445017,9.332558004700431,10.9809868557637,12.021220619588,19.519335
419,1992,12.8851136453867,8.895629627136479,10.9939887013353,12.210661156668,23.378407
419,1993,12.982605101528,9.980448593672261,11.2043506512639,12.2378168723355,26.12475
419,1994,13.1907620574598,8.14786712992395,11.1414472048999,12.4709505413069,26.944923
419,1995,13.3872429918993,11.183240145038,11.73570174885,12.6732099836749,26.183506
419,1996,13.3638564245232,10.5964847218449,11.8931691707033,12.77930187491,26.262962
419,1997,13.5208616682344,12.5562470063876,12.8251162385422,12.8679893074516,28.767302
419,1998,13.688800723507,10.5690579653258,12.8091785909853,12.9283741868041,27.286858
419,1999,13.5978315020462,10.3090193250888,12.7731607318916,12.6774178241849,25.956747
420,1991,13.7781045212556,9.457590998633631,12.377366115901,13.3030496153931,16.183004
420,1992,13.7612610029028,8.131530710604251,12.3016677847297,13.335914215054,16.424006
420,1993,13.762940194031,11.0838180674891,12.4749858037203,13.3196007686952,18.540142
420,1994,13.9415516372161,0,12.3846216786299,13.4740046049635,21.947298
420,1995,13.8059402231032,11.2735509005456,12.5691979411483,13.4249635988171,21.861979
420,1996,13.8271243500337,0,12.4788357312769,13.4172632450642,23.766937
420,1997,13.8320547609451,7.02553831463852,12.3924343632052,13.2516746138288,25.450531
420,1998,13.9069787170456,8.931684110731711,12.3305991152626,13.4079300528033,25.515654
420,1999,13.7731623203361,9.88037244503008,12.3162329238757,13.4414668950864,24.969637
421,1991,11.3756500593919,0,9.65065769085156,11.0670347173325,6.9744763
421,1992,10.8450618075297,0,9.558105743284971,9.94093375922311,14.1736
421,1993,11.3972618910742,5.70711026474888,9.487024690218419,10.5634251075161,6.3933239
421,1994,11.6780004940626,6.24804287450843,9.433019815609081,10.3683778125904,4.6984062
421,1995,11.9166719206035,9.11349902052663,9.871021177398291,11.1340962767924,.62822938
421,1996,11.7640272985126,9.15281718573252,10.1561005817142,10.8519293850287,10.592578
421,1997,11.7473182545034,7.21303165983487,10.1113428315032,10.9013137851273,13.327528
421,1998,11.5760640043491,6.19644412779452,10.0370389449607,10.5465462641583,14.363966
421,1999,11.623155611883,8.02059914989697,10.0596918365598,10.1325597612185,14.126042
422,1990,12.3980106669756,6.99576615630485,9.196038587265321,12.1332334343006,.73783213
422,1991,12.5323519572716,6.74405918631135,9.168476167877481,12.1991271175767,-11.777461
422,1992,12.678254529937,8.294049640102029,9.417427709415371,12.327470072923,-4.951407
422,1993,12.9046673805451,7.73105314400713,9.47779932873893,12.6299072935965,-5.8409595
422,1994,13.2444210259869,0,9.360947638465751,12.9990789176797,-4.4280519
422,1995,13.505603870317,9.27893316344179,9.890837881740779,13.2988320955746,-2.1480122
422,1996,13.5795496679005,0,9.77397094700054,13.354854643012,.39119112
422,1997,13.7398282165522,7.9168074909376,9.79562947612393,13.528332129666,2.8084583
422,1998,13.9016422483923,8.85907931788153,9.994205385457001,13.8063532274862,.27806619
423,1991,11.2457090815744,9.47707966740804,9.50121733532448,10.9099117176385,-6.5577569
423,1992,11.1717079769414,0,9.387808503265139,10.8784534319544,-2.651134
423,1993,11.1458227396464,0,9.274422539000049,10.7844798911878,-.41506049
423,1994,11.2790541081363,0,9.161076595670229,10.7527702987265,-3.9207749
423,1995,11.3332291287585,9.74096862303835,10.0616957039668,10.3981112713622,-.14991041
423,1996,11.3286542758205,0,9.94830316195015,10.3892124650456,.055488989
423,1997,11.4008407882047,0,9.834908880970829,10.6459171247751,.90785491
423,1998,11.5145578053438,8.294049640102029,9.905470585026871,10.7245138677239,-4.6615067
423,1999,11.4770963686442,0,9.79207542944987,10.7078738534813,2.0898764
424,1991,12.9551390461409,9.57851889529833,9.57886483227206,12.7655011337958,-1.7587373
424,1992,12.921215394681,7.59940133341582,9.598530455706831,12.7356109981901,-4.2070756
424,1993,12.7232740354341,8.952993499320471,9.91937074416367,12.5176641791469,-5.1518769
424,1994,12.8551882452079,8.541300266759469,10.0328697240359,12.5779065739785,-2.9877975
424,1995,13.0373399644859,9.22187360778986,10.2797160731527,12.7012705579078,2.4693475
424,1996,12.881423006486,8.72062371142043,10.3474776189958,12.621654910877,-.87908328
424,1997,13.1682224187893,10.1050805498199,10.7884568496443,12.9118598351545,1.2508725
424,1998,13.0411051602984,8.20385137218388,10.7405186034247,12.8080284394363,8.2434235
424,1999,12.460017364088,0,10.6236490387141,12.1362256382803,6.2707157
425,1991,13.0058044608709,0,12.2332003396819,12.8408455830201,5.5868692
425,1992,12.9752750193378,8.17329343896623,12.214786568782,12.8467417870013,5.5873561
425,1993,12.9068572078212,8.79102985704596,12.2106397006392,12.7484095233922,7.1559052
425,1994,12.9696417909649,10.0425100911849,12.278404004727,12.7810113108081,9.4654102
425,1995,12.989175897719,9.395158808968731,12.2929358865482,12.799574746327,9.1608896
425,1996,13.0263882463149,9.31244559491334,12.3019417600105,12.7584411880678,10.70912
425,1997,13.0364385821684,0,12.2668323170505,12.7850439338066,10.594077
425,1998,13.1057144474555,9.697446909121579,12.2963588627057,12.8689029432586,10.893603
425,1999,13.0832265217818,9.31784857969147,12.3043597535199,12.8441240031214,13.492037
426,1990,13.648720488579,8.51719319141624,12.1458819920359,13.2865813613356,4.9198017
426,1991,13.7211770807017,7.74066440191724,12.0488040266455,13.4322721876317,3.4575186
426,1992,13.6401367448876,0,11.9386558384391,13.2885868187155,6.811852
426,1993,13.7970418986286,9.59512646887595,11.923667956495,13.4894379538855,8.8122272
426,1994,13.7197850742712,10.2330071037295,11.9860236760546,13.3578676090867,14.350444
426,1995,13.6035411788508,10.8520905738775,12.1500740882083,13.2040561573172,11.92283
426,1996,13.7047640169454,9.446202695698171,12.1020634386654,13.2527504837426,15.897574
426,1997,13.5451465061141,9.516132463600281,12.0607063530817,13.065474046239,18.201679
426,1998,13.4193000556205,10.1980583431913,12.0867619435856,12.840674690488,17.680571
427,1991,11.8693502524477,5.62401750618734,9.53666125754102,11.315359319964,6.5514655
427,1992,11.5728548938969,5.96614673912369,9.44938876801368,11.1066151912816,9.1514645
427,1993,11.5118368722161,0,9.33280576161677,11.0231445120217,6.9921837
427,1994,11.5461230817677,0,9.216392023737949,11.0851444964516,8.1093922
427,1995,11.5954821450692,0,9.100369243760669,11.1397342181267,7.7649074
427,1996,11.7256091447721,0,8.983703225157671,11.3255622100865,9.6658421
427,1997,11.7077865767941,0,8.86739925720638,11.327645747268,10.975131
427,1998,11.8953486976682,0,8.750255389913381,11.6226141482466,10.932462
427,1999,11.8062428171913,0,8.633090004828951,11.4705108156889,7.9440455
428,1991,12.2858768904392,9.176886995716959,9.993387669761781,12.2591948202931,-3.7838845
428,1992,13.0470079407786,7.31654817718298,9.95005620335195,12.825896511402,-.10063846
428,1993,12.981704357077,9.77911409769637,10.4746450493895,12.85850432937,1.9997185
428,1994,13.0732230629513,8.294049640102029,10.4824240589512,12.8554871247036,-.80967426
428,1995,13.3327910449773,9.794565145311941,10.7795082208814,13.052593467887,-1.5776219
428,1996,13.2743901299726,8.954156966583771,10.8213570375235,13.0215074885888,-9.2130089
428,1997,13.4829578090777,9.687009239090679,10.9842073883627,13.2090624979279,-5.7136817
428,1998,13.8690769690539,9.852299515766701,11.1462492460236,13.6285581832884,-2.5236204
428,1999,13.6773563668434,9.714020527581299,11.2453244124324,13.3623646960156,3.033869
429,1991,12.3056813955314,9.077380244719951,10.9972648380586,11.8639617646331,-.1388168
429,1992,12.5475251353419,5.11198778835654,10.9392274867952,11.8915995983266,.36688432
429,1993,12.5194994849296,8.814181823188321,10.9901807569606,11.696803510826,4.5611987
429,1994,12.5335994331905,8.547334348328221,11.0104482295664,11.7110611421641,8.9997549
429,1995,12.7350816759814,9.00932517273497,11.0684507814176,12.0295282802658,13.587101
429,1996,12.9055955890648,7.81722278550817,11.0423296604233,12.0573178928975,15.868735
429,1997,12.4892869213639,6.79346613258001,10.9942877393758,11.9224735024848,7.3665419
429,1998,12.6054012487804,9.20783724175806,11.0731406143085,12.0718224254701,8.0286846
429,1999,12.5149893384785,8.42200300441249,11.073146823782,12.3870101808427,10.090955
430,1991,16.3595043590929,5.98896141688986,14.7585975224143,16.2654509418033,35.36945
430,1992,16.3041978460418,12.5905422151064,14.7846469906194,16.2629601356385,40.408535
430,1993,16.3116642363926,13.0764723067992,14.8684466241103,16.242835935901,41.182316
430,1994,16.2493711347583,13.5399862791161,15.0175931569772,16.1550892294546,44.205536
430,1995,16.2217200262273,13.2837013097995,15.0886910347058,16.1152858763035,45.68605
430,1996,16.5513490450637,13.5094839147351,15.1798261968098,16.268583158774,46.460545
430,1997,16.7409080436296,12.7628272011846,15.1739347797485,16.4377418356605,49.890923
430,1998,16.8797243775096,13.0197036557612,15.1900459020438,16.4749720769464,50.584332
430,1999,16.7839595510571,13.719771386156,15.2951226379832,16.4466234345617,52.272476
431,1990,16.0043061071239,13.6989082000336,13.6050080212954,15.6416018000613,49.474991
431,1991,15.9051093489477,13.9484825441502,14.4172750211326,15.5343886713838,47.760399
431,1992,15.9251273594671,13.2655576833439,14.5914253610122,15.5833996706547,51.077209
431,1993,15.7817262835922,10.4039597642226,14.4933125002928,15.445462752582,50.975803
431,1994,15.9001848768085,10.0366626316885,14.3912903164885,15.5583894406002,62.48587
431,1995,15.5809636533182,10.739652239931,14.3042295201845,15.1033515555273,51.515873
431,1996,15.2393269809414,9.96401805227616,14.2052453237568,14.8464537872065,48.799099
431,1997,15.1772938351799,9.270117576012041,14.1059200825346,14.9552074087833,49.428307
431,1998,15.2669817416014,10.1961571664989,14.0159587468555,14.9231312719444,48.594666
432,1991,15.2060169331342,11.0846624481861,12.982320775648,14.68155777089,31.625664
432,1992,15.1052478743037,10.9706951697271,13.0038320618564,14.6550258632584,33.878922
432,1993,14.9605875975678,11.3467410020764,13.0746250198923,14.2239095797172,42.565239
432,1994,14.8322077444789,10.6641531848269,13.0521747913355,14.1650136252156,39.215691
432,1995,14.7240009986297,11.5501249059593,13.1395001013948,14.1929497035522,43.767612
432,1996,14.6953231844569,10.1369773959045,13.0758120850898,14.1629618802471,51.310242
432,1997,14.7334999510309,11.3527567128174,13.12161890035,14.1224969775746,42.698734
432,1998,14.8517420205751,9.510444964426521,13.0363936395384,14.3611126431557,48.030018
432,1999,15.0601801906124,10.8921547583859,13.0300324950825,14.5114100727654,41.329441
433,1990,14.9091394538176,12.4323233645951,14.0924503885841,14.5052074869592,28.900558
433,1991,14.986941651692,12.2949439584328,14.1521232132977,14.4831228900913,34.550625
433,1992,15.0046543721845,12.086291990961,14.1729435744934,14.4704905194413,36.014961
433,1993,14.9641250768482,12.7353382038423,14.2889461039411,14.4318305054719,33.569927
433,1994,15.1422607255184,12.2561714768306,14.3104223253536,14.4012609556338,34.311649
433,1995,15.2328897166758,13.0198875858151,14.4445125800094,14.5433182845861,40.437504
433,1996,15.1956555989033,12.9794994287787,14.5399038058535,14.4518592246704,39.469177
433,1997,15.297848782454,12.9768935761519,14.6164285520789,14.5484175820384,45.54282
433,1998,15.3612761815408,13.9402842133131,14.9015310348048,14.6007747715184,44.478268
434,1991,15.4116164792971,11.4737583503805,12.6593868402125,15.139675292347,31.710472
434,1992,15.4081386607555,11.4119221097538,12.8089608176132,15.0344041839255,38.46217
434,1993,15.3500153682872,10.2821294466004,12.7734907730392,14.9935301929817,42.621769
434,1994,15.2813300734002,10.6676056469667,12.7755205112168,14.9694347522259,43.021046
434,1995,15.3845144307846,10.3925275842302,12.7468483542,15.0787406202094,44.096867
434,1996,15.3625329751499,10.1954852990555,12.7035065998239,15.019160526915,44.697449
434,1997,15.464994278524,10.5447096602312,12.6919154821092,15.1913719101323,44.436131
434,1998,15.885277882127,12.9412299145472,12.6003571496428,15.7065016103723,50.702374
434,1999,15.9915340291144,9.686885061765301,12.5343146781742,15.617341594174,48.934814
435,1991,16.3599086791806,14.0914066983774,15.1010617548113,15.7246802513231,33.12043
435,1992,16.2831980206393,12.9351538941376,15.1107381756551,15.7505121451278,37.024719
435,1993,16.0912979596252,12.7435216995846,15.0997113112671,15.6621220979174,40.329052
435,1994,16.0500090970019,13.0086009980657,14.992815135208,15.5865863710735,44.568127
435,1995,16.0438225516419,12.5737251153489,14.9724716257804,15.5348024619371,46.594437
435,1996,16.0497208935824,11.9628347993889,14.9148379575463,15.5653298665019,50.837833
435,1997,16.1373959538799,12.1115806309374,14.8667259514128,15.7835008504013,55.224056
435,1998,16.4263605719227,13.4341110366386,14.8693143749939,16.0540397149881,63.435253
435,1999,16.7473346477657,13.7629237958289,15.3864484654725,16.3684204735099,63.964745
436,1990,14.8593810053651,12.5733234672011,14.7181570288182,14.4860089191343,6.2971134
436,1991,15.0279127161847,11.2929394234711,14.6483844194081,14.7801452007067,11.052718
436,1992,14.079634649864,10.7178784403814,14.5646761444687,13.6807892049191,23.170946
436,1993,13.8481935401656,8.955835144218961,14.4644302644352,13.5701649216544,19.48476
436,1994,14.3800746362888,11.0020998412042,14.39172676476,13.66735967058,26.21949
436,1995,14.3283236964107,0,14.2876986744794,13.7001617862913,17.217688
436,1996,14.3612657331986,0,14.1836706048857,13.7475583513335,14.283351
436,1997,14.5613463195157,8.788288460263621,14.0838971135177,13.8010781741733,12.944957
436,1998,14.5580037056331,10.4912742174382,14.0052555758955,13.8907565586821,17.413773
437,1991,12.8065849396156,8.70251025718999,8.39847722071125,12.3836816382914,-.79931033
437,1992,13.0509548955437,10.3039736190971,10.3765240778992,12.5759859526365,8.5012646
437,1993,12.8678939671819,8.268988209506659,10.3839240694531,12.3819472819972,13.402236
437,1994,12.9534249590011,8.41781474743596,10.4059129933486,12.4448387815838,18.976789
437,1995,12.9710829173297,6.32793678372919,10.3105879894316,12.606195201917,21.731176
437,1996,12.961264992167,9.04723303410603,10.438711111333,12.5271594832782,20.03894
437,1997,13.1519864446145,8.77431295828538,10.491782421614,12.6551730997054,18.260435
437,1998,13.3698977814697,9.26245832623829,10.6231744192831,12.9342375026561,22.16572
437,1999,13.529665886724,8.86106654351776,10.6602290586212,12.8663174969548,24.4799
438,1991,13.6250695498313,10.0909210212163,12.1922926358092,13.4579935916052,14.144554
438,1992,13.9826244139707,9.081256218564651,12.1468569993912,13.8081497627757,19.328304
438,1993,13.9069044935378,9.06009870864564,12.1015501120006,13.6695391177926,19.295073
438,1994,13.8351168056814,11.385819101853,12.40951173273,13.6762387430015,20.229454
438,1995,14.3497209527932,9.326522126265591,12.927654452994,14.0244272188908,27.449699
438,1996,14.7900857500441,11.1996657217129,12.9915428214255,14.3662029717457,31.571106
438,1997,14.895341267091,11.0049956443163,13.0208638430008,14.5032907230323,33.382008
438,1998,14.9918548445332,10.1441959350298,12.9810951611681,14.5654862094316,33.074162
438,1999,15.1675272154291,12.8927942260684,13.4993344934926,14.7733265166052,34.226387
439,1991,16.4133503478068,12.1617445116806,14.2099554324107,15.9763534378532,51.316101
439,1992,16.4732922549979,12.2621079288951,14.2381001351389,16.068495845959,60.111675
439,1993,16.2759067334661,13.0393621309009,14.3995053204606,15.9825621720752,67.471687
439,1994,16.2891297926138,13.5104842738347,14.6386178868402,16.0372713287178,70.011726
439,1995,16.5355033045809,12.2460959211594,14.4894952043247,16.0187447111459,68.039238
439,1996,16.6328666901618,11.9581367891565,14.4512068936952,15.9938966097172,71.292465
439,1997,16.6942866611375,12.2042109135822,14.4347944364363,16.1497787873648,74.189163
439,1998,16.7481101485579,12.1531200805774,14.4134491835559,16.2385769542615,79.096916
439,1999,16.8506895415553,14.3717343137435,14.9418235482692,16.2212667563022,84.482338
440,1991,13.2923899407626,9.998797732340449,11.55358552638,12.9204300744085,10.648152
440,1992,13.3357232867245,10.0795394963165,11.6992141423253,12.9239722635014,13.115203
440,1993,13.4057002774942,10.7505353816681,11.9629463882066,13.0952021136206,16.502888
440,1994,13.4304427794097,11.2243496599251,12.2778638646543,13.0574374537975,16.232307
440,1995,13.4282419304382,10.291195939055,12.331609542159,13.0812009623318,16.693419
440,1996,13.3711220239192,10.5765340613891,12.4137000414868,12.9350143826487,17.733334
440,1997,13.4014887461843,10.499269944027,12.4744235695222,12.9509847406695,19.421021
440,1998,13.5405674144339,10.1796029886164,12.4967712885545,12.6236445788655,22.210835
440,1999,13.3904245351698,8.915969311373599,12.4604070646004,12.5754247699674,22.915836
441,1991,14.9633580580559,12.0850230304077,13.6942725482527,14.5245066979886,38.928253
441,1992,14.7116418797071,11.7575486679614,13.7116671131945,14.1125518659439,37.373055
441,1993,14.4787219735188,11.6612333948428,13.7132495671459,14.0382949571481,38.523041
441,1994,14.6817895925311,11.037804765825,13.6563501001287,14.2835986851199,33.666416
441,1995,14.5993450054225,11.0806645340749,13.603510808202,14.2713059675578,39.319592
441,1996,14.5325358615936,11.1073303484113,13.5547180975653,14.1693568524409,37.868614
441,1997,14.6311304430014,10.1801339553676,13.4611634738847,14.2859934881442,38.133263
441,1998,14.9089648533507,11.1104608508743,13.4223444066655,14.8058723326929,41.4897
441,1999,14.9513223251872,11.3259932956186,13.4066867657862,14.8138480480202,42.245522
442,1991,15.6693299129096,10.8333458276318,13.0632110711991,15.2963545960387,42.017708
442,1992,15.4801552726566,6.0282785202307,12.9518170200311,15.1992729782188,48.992306
442,1993,15.4570170227509,12.5271665247522,13.3592682854085,15.2378686917594,61.558224
442,1994,15.5432174638159,11.6851966859107,13.4220133480113,15.2732988692806,52.202808
442,1995,15.6904121204637,12.0547961645665,13.532891248075,15.3711185657215,57.1129
442,1996,15.640993511407,0,13.4204901634325,15.3287411917892,60.761456
442,1997,15.6655096075442,9.45171669155145,13.3264012520958,15.3177726723979,57.292484
442,1998,14.7633629038367,10.7809542925527,12.4575151767167,14.509199040939,47.564175
442,1999,14.7756458799104,11.5108232568784,12.6537715510957,14.520634265481,49.662636
443,1990,14.6016357840465,12.159793077176,12.8811958660271,14.2578262942642,32.52879
443,1991,15.0379254537785,12.8677601182718,13.5075641436425,14.6235425849987,35.86097
443,1992,15.1303628725209,12.5759071217578,13.7620097762368,14.7738831696654,36.15601
443,1993,15.3831812272551,12.1319415961871,13.8583415730506,14.8844110087305,39.66856
443,1994,15.5004492951955,11.3772546425398,13.8534315807319,14.8924655091603,41.361038
443,1995,15.6422659134297,11.4218513005708,13.8492145434584,15.0570552867324,44.647053
443,1996,15.8381879813336,11.6573807243091,13.8635331895607,15.1365598136246,48.283154
443,1997,15.9843286276143,11.8546126515005,13.8952114533805,15.4486836297239,50.274502
443,1998,16.0317056603552,11.6165644997297,13.9000186042345,15.4240664688458,51.473408
444,1991,12.6545029109706,0,9.41680154295662,11.9562058101136,12.954544
444,1992,12.5652696666954,5.50533153593236,9.33607394044191,11.7874773122259,16.649393
444,1993,12.0327383986021,0,9.234759776516929,11.6652312742212,17.701769
444,1994,12.3839730755302,4.97673374242057,9.14752835956431,11.553125011233,18.616722
444,1995,12.474987298635,8.764053269347761,9.554383874093711,11.6220160849171,17.05155
444,1996,12.3168906716942,10.2857863826125,10.5424425040126,11.5173260440288,18.451157
444,1997,12.3749845948284,9.471319061593411,10.7195313388058,11.5827837461883,18.798391
444,1998,12.4540031731378,9.90298742749445,10.9629760566866,11.664831712555,20.65447
444,1999,12.4552362931134,7.94449216393216,10.9058403776393,11.5939553744297,19.294342
445,1990,12.1776994579123,0,9.607437230413829,11.9603571650644,10.307143
445,1991,12.1795775545577,7.20785987143248,9.636013254055699,11.8730464852994,8.4173365
445,1992,12.1293241999778,0,9.575587469795559,11.7360700250952,15.147736
445,1993,11.9640552252743,0,9.515233481158321,11.5288358053449,12.760744
445,1994,12.1151048963515,0,9.45481479399222,11.6131535088422,11.910362
445,1995,12.0949254412614,8.876265259954691,9.815153482992431,11.6374264553359,11.920846
445,1996,12.0148256063683,6.4377516497364,9.78539634439948,11.5052361663007,8.924222
445,1997,12.1439872441403,6.27852142416584,9.751629243218719,11.6725416738317,12.852789
445,1998,12.2474734911217,5.18178355029209,9.70045907970014,11.7965333199474,13.461922
446,1990,12.1624187140489,8.68287710705717,8.644706511715199,11.6979385559465,11.822787
446,1991,12.259140350208,9.888323152016349,10.0895686998712,11.5786922662038,16.485094
446,1992,12.3850879666698,10.149096848566,10.728373269514,11.7743366075859,17.672262
446,1993,12.2850581143842,6.05208916892442,10.6262008168645,11.5826096631432,18.396996
446,1994,12.3449487531214,9.732521279780309,10.863940613795,11.6555458861056,19.936209
446,1995,12.4169687060504,8.801168401936691,10.8697448991474,11.6791234738357,21.741724
446,1996,12.3555646887246,9.07027338307906,10.9051703510243,11.538587904877,20.328466
446,1997,12.2855732469958,8.138856750696331,10.851199429085,11.6657897185189,20.446508
446,1998,12.2920108588321,9.488047863280761,10.9551759344925,11.5834167979102,20.115786
447,1991,16.6450043926604,13.2431162210345,14.941774329478,16.36685303345,54.068321
447,1992,16.6953609325895,13.077202818242,14.9915269377555,16.3441468079266,56.858932
447,1993,16.660907971295,13.6693650841374,15.134187823997,16.3631062300339,63.851521
447,1994,16.728615671415,13.5397531038008,15.2209793589158,16.5240991428948,64.03569
447,1995,16.8036042709519,13.8409560577956,15.339589603625,16.5408379396346,64.835167
447,1996,16.7835684181226,13.5167095654582,15.3822460423039,16.427782170785,65.218567
447,1997,16.8920000549282,13.7488877328402,15.4502397525309,16.5830790558218,68.185974
447,1998,16.991098792795,14.2784990133161,15.6036562888315,16.5967213063195,69.343147
447,1999,17.0049574289217,13.5808724465885,14.7305449409626,16.5735083305403,70.014114
448,1991,12.389147964088,9.38714674808203,9.381651536250089,12.0878826210829,17.511391
448,1992,13.0460154099835,9.012742727629711,9.823220653066819,12.5529671675006,30.102812
448,1993,12.5364912881555,4.21950770517611,9.725657892053359,12.2113145840222,23.185379
448,1994,12.7667144736591,8.779403597894349,9.95567669553146,12.3626910346756,27.568506
448,1995,13.1863553767207,9.297618380083239,10.2619693631077,12.6082635631599,28.372427
448,1996,13.9426840998383,8.013012110368919,10.2560545704886,13.2414549326122,33.256462
448,1997,13.5724620860145,8.679822114864461,10.3317931526136,13.2210432127214,23.920807
448,1998,13.8465323013183,9.346617990268729,10.528923183223,13.2353744494622,32.650845
448,1999,13.9111752854696,9.31928445896536,10.6713107581629,13.6147162984023,33.057079
449,1991,14.4570013679001,10.5015545268458,10.0681075233001,14.1569236394319,27.66773
449,1992,14.2071593635551,8.87150534616578,10.2240300098375,13.6800655228639,47.325462
449,1993,14.2232419329214,8.117312461601969,10.2213774883883,13.8102584112777,25.090141
449,1994,14.1650718610958,0,10.098071122621,13.7778175131268,38.610218
449,1995,14.0303872163994,0,9.974775122520819,13.4586518161154,26.062649
449,1996,14.1305599455266,0,9.851472945433519,13.6432578292228,27.317087
449,1997,14.1318898196453,0,9.72817537256304,13.9670991670222,19.412926
449,1998,14.1400472167326,0,9.60487933995079,13.9433298546359,27.119881
449,1999,14.049880672313,0,9.481580513659781,13.7740885981159,27.648842
450,1991,15.1525393619115,7.77148876011762,11.653821546575,14.7234492206021,27.690092
450,1992,15.2470071803279,13.1123130415508,13.2497305602652,14.7433964517069,37.026974
450,1993,15.2918317039399,13.4484345673295,13.9537962808286,14.9003396549083,37.881523
450,1994,15.5541264527717,12.9028980531115,14.1373157575421,14.9956486685661,40.687057
450,1995,15.7111918691779,12.6663636344221,14.2174461111822,15.3217886972571,43.828129
450,1996,15.7898241245246,12.7474080755007,14.2934001982263,15.3282684065522,40.76395
450,1997,15.959728924923,13.0316090041359,14.4080412300266,15.4274716959008,43.337479
450,1998,16.1029775906008,13.2280306460087,14.484433537462,15.5549231539784,46.070595
450,1999,16.2286732271301,13.5372915689671,14.6717368410958,15.6442990166236,44.638874
451,1991,11.0316338110123,7.76004068088038,8.988708177985901,9.660543421846199,-2.400774
451,1992,11.0398841383201,7.18538701558042,9.046809165593119,10.7475775640731,.51359028
451,1993,11.0549377125391,6.90575327631146,9.060714440020339,9.430262938075961,-4.112175
451,1994,11.4147381932593,5.42053499927229,8.98654660932039,9.72114486539483,1.4038867
451,1995,11.4506063354527,0,8.886174105351961,9.4733539570151,-.085406095
451,1996,11.6554379744969,9.160940021681061,9.595929250079561,9.80657837597224,6.7917976
451,1997,11.6879051646344,8.38480400337049,9.74152729048404,9.607446925493299,5.1754065
451,1998,11.6937150528473,8.197814032221199,9.8224618618931,9.717221302894449,7.1530528
451,1999,11.7394311978282,8.04109100370863,9.86677169959947,9.747024356011259,9.055728
452,1990,12.1627470920499,7.32052696227274,11.7345398477019,11.4120931241295,11.063095
452,1991,11.9209139742724,8.312380596786751,11.6576611049362,11.1930956158725,9.9549427
452,1992,11.6428236924045,7.84463264446468,11.5691611754726,11.1168054814744,16.559053
452,1993,11.4116695949294,10.2853427950052,11.7111367749854,10.4767792048359,15.069031
452,1994,11.6309125873048,0,11.5996406314272,10.3854079390423,14.024921
452,1995,11.8396961339093,7.79152281915073,11.5097012728444,10.7052406525083,12.973185
452,1996,11.8426235854075,8.83710041116275,11.4623456002417,10.7365383210935,16.336609
452,1997,11.9234260407606,8.8305430106166,11.4167482093643,10.8342157207384,18.103458
452,1998,11.9523311216447,10.7110565706943,11.6868896964037,10.8322843280567,17.188004
453,1991,13.313927748058,9.903487552536131,13.1334627508255,13.1140139521497,22.721874
453,1992,13.3767899011116,9.723283751713179,13.053908718198,13.0146570148542,25.599596
453,1993,13.4554592695226,9.820051594294091,12.9803806008014,13.1176322153446,28.142744
453,1994,13.4558560221982,9.86490263722056,12.9109957173163,13.1401812045164,29.86828
453,1995,13.4949062352359,9.90143544841,12.8445429189992,13.1392883642453,30.470818
453,1996,13.5131339998462,10.0891368994228,12.7900222360468,13.1016876150936,35.551136
453,1997,13.4633860028698,10.5970846318764,12.776829568467,13.0963556902245,32.709415
453,1998,13.5239134418547,10.4873777471591,12.7542691957253,13.1465628413202,33.457222
453,1999,13.5155417397868,10.2961037997754,12.7175702434709,13.1428457767085,34.75079
454,1991,13.782651862258,10.8855660249483,12.5255338689578,13.7428555266381,25.666882
454,1992,13.8201608511203,10.3654275075723,12.550228856092,13.6472330985388,26.791063
454,1993,14.2618271912099,9.10620133223504,12.4954577669704,13.9420068556498,30.407246
454,1994,14.4219204228222,9.64121328401888,12.4647667215498,14.3186196934962,33.869511
454,1995,14.7851305197796,11.2420087321843,12.62669201229,14.5460329375864,29.913116
454,1996,14.9359912721733,11.7656977189955,12.8737943199989,14.6154626691138,33.64883
454,1997,14.8622536971946,12.297863001653,13.2057275781919,14.5805748073363,32.752251
454,1998,15.0053798343866,10.0652662080988,13.1586926065516,14.6373516219751,34.3638
454,1999,15.1478297735102,9.96669706593401,13.1093950509805,14.8345205749131,34.33532
455,1991,12.4431129158525,8.041734711487541,9.72799661386297,12.0843299740556,2.7856395
455,1992,12.3242888285969,8.67539280608978,9.92818992117647,11.9104117285752,4.6568785
455,1993,12.3027569052004,6.361302477573,9.84387554285493,11.8906208212543,5.6833177
455,1994,12.3198253877418,8.289288323000321,9.92638831682231,11.9166234127938,6.2846951
455,1995,12.440757989249,8.15937473677543,9.96833383880915,11.9463535643195,8.2235317
455,1996,12.8227861651917,9.139595967450431,10.2052204482106,12.4642041341898,9.2709894
455,1997,12.6195200275791,10.0685781724017,10.6946934050603,12.1308082038524,13.071149
455,1998,12.7565726197547,10.0687477214018,10.9895649398911,12.4095112072484,16.071482
455,1999,13.0204471472355,8.200837258379851,10.9321708173777,12.7134278125809,17.362402
456,1991,15.7668943708572,13.0162714832433,14.7302032937225,15.2689462313483,31.487595
456,1992,15.7380156419775,13.3350460035343,14.8403845907406,15.3155196153428,37.922836
456,1993,15.4842382271088,12.7636950193638,14.8401612227436,15.0064918854345,45.684708
456,1994,15.7865709989493,13.0932043552401,14.8816912485281,15.2681016063261,43.894192
456,1995,16.0639242762912,14.0515166312274,15.1174519689808,15.6545472912404,46.111511
456,1996,16.2045399834319,13.1722672069325,15.1230620724751,15.7733266721186,47.255569
456,1997,16.2212705395292,13.1166611505666,15.1199290238152,15.8095644544345,51.857868
456,1998,16.2383485407106,13.4162263089312,15.1555021774626,15.6628187853056,52.167946
456,1999,16.3094848918961,13.3567665011507,15.1766636339803,15.7047655286482,54.377808
457,1991,12.2525871012017,9.68034400122192,9.29613267286107,12.21314683709,-7.5234623
457,1992,12.7330795185715,8.006367567650249,9.45404704565061,12.542544927976,-2.7756753
457,1993,12.9071588955762,0,9.36164414606735,12.7626417677324,-3.1827977
457,1994,13.0138887117355,10.2853427950052,10.5294821315589,12.8138721120115,.37695432
457,1995,13.0759278630613,10.1064283965328,10.9262154203045,12.8209859631504,-1.5086501
457,1996,12.804844684582,0,10.8337719152466,12.4776350647316,4.0978551
457,1997,12.9074849237636,0,10.7413258116427,12.6872753853966,.72746927
457,1998,12.7793537964095,12.3686165747155,12.389308367681,12.5396535959611,1.1386079
457,1999,12.7145978388465,9.350102314351339,12.3398326995097,12.3160607753783,2.7886269
458,1991,12.5695786495609,9.661798083934819,10.3183219646482,12.1040064615672,5.8408031
458,1992,12.4638427683681,9.8199972420371,10.6982319263308,11.852201031636,9.2705507
458,1993,12.3578002787314,9.56317796268366,10.8714443093252,11.4239748025041,11.144386
458,1994,12.5322909180603,9.511333458487639,10.9887038475339,11.4297052642462,13.738341
458,1995,12.5831656038082,9.246575864558279,11.0312977369029,11.3295095981129,14.510127
458,1996,12.6094822631965,9.261318616740811,11.0664789746403,11.4954075864084,15.05733
458,1997,12.5799484194615,7.67554600253785,10.9811587661222,11.6087574920997,15.065563
458,1998,12.3011819095069,7.64969262371151,10.8975445568162,11.9509482068949,13.708996
458,1999,12.2786027417618,7.46737106691756,10.8106527732998,11.0051770764799,13.723855
459,1990,11.7842414323365,5.8664680569333,9.32044959465621,11.0572740942423,5.1075912
459,1991,11.8460231109503,6.62007320653036,9.300199357344519,11.1191494979604,4.063323
459,1992,11.7193904600169,7.88231491898027,9.43443547042579,11.1157130684618,6.8350706
459,1993,11.6202634816859,7.17011954344963,9.449231280258029,10.8518678230569,8.3427181
459,1994,11.4597772289213,8.006367567650249,9.575559708404709,10.7823988744365,9.7833557
459,1995,11.388154244586,0,9.48485361475961,10.8886951064534,11.461256
459,1996,10.9995986865735,6.90775527898214,9.462296816342869,10.7809624066505,14.398117
459,1997,10.783927150098,0,9.36612115104089,10.4598958901791,5.620491
459,1998,10.85044747894,7.25134498337221,9.37731983847087,10.1886579234646,6.367662
460,1991,12.6840999261669,8.75273950944749,9.507908416774519,12.2711479500658,10.695697
460,1992,12.7542717239526,9.636130846545591,10.1959108675131,12.4648307195236,12.281803
460,1993,12.6532143266701,7.96032362914884,10.2139604302887,12.632852566964,15.744249
460,1994,12.7807743298942,0,10.1290521707013,12.4869958590324,16.000021
460,1995,12.9479951603822,0,10.0441490901541,12.6014338283977,18.824795
460,1996,12.891835478462,0,9.95924387279098,12.3851722595726,15.501802
460,1997,13.1525647726295,0,9.874341914930319,12.6338616268832,17.01288
460,1998,13.3718120582002,11.4697465283763,11.4974686210636,12.7215654794307,16.647575
460,1999,13.2593738228591,9.74963682771787,11.5597050378263,12.4221413455745,16.602793
461,1991,12.2873557570992,7.81722278550817,8.277818626991611,11.4234347772512,-7.8477392
461,1992,11.9676367336303,8.732627099660389,9.151736207660131,11.5872315549089,-5.1459498
461,1993,11.7525773945258,7.96935774201635,9.331725800107151,11.2843349337304,-3.3263397
461,1994,11.9043286427814,7.43602781635185,9.37957668922148,11.6304587955686,-3.2429173
461,1995,11.7235086875079,8.318254328798851,9.574691776354429,11.3638721134038,-.70095056
461,1996,12.00164467609,9.36777137992501,10.0503244085832,11.3352604728501,-2.9843431
461,1997,12.1450347459332,9.96735397286454,10.5756357905,11.5969436608446,-4.7587547
461,1998,11.9911395284262,9.533003413323209,10.7648932844057,11.5370867235275,-2.9258156
461,1999,11.801370722803,9.41629707186757,10.8859292548525,11.2570983450066,-4.0718212
462,1991,10.9294461593143,0,8.55971613849613,10.1624892075888,-.18591078
462,1992,11.0373288004487,6.3919171133926,8.57902179403917,10.3928053709039,-1.7753015
462,1993,10.9518506164745,0,8.48656902187243,10.4023105435388,-5.1371126
462,1994,10.9997459476399,0,8.39407595416915,10.2038657577335,-5.579381
462,1995,11.104855835647,6.90775527898214,8.49874404774771,10.2410604367545,-3.4158556
462,1996,11.2484700680714,8.486940148245219,9.063717950236381,10.5365747334258,-4.8567634
462,1997,11.3077929127735,9.348797115123199,9.7756087254477,10.6001399625982,.90261638
462,1998,11.2743536135567,8.26616443661249,9.868885755746049,10.5376105119724,3.9325902
462,1999,11.1384494061976,7.76089319585102,9.882074929892701,10.3858038050423,3.2018485
463,1991,11.8493977015914,0,11.2179394502214,11.0124944176264,-1.7664953
463,1992,11.289781913656,8.41183267575841,11.175177414845,10.8182403687753,4.6121387
463,1993,11.289781913656,6.90775527898214,11.0855352486961,9.29264183594511,4.6121387
463,1994,11.1562505210315,6.23441072571837,10.9894147242301,10.5479079346586,2.5811138
463,1995,11.5732582795092,0,10.8853862335059,10.5812298508187,7.5832591
463,1996,11.4675096014397,0,10.7831039265409,10.7717016810542,9.3283262
463,1997,11.4937630327055,9.62773405094962,10.9383059316635,10.562483168349,10.034226
463,1998,11.4913136019938,0,10.8342786442038,10.5824571892404,10.246909
463,1999,11.3815517428995,0,10.7302495597399,10.2554770740123,13.676161
464,1991,14.9640610329751,11.5327280922664,13.9473188669324,14.6337403434311,29.811577
464,1992,15.0103604449076,11.3409502002304,13.9119386581173,14.8134022321317,34.158031
464,1993,14.9817982589964,10.8835790334609,13.8509001918962,14.6057164970494,35.361351
464,1994,15.183751659784,11.6311439613554,13.8459379149418,14.7062775412403,36.838364
464,1995,15.1274788986253,11.7597699177797,13.850665710221,14.8079881881738,39.265629
464,1996,15.1062460358768,11.2332115621676,13.808078105593,14.4599246650399,39.601826
464,1997,15.1473575191437,11.8863837769433,13.8275255875425,14.4755154933572,42.689533
464,1998,15.0759982026636,11.9735098722995,13.8546842507813,14.282469668436,43.255737
464,1999,14.9998181820073,11.9511481373166,13.8747985692677,14.2856182249676,43.191414
465,1991,14.3006854316989,11.2755815642549,13.9219205427367,13.5990587164258,30.270967
465,1992,14.3838494158695,11.4475332462032,13.9068578960733,13.632725839861,37.341118
465,1993,14.320062224368,11.5594272986216,13.9016233897164,13.5496020212721,41.732582
465,1994,14.5224431268187,11.1323090548315,13.8639681906608,13.6017989966869,38.026981
465,1995,14.8076757236245,11.0551507567371,13.8217228218334,14.1389506838882,39.764889
465,1996,14.8170849599182,11.9976760710641,13.8648951168747,13.9866431777167,42.446465
465,1997,14.8400997354877,11.9845964533998,13.8991767544045,14.1175993902856,46.087795
465,1998,14.9261972849158,11.5684547747627,13.8866423270447,14.1044274162254,47.053768
465,1999,14.9134641735784,13.4682355812924,14.2623046680427,14.1792374774422,48.547443
466,1991,12.1908635795911,8.37701116081637,9.186826064911109,12.1449261658701,1.4249601
466,1992,12.222436857352,9.362718052397071,9.89396737915197,12.0916015922416,3.257926
466,1993,12.1743426894055,6.68461172766793,9.834683948851181,11.791400106577,4.2143555
466,1994,12.3463541514595,0,9.73466053351688,11.9613946740642,2.4817352
466,1995,12.2646794630134,0,9.634614149515739,11.8354820607825,4.4472227
466,1996,12.2952473396573,0,9.534573732449561,11.9728276242974,4.8669381
466,1997,12.4346368014523,10.3245306906076,10.5536280622407,12.0582642273321,4.2518244
466,1998,12.4536015405821,9.193397651245871,10.6676755062003,12.265527261655,5.9833393
466,1999,12.5993996127292,9.67965626478542,10.8633280751094,12.1330411872037,6.5304904
467,1991,11.3165651683382,7.43779512167193,9.356533762095079,11.1145635554915,6.5781655
467,1992,11.2810055045711,6.89972310728487,9.34162298799688,10.9393850224999,1.873005
467,1993,11.2139076190335,0,9.2412865608662,10.8365195135223,7.2497959
467,1994,11.262552509468,6.2841341610708,9.192094931634831,10.8159810002552,3.3086505
467,1995,11.5226813980489,8.821437352167001,9.60467038100373,11.2251639506502,1.834489
467,1996,11.8609308611948,7.55642796944025,9.61967797229822,11.1891869600594,5.467082
467,1997,11.8830703930055,0,9.51930192182046,11.1170224098134,7.4280343
467,1998,11.9176048759492,7.87663846097546,9.584486796826919,11.2362253353249,6.1552081
467,1999,11.9270246751735,8.55429627936774,9.7692644921932,11.1793729205678,7.2363186
468,1991,13.0308048292771,10.889099102117,11.770642795298,12.7735719497318,-14.458904
468,1992,12.8399888411106,8.77801780969814,11.7212046874958,12.4385125681085,-11.084214
468,1993,12.5259596140912,8.63301875692183,11.6667155083474,11.9641415833332,-18.68214
468,1994,13.2134729345703,10.8307775698687,11.929780790889,12.5966838046425,-10.67349
468,1995,13.2893638020006,11.1651111494637,12.2023171022975,12.8147385233752,-14.427419
468,1996,13.1425080425834,9.83777500917075,12.1873280583121,12.658132131243,-13.744755
468,1997,13.2201064018093,11.343263437123,12.4252366890966,12.5988352015742,-12.100042
468,1998,13.0219216661522,8.27205962221041,12.3393825136199,12.320102172409,-6.4976702
468,1999,13.2464258215902,7.48605261786314,12.2461963162791,12.698713293405,-3.2786808
469,1991,15.0631156302105,12.6768540971936,13.3791315513863,14.8959276010777,17.225163
469,1992,15.0888175088695,11.8865558495584,13.4896064415231,15.0765784790148,23.802984
469,1993,15.1030432602491,13.0732571632964,13.907905036695,14.8443864726238,15.115396
469,1994,15.0194591105676,12.0955264854069,13.9607917628888,14.8196626116085,26.069059
469,1995,15.0180534948025,11.8502402037297,13.9721395357013,14.6020685144899,27.338034
469,1996,15.233786157026,11.7515643412427,13.9702445533442,14.812737568531,32.050064
469,1997,15.4501658790571,12.0820898057443,14.0028716449676,15.2411168347643,33.358879
469,1998,15.2161575399657,13.4969540715666,14.3482761116025,14.9428752479199,35.008396
469,1999,15.3406207743084,13.3712666790319,14.5469223697768,14.587990505042,34.30043
470,1990,12.1667034462294,10.5713169251118,11.0596609517288,10.028013997224,8.1682043
470,1991,12.0355226278083,7.60738142563979,10.9761288284752,10.7841276337144,13.914467
470,1992,11.6005827917269,8.271548374755509,10.9272990650146,10.6834535883553,11.53963
470,1993,11.278935358905,0,10.8105235915449,10.5466236295515,6.3141961
470,1994,11.7906032972403,0,10.6932009419474,10.9805078030672,5.894753
470,1995,12.2192650022445,0,10.5772480192959,10.8595318949704,16.5005
470,1996,12.1449591403444,8.76608245914886,10.6129090845174,10.9030456811564,19.716755
470,1997,12.0989285884548,8.507344855361421,10.6071739994036,10.9084836341899,15.37816
470,1998,12.239934389453,7.14913159855741,10.5246821287751,11.1504407864894,14.576442
471,1991,11.9334633918408,8.87416809036397,10.8435983212952,11.5669662659988,4.8754244
471,1992,11.4579787691986,0,10.7673327474988,11.2486315308215,-1.5693965
471,1993,11.3957725132111,0,10.690118245559,11.0465466599026,-.7132085
471,1994,11.4940632887161,0,10.6256642690874,11.2141193544674,.18827814
471,1995,11.6195326595685,0,10.5607640024802,11.3802253971118,1.2715831
471,1996,11.7105520579557,0,10.500377104604,11.2674953250904,1.6593995
471,1997,11.7380284289038,0,10.4365246646673,11.2165678030313,1.8157362
471,1998,11.7648241183486,9.162724518034519,10.599413369109,11.2859169012271,5.0109839
471,1999,11.8624478398336,5.07517381523383,10.5425639007082,11.338046964778,3.2438862
472,1991,13.4357219724523,9.595262578853021,10.8828319537008,12.9730344087773,-8.8449907
472,1992,13.666957458046,9.881599752778101,11.1065439370777,12.658765799666,-6.8343177
472,1993,13.303583093698,7.61381868480863,11.0370244804584,12.7330211288403,-.55228251
472,1994,13.3924696955682,10.0484533227863,11.2559924246666,12.897829322152,1.792007
472,1995,13.5364420356605,9.265017933266879,11.2801279638776,13.1381003363291,4.7402234
472,1996,13.6191489348241,9.27565983809682,11.2999970609274,13.1982473035303,2.5602872
472,1997,13.3749671988496,9.32758993202642,11.3220615256985,13.1853305652676,7.7350783
472,1998,13.4545377263504,10.3723029761451,11.5291845664862,13.2838201649808,6.5478058
472,1999,13.5321213102291,11.1755067806086,11.9290014118208,13.3977900012587,7.3948288
473,1991,11.73518310398,9.464982590349759,9.133977551870171,11.0451263407069,-5.9227157
473,1992,11.2538149959469,4.35670882668959,9.02709038432365,10.8282880903887,-2.0217907
473,1993,11.8238558519485,7.41336733569524,9.10059246801268,11.2517233990038,-.58729231
473,1994,11.8321717041057,8.799360083179909,9.549971898495659,10.9814289252514,-.58729231
473,1995,11.6917105584515,7.6226639513236,9.56831547034772,10.9749019765176,2.5899429
473,1996,11.3412815508839,8.64751945309181,9.77716440370205,10.6710093382148,6.5165911
473,1997,12.0349647624324,8.268731832117741,9.852331090891809,11.3216186003303,2.7383385
473,1998,12.3109920421702,4.77068462446567,9.74243813101771,11.7618167729634,8.9894657
473,1999,12.4762109614282,7.10906213568717,9.69194519637122,11.8594508946198,13.384374
474,1991,14.0374816858567,8.96405612822033,10.5093515009754,13.8485136652302,11.3949
474,1992,13.7873934425594,9.803225130597729,10.8159770689362,13.7595341840347,12.48512
474,1993,13.7219623459308,0,10.7080106200758,13.686852979964,8.0431261
474,1994,13.6377633162459,10.1177114416757,11.0474220943534,13.3469296097457,7.2398849
474,1995,13.5747393293293,9.246190024869881,11.0899016002041,13.3910103191714,10.083363
474,1996,13.4973668793585,9.98100399496396,11.2526951220717,12.9581438472781,5.1732039
474,1997,13.9436979033606,11.2047413206679,11.7838872797399,13.4744832764278,8.5577173
474,1998,14.1216556943537,11.601641222012,12.2509790873274,13.6364120257877,11.342702
474,1999,14.08584090103,11.669424813087,12.5593626670775,13.425224823511,13.456376
475,1991,12.0677056678547,0,10.4639201496492,11.7569272839837,7.9156942
475,1992,11.9477246002865,0,10.3470316966912,11.6557567628557,7.999691
475,1993,11.9744641613284,0,10.2301871925085,11.5515406448239,11.564173
475,1994,11.6995795612276,0,10.1133107809473,10.9677688840581,9.5428352
475,1995,12.17304942734,0,9.996440410584951,11.6794007860598,10.553585
475,1996,12.0394964906525,0,9.87956876546555,11.4793221821227,9.8400269
475,1997,12.2351574625135,0,9.762701335771011,11.9522339599058,11.03678
475,1998,12.3869989295401,10.0523815832176,10.4629890482262,12.0690082516447,11.543837
475,1999,12.349436698962,0,10.3461199849857,11.9545260672064,12.511815
476,1990,14.5249933834738,9.59089784437816,11.2237355896882,14.4972350316131,-3.7661135
476,1991,14.4539322651883,8.910315776326019,11.2239999531013,14.4450352950641,.15953895
476,1992,14.514648514113,7.77191025643576,11.1564190782535,14.4707603174614,4.5691142
476,1993,14.3944942185846,8.19753873972118,11.1084129030459,14.3413879954731,4.8689313
476,1994,14.4671132363405,0,11.0083751104518,14.4211186448425,8.9103756
476,1995,14.6573724896078,0,10.9083329698865,14.6188462011205,10.250768
476,1996,14.7310191180606,6.75693238924755,10.8231047455984,14.6959753088791,7.314786
476,1997,14.7323316833505,8.36637030168165,10.8002284251656,14.6674947226268,.70113331
476,1998,14.7554748877376,10.0798329543017,11.0735969079087,14.4153054751014,7.7158933
477,1990,14.9243139762478,11.1647004340341,12.7046880267652,14.3154891348799,21.340189
477,1991,14.8866086732339,10.7415572498157,12.7401648900335,14.2427708667711,22.410093
477,1992,14.8412862649381,10.3039401188207,12.7230138310695,14.1355212476281,29.674644
477,1993,14.9057293082503,10.1906194736824,12.6980031760663,14.1323669413635,33.982895
477,1994,14.9369374708953,12.565085354765,13.2297418955248,14.2331137291353,32.515217
477,1995,14.9202333686851,11.5263844846544,13.2887303337412,14.238769752585,34.488602
477,1996,14.9906867432301,11.2887063354291,13.3066584854642,14.3169923466396,35.513554
477,1997,15.0573797727266,11.1068201519746,13.3053019104959,14.3744312126399,36.145744
477,1998,15.0680550689021,13.0354058171484,13.7397186611125,14.4266207982898,36.29916
478,1991,11.4351378759447,7.44249272279444,8.091872254596719,10.7611872652115,11.404468
478,1992,11.6026238879925,9.8934877204578,9.978956740672009,10.9367407581096,18.405977
478,1993,11.5354745937355,0,9.86331118288861,10.9977905066262,15.082774
478,1994,11.2678366729146,0,9.747728079294451,10.2984703057831,11.149492
478,1995,11.8083126551237,5.27299955856375,9.643258506865649,11.163855554455,10.123527
478,1996,12.2898070631313,8.464003362902121,9.786987443577249,11.5356794065725,13.549134
478,1997,12.2906037117552,0,9.671353709383791,11.4830347321325,13.321201
478,1998,12.5001679674526,9.85760066976365,10.3157958591263,11.7509352779829,18.101128
478,1999,12.5903312719451,0,10.2001603371385,11.7273209010374,18.35331
479,1991,15.8955031136036,12.7672586286351,12.5926335226633,15.5040374499031,28.953426
479,1992,16.1073568902417,12.8114481601541,13.3261096112732,15.6797214391934,35.364304
479,1993,16.0214875033331,11.1203420306926,13.3382716974444,15.6851584807539,37.337902
479,1994,15.9602225268758,11.8375492132338,13.4457893084418,15.6832392950723,40.687225
479,1995,16.1009087110213,12.1107999650227,13.5774382502256,15.9270568121847,44.172764
479,1996,16.284993151949,12.3569551334887,13.7281951347573,16.093840562764,45.477264
479,1997,16.0245651036502,11.8707817108969,13.7691128396127,15.8176384577934,44.600735
479,1998,16.1462997327667,13.170810625642,14.085652803056,16.0422670983568,53.07019
479,1999,16.3354370850329,12.8795756362421,14.2339978416326,16.1831648480923,49.10519
480,1991,11.4506124859264,7.15070145759253,10.1001680249089,9.918868574856649,-9.9438047
480,1992,11.5074608241386,0,9.98600719008456,10.3777316886301,-8.6100845
480,1993,11.6020035045926,7.81399567500279,9.984246926419999,9.784818067945841,-9.8597565
480,1994,11.9116780400242,8.070906088787821,10.0109733082706,10.6625623259766,3.3331361
480,1995,11.994611588822,9.57997102707513,10.3913280301609,9.81223045767001,-1.2904445
480,1996,12.2574534383403,8.513586695822131,10.4143451757901,11.1714119145734,-.94941509
480,1997,12.2672878051705,10.6310361598134,11.0789914354845,10.7711792623891,2.8976679
480,1998,12.3619558238859,8.635864721133739,11.0436143958494,10.8385721742887,4.091136
480,1999,12.3543223919536,8.23456499326713,10.9843821389406,10.8899257071758,10.5157
481,1991,12.7097704140267,10.9952598349394,11.1472948239376,12.6887499481066,11.674267
481,1992,12.8994990388257,9.70509758756311,11.2670837483328,12.7309270409265,.5920496
481,1993,13.0801749216697,10.0152972275881,11.4248873792774,12.8524139032958,8.7036762
481,1994,13.2946178618269,11.3708894388255,11.9964029132578,13.0226898530659,15.406132
481,1995,13.2592241810343,10.5964597177818,12.1106894130576,12.9943939516189,16.208935
481,1996,13.6444232934412,10.8899944074199,12.2570043245428,12.9096260221821,14.042196
481,1997,13.4375351248966,10.5114308125815,12.3079882342351,12.7519107287236,14.412576
481,1998,13.5611370945114,10.5786235002942,12.3604207344424,12.9743587638504,22.381617
481,1999,13.3249767505203,9.965099921663651,12.3409404572488,12.5568047293986,19.597544
482,1991,12.0736023357081,10.8197782844103,9.98439450202971,12.0525987320897,3.5836325
482,1992,12.3216498593884,9.998797732340449,10.6006242643227,11.9592618503259,7.5360994
482,1993,11.9722341295188,0,10.490801883684,10.8894310828731,9.4449291
482,1994,12.4626486681642,0,10.3809818068692,11.6992683910081,6.604949
482,1995,12.786903133839,0,10.2711642545826,12.4044129376558,14.279628
482,1996,12.8861833876191,11.2806654850097,11.4497854321585,12.5260841538195,5.2889185
482,1997,12.9537422208967,8.998878325435809,11.4183026488773,12.5677189755321,5.5531716
482,1998,13.2656176601358,8.761550139129641,11.3723360803591,12.9364855797873,8.9140768
482,1999,13.067059641282,0,11.2625211937992,12.5851294843297,6.4791331
483,1991,11.7400576443912,0,9.846668492873739,11.0063123871176,6.2822986
483,1992,11.6695044166909,4.06044301054642,9.74195637034944,10.8357241206878,5.7379208
483,1993,11.2798281202435,0,9.630142216184399,10.7975287222995,2.4557617
483,1994,11.4489361796451,8.528924114291939,9.811026809228981,10.6983928025756,8.2516546
483,1995,11.4072054736589,9.186252576447091,10.1217230791778,10.6183463610405,9.7153168
483,1996,11.4133720700809,8.030734924098541,10.1219119863104,10.6424640363136,6.6122441
483,1997,11.3634193601506,6.14418563412565,10.0357080863606,10.6649500009886,10.915304
483,1998,11.3119476775629,8.24064886337491,10.0691799412813,10.6353373358095,11.311519
483,1999,11.2053268852292,9.115919796356691,10.2651679482733,10.4682481309819,6.3111711
484,1991,10.9599561278752,6.19236248947487,8.707995352679781,10.2445394781638,3.2250845
484,1992,11.0206253580725,6.37161184723186,8.69228870311845,10.1476521873434,4.4630437
484,1993,10.8925022058666,6.66695679242921,8.70844145302671,9.88128029325123,3.4133043
484,1994,10.9272042701054,5.03695260241363,8.621427072659779,9.934147152916839,6.1946154
484,1995,11.0353108921991,7.02642680869964,8.69057490664072,9.76966012469507,6.2141414
484,1996,10.9049915314606,6.86693328446188,8.72196093704002,9.65222416712208,7.3715529
484,1997,10.8945434878658,6.07993319509559,8.674555850169,9.87050916454705,6.396749
484,1998,11.0841006558798,7.39939808333135,8.795521654940901,9.588547500220081,7.6401587
484,1999,11.1730533098683,6.96602418710611,8.82273482816878,10.2485926247229,13.371475
485,1990,13.0646211798839,10.5118118686558,11.0592045498984,12.9131558716325,5.6370187
485,1991,12.9678551083667,10.1185586087595,11.3134996609757,12.7672612651067,5.9973254
485,1992,13.0863603009932,9.79445363151199,11.4264237762493,12.6967117500498,7.2343116
485,1993,12.9589089694074,10.10968838312,11.5776170993854,12.4267475200301,8.9396133
485,1994,12.9444945699674,11.0457498331675,11.9497903980437,12.5180146845313,9.9461079
485,1995,13.2177015559677,10.4350859211174,12.051166430358,12.9019074954339,11.782119
485,1996,13.169178840596,10.0025633607268,12.0750563730519,12.8317711237949,11.998913
485,1997,13.1079953909196,10.5227728844976,12.1639127772892,12.719431877793,10.780199
485,1998,13.0647402627344,11.0679187922415,12.3420033450146,12.6880823003816,7.566721
486,1991,13.7208028256191,10.1774382801016,11.7910040714043,13.6280387022576,4.506918
486,1992,13.8194593424686,11.3542344936008,12.2054914766843,13.7108480303459,3.6232541
486,1993,13.7594221372493,10.865248658455,12.3441100582803,13.5768177223865,10.72803
486,1994,13.7045590097537,0,12.2440695331914,13.392332012769,12.082437
486,1995,13.6944042423037,8.255828427281831,12.1618558326292,13.4276579191887,11.468938
486,1996,13.5890522608938,8.01201823915906,12.0766510816921,13.3240164659654,12.718781
486,1997,13.9433737644013,9.157677719392879,12.0259029717743,13.5923998605614,12.458384
486,1998,13.9407178983352,9.24271075200663,11.9818022095198,13.5643639673993,12.736956
486,1999,13.6551032835772,8.812843433517189,11.9198814611523,13.2884395456702,14.534882
487,1991,11.7607525751753,7.60090245954208,9.502659178144491,11.7169736682445,-3.5424113
487,1992,11.7282850081146,7.60090245954208,9.54355731587672,11.5869217677969,-1.3592422
487,1993,11.8540919092569,10.0323204243791,10.4278077140768,11.7167443226924,-1.5863472
487,1994,12.6653244229362,9.39266192877014,10.6327665458895,12.5711535143921,-.2055236
487,1995,12.7169101031679,9.59641876628416,10.8269505024534,12.6173904119566,4.4349279
487,1996,12.7312053929972,8.370084326378031,10.8028559052143,12.170012140164,10.211355
487,1997,12.7673562887038,10.1889296180446,11.1111739529207,12.4430473889395,4.502563
487,1998,12.6836838129797,6.18001665365257,11.0165154354385,12.3302122067054,4.5514126
487,1999,12.7690867542728,9.61293469665933,11.119524294059,12.1866018725019,4.5683956
488,1991,12.8248776600703,8.92239159729586,11.4405644275755,12.3631621244238,5.7194786
488,1992,12.7009950790474,6.75925527066369,11.3604651889384,12.3755490342588,7.5518847
488,1993,12.4935204182142,7.54644627374602,11.2931026439231,12.1192145697567,8.667716
488,1994,12.5181338249069,9.01869548772134,11.3014263532507,12.3055583372462,8.977006
488,1995,12.5500705747898,3.97029191355212,11.2124593571811,12.2187324309404,10.485032
488,1996,12.5388000416247,8.00770001288403,11.1602155072173,12.3297508847859,10.795693
488,1997,12.5555141167449,5.35658627467201,11.0734091388145,12.3250157806286,10.783564
488,1998,12.5927139683245,9.05193063522854,11.0988862036419,12.0947633799225,11.259462
488,1999,12.5827267096796,6.05208916892442,11.3165638055961,12.2215794628211,11.773202
489,1990,12.2138253402731,6.47697236288968,11.6143351865087,11.3783404891863,4.6062517
489,1991,12.4608131823135,8.252706676567639,11.5256876803522,11.8988334030857,11.298381
489,1992,12.4861830591693,8.951440100949849,11.4780782939237,11.8888265889616,7.2987247
489,1993,12.6193053163168,11.3511239251458,12.0100437712387,12.1870805366524,8.8994789
489,1994,12.8563146816766,9.12118123565636,11.940244037147,12.2124910242777,14.185667
489,1995,13.1102422329582,11.5323260506742,12.3225988917575,12.3229382399764,11.486936
489,1996,13.1981444549569,10.3840910541125,12.3277330433819,12.375717588901,13.45522
489,1997,13.4839573646155,10.412261072176,12.3341241132553,12.6081487401789,12.97817
489,1998,13.6205703782399,11.2684816654853,12.492582656386,12.8222087185435,17.958122
490,1991,16.3799557437044,13.2568942703619,15.030514455444,16.0606532090365,39.699924
490,1992,16.3912111069543,13.631388180666,15.1482579291368,15.8853677105923,44.819767
490,1993,16.2987081004782,14.7875553402437,15.5812942763153,15.7731970546177,55.746346
490,1994,16.5291765216373,13.5164007705313,15.5896496969528,15.836568058314,48.688747
490,1995,16.6862596616424,12.4531787869356,15.5176651809759,16.3350235455468,53.807686
490,1996,16.6153725717946,12.3119675183938,15.4420419803674,16.1590160298075,53.678551
490,1997,16.7833523010194,12.0955823282428,15.3610651798837,16.3719261925412,60.982643
490,1998,16.8229875147474,12.0892129334793,15.2823837830003,16.4760914791387,61.806763
490,1999,16.8840991431864,12.7290096297785,15.2389195939795,16.5142290887998,63.683136
491,1991,14.3407101794273,11.281447276866,13.260173154675,14.3065689668101,24.708292
491,1992,14.3553002041145,11.0486175841093,13.2577039075522,14.089125354778,26.1276
491,1993,14.2704825476362,11.9406346620246,13.3921810270275,13.9408711847188,33.65802
491,1994,14.931687738892,12.1142917305377,13.5321363931397,14.4586668840294,29.04948
491,1995,15.3744520792677,13.006566368291,13.878998652597,14.8141846571592,29.444031
491,1996,15.6848087038954,12.8981417451697,14.0768482957335,15.0481618644763,34.917759
491,1997,15.7057000255124,11.4535681647624,14.034542628714,14.9816078275115,37.391373
491,1998,15.6016025474028,12.7367420722152,14.1526233750843,14.7711456808797,37.187233
491,1999,15.6427896272594,11.3872375176638,14.0981511685763,14.7947371248082,39.438007
492,1991,10.5349683374514,8.69951474821019,9.63121284142008,9.99217620778362,-8.929101
492,1992,11.1950687717711,0,9.529826297471489,10.370022380986,-4.9091754
492,1993,11.5660636390358,0,9.428471381466849,11.0140753929384,-1.8376563
492,1994,11.5540448836671,0,9.3271095605299,10.5071761258123,7.0923176
492,1995,11.6548256195766,0,9.22574116855221,10.5005956149998,10.800852
492,1996,11.6452556672107,0,9.124368454561219,10.7086754552071,2.2636602
492,1997,11.7029642308207,0,9.02299823312536,10.6674729165167,11.532869
492,1998,11.8804861182094,0,8.921631105474519,10.7728814313716,13.760379
492,1999,12.0990629962084,0,8.820256365906319,11.3437765687192,14.409863
493,1991,14.8139516399786,11.5934818868239,13.7084330135003,14.6030549120667,30.056931
493,1992,15.1787769731857,11.1579348160956,13.6853018676169,14.8480723538624,38.741096
493,1993,15.5616855734949,12.1834690993203,13.7906506963886,15.3809548657275,30.919189
493,1994,15.600881042102,11.5180920949216,13.7884882211727,15.420310373148,33.79427
493,1995,15.5609980356287,11.6059512192786,13.7911062813011,15.4137763388916,35.664188
493,1996,15.9956453198449,11.1557789813027,13.7555800701811,15.4890905469872,37.958183
493,1997,16.0900907200831,12.1123497053942,13.8207442383349,15.8427209996046,38.526035
493,1998,15.6824576409213,11.5728722100213,13.8132294582334,15.5092280269378,42.620026
493,1999,15.5519758309867,14.4373684823631,14.7151617778143,15.4875145797677,41.886936
494,1991,13.7358124339168,8.720786883485729,10.2241860350413,13.3582319036431,14.582951
494,1992,13.5094122312948,7.75662333453886,10.1823155430343,13.0978896116511,19.206276
494,1993,13.4456115820843,5.31320597904179,10.0615761827346,13.2101859496929,20.873417
494,1994,13.0862371268732,7.59438124255182,10.0172804158102,12.6809290084637,18.420177
494,1995,13.3295200376619,9.06265209907658,10.2138064673934,13.0111987271281,16.467764
494,1996,12.9036342411796,7.34471905414967,10.1388442192092,12.3957015521318,18.410521
494,1997,13.0870328020153,6.79794041297493,10.0435233704474,12.7364786721878,17.03652
494,1998,13.1847884800274,7.49997654095212,9.987221899255889,12.755678098508,25.895361
494,1999,13.3751665324838,9.408945298843239,10.2858853099334,13.006596209105,30.344101
495,1990,11.2644641056717,8.006367567650249,9.59682651348654,10.971066860896,-6.1843042
495,1991,11.5929681726438,8.232174236383941,9.72850896999743,11.4184321307447,-3.6065328
495,1992,11.6699292137799,10.1206130315248,10.5565442417954,11.3030697153964,-.57358289
495,1993,11.6410819176171,9.928911604876291,10.8869639238367,10.6264334824752,4.0697646
495,1994,11.6635664214893,9.04782144247841,10.9257604068306,10.8602169013653,4.6758795
495,1995,11.6789807176334,9.564512185696801,11.038479985297,10.8990213610922,4.9940624
495,1996,11.8736105243043,8.909235279192259,11.0346848043352,11.2490775371492,7.170177
495,1997,12.0284968099663,11.0797705070404,11.6113326622431,11.1085658688888,5.2484813
495,1998,12.0977656636714,8.228443883004029,11.5309657559499,11.0297226055191,5.9522781
496,1990,15.4706426264791,12.0926239530226,12.5854367330402,14.795467815189,35.200764
496,1991,15.4669669592464,10.5966347330961,12.6113760739022,14.6369631606324,39.75869
496,1992,15.4967380752343,9.15525040565822,12.5322560618743,14.6867105752674,46.803852
496,1993,15.5568787268618,9.226607344440049,12.4579319253525,14.607880990658,50.004845
496,1994,15.4567904522375,9.686201810706081,12.4081155354664,14.6368151668636,50.255157
496,1995,15.5380712099913,10.0139997753336,12.3821191385619,14.7711387975726,51.176971
496,1996,15.5417465645313,11.3979746647459,12.5766943792765,14.8042007300541,48.573296
496,1997,15.6225772897241,10.2081004856479,12.5498077294231,14.920756804934,53.072826
496,1998,15.7000165694427,14.3934494478653,14.3766001735677,15.1106288786144,54.343578
497,1991,12.3100815481705,6.79346613258001,10.0716636997593,11.4738463736192,23.896164
497,1992,12.3095774904957,7.70345904786717,10.0829257898901,11.4981398205589,24.547184
497,1993,12.2060812288267,6.82762923450285,10.0411211446233,11.2000100566482,24.609167
497,1994,12.1525924880154,0,9.96108642491553,11.1677088394379,24.651211
497,1995,12.167766362055,4.72738781871234,9.88613282668299,11.1734635138018,24.920832
497,1996,12.1187882392149,9.43356392009056,10.2704612814623,11.0992792810897,25.929192
497,1997,12.1768578674389,0,10.1904431111406,11.1562735466921,25.795868
497,1998,12.2025775480228,9.820105943597079,10.5988098657789,11.1330387701052,27.008324
497,1999,12.2513639388102,9.54888189471877,10.7941424771516,11.1715386911764,27.175503
498,1991,13.8180440577467,11.9827228229435,12.6155789104869,13.401421142725,17.317556
498,1992,13.7955090168268,11.9419768828845,12.9348429699751,13.4194562626095,21.985102
498,1993,13.633696350549,10.4329975315062,12.9064771776918,13.122531046801,23.610807
498,1994,14.1492677860354,11.49237575868,13.0180727336738,13.5896756495793,26.952705
498,1995,14.410453325705,11.5320415821625,13.1082873736546,13.7625086157356,30.785332
498,1996,14.6634223939738,12.164375267974,13.3148593323557,14.0853944815892,34.596703
498,1997,14.7523663704126,12.0532186246772,13.4419383705826,14.0873918345665,34.062538
498,1998,14.7906487034319,12.0530554896885,13.5423305536853,14.0916022971866,30.770918
498,1999,14.7731636174631,11.335997337453,13.5300164900837,14.157542713659,34.279076
499,1991,12.3891378736487,8.9169084675438,10.1811495917056,12.2291013373775,15.563378
499,1992,12.4455546574632,0,10.0693282089853,12.0062347154418,17.502882
499,1993,12.2449392389729,0,9.957511614980341,11.6857301421997,15.099411
499,1994,12.1838186458111,0,9.845678338736519,11.5136418725234,19.190943
499,1995,12.340588973451,0,9.73385514685816,11.7366056980144,16.806829
499,1996,12.6371181734091,0,9.6220260918974,11.8544994066519,19.144815
499,1997,12.6399173791209,0,9.51020049010066,11.9152040345323,20.704508
499,1998,12.9471004518593,7.51261754467451,9.518567443157091,12.2073596270347,18.566298
499,1999,12.8629379568846,6.04263283368238,9.43525834806718,12.0741323336284,22.581087
500,1991,13.8177276263006,7.60090245954208,13.7046760875156,13.0468703156992,26.540169
500,1992,13.8815702574436,9.33406129896594,13.6326573398635,13.1380851773111,28.280218
500,1993,13.9918393107052,0,13.5477521512349,13.5165196586067,26.512327
500,1994,14.1361699742639,0,13.4628474131302,13.052233166343,28.757292
500,1995,13.9542058823378,10.8629143992874,13.4465465547636,13.4740449812378,30.444023
500,1996,14.1039962402441,9.655602949958411,13.3825020902449,13.5733330794016,30.353695
500,1997,14.168730879831,10.4872383063167,13.3473053106599,14.1446449523408,38.038895
500,1998,14.4669900043045,11.1225607695847,13.3568531956905,14.0699824452104,37.964046
500,1999,14.6060021980404,11.8627580532933,13.4578488416115,13.9658425301815,62.812191
501,1990,11.9631549515141,0,10.0713297880652,11.9222854254542,13.931643
501,1991,11.9155348978549,0,9.986393848531881,10.9968062675257,14.775517
501,1992,11.8183523015641,8.51919119407891,10.1137849441291,11.0668933255366,13.28586
501,1993,11.772489018871,0,10.0288727296623,11.0409844215895,21.249788
501,1994,11.798476271626,0,9.943976691666171,11.1135361429921,16.987635
501,1995,11.821178807298,10.0007503701563,10.5581355595705,11.1827873517635,17.058372
501,1996,11.8526017243279,7.77148876011762,10.5291826382886,11.1035182514595,17.33091
501,1997,11.7908482877963,8.94010521312812,10.6166848787767,11.2300282666159,16.814232
501,1998,11.7537571923507,8.718172930028731,10.6604073359931,10.2528913855038,15.07797
502,1991,14.6904251072347,12.5332410208632,12.0950583998403,14.4278486502631,27.7721
502,1992,14.7661954301154,12.1186120767599,12.7280776465425,14.4217339948559,45.07164
502,1993,14.0281060748291,11.4415261288399,12.2890185195506,13.5867308289069,25.673483
502,1994,13.9581990835082,9.956317166180661,12.2963328227819,13.4445991137391,27.370178
502,1995,13.9121357124963,9.49566967884437,12.2679003081087,13.4294736747196,28.382631
502,1996,13.9815274278864,9.157150543462061,12.2237686436758,13.4828641980667,30.711962
502,1997,14.0701153689113,9.7002079011507,12.2101682470925,13.515139158437,32.633034
502,1998,14.082357766791,9.395574350217171,12.1787271421347,13.5579504987093,32.345379
502,1999,14.1186155769133,10.7200463430113,12.2858196171704,13.6252568080378,32.989658
503,1991,12.0673163178514,8.534246945982069,8.40864983812259,11.8253910962406,.20564382
503,1992,12.1821481496336,7.26332961747684,8.59483918310535,11.8782832870624,3.215529
503,1993,12.203148214884,6.90775527898214,8.669210167945341,11.9747456731338,2.7182937
503,1994,12.3225194637361,0,8.569159259440839,12.1437250653967,1.9822725
503,1995,12.3790348172142,6.90775527898214,8.63825971939568,12.0054470016381,3.9035423
503,1996,12.3875926444612,8.678801706612649,9.224962939230821,12.0260926663212,2.1919537
503,1997,12.4328126488023,7.34858753092759,9.25886383391707,12.2477050232055,6.9217019
503,1998,12.6050119726426,6.91572344863131,9.244393912101041,12.3942881472253,5.8042293
503,1999,12.6324303100562,9.61939901559448,9.99645863514802,12.448350699253,9.9266052
504,1991,12.9794046215708,10.835021513823,11.8272090585938,12.7978435377887,-15.889676
504,1992,13.060863918484,8.006367567650249,11.7457214809977,12.7862379916684,4.3681631
504,1993,13.0088103888341,0,11.6415824971785,12.7137985160979,-.90414923
504,1994,13.316550545079,0,11.5374356218922,13.1300142026907,-1.6904802
504,1995,13.3593657557811,0,11.4332965883235,13.201202331235,-2.552048
504,1996,13.495419122904,9.179881164491469,11.4244570269826,13.4029688520753,-.89768428
504,1997,13.7333952830697,0,11.3203183931552,13.5717698563368,-2.3295574
504,1998,13.9123836480192,11.3789939923244,11.9046343891453,13.715086312497,-3.5463471
504,1999,14.2445977301532,10.7428972400743,12.0554322972734,13.9183453816567,-1.4603872
505,1991,14.8708006667216,8.97765140781844,13.097007619982,14.6334024999983,-3.0175354
505,1992,14.692620812791,9.001715906761181,13.0138320622931,14.343955243337,.66066784
505,1993,14.4651479009987,8.943244933132791,12.9308858725516,14.2472241444444,2.7575679
505,1994,14.6592471596531,9.61587214452889,12.8665915152234,14.4035603153794,4.6130934
505,1995,14.6877066783115,9.04061909715797,12.787161094051,14.3284016257988,7.9427552
505,1996,14.4953411754965,8.74289347151214,12.7032685046209,14.1319479531888,9.5905981
505,1997,14.5333074530146,9.496346040047021,12.6400941118531,14.1827067718191,12.213993
505,1998,14.5834836657886,10.2254623501453,12.6196428186788,14.2172703176527,16.239389
505,1999,14.7184825160085,10.1503476304677,12.5946062208031,14.1608314045498,17.934988
506,1991,12.1121721791882,6.90775527898214,10.2821397184096,11.6212168974451,2.1457782
506,1992,12.0913152676684,0,10.1706250224962,11.4163997237956,1.6477282
506,1993,12.070540655807,8.5358186555394,10.2440336226749,11.4272955250749,8.2866564
506,1994,12.0404637505795,0,10.1325495552139,11.4132148130874,9.2447309
506,1995,11.9766946446382,0,10.0210616774833,11.2855962248255,4.8455906
506,1996,12.0320321962461,0,9.909569022852001,11.4929600497901,1.4230639
506,1997,12.0770612509951,9.337413454539661,10.2261035186152,11.3486720255911,6.6158524
506,1998,12.24999206223,7.98104975966596,10.2096331207534,11.2686225861817,9.0704288
506,1999,12.0418068292557,8.53109609658523,10.2589567698786,10.9423012834422,8.0460043
507,1991,11.6699910333454,11.2123337538969,10.7162782591885,11.2328180483143,2.7798872
507,1992,12.0450246764992,8.287780027088431,10.6810402176955,11.417479587786,3.3965449
507,1993,12.0459126335823,7.8458075026378,10.6159494963079,11.5834940577242,3.5875139
507,1994,12.1524964823175,7.56371966841437,10.5385367603618,11.9033390523425,4.5976796
507,1995,12.3021171844788,9.046055177668331,10.6152503817019,11.9298914257839,6.0049648
507,1996,12.1984549303172,6.59714570188665,10.5073635318988,11.7874964961998,7.7829862
507,1997,12.1841476758937,8.89918494333876,10.557938082598,11.7747960413774,6.5142655
507,1998,12.2993550771652,8.25945819533241,10.5242011276385,11.9125873997169,5.3367996
507,1999,12.3190790263551,6.71052310945243,10.4196737825442,11.9085287251991,8.5473814
508,1991,12.8036489938831,8.014335737299421,8.452633336717771,12.6323841943347,6.4265313
508,1992,12.6801874327971,0,8.32370552500954,12.3666494534766,14.335984
508,1993,12.8243414213859,0,8.19483685503044,12.4813558976305,13.622175
508,1994,12.7560458090777,8.43054538469057,8.906176551998019,12.2948609596999,18.470602
508,1995,12.7813740776346,0,8.77732419478073,12.3562561286,22.225677
508,1996,12.75020519216,10.4101545411533,10.4392408832069,12.349093241378,15.792081
508,1997,13.0032895271458,9.61407064279063,10.6624950365444,12.5751577158514,15.310247
508,1998,13.0993965570408,10.1841072449874,10.9995582808408,12.6278592747281,14.790554
508,1999,12.9214602418385,8.26049285657318,10.9303585534219,12.746000282104,16.657537
509,1991,12.899453975411,9.39266192877014,9.557611235839619,12.7431695695089,8.5223789
509,1992,12.6580776450249,8.987196820661969,9.905879689094681,12.4596185094765,12.58285
509,1993,12.7450043943684,9.21034037197618,10.2047322355769,12.4708549741882,6.6071863
509,1994,13.3080327341925,9.903487552536131,10.649540227191,13.0011477406928,11.416131
509,1995,13.5059407177461,10.2399597891573,11.0325288148986,13.1579562704637,11.950315
509,1996,13.6465643616063,10.1266311038503,11.2397365245212,13.2463764478392,18.216923
509,1997,13.7141471450608,9.7981270368783,11.3202650458545,13.2942899776904,20.27343
509,1998,13.7449200886673,10.2750511089686,11.4853805634686,13.2390636557988,21.019972
509,1999,13.6832780172774,9.93401675757095,11.5444280079911,13.1184670132748,22.340958
510,1991,11.8689447024393,10.1983562393023,10.4678520474938,11.3561005463827,1.3519832
510,1992,12.0542141570635,7.41878088275079,10.3927728400639,11.6809596123238,2.183552
510,1993,12.0746901235626,7.22693601849329,10.3118684057252,11.3847739144289,4.886301
510,1994,12.4308826197043,9.75301343918129,10.6526132845053,11.8499408525612,.66320574
510,1995,12.7701049527178,9.461099090323369,10.7921706773487,12.1527129749898,4.4012713
510,1996,12.8774438541553,10.7352873647614,11.3188660887168,12.1536211106915,7.1268706
510,1997,13.2559224573599,10.0982316293286,11.4435978946207,12.6350543811291,5.8145728
510,1998,13.4466720485512,11.7361970080931,12.1421920412512,12.8074169892678,9.7400589
510,1999,13.5328176769561,12.2607028661813,12.7434083512393,12.8920602508835,12.614101
511,1991,11.3553083727115,0,9.87179046579287,10.9571895685704,-11.38625
511,1992,11.681774809569,0,9.75842709780351,11.2069600892739,-7.3373914
511,1993,11.6650021951307,7.59739632021279,9.75855426175848,11.262360559153,-12.584518
511,1994,11.8671442295881,8.05832730658096,9.816681608989059,11.4580931455524,-1.1846248
511,1995,11.9015128749905,9.83483390921908,10.3972687416929,11.448296149607,-1.7341141
511,1996,11.9693718197653,9.01724094201035,10.5003550835077,11.3314936010644,-1.7793081
511,1997,12.2697690817464,8.585412430393379,10.5177781966432,11.6946858704181,-1.1034898
511,1998,12.5005653291548,9.644911105223001,10.7364814544861,11.928989907126,-1.5277911
511,1999,12.5194739552842,10.3569170871608,11.1182341109855,11.9753955310019,-.12605341
512,1990,12.1580885420888,10.7877301864414,11.4085089480498,11.8329812169733,-13.975517
512,1991,12.2013505865187,10.2835664742539,11.6043773018424,11.949875399619,-16.457727
512,1992,12.2931348981131,8.67522205564115,11.5564053641304,12.0030503083205,-11.519714
512,1993,12.3054208329318,9.23542315234365,11.5503243272529,12.0292829731821,-10.203106
512,1994,12.3054922155223,5.64544689764324,11.4510798480426,11.9646592209535,-8.6158237
512,1995,12.4006233428266,0,11.3492929745171,11.7882159519457,-4.3395171
512,1996,12.2465378240972,0,11.2468496211057,11.9973134649865,.12347841
512,1997,12.2248627437177,0,11.1446650969989,11.9761072313129,.17121559
512,1998,12.2663946468603,5.69035945432406,11.0464707309397,11.938682837435,-4.4204221
513,1991,12.4077874433414,8.33134542484572,9.1107962416398,11.7168459242927,12.303996
513,1992,12.0719458835155,7.18083119904456,9.13785569694709,11.2300667309665,13.574737
513,1993,11.6956968409345,0,9.022105365150161,11.1757218492713,12.640765
513,1994,12.0466259719248,7.88193748927207,9.19032132126214,10.8031856000628,14.378609
513,1995,11.9204536978772,9.05916858417444,9.69771720927926,11.2203139187707,15.065614
513,1996,12.1395093996128,7.80669637252118,9.71766989148546,10.8327407894867,17.739695
513,1997,12.2131434965748,9.1689974084418,10.0396909970482,10.913497662517,19.709526
513,1998,12.1767064077987,9.35210031701402,10.3127222136105,10.9136347239207,19.711994
513,1999,12.1837728649738,6.06145691892802,10.2102587625167,10.8482598358573,19.267134
514,1991,13.3286980324682,9.687691938884459,8.854593568610269,12.1157349079432,22.652777
514,1992,12.9514258279603,10.7842340048854,10.8533484478496,12.2232463898503,14.978981
514,1993,13.3982727331853,8.35184673882824,10.8198642807125,12.4037115764553,24.275604
514,1994,13.2869054182785,7.66011431917393,10.7467515736366,12.32639373571,19.456272
514,1995,13.3450736626902,8.41227702146668,10.7222161709055,12.5132167779671,27.337568
514,1996,13.2904138138042,9.109746256740481,10.7821179532276,12.3399228116691,25.878031
514,1997,13.8040399257725,8.57130251706327,10.7654994852034,12.8540986222079,32.191387
514,1998,14.2972663490929,10.2029623170569,11.0805458902812,13.1568273054118,40.044998
514,1999,13.5785267591565,9.48857798559996,11.1396390252263,11.7319917162051,29.767902
515,1991,12.5718364814226,7.66058546170326,9.95733159100824,11.9127732033262,12.856506
515,1992,12.4585151309624,6.94697599213542,9.89239627104625,11.9747867820538,13.052629
515,1993,12.4056278631335,7.59839932932396,9.876943351813949,11.922645256353,12.735432
515,1994,12.5659667287475,8.68761084370737,10.0331903755322,11.8941230314486,12.523059
515,1995,12.449539828516,8.90422273736872,10.1941850739484,12.1265327662455,16.069878
515,1996,12.9653374994534,8.78706764521805,10.2901503328817,12.3430636951144,18.547514
515,1997,12.9240690115845,7.45240245122364,10.2285810099861,12.4425980110148,19.239138
515,1998,13.0624828064797,10.3734911817819,10.8511761711977,12.657455788683,22.165134
515,1999,13.0376044601509,8.63710728808157,10.8330656155371,12.4629641694137,22.301817
516,1991,15.25686399165,11.6260219804708,11.564661761218,14.9292814860888,25.624065
516,1992,15.2855852239094,11.9521863413814,12.3905996851246,15.0476625505117,35.093945
516,1993,15.3326370403721,10.9674393809406,12.5041978729219,14.8950611149309,37.296894
516,1994,15.4195255316072,11.4899126906612,12.7091836882907,15.042890878232,36.426495
516,1995,15.4761835156086,11.3865796229033,12.8312554433844,15.1286076001514,38.685074
516,1996,15.4849729586547,11.7575330078485,13.0042858984038,15.1259802101451,37.531647
516,1997,15.4909936242716,12.7352086072116,13.4378906487955,15.1884644155995,39.067059
516,1998,15.5271445260715,13.1354256926902,13.8552091376904,15.2433799706567,45.866451
516,1999,15.6380474888466,12.55954245852,13.9726782249626,15.5152664083937,41.056961
517,1990,11.4950001580308,8.33351070898294,9.858751658694739,10.8869475130414,2.7198534
517,1991,11.3980897342709,8.677780256064191,10.0331201045497,10.3850913630362,4.5282106
517,1992,11.1617732830806,0,9.921273441700009,10.6527378581986,2.2293596
517,1993,11.2246907995418,7.18083119904456,9.87454780863842,10.5879463211507,4.3104091
517,1994,11.1872420620646,7.00488198971286,9.81907280139376,10.472914892985,1.3278775
517,1995,11.4536027990535,0,9.707247582452929,10.6239131738357,5.0454116
517,1996,11.4857503227308,9.92132747066446,10.3785191453615,10.5534799360721,8.8228321
517,1997,11.4666229483425,10.8262969913974,11.1757155563359,10.7305895129754,11.13986
517,1998,11.7784489995929,8.335911094196939,11.1174428654153,10.8332752058329,10.696909
518,1990,12.4573804538684,10.0368814357067,10.6240310045778,12.2010978007506,2.2049603
518,1991,12.470224985762,10.2582206122375,11.0708280109941,12.2085287259264,7.1808105
518,1992,12.5355680215981,10.0645003483838,11.284579655345,12.153424579876,4.6615644
518,1993,12.5543197753784,10.67459064955,11.6211159724211,12.0535727849749,8.3419256
518,1994,12.6266280933079,9.89156678164044,11.6756759176644,12.2001482075454,10.846137
518,1995,12.6163888970309,10.5613960810034,11.8429304050685,12.1083072262966,11.821219
518,1996,12.6179290259833,10.2994745516102,11.9172272299905,12.1686117218016,13.579237
518,1997,12.5032323049421,8.43533216493592,11.8337494756644,11.9336305997208,14.42589
518,1998,12.6074158939363,11.6800149336228,12.3135696273181,12.0116623914386,13.662411
519,1991,14.8717091126755,10.4712132234349,13.7049812627061,14.330853658905,38.736904
519,1992,14.7734638634519,11.7191100220287,13.7234412109836,14.1533544574167,35.387268
519,1993,14.76207530073,10.4705895345787,13.6458264906539,14.2586313769003,41.796967
519,1994,15.2306275509895,10.6491797437598,13.5786019514793,14.7352456219763,41.912048
519,1995,14.6607821898356,8.002359546252711,13.4650137755361,14.0274597864647,37.764832
519,1996,14.9284778913082,10.7135507263131,13.4074424650286,14.3481942959323,47.357265
519,1997,15.2753899872133,6.98564181763921,13.2916685879198,14.8604925837173,46.108219
519,1998,15.1395280353999,7.50328963067508,13.1772431526737,14.5863935425723,46.243069
519,1999,15.0286367505979,10.5693919967022,13.1269146048388,14.5486958616613,48.891262
520,1991,15.2559143750453,12.4122612709948,14.3367651900783,14.7539199254147,37.923321
520,1992,15.2573176827112,11.7963811186835,14.3462025128797,14.7835854404316,42.019783
520,1993,15.3987358226679,12.7620045132995,14.4651340247283,15.0568025813283,43.760944
520,1994,15.7238718521726,11.729833616522,14.4596481502831,15.5536768002762,46.513294
520,1995,15.8042048264138,9.378563004390641,14.3984708167057,15.5625710337551,45.986549
520,1996,15.8002014234667,12.1566880547242,14.4244826083087,15.2130941950296,46.688705
520,1997,15.8986564448219,12.0395811298681,14.4375858144473,15.4411626500539,49.859875
520,1998,15.9969896415453,11.9511932990439,14.4428174104035,15.5641665401553,51.117825
520,1999,16.0815062827691,12.9544653003161,14.5596690056458,15.6689667863482,46.042873
521,1991,12.0100121997381,9.546812608597399,9.61575881232876,11.3747386847936,6.3552432
521,1992,12.0321792128886,7.90100705199242,9.674206454958821,11.4100467201525,6.7070255
521,1993,12.0133107285843,0,9.554957916751629,11.3455068034204,3.7784798
521,1994,12.1363767963758,10.2171297266574,10.5347513506228,11.6227084423175,1.280296
521,1995,12.2609929530988,6.42971947803914,10.4331388559521,11.5177946984602,2.2441757
521,1996,12.2248312428604,6.61069604471776,10.336917960926,11.044775419985,4.3149385
521,1997,12.2336081274919,0,10.2185281929543,11.3150151183449,5.0800853
521,1998,12.2936706416472,9.067047202149711,10.3626608701091,11.4272023865374,10.031729
521,1999,12.2888520430167,9.101529466118,10.4804295145314,11.3846409752044,14.944774
522,1990,10.9072156087823,10.0858091093301,10.0046894330451,10.5949174930472,-10.13651
522,1991,10.7548639633167,8.18785544369562,10.0840241839648,10.3594241509533,-20.144667
522,1992,11.5232911538555,9.60487933995079,10.5059794524188,11.2194316006028,-.73368418
522,1993,11.6376396838853,0,10.4455996115396,11.1104961744073,-1.1677556
522,1994,11.8596606334949,7.13249755166004,10.4199512524383,11.4244404180447,-3.3210926
522,1995,12.1735937638146,7.70481192293259,10.4194857753158,11.9273327543811,-.75705713
522,1996,11.820041619781,8.632662441222349,10.5011255334886,11.3752641625107,-2.8484294
522,1997,11.6268484106671,6.73101810048208,10.4612616455922,11.4070921415094,-.15683749
522,1998,11.8459893727915,8.206037762778809,10.490490577139,11.4133111740095,-2.1689429
523,1991,13.8239905135945,0,12.6660439311848,13.4429291666523,14.34961
523,1992,13.8628811427537,9.370842268630209,12.6664661829099,13.4917092298627,16.955061
523,1993,13.8607584804723,10.2310271545613,12.7124642535615,13.5100181233804,19.34317
523,1994,13.9975923391284,11.3787081228504,12.8890745362337,13.6328754571826,20.71208
523,1995,13.9882160995335,0,12.8360979011063,13.5655797068626,21.564503
523,1996,14.0244462977798,0,12.8009888348661,13.8241541975648,21.915667
523,1997,13.8867524641165,12.5812297374728,13.2988772689777,13.5957703586816,18.177029
523,1998,13.697225000102,0,13.2637679698908,13.3149134399141,22.17259
523,1999,13.6367949195783,13.3804183702837,13.9082953698915,13.1810101754793,21.568163
524,1991,15.9033495295837,11.983735019371,14.7001694775956,15.7688801388357,10.309235
524,1992,15.9427554126913,10.9121021915558,14.6189069549876,15.5959785572532,13.585186
524,1993,15.9316225493998,11.1981462246341,14.5489975848297,15.5485732780114,16.429108
524,1994,16.1815476378057,13.0051889065348,14.6418750505806,15.8830381239038,21.002951
524,1995,16.3729097214107,13.5448822400783,14.8187428777262,16.0987524588145,22.361378
524,1996,16.3800851462201,12.7465201763427,14.8272061197087,16.1740432181228,22.841185
524,1997,16.4125929517304,13.5567748024886,14.9567254309613,16.1675405362135,23.94301
524,1998,16.5082846731326,12.8139750695255,14.9562900479561,16.3198900339869,27.669102
524,1999,16.5307450295307,13.630930051664,15.0721958526426,16.3906412188778,28.822653
525,1991,14.600576284346,10.4504811576846,13.5346678436905,13.9889288555425,19.145067
525,1992,14.5349550301498,9.7696132439798,13.4346564981446,13.6895515824522,27.07041
525,1993,14.4047917785948,8.753529336516429,13.3199583659073,13.1432074062132,32.117062
525,1994,14.6623975130798,8.51177855871474,13.2039466823636,13.5533307966052,32.71413
525,1995,14.6732224570367,11.149254678519,13.1994623719874,14.0268883682178,44.089329
525,1996,15.1183772313287,13.2006698093925,13.7543784949213,14.5446623888307,47.834961
525,1997,14.837390891635,11.1645304334671,13.6994336036232,13.8782338570953,46.970894
525,1998,14.8450242401528,9.633907315448329,13.591224604357,13.7804621856982,44.493526
525,1999,14.9006320490856,8.44117570499232,13.4722709542818,13.9342235262319,44.190132
526,1991,15.5740273172661,12.6561668917815,14.5862218847929,14.7660567991315,41.209114
526,1992,15.4504338886947,12.5306494107383,14.5975813402129,14.9684178812632,46.440727
526,1993,15.7400792156028,12.8508511980618,14.6494396388263,15.1280497756744,49.984035
526,1994,15.6909608410229,11.6161406811177,14.5820600474705,14.7012423127415,54.479824
526,1995,15.5787260371746,11.9596284810946,14.5355763595234,14.4372233208255,56.080231
526,1996,15.777572474131,11.2084769513408,14.4539226331579,14.9873231504753,57.106865
526,1997,15.7268769063772,12.2234458535875,13.5021084085947,15.1536032832809,58.001385
526,1998,15.5480822872127,13.2433395318486,13.9343231079333,14.6485301556053,58.779083
526,1999,15.6390638756686,12.6286537686857,14.0453142015451,14.5438324265193,61.903683
527,1990,14.3027318149087,10.7338499570742,13.3567886501056,14.0158575471968,29.38821
527,1991,14.949877742043,11.3072779612728,13.3702983461836,13.9763883691691,42.90818
527,1992,14.5923478405423,11.9594237452991,13.4828576185333,14.0541712788731,48.08215
527,1993,14.8704393691588,12.0876212615788,13.5963099729316,14.3281470641344,42.187687
527,1994,15.1456350834316,11.1665968130856,13.5656805702133,14.5889363965118,44.048275
527,1995,15.2923316662095,11.4232304903514,13.5580229432874,14.8323922500124,52.641521
527,1996,15.1973638356749,11.7571570915481,13.5885169797988,14.5468681117864,45.596233
527,1997,15.46615583679,12.6869976686482,13.7980190699271,15.0329160145998,49.395241
527,1998,14.9707959549062,13.1318383477668,14.076938846081,14.4111034124012,50.989384
528,1991,14.6472751478386,11.724943355001,13.1528322508423,14.4065071966018,27.597872
528,1992,14.423738551506,10.0399832971247,13.0831671439514,14.1607486454757,17.709011
528,1993,14.3527017596653,8.437933510430611,12.9775290321175,13.9635322166324,18.992781
528,1994,14.5359898537944,9.155672970633869,12.8841150714893,14.3017359189229,24.016026
528,1995,14.7307301968328,10.5353974236249,12.8584491323373,13.9878295006925,27.945055
528,1996,14.9544309326812,10.6257808288268,12.8410868787231,14.3150840323207,28.152079
528,1997,15.1451160312742,11.3637639850274,12.921820740409,14.5695780761176,34.306385
528,1998,15.2775797989051,9.03860260872187,12.8254508349374,14.6757267603562,31.280519
528,1999,15.0843646323532,10.0366188651393,12.7659304041883,14.4601021588964,27.371611
529,1991,12.6793931404439,0,9.834801776747611,12.5819443900245,-4.6734791
529,1992,12.8414260432006,8.328692583545569,9.942564024517919,12.8178193598711,-1.5303597
529,1993,12.8232592672524,10.5717783570972,10.9181292907572,12.4959715386204,2.0858006
529,1994,12.8978567825314,7.67832635650689,10.8569160605248,12.6070781724969,2.0017912
529,1995,12.7840555050475,0,10.7568746927136,12.521460190938,4.3610392
529,1996,12.8848868618688,10.3478848706461,11.1452805705429,12.6325082577876,6.3866377
529,1997,12.9731909130092,7.44366368311559,11.0680779506372,12.5395969432009,6.744431
529,1998,12.8900669891242,9.226115291091549,11.1055946174522,12.5120883935179,6.0567608
529,1999,12.9091953256298,10.0873079854538,11.2935859192437,12.4988157220057,.32225329
530,1991,11.0952274841416,8.604837701268281,8.506152466299261,10.3624536212194,2.822459
530,1992,10.9482553188467,3.80666248977032,8.405971085711551,10.4507399022574,4.0317883
530,1993,11.2056532279438,0,8.29602269235364,10.8212381958199,3.6662822
530,1994,10.8771784583486,0,8.186269532925429,10.2649610735734,3.345551
530,1995,10.7988259599389,7.27793857294566,8.40949661596086,9.20852427393006,2.2616129
530,1996,10.8948473991026,0,8.29968373871912,9.871639178924999,3.9077048
530,1997,11.0095374070872,6.67959918584438,8.36131101341083,9.887940096668039,2.7619336
530,1998,11.2240250169726,8.181160858023411,8.830703816400099,9.85959076566292,5.0286241
530,1999,11.4302484647237,5.81413053182507,8.765567746947401,10.7713168804873,1.0482998
531,1991,14.1428893140593,10.9710390782509,12.4336563248704,13.9894986089112,27.702507
531,1992,14.0325994845425,10.7814116064651,12.4940476750658,13.7877244686759,31.304049
531,1993,13.9573068015186,10.2270192778816,12.4720446251295,13.7953106082555,31.81843
531,1994,13.9698483028417,8.75226531359572,12.3709695204733,13.757757343396,35.275265
531,1995,14.6805312042723,10.9199493581766,12.4548414475633,14.3682507470939,33.642204
531,1996,14.5995844136865,12.1514897357599,12.8702679871091,14.1792450132368,32.314873
531,1997,14.775923096548,13.3224970195883,13.6644921840076,14.4449164900331,30.613491
531,1998,15.0767889143419,10.7412760562553,13.5886422031747,14.7754836099245,30.066824
531,1999,15.0224306484988,11.5093089331957,13.5747746648722,14.3855572894034,31.014252
532,1990,15.6380677224918,11.6913142987365,14.6110527614518,15.3307088761359,16.563368
532,1991,15.9296829022274,12.9583020826019,14.7511056361505,15.5487513734845,32.274147
532,1992,16.1717667608177,13.6903542816534,15.0070630384142,15.9800730681797,35.06765
532,1993,16.0738464774092,12.8738353492168,15.0801812331886,15.9767469431181,41.456879
532,1994,16.1894598986701,11.9535002835252,15.0857794286649,16.0583160207294,42.4403
532,1995,16.3113765737822,12.2405127188437,15.1021840114288,16.1876159715553,47.63813
532,1996,16.3832371821633,11.3810270240683,15.0883516340149,16.1306809846169,52.063457
532,1997,16.4782842821554,11.7416454390972,15.083648326164,16.3192717656308,48.352833
532,1998,16.6156310626385,14.8280310467021,15.5644788729268,16.5110599789409,48.75404
533,1990,15.9662210868376,9.64827267022185,13.6884178212077,15.751025863746,7.7035756
533,1991,16.1357081643962,13.5670491986658,14.2534931292283,15.98558740596,11.974225
533,1992,16.07136271523,13.2707833825226,14.4825985788836,15.8891089236959,14.003901
533,1993,16.3700961202737,12.7363949674479,14.5477418077268,16.2371920583728,19.907549
533,1994,16.6398357158675,12.8001091836677,14.5905958180759,16.2559161579527,23.767416
533,1995,16.6120434618775,12.5662648964858,14.6111770969144,16.5142113789807,26.482727
533,1996,16.6905447301627,13.3222497653778,14.743230526571,16.5816215277077,32.839508
533,1997,16.7532330755697,12.475225354741,14.7356622666654,16.542638717994,34.413876
533,1998,16.7515592088428,12.6868307376738,14.7488695940428,16.5430140475719,36.036922
534,1991,12.2235971194966,6.40191719672719,9.919351059124301,11.5459221614927,-5.9270272
534,1992,12.1436582257061,5.83773044716594,9.836407136853509,10.8606879796901,-1.5102894
534,1993,11.7925899720983,0,9.736009287011891,9.31482798723702,.15611817
534,1994,11.7262640640647,8.824971965567141,9.97680306792177,9.388792257141549,-.83573526
534,1995,11.9893451060066,6.1527326947041,9.897414146687741,10.322208650174,-1.7737266
534,1996,11.8620000177112,7.08506429395255,9.85243633410898,9.324451123904741,-2.0412393
534,1997,12.0041714932552,6.57228254269401,9.78668403699325,10.1001496337088,-.60678399
534,1998,12.0533569229356,7.24136628332232,9.756778283274469,9.90884504554116,2.4291775
534,1999,13.7251227876344,11.181026753819,10.6141651730856,11.778646205249,10.782656
535,1990,12.2236381132495,0,9.764053056544549,11.5907111146751,-.11829215
535,1991,12.2405299809197,0,9.65121766795219,11.9478049268502,2.4600875
535,1992,12.3782245704014,0,9.537800694436379,11.8608992351797,8.2579403
535,1993,12.6214497746164,0,9.424418960383329,12.1183986966927,8.4450102
535,1994,12.674422982957,6.7286286130847,9.377878185777391,12.1871112183772,10.430519
535,1995,12.7913875297709,7.81520706218909,9.451913058758761,12.3215281249527,11.120635
535,1996,12.5944824066531,7.66105638236183,9.48717633748717,12.0138111295545,11.412961
535,1997,12.734083745787,0,9.373784873000449,12.0766138435655,9.7722139
535,1998,12.4936992168943,0,9.260386889460319,12.0307443012912,17.834337
536,1991,15.4166908613297,13.7792075043,14.7415632465147,15.1308273581498,20.560015
536,1992,15.5078604454767,13.1260605344886,14.8082940361565,15.2138395738291,25.637846
536,1993,15.4939944344464,12.2643415536542,14.7621305912857,15.1245718348649,26.473492
536,1994,15.900627076079,13.4435160086677,14.8811038019845,15.4766039562748,31.880524
536,1995,16.1769326210313,13.1258074398069,14.9140568777898,15.7895471019511,33.51408
536,1996,16.1789125337208,12.6323202928209,14.8828581601974,15.7236001835922,34.186871
536,1997,16.278828121309,12.559893520486,14.8468916011422,15.7764386591622,36.930473
536,1998,16.2327413837506,12.9112867273083,14.8500884117553,15.7203990045565,40.78326
536,1999,16.26868998889,14.0478120470632,14.714069730799,15.710519407607,34.715679
537,1991,10.8813909774529,9.539500223874271,9.045831228020701,10.0248534596435,-2.2900562
537,1992,10.7226204437314,0,8.931684110731711,9.790971861522941,1.1404018
537,1993,10.168735330505,0,8.81754960400907,9.467056952715261,-4.9111457
537,1994,10.4845882799234,6.21460809842219,8.776522084570979,9.878261872500129,-2.7797127
537,1995,10.7512169431774,0,8.66234925497819,9.281405192276051,-.39975864
537,1996,10.5899487955813,0,8.548168465715561,9.022485768491959,.46593702
537,1997,10.4069126978494,0,8.43398548039954,9.110783991030431,.67154479
537,1998,10.1579327069967,0,8.31981484798805,9.82435030756773,.8075195
537,1999,10.4489254883714,6.01615715969835,8.295124062703289,9.78568804870541,-.84459513
538,1990,12.5096534459737,7.64060382639363,9.219498309760951,12.1775165368414,7.8101034
538,1991,12.4106851178169,7.51697722460432,9.28302375846085,11.9992968680132,9.1003437
538,1992,12.3148140696047,8.63568708546403,9.60718845997723,11.9641314337279,9.4015713
538,1993,12.3819652215755,8.006367567650249,9.681980161980601,12.0293385946763,13.039475
538,1994,12.4547096713248,8.732304571033181,9.89990112900071,12.1060710227094,12.569853
538,1995,12.433492758941,8.02027047281924,9.92337350969361,11.8862006381798,15.872661
538,1996,12.232244126697,8.119696252957249,9.95387168376007,11.6214327134596,16.189476
538,1997,12.169621363111,0,9.83700046751377,11.4535659133954,11.790712
538,1998,12.1308483999911,10.0598073067911,10.5005064687518,11.41537228273,18.087116
539,1991,12.5623553694526,6.98471632011827,8.60138727021225,12.2213647498564,4.7867694
539,1992,12.3550463362531,7.3132203870903,8.754539405728909,11.8153438111811,8.144063
539,1993,12.3321064334465,0,8.65551061271214,11.8674342130123,9.5009069
539,1994,12.5787992697869,8.549660381553741,9.202015818829951,12.1605345266181,10.745704
539,1995,12.61780375316,0,9.102064499681831,12.2199090675095,11.903961
539,1996,12.3261417640672,0,9.003020956008861,11.8115755365457,12.024089
539,1997,12.320900489329,9.15196945864985,9.638812119374601,11.815229344444,15.968118
539,1998,12.293184618164,9.28256800597306,10.0410775727777,11.7890613056448,14.634476
539,1999,12.3373006843718,9.659375694785719,10.4307719839654,11.9222065366151,12.724435
540,1991,11.5432961003425,0,8.50477642140115,11.2630621335033,-4.6182613
540,1992,11.6258329860797,8.10167774745457,8.937770203999611,11.578644031076,.928828
540,1993,11.6195414913909,0,8.84583484892226,11.3923815592326,-2.026686
540,1994,11.7826190414045,6.90775527898214,8.888798126302969,11.3018114879864,1.2435989
540,1995,12.2647013392225,8.24064886337491,9.204714576824619,11.7019065750499,-4.7105484
540,1996,12.1824857807372,8.64997430265006,9.54456723248329,11.7318334484705,.45998022
540,1997,12.1942963467265,7.97039490719143,9.62857691040004,11.4926101778505,.71666676
540,1998,12.1329840163026,7.43838353004431,9.634954298923111,11.5877608211525,-.55197561
540,1999,11.8639049667748,8.26359043261732,9.75218198819336,11.5341223002208,3.114969
541,1991,12.3347264404905,8.26075135470051,9.17908703482097,11.2926405205689,-9.0455151
541,1992,12.2977683364302,0,9.065719142365049,11.9522067765764,-1.2344112
541,1993,11.7636968684093,0,8.95237242950779,11.1693354286646,4.8464141
541,1994,11.7357755886487,5.32300997913841,8.86570692307426,11.2514380921151,1.9008458
541,1995,11.785962931179,6.73340189183736,8.86262516940892,11.2889379504368,1.76872
541,1996,12.0263979796033,8.586346050104551,9.29667401935898,11.4698910395487,-5.7651143
541,1997,12.1928659584741,6.97073007814353,9.271896324675231,11.6923303676255,3.0403576
541,1998,12.3866425448563,8.86049916761602,9.643926355801,11.916665328596,7.0138364
541,1999,12.7108504345013,10.4116596588366,10.6351628988014,12.2792569892474,5.2504411
542,1991,11.9407539571383,7.24422751560335,8.660306034984909,11.472725042509,8.1049013
542,1992,12.0917860766835,0,8.546810244388359,11.757802314477,2.1258178
542,1993,11.7821164194985,5.99645208861902,8.51179866709893,10.7585698389332,1.2830665
542,1994,11.7048416315835,4.56434819146784,8.41799144929621,10.8972084701987,2.886256
542,1995,11.9981506256088,0,8.3045938539777,11.5095245122291,1.9300847
542,1996,11.9085448355429,0,8.19121371276543,11.3159183372372,8.6199198
542,1997,12.1252255250431,7.12205988162914,8.35969692133788,11.6415597940153,4.183526
542,1998,12.2515986179958,9.698061122027079,9.77126387590677,11.7178823289704,6.7723947
542,1999,12.3587027108321,7.4489161025442,9.74572201363806,11.8749200627401,11.466494
543,1991,11.96175681523,8.941937914256361,9.73349962290099,11.7940940704239,-9.1616116
543,1992,11.9939121295344,9.370757093382091,10.163495196199,11.8697710956843,.73312968
543,1993,11.9687424727519,9.479833015227751,10.4650500158974,11.7226633043153,3.2582963
543,1994,11.9963308516133,10.3072846035436,10.973527169243,11.7325084060895,4.283205
543,1995,12.0406200888731,9.361859019615091,11.0289137794273,11.7615094426793,3.0379121
543,1996,12.0990936739461,9.59852367284982,11.1122329499002,11.7658501439189,2.8982892
543,1997,12.2625192223866,10.5454466963266,11.4212848440915,11.8530155081279,3.958998
543,1998,12.4366441139949,9.75857738074032,11.4617795281461,11.8178893861806,3.1261022
543,1999,12.4924318476072,10.0055927754733,11.5356082543403,11.7524755969462,8.9161777
544,1991,11.7556519181477,6.5410299991899,9.984883190740121,11.244203062792,1.2046951
544,1992,11.725820366735,2.30258509299405,9.85951476614698,11.21630791449,4.5187297
544,1993,11.7180160856885,7.07326971745971,10.0239691659762,11.1040717715263,6.7272892
544,1994,11.938508752194,8.3091845276863,10.0692392510009,11.3906629754862,7.1462784
544,1995,12.0564662292005,8.286521373681239,10.0982110529853,11.5913014829905,7.5664148
544,1996,12.0071206898244,7.58528107863913,10.0481851207334,11.473270782958,10.599706
544,1997,12.0233744208216,7.97693875695943,10.0365400805233,11.4991782280314,9.595253
544,1998,12.0972482513021,8.92890541228487,10.1847679277799,10.5367057651152,10.024489
544,1999,12.1918640605224,8.080237416216701,10.1682604523726,11.7619567312432,12.786083
545,1991,13.6549642828974,10.5191865733369,12.3929463256714,13.3533423457211,23.650978
545,1992,13.7204759422502,10.3696400255904,12.4265530538249,13.3806406144905,27.433895
545,1993,13.8476920300477,9.36631795343053,12.378700705153,13.357968623624,28.31146
545,1994,13.7325872592287,10.1757259834941,12.3892733990507,13.2357573395907,30.022699
545,1995,13.7831022183606,10.0058184836336,12.379826352903,13.2560053411923,32.616158
545,1996,13.9642367757726,9.90458694797943,12.3614327365819,13.3892459449569,33.415985
545,1997,14.0352362705431,10.4177771697433,12.3918121046356,13.4776740584263,33.509018
545,1998,14.050784666255,10.3508620637215,12.4105881674379,13.5524711744272,34.24588
545,1999,13.9275837546527,11.1513958992577,12.547707248465,13.2961827225026,32.56189
546,1991,11.5653475264227,7.49554194388426,11.4504445588236,10.9942757092078,.2430063
546,1992,11.4686799220638,8.866863661202091,11.4257868071535,10.8936159796425,2.5800931
546,1993,11.6565704965664,8.865735152124779,11.4020218368337,11.1880468825564,4.6534805
546,1994,11.5271643818119,8.831419819090129,11.376144225882,11.3461981685058,4.4189796
546,1995,12.0222646083822,7.98922140881528,11.3080735961282,11.6212216092354,5.7145882
546,1996,11.8135148080871,8.294049640102029,11.2510774672141,11.2529212261357,5.4826827
546,1997,11.8654450558478,9.828440678213219,11.351728014875,11.3783055903639,8.9501162
546,1998,12.3713473431627,11.5401806450367,12.0028260798054,11.8822718823602,9.4864025
546,1999,12.7813995437453,10.894625982899,12.1660086969538,12.4242028785984,10.607872
547,1991,12.3826426178385,0,10.8515404826337,11.7585889074936,4.3573298
547,1992,12.4306108637889,5.27299955856375,10.7551650938184,11.8364092910502,4.940527
547,1993,12.4733028766707,0,10.6548423185851,11.8380610053074,5.9966035
547,1994,12.669329596343,7.56682847920833,10.5997473837689,12.136446121663,6.1267943
547,1995,12.4833843957436,7.21007962817079,10.5319095278674,12.062327147765,7.5506392
547,1996,12.5214811778101,10.1536235089139,10.9322905651212,11.8018842631634,9.3106174
547,1997,12.5742967496141,10.246225830736,11.2183825775257,11.9490495320102,9.5138712
547,1998,12.6083338508873,10.5640598871639,11.5125874078354,11.7286888377704,10.917179
547,1999,12.5108071655155,10.7000934414643,11.7559524246315,12.0140926546872,5.8399363
548,1991,12.0218434085392,9.39266192877014,12.2385117617015,10.8269127733109,-6.3576035
548,1992,12.0226746644388,8.51719319141624,12.2020636201161,10.6175641762771,1.121569
548,1993,12.0405761718309,0,12.1416717149266,10.743976570994,-2.4620187
548,1994,12.1120997875563,8.006367567650249,12.0967102441097,10.9859704592744,2.3990381
548,1995,12.2349188754484,0,12.036322930919,11.1334789192606,7.5752225
548,1996,12.2092857547858,0,11.9759359490759,11.125658756897,4.4213209
548,1997,12.3128810064489,0,11.9155485383208,11.3325540054999,4.0260315
548,1998,12.5034319598278,0,11.8551617716612,11.2583815417655,7.1322527
548,1999,12.538541473468,0,11.7947740557044,11.4602522715914,8.4494925
549,1990,15.045880531055,10.6019456054147,10.9084665879057,14.2950675331498,28.899506
549,1991,14.7250330824425,7.05358572719368,10.8294592720631,14.3170217217316,31.180258
549,1992,14.6770277710506,9.68458499547917,11.0146721442234,14.2237273856398,35.52404
549,1993,13.7859049310931,5.40267738187228,10.9170646920077,13.4677962861604,38.680977
549,1994,13.9759734395768,0,10.8157019875897,13.6278778714277,37.894638
549,1995,14.1274786432828,7.85709386490249,10.7635359214558,13.4402845633444,40.105473
549,1996,14.7595108000215,8.119696252957249,10.7274699944228,14.0071814102525,39.31736
549,1997,14.4389552845526,6.81234509417748,10.6446126627304,13.8624935991605,39.972923
549,1998,14.621107940528,8.81343849452851,10.6823673761872,13.8739443806315,41.147575
550,1990,16.8141208785774,13.8977244453819,15.5512794018102,16.5095532174102,48.389061
550,1991,16.8702624656799,13.6169974221843,15.6313665271835,16.6975260188477,50.578831
550,1992,16.8974589544067,13.2196280096579,15.6593513726527,16.7363010996186,55.102425
550,1993,17.0250199703252,12.4936209590366,15.642408686113,16.7872855624909,62.851192
550,1994,17.0776276269303,12.6904413512338,15.6340455584316,16.8377248818731,59.880718
550,1995,16.9839168010613,12.8586686282345,15.6243821428812,16.6597478772092,59.483795
550,1996,16.9491686258271,12.7726441860316,15.607828088114,16.6826581002403,65.504463
550,1997,17.7868813031048,13.1043073439248,15.8378699637773,17.5976982936767,56.935448
550,1998,17.8425997945296,13.752165990447,15.8787819394438,17.6664833758169,66.258644
551,1991,15.6572237789202,10.9826111646204,12.9128468056212,15.0007195005463,41.026722
551,1992,15.5273660974438,12.13357721868,13.1858781246642,14.9195314724279,43.601524
551,1993,15.3243936247783,11.2760759140998,13.2053736774168,14.631308869868,51.042824
551,1994,15.5560644286103,11.3658861063208,13.2320310837841,15.0323057606305,49.550415
551,1995,15.4376693957031,11.4223659827112,13.2571812921043,14.9701136836956,58.798225
551,1996,15.4923348963915,12.6286668756615,13.5492644187609,14.8733872771228,60.316757
551,1997,15.5395020500268,13.6514810763922,14.1479057805613,14.9224536929788,50.117943
551,1998,15.6979171457826,13.2136582338494,14.3405282758493,15.1713606100613,55.627186
551,1999,15.8251388609363,12.7342154575048,14.3887947913507,15.3918104975294,54.467762
552,1990,16.2262705905809,12.8527281433872,14.2297966465782,16.1257383133202,13.187605
552,1991,16.2904415997586,12.7531501567675,14.3435065830514,15.9639066437975,22.129688
552,1992,16.3529444652164,13.0715268208015,14.4954431086394,16.1609401899483,25.443375
552,1993,16.280041265565,12.522364040484,14.5245409793639,16.0812237987153,29.171759
552,1994,16.4779717372514,13.4968825616624,14.7293219387862,16.2768371764917,27.758785
552,1995,16.6325709465019,12.0827518044954,14.690850328669,16.5132950369328,34.351307
552,1996,16.651025551296,13.140002882524,14.7695721447627,16.3328584310599,33.43116
552,1997,16.8569987209484,13.2346343606846,14.8488093764104,16.6242783295178,32.241364
552,1998,17.0274138570197,14.0566323282554,15.096616499728,16.8886523234681,32.935822
553,1991,12.7485630845354,10.7233775101239,12.8533298024448,12.201159266163,6.1576242
553,1992,12.6500898430054,9.75556742245951,12.7871275361313,12.0137209232902,6.4830956
553,1993,12.5861993957041,9.6614159913364,12.719064820628,11.9635650030388,9.0467978
553,1994,12.5176177712819,8.987196820661969,12.6303356279733,11.9046011306259,7.0047045
553,1995,12.4839488786358,10.5748491410242,12.636154916228,11.9083630680759,7.9099941
553,1996,12.6820165106782,9.201501423308979,12.5539153498187,11.9402902446479,11.578765
553,1997,12.6604206284575,9.53452311546466,12.4864396530135,11.8374443547769,13.299559
553,1998,12.5976391251929,10.7942553271792,12.5336936827462,11.8580287040458,13.549288
553,1999,12.6858566956661,10.4668392105536,12.5329342043239,12.2375875297625,12.314218
554,1991,12.2531006881357,10.6882106765833,10.2684327038394,11.9653512390316,-10.95572
554,1992,13.5979776277258,10.4042628404486,10.948764111588,13.0832414511751,22.799194
554,1993,13.4944778153714,0,10.8272721352389,12.9993246773163,20.552189
554,1994,13.6952722542579,10.338446735872,11.1955412866761,13.138885233489,22.834358
554,1995,13.9106869375054,11.0085953661978,11.6734861283158,13.4195480794462,24.919817
554,1996,13.8163687628081,10.5685181403702,11.8302403660497,13.1798273257772,27.071133
554,1997,13.9288138149797,10.725467604939,11.9820261867176,13.3644160215054,28.584076
554,1998,13.9043181560652,7.78322401633604,11.8802157661078,13.4010059508613,31.483669
554,1999,13.7496852023719,11.2391068491776,12.1664936281936,13.2801101127611,29.700573
555,1991,14.4341601667123,12.5348906632145,13.6661582143535,13.6541606570843,23.022644
555,1992,14.5735724647446,12.3347604519066,13.7900131441082,13.6939458205514,25.726591
555,1993,14.1828853186894,10.8732053007931,13.7211007527011,13.3964587933317,28.653122
555,1994,14.4925346078889,11.7739272632405,13.734491048375,13.9376225340729,25.002443
555,1995,15.0266354443376,12.3385121923079,13.8301956029415,14.4719838972645,29.992386
555,1996,14.6645727236255,11.9071610911268,13.838359520857,13.980144213681,32.519375
555,1997,14.7184435762359,12.8561740065362,14.0204546186717,14.0447544045515,33.78294
555,1998,15.162856383765,13.1116380663315,14.2207577089882,14.5034101179957,39.370316
555,1999,15.3024716210373,12.7060536787119,14.2850047449663,14.7389019923501,39.615585
556,1990,14.8965771197566,11.4582475016795,13.172659074357,14.4319694527214,23.60091
556,1991,14.9424486994612,11.0771763917535,13.1869710211529,14.4675766819021,22.595133
556,1992,14.88208155725,11.1042050641414,13.199974207382,14.2723005429943,28.373741
556,1993,14.9432474787047,10.7786645806804,13.1781745507899,14.3850315896949,31.229046
556,1994,14.8553006793232,11.8508252535826,13.3076324194261,14.2740938134838,30.31674
556,1995,15.0812413335963,11.9556028604378,13.4234941098596,14.5121783544867,32.629799
556,1996,15.1694856636144,11.6383856226345,13.4622015144504,14.6195022579223,33.469669
556,1997,15.2220312617134,11.1551356140393,13.441820386889,14.6106194319099,33.729427
556,1998,14.9379044015926,11.2228672383655,13.428598473193,14.3589230417515,34.672817
557,1991,15.8801757223028,13.1911223548735,14.5890382045356,15.3660895118879,45.884018
557,1992,15.9056380408778,13.1025952695123,14.682513435842,15.4199824692561,50.999893
557,1993,15.8053607262355,13.1503306225284,14.7656759304853,15.3356336458123,51.855495
557,1994,16.074750008141,13.1952122715376,14.8380883840897,15.5852559909266,41.099384
557,1995,16.1729980943979,13.4763583333813,14.9421037055468,15.7346314088643,47.326679
557,1996,16.3635917037065,13.7732562882274,15.0835407583307,15.9924407813358,47.026157
557,1997,16.5504758203016,13.773045547766,15.190867371593,16.1842776229444,49.881168
557,1998,16.7670693041715,13.4121287782198,15.2173790600963,16.3363610222611,52.027103
557,1999,16.7891599425435,13.5286641362591,15.2541752382722,16.2770849145098,48.365555
558,1991,11.2658830984251,7.70526247486633,9.64336227965522,10.8478580968981,1.0831437
558,1992,11.1272162352442,5.57972982598622,9.559164579370201,10.6779700319309,.10937842
558,1993,10.9663102087655,7.43838353004431,9.57287710202842,10.4590118657281,1.8890868
558,1994,10.9495593983407,5.57972982598622,9.48840383354964,10.3814847711347,1.8890868
558,1995,10.9249862887447,7.64539769942863,9.52903407429933,10.331333519235,.72228587
558,1996,10.9649804213355,4.60517018598809,9.43328390328772,10.2116211272862,3.3097372
558,1997,10.9812642823508,3.91202300542815,9.333354147871329,10.0834775728649,6.8803701
558,1998,11.0446392076314,0,9.22972134175988,10.1119935228395,4.0260358
558,1999,11.0988236415842,5.55295958492162,9.1503780308035,10.128675966677,4.8811879
559,1991,11.7535602685278,6.13339804299665,8.44083037131022,11.4337949450655,4.0674224
559,1992,11.7651684120441,7.42177579364465,8.637000842820949,11.3802208574295,.43077022
559,1993,11.7828807348244,7.58731050602262,8.82154062213692,11.3563801453267,-3.4647517
559,1994,11.9025407687878,9.082961442646351,9.546383945305839,11.4101895461771,1.0834186
559,1995,11.9571001666213,8.778171881033471,9.7963198493426,11.5700264930601,2.3231826
559,1996,12.0181337696712,8.426611813185,9.886732975212331,11.4903839407312,7.2553792
559,1997,12.0561676898469,7.29573507274928,9.824925830994379,11.6065662068427,8.4122057
559,1998,12.0209845511119,7.755767170103,9.80769225508126,11.5450415620509,3.0932496
559,1999,12.1055430611581,8.404024493310599,9.88653466088347,11.6388317678022,8.1567049
560,1991,10.5627839559934,9.54459586772755,9.583192752690151,9.308481264512499,2.396486
560,1992,11.2418931200051,10.1640810192972,10.5304361681813,10.0143930670339,2.2774494
560,1993,11.4287264894694,0,10.4186109277239,10.0719228027841,8.4615459
560,1994,11.2656046217027,9.025575833531089,10.5330957122916,9.864775362259479,4.0140152
560,1995,11.5097362046819,8.21066803116298,10.5131933397613,9.85190810991479,11.863732
560,1996,11.6688753253011,9.6006918422743,10.7271804229427,9.921049815540011,12.442049
560,1997,11.8015220341424,9.62158872484008,10.8880274127222,10.0707072570288,14.394803
560,1998,11.7735084438902,9.29431380575236,10.951215235222,10.2197702806396,14.62401
560,1999,11.9161505082497,9.304559047215159,11.0050571307764,10.2980146333195,15.394461
561,1991,17.1727432945152,14.9316844025114,17.0506685539215,16.635386419645,62.627796
561,1992,17.209811828707,15.0415152676045,17.1027445137142,16.6106262536442,76.206589
561,1993,17.1497989387571,14.7493425386151,17.1182720525515,16.5659716351919,70.309731
561,1994,17.2305559732636,14.4415858778568,17.1082324887022,16.6694720539542,62.841202
561,1995,17.2605888019527,14.9676636135604,17.1381462361135,16.7734761090684,63.72401
561,1996,17.2431693804016,15.0176191256805,17.16770883263,16.7425634919907,64.28363
561,1997,17.4189463436442,13.9325350838026,17.1273292062951,16.9472425321345,66.636139
561,1998,17.3646209589356,14.7540221672799,17.1328456282119,16.8591861445768,66.767044
561,1999,17.5282886616219,14.8278308471923,17.1433013168543,17.1314366031353,68.46508
562,1991,16.4293158677389,13.2564081382328,14.0479059784423,16.2068936636768,22.604509
562,1992,16.6336017667318,13.7301999157232,14.4971802231181,16.4291244739688,34.342529
562,1993,15.9114265819501,11.5165787834681,14.4232026226591,15.7154700039597,32.660744
562,1994,15.8191237628027,12.1526982397634,14.3987395189619,15.688751886643,34.268166
562,1995,16.0112764234564,12.1146369502077,14.3691646674999,15.6885397165702,33.846264
562,1996,16.1993670752127,12.508360039121,14.3838780520414,16.0895051022963,34.983566
562,1997,16.8797104599549,13.2675678734825,14.5311921213723,16.7281886188279,35.15834
562,1998,17.4246043005642,13.7528731618761,14.7685797153414,17.3222858332618,40.143574
562,1999,17.5411817453278,13.4111388518742,14.8607511834055,17.3855170056296,32.377651
563,1991,15.7788388705502,12.6505020236565,14.4115734909919,15.6025710914012,33.203209
563,1992,15.8735425216439,12.7881877016673,14.5109090025267,15.443537692315,37.934673
563,1993,15.8845560382444,12.2578535710064,14.5254905190113,15.5171152578272,44.236572
563,1994,15.9576926795769,12.246384109752,14.5360549829811,15.5908991296254,45.883003
563,1995,16.0428462164371,12.2225363715608,14.5415051080785,15.6225151131805,47.435394
563,1996,16.1252172137047,12.2917961101833,14.5504979504851,15.7566908738292,48.489323
563,1997,16.1421758437804,12.0914471196889,14.5414731255366,15.74139943929,50.067635
563,1998,16.1938700533998,11.9402629523842,14.5223386269389,15.750269906821,52.830185
563,1999,16.2269320185185,11.6865762053166,14.4894632472758,15.7599404986555,54.489414
564,1991,14.594054425824,0,14.0843708314505,13.5143619044757,10.087713
564,1992,14.5491525441979,0,13.9919266283146,13.4722466813155,16.238419
564,1993,14.5052854934272,0,13.8994825206103,13.6748936318111,13.868039
564,1994,14.6740037002203,0,13.8070379667159,13.9576159355606,14.011546
564,1995,14.7192801600351,0,13.7145937101296,13.8885629805469,17.656359
564,1996,14.7402772491744,0,13.6221494489309,14.0315227114744,16.248697
564,1997,14.744686004223,0,13.5297051235253,14.0838395837231,16.739346
564,1998,14.7833488692662,11.289781913656,13.5310272307344,14.1978176541929,17.569883
564,1999,14.9052825877449,12.8376688378288,13.8159647548013,14.2686731623586,20.305241
565,1991,15.9872017586319,13.4682242595817,15.8636853238959,15.354329657376,48.323792
565,1992,15.7623138213373,11.0066395212463,15.7773911549487,15.7526835863032,48.111656
565,1993,16.0085366892509,12.808131969719,15.7343083373914,15.2417499326498,70.101334
565,1994,16.0046224096743,10.6636389618765,15.6462872741349,15.7023615366362,41.991058
565,1995,16.0229097513972,8.58110651715989,15.5528007297299,15.9821453931446,42.757687
565,1996,15.905555216454,10.498029129342,15.4644846722414,15.3519289061308,46.80954
565,1997,16.0096356917625,12.4754048848691,15.4159486734447,15.8369642175872,45.60667
565,1998,16.0354166616332,11.7458450745273,15.3449291374516,15.7958121284218,47.625492
565,1999,15.9614537598249,10.7343728898675,15.2597158857963,15.7672596204926,50.369785
566,1991,16.0524127953197,12.7433171958269,14.7205368435136,15.6605100193399,38.212849
566,1992,16.0903090544322,12.6521293216124,14.7226209996278,15.5693585224527,42.332973
566,1993,16.159625235078,12.8386653580628,14.7601162897522,15.5047107367541,41.476166
566,1994,17.0429270473054,13.3857701751682,14.4358995549958,16.3161471728872,59.18383
566,1995,17.187316992963,13.6918548116502,14.6985021773495,16.5335175985285,60.832703
566,1996,17.2776383656604,13.9383563119631,14.9485496514496,16.6688608973198,63.431698
566,1997,17.2772760265115,12.7521312342477,14.9254506441841,16.6426058902511,66.93325
566,1998,17.3630135846231,14.0936217250719,15.1481082916355,16.9143832258416,66.944962
566,1999,17.505154444825,14.3665387204274,15.3837240824287,17.0777948022128,68.451523
567,1991,14.3112058878597,10.7062735836135,11.4540636010827,13.8902678987641,-5.7542701
567,1992,14.4963371563428,12.1734668057813,12.4996765244241,14.1080488803282,1.6818694
567,1993,14.1247309227337,7.28207365809346,12.4071640252196,13.6835401622508,4.7875614
567,1994,14.3699862807218,10.3961695720658,12.4356124968328,13.8333160558114,5.4346561
567,1995,14.4398231781754,10.3038396112575,12.4442529757009,13.9111537247149,12.477454
567,1996,14.3727372096446,10.4396299842859,12.4641044615586,13.7638296328765,8.852457
567,1997,14.4779446947285,11.4563127845437,12.6577000234716,14.0414245705064,11.860505
567,1998,14.6506624152451,11.5438425676049,12.8239368562045,14.1778821223712,13.90877
567,1999,14.8276074264483,11.9254390077317,13.0430385286751,14.3863042073471,18.770267
568,1991,15.561865637051,13.0182909207311,15.0795390316957,15.0621410329891,1.151415
568,1992,15.8223750727036,12.8910616383887,15.0967036198269,15.2884611656886,10.089839
568,1993,15.65133415394,13.6303971074595,15.2159986103731,15.0563028964668,15.556134
568,1994,15.8259176256309,13.1186846190628,15.2397057230789,15.2766337089995,16.128925
568,1995,15.8104063733251,12.7224975639466,15.2221089157717,15.3069260040806,15.250711
568,1996,15.8044922509581,12.5360272599494,15.1918085211699,15.2681832624324,18.664448
568,1997,15.9043641075511,13.0759319292758,15.2054784633505,15.3955904694089,20.806082
568,1998,15.883661231185,13.0663431391262,15.2162470279691,15.3905656678183,20.767406
568,1999,15.7659944071772,13.159202410454,15.2346605381296,15.2777195775156,22.691601
569,1991,17.48535572903,13.566248878495,15.1667825326112,16.4740274923125,51.88134
569,1992,17.2129034784997,12.6187351236523,15.1306528163486,16.4012660052872,57.479542
569,1993,17.4620276390756,12.6570017573434,15.0994884323324,16.689702079661,59.574993
569,1994,17.3718821526077,13.2286063036234,15.1306238516704,17.0160087382096,62.36182
569,1995,17.3719352967714,12.446419370054,15.0801297062237,17.1861397046754,64.299911
569,1996,17.2581466719248,12.6438242239943,15.0453723126416,16.989357047624,67.185432
569,1997,17.2596932564766,12.7753614981613,15.023417752417,16.8547483366063,69.432739
569,1998,17.4570338255213,12.5138036384749,14.9818011522339,16.8945422653427,71.569672
569,1999,17.2358316763979,11.8360663758969,14.9057656221112,16.8330928124714,71.476837
570,1991,15.8862981950243,13.0348798889876,14.0617713938862,15.2347559526008,30.049397
570,1992,15.654580791458,12.1764893429885,14.0997590674796,15.1152009756965,23.701433
570,1993,15.3674939372574,10.9130682431233,14.0316778315418,14.791514762774,28.716719
570,1994,15.3505820489141,11.5799390456194,14.0058266564142,14.7566988857642,29.013176
570,1995,15.3352275198156,11.6818662302701,13.9873191298116,14.6845076862318,32.090767
570,1996,15.3690559354768,12.2661418189961,14.0352658957604,14.8291153917909,35.12011
570,1997,15.3592626793137,11.5512034261802,14.0010128840771,14.8769620327056,32.160446
570,1998,15.5143476628828,11.6358331250576,13.9754609014677,14.8699156812029,35.566311
570,1999,15.7042026774233,11.681891566717,13.9553303247545,14.9879401073437,37.829361
571,1991,14.4782387865479,12.7068388424922,13.6802876784392,14.0683652323245,20.322737
571,1992,14.8881410521712,12.3539925256068,13.8120394406007,14.3691444932813,27.33238
571,1993,15.1308635016405,11.2827195336555,13.7763755771359,14.7472599593873,31.419386
571,1994,15.3480446925117,11.6007714935413,13.7708950228925,14.9698579249233,34.059986
571,1995,15.1574349533772,12.0713691376755,13.8208356544375,14.7715570049364,37.068199
571,1996,15.4229847757831,14.5086612385181,14.7752357664537,15.0512866430833,37.460159
571,1997,15.5964442180033,11.5254961221441,14.6956977293129,15.189625569253,40.59277
571,1998,15.6591725454032,13.2504451980482,14.7810488731853,15.2665503938526,41.110382
571,1999,15.6134555561034,11.6855501587853,14.7069039472923,15.0947498985412,40.943855
572,1991,15.6522036655471,11.8377949347891,13.7706757311246,15.3166594555721,42.282959
572,1992,15.8720882518914,12.7565698423353,14.0380741811527,15.4970588871862,55.331276
572,1993,16.1228805390875,11.9874501090099,14.0758138539406,15.7445996720217,56.253132
572,1994,16.1837453651122,12.1522181794037,14.1266911401053,15.8288036518546,63.076393
572,1995,16.559166789004,12.3731959585662,14.1949811163296,16.2731385255578,54.551746
572,1996,16.68100956011,12.5199230704008,14.27125291446,16.3634384291341,66.108376
572,1997,16.6963528254508,12.9718729905241,13.955299543452,16.2958341215451,65.524635
572,1998,17.0058685233907,13.2662645673491,14.2488874817079,16.7142636897483,65.234787
572,1999,17.2099677095159,12.21887040376,14.2769036602936,16.8740421118017,69.556168
573,1991,14.8814307150374,9.417598414060169,13.161697161088,14.3534065043247,31.813185
573,1992,15.0592872963963,11.5830017493534,13.2465249601408,14.6298762399536,39.778713
573,1993,14.9733874852672,12.4573565177887,13.5221664866062,14.6753653840775,39.8876
573,1994,15.1142117679467,11.687114038534,13.5615427841019,14.5835879828687,38.557716
573,1995,15.2074500235203,11.8416463084445,13.6117339998558,14.7209727288284,40.28933
573,1996,15.2265090959034,13.4745810022393,14.1076645166117,14.677056582497,42.306873
573,1997,15.3052493887794,12.6343521807779,14.1922436945788,14.5419509891467,45.259983
573,1998,15.3694677270161,12.0805944529532,14.1883251935397,14.7369251827739,46.069069
573,1999,15.2379291798626,12.9031944169289,14.3065408812072,14.5086176777362,48.811478
574,1991,15.2972880530565,12.3516221554058,13.8860561566795,15.1216060783002,18.40202
574,1992,15.2828923297505,11.5097103018682,13.8746147774959,15.0937842818616,17.997412
574,1993,15.3163993650056,11.2746048220562,13.8444606312786,14.8630922898792,23.485294
574,1994,15.3100703352792,11.0810650455025,13.802372226834,15.0820752703768,24.004177
574,1995,15.3897626604938,12.1064732803074,13.8627067858252,15.1508272724309,21.537025
574,1996,15.4093406514334,10.6828353648539,13.7973947531827,15.098725251248,30.251801
574,1997,15.4256706920618,11.3993423472981,13.7752212340498,15.1748999820642,20.498314
574,1998,15.5283297675094,12.0166237494901,13.8203183818345,15.2223715727526,31.770765
574,1999,15.5526509013281,11.7318039337371,13.8249802782932,15.294769629916,33.659359
575,1991,14.7376577505646,11.3232046006943,12.1679724643464,14.3935025630819,22.186865
575,1992,15.2464269352719,11.4073871557303,12.4682276573366,14.7921847228957,29.423498
575,1993,15.3674610151359,11.6607418396644,12.7353470393646,14.9000967428382,32.73177
575,1994,15.5868641472098,11.2245765035307,12.8238799801067,15.1910906275968,39.301987
575,1995,15.6824735771759,11.5156816631639,12.9443999103268,15.2625088046536,40.324631
575,1996,15.6935692419324,11.5729004640628,13.0472595865107,15.2393369363558,43.533073
575,1997,15.7117256056679,11.7677459620249,13.1661609086212,15.2677665902644,45.17469
575,1998,15.7337727394167,11.9478717024006,13.2968807271065,15.2528725251826,47.790771
575,1999,15.7649131834623,12.197374929827,13.4531684430473,15.1326886501305,47.685337
576,1991,15.8461293794814,12.2203650211968,14.6231020066943,15.3521174270076,39.354942
576,1992,15.945017502169,12.4065737811633,14.61521789932,15.5058425535935,38.121414
576,1993,16.0466671156728,12.4416703212818,14.6157605205542,15.6205713308939,36.640656
576,1994,16.2808470720807,12.8535632471103,14.6667592606286,15.8585830389563,40.648907
576,1995,16.2885298145434,13.0575794928343,14.7355082904137,15.8723635899682,44.145584
576,1996,16.3003874405038,13.1649783236256,14.8073883875464,15.8552927445173,49.086399
576,1997,16.5237946598404,13.065005414244,14.8496585271862,16.0764470088458,50.82386
576,1998,16.4986375321493,13.6774408828967,14.9911848703239,16.0624422697406,51.133121
576,1999,16.4852850567843,13.8223898413411,15.1339396437645,16.0222641825595,53.046692
577,1991,17.6213384991085,13.8290682358963,15.7735565263114,17.2806676591221,41.000244
577,1992,17.7061830848233,13.7630102196027,15.790295516723,17.3974788297525,48.069607
577,1993,17.6836087883108,13.5125144892225,15.7764040652008,17.4099760047342,44.585968
577,1994,17.8112362434127,14.0361662170395,15.8266868562288,17.4788733292889,51.864014
577,1995,18.119266453717,14.5793379855919,15.9127403587761,17.7773509693776,56.344139
577,1996,18.0836213925909,14.2579766096669,15.9664726505228,17.7816589483336,56.855984
577,1997,18.1896504800762,14.4310312760444,16.0375685726629,17.9285823606754,60.00457
577,1998,18.3394027427122,14.3308268834189,16.0805691993331,18.0911258433945,67.96936
577,1999,18.4920098821031,14.8766611721297,16.2136355770962,18.2473121537457,61.33139
578,1991,12.6494364483672,0,8.493576499815241,12.437971820172,-2.9799201
578,1992,12.5940321437427,0,8.403240311340211,12.2181164636886,3.2771151
578,1993,12.5329059423046,0,8.31287139434261,12.3267238542081,5.8175826
578,1994,12.5493119689573,0,8.222526785190009,12.3204108415378,1.6449542
578,1995,12.745642053108,9.75365254677647,9.826719892700631,12.4415052046851,3.3586097
578,1996,12.6675114658202,8.003363058629949,9.877523381858319,12.4250332366358,5.2748032
578,1997,12.8715135685693,7.65302041380419,9.88266730764275,12.665844601313,5.8226461
578,1998,12.9280811982685,0,9.792304563575369,12.562170274724,6.5430284
578,1999,12.9561873505065,0,9.70194036195322,12.6615085338051,7.1721115
579,1991,13.6610844556624,11.0374991595561,10.4607462790693,12.2604499906847,16.189638
579,1992,13.6291844216335,10.6500807088017,11.1705703581508,12.7116152901164,20.161938
579,1993,13.5004525470614,0,11.0596483641269,12.5735977897001,23.38294
579,1994,13.8848496805224,8.46231452990625,11.0220495165119,12.8218457790681,30.811129
579,1995,13.8652639560067,10.8087780025514,11.4953234545396,12.8332495161254,30.437044
579,1996,13.865049162155,10.1667744681532,11.610602840754,12.8014284319572,28.835295
579,1997,13.8997676183826,11.3200079689629,12.0347325709384,12.8288887884413,27.375677
579,1998,14.0499731408088,12.0547147289733,12.5965080378567,12.9337670240824,28.491383
579,1999,14.0146666871533,10.473279954066,12.5915346862554,13.04372654554,32.719437
580,1991,11.5636678620749,10.0658189644536,10.2187799281958,11.135272672036,-17.726286
580,1992,12.1240541089614,9.52799378292395,10.5222478759037,11.8058008140326,1.5586056
580,1993,12.3549280894252,9.97655212339313,10.8743933555834,11.8197472325579,1.5694003
580,1994,12.461751627706,10.4821213463073,11.2799209538091,12.2097838185341,-2.7136939
580,1995,12.5528480795529,9.58128304604592,11.3219755910777,12.1181688888565,-6.0047331
580,1996,12.5704517979581,9.282754052485229,11.3158772005752,12.0545432169914,-8.2824545
580,1997,12.7648184564441,8.86347430617095,11.2700408344657,12.1855940557776,-.63654828
580,1998,12.7540639366003,9.12739345115526,11.250938429343,12.3483250214537,2.5147064
580,1999,12.978832938647,9.54108193388841,11.2839386248477,12.7078031257902,5.6851091
581,1991,11.6808741635025,8.972336957754949,9.11632635179393,11.3571510079844,-10.136568
581,1992,11.5561836621724,8.96136606062745,9.64681307051297,11.1670453160692,-2.1378255
581,1993,11.2427652710149,7.39449310721904,9.63752130872286,10.8417280597971,-2.6113949
581,1994,11.4039695925891,6.10924758276437,9.55380950172154,10.8454046954805,-2.6043167
581,1995,11.4024016753327,6.21660610108486,9.47477172930363,10.9248332585232,-1.9386661
581,1996,11.5026081067646,5.41164605185504,9.37776823293013,10.4175696382509,-3.5783484
581,1997,11.5912484042638,6.25382881157547,9.305241377170899,11.3461996874813,-4.3765736
581,1998,11.788336092012,6.70686233660275,9.25964468966033,11.2624061530623,-.6447491
581,1999,11.8282749966527,7.46164039220858,9.290453846376471,11.2482571959079,-1.3309741
582,1991,12.1095850658158,0,11.1656547339068,11.1654717474855,6.8954539
582,1992,12.3448178691491,0,11.0541703334952,11.7296653438554,9.8659735
582,1993,12.6023792835998,9.014082149443359,11.0696697006897,11.7735588189089,12.090105
582,1994,12.9750656587807,10.2096478462337,11.317688866909,12.2960288832727,9.6261053
582,1995,12.9292951851259,8.93944986216424,11.2933156626042,11.881033396159,13.048798
582,1996,13.0834173636975,10.1748115583751,11.4544029446894,12.2287570650515,16.053249
582,1997,13.2341840338633,10.0087480631936,11.5442448523941,12.3858933618582,20.456615
582,1998,12.792794735387,7.09754885061479,11.4437211425577,12.0287121631794,24.368418
582,1999,12.896926376453,8.63034328934889,11.3868008599597,11.967584560654,25.467258
583,1991,11.3059116125525,8.492080490601159,8.380502527832229,10.6405728938937,2.0851171
583,1992,11.3896322487329,0,8.26919326410316,10.6793654756189,-4.3743162
583,1993,11.3603911386334,0,8.15765701519647,9.64347801059686,6.0542507
583,1994,11.4538068005617,10.5630779495672,10.5582836417121,10.0828475714713,6.5879593
583,1995,11.6868070643962,9.50375597627572,10.7409601599619,9.97557673428636,10.724823
583,1996,11.6663429263987,0,10.6294697161896,10.226321323314,12.836463
583,1997,11.6896642572171,8.0702808933939,10.5886630434407,10.5242945722431,16.183455
583,1998,12.000685878685,8.336869637284961,10.5693842895434,10.8929239605054,14.676595
583,1999,12.2197548084057,9.637632201310449,10.7716693881252,11.076328397667,7.2388492
584,1992,15.1638035568702,10.7826370077296,12.2912998902352,14.5656967019643,27.247709
584,1993,15.1627705438187,10.0357869365496,12.2785714307797,14.737890447126,33.654659
584,1994,15.2708440962837,11.3838754445522,12.5124534273614,14.6734348820232,35.275631
584,1995,15.4494815051111,10.9331069697173,12.5807712824581,14.8214009433965,41.982979
584,1996,15.4877093034713,12.5098740998618,13.1047607563188,14.8526345881056,43.999149
584,1997,15.5233108530841,12.4950039373824,13.4048106220223,14.9055555844637,45.340576
584,1998,15.5997916808952,12.2307652581205,13.5444944338649,14.8116664359668,48.710007
584,1999,15.6148460658833,12.8365968025484,13.8081238432374,15.1941417405273,49.865349
585,1991,15.0785704680927,10.950139657829,12.7635538711934,14.7694344557264,24.185011
585,1992,14.8528676216324,10.8098289535566,12.787522888758,14.5496825018214,27.788082
585,1993,14.8827827373247,10.0790362250427,12.7391537681946,14.5414873101286,31.95673
585,1994,14.8273027569882,10.4505968883794,12.7224602726381,14.5519348442893,33.248039
585,1995,14.8556879794979,11.6392144445205,12.8947028900769,14.5863614249552,30.77491
585,1996,14.4982726963582,9.96857279919206,12.8292886573971,14.0193166902641,32.341038
585,1997,14.6275377893797,11.8034883837964,13.0068396126723,14.313615597774,29.983797
585,1998,14.7002916882597,11.0826808654978,13.0203485918776,14.5446473087118,32.818798
586,1992,12.4973691921785,7.18538701558042,11.8576889482973,11.0227938550589,17.805283
586,1993,12.3334694265102,8.10651451625519,11.780253543151,11.1265924194523,20.173462
586,1994,12.5055312010978,8.82482493917564,11.730225576597,11.3287954170902,21.907747
586,1995,12.2455017970883,7.00669522683704,11.6374537005308,11.146814808607,22.25182
586,1996,12.270765612158,10.8675012126193,11.900411921327,11.25677548568,20.525049
586,1997,12.550864463971,10.1177114416757,11.9454037431239,11.4180783164431,21.236601
586,1998,12.688115173062,9.738200088297949,11.9416004609593,11.5444096731306,24.707348
586,1999,12.508685667045,10.4708163755359,12.0329916628211,11.2960909562435,24.708538
587,1992,11.8852444803028,7.24992553671799,9.61092023334102,11.4723558631031,4.7865014
587,1993,11.7797070045234,6.7719355558396,9.56545910564761,11.2004338058966,7.2305017
587,1994,11.4368657210409,6.3456363608286,9.501135095100739,11.2167362812295,7.252275
587,1995,11.3911899923517,0,9.3969941975938,10.4781427345296,8.2820969
587,1996,11.7867660118822,8.146129510025411,9.5338286810391,11.2899479464462,7.9512339
587,1997,11.576686676892,8.18813341451048,9.64856304432252,10.8771926955045,6.5999312
587,1998,12.0840569637854,7.15461535691366,9.61874116673644,11.4586555140192,10.329929
587,1999,12.1867922390886,6.21460809842219,9.54497520732334,11.5368117568744,10.594936
588,1992,12.3259569441647,9.838308826511129,10.8563319827006,11.9630122854466,5.4093475
588,1993,12.5420293969056,0,10.7405835504387,12.3149112962736,3.0313725
588,1994,13.0338647447147,9.77650609077534,10.9552475481491,12.7294355569862,9.3808365
588,1995,12.7739105808114,9.82973336394747,11.1170789495279,12.5727196319873,12.074158
588,1996,12.6424710715322,9.141097469234021,11.1266407317759,12.3655942947288,12.010365
588,1997,13.1669501976171,10.5590886170221,11.4420093166,12.9758893712036,15.505672
588,1998,12.9617047618574,8.618846845142739,11.3808969424705,12.8531710381227,12.701104
588,1999,12.7490547039565,9.02521488784949,11.3504277117188,12.5337781706859,8.6968603
589,1991,13.9695862876253,7.89431806384162,12.3953528513354,13.1396739683557,13.220977
589,1992,13.968802424639,9.77826440778205,12.3695192695863,13.4354459576873,19.970596
589,1993,14.0040563425105,9.45751290108975,12.3248880370127,13.4613461104508,24.629478
589,1994,14.0250629853443,6.39692965521615,12.2285286123507,13.4034834762824,23.620825
589,1995,13.9243065959555,0,12.1294815159683,13.288328931615,21.986258
589,1996,13.856452629622,10.0438145526274,12.1416615829361,13.2452947005264,21.511351
589,1997,13.7258278245485,9.54352148449918,12.109873921087,13.1419103877236,23.976831
589,1998,13.5123484844225,13.2479029200993,13.3719110904069,13.0329099760835,23.841076
590,1990,14.6136012300458,6.27664348934164,12.096659484543,14.4443586071673,8.1490469
590,1991,14.4774912309134,6.54821910276237,12.0064698241319,14.0368844375784,11.919955
590,1992,14.3330128668214,6.09582456243222,11.9149613667322,13.8686299230419,13.364834
590,1993,14.2527749905948,7.78572089653462,11.8369946724744,13.8468235329096,13.447755
590,1994,13.9737296889995,10.0930743203215,11.9045465181777,13.7071339382526,15.865882
590,1995,13.7961305946229,10.3619561584666,11.9978386424512,13.4925025685151,15.552069
590,1996,13.655733979423,9.31262616551693,11.9658363418897,13.1344295063745,21.01689
590,1997,13.6495218735214,10.9508065468167,12.1621238927923,13.5175475899089,24.830051
591,1992,11.6537317837544,9.056956065076831,9.23747877167717,10.8040127681478,1.1748704
591,1993,11.6292478892275,8.09346227450118,9.401671222927719,10.8568162832871,4.1469908
591,1994,11.9119721002523,8.40020983593042,9.598584716906689,11.2015449386452,5.0736146
591,1995,11.8482261270143,0,9.472681559254321,11.127959146664,7.9756742
591,1996,12.2488703105341,9.22680409800685,9.912536487154741,12.1728268558119,6.9011369
591,1997,12.4336693101553,8.77230041793584,10.0544388340281,11.8446591340747,12.702767
591,1998,12.4576551333929,10.6145237659318,10.9112045680084,11.754595367726,13.091625
591,1999,12.5738874880263,10.7332613306279,11.3696011348198,11.9340441792683,15.700874
592,1991,12.6092694821414,8.986321437626019,8.303727656653299,11.9833106980015,2.6598413
592,1992,14.0395538312514,8.1605182474775,8.841462705310271,13.3849104381664,29.690025
592,1993,13.3245812706047,6.80903930604298,10.017838037057,12.6831932591787,9.6069632
592,1994,13.2445705863295,0,9.907713610162039,12.2412484624644,12.334932
592,1995,14.137513029661,9.93372573559674,10.4938569903181,13.4877848866724,18.071039
592,1996,13.9190417599423,8.570354739530471,10.5146543159422,13.5303124237538,21.987812
592,1997,13.5988909441585,8.68118104152169,10.5452493292034,13.2877822756587,18.525249
592,1998,13.6220170410869,9.130647603066929,10.6408095007856,12.9347000590495,16.69479
593,1992,13.6370641241393,11.7204029416453,11.3421466338619,13.4594930644617,6.5387726
593,1993,13.7369578845101,12.3408788502364,12.5783959133089,13.5289470415255,2.3433664
593,1994,13.418560042767,9.83804195346106,12.5504280141714,13.090627013745,8.4347277
593,1995,13.4728342756347,9.378478484253661,12.4995721389284,12.976401357521,4.6936569
593,1996,13.4291044619569,10.8415202065287,12.5737621558027,13.1771555851227,7.5063415
593,1997,13.601776134163,11.2761899601366,12.7091171749473,13.2524162073039,5.747818
593,1998,13.9127250906052,11.8286409049347,12.4352710292943,13.6637284134739,9.7541971
593,1999,14.0526287349361,11.7296403969193,12.7178004621977,13.7830750463808,4.8248777
594,1990,13.128491375611,10.4631033404715,11.4237225975095,13.0596779875036,-3.3632858
594,1991,13.1139291293403,6.880384082186,11.3359472072936,12.9579442251,.045387015
594,1992,13.2249698033381,6.78332520060396,11.2478147324097,13.1005711674223,10.498402
594,1993,13.1221324710894,8.450198322591961,11.2095746091038,12.8238759649999,11.618162
594,1994,13.226229052689,7.03174125876313,11.1258929284133,13.0346300725694,10.999341
594,1995,13.3081099489923,9.07863588097876,11.1447792627257,13.0146521564751,9.2654772
594,1996,13.4297674757732,8.96865090337487,11.1478136015363,13.1574785751455,10.835582
594,1997,13.476105826802,7.19218205871325,11.0665086664317,13.1524930388191,12.232582
595,1992,12.8729894431351,0,11.0420366440579,12.49322811577,13.297445
595,1993,12.6805326318262,0,10.9416631184003,12.3854545208507,3.9155762
595,1994,12.8727354499471,0,10.8412853406947,12.5784127750005,2.2536271
595,1995,13.031146968009,0,10.740912550498,12.7018421170772,4.5047474
595,1996,13.2279053133078,0,10.6405391719996,12.8379292781106,7.7126718
595,1997,13.2969336088899,11.3217286392369,11.5875476620305,12.9241855599644,7.0354986
595,1998,13.2983888859756,11.1240371986668,11.948049046728,12.9645510829041,10.160837
595,1999,13.2889898628186,11.5810512940178,12.3426442869113,12.9391559832103,15.118845
596,1992,12.2160195819772,7.3038432252777,8.99698624748167,10.9505819870746,-2.3942637
596,1993,12.000813131929,8.51719319141624,9.38788386531704,11.0772022876999,3.3983188
596,1994,12.0278817050826,8.89795568688403,9.767673556754049,11.2081001161712,1.812301
596,1995,12.0003622708811,9.56395062454207,10.2488841341782,11.1637313576916,1.7334489
596,1996,12.0146727832217,11.0219841645096,11.2641191743949,11.2152877627415,1.6993108
596,1997,12.0115363110958,9.845381631129101,11.3654516121087,11.261417534469,5.2680354
596,1998,12.0236060757862,9.053569596026231,11.3504394761064,11.269992000831,8.7438898
596,1999,12.0136946376163,9.268797941547749,11.3564084876681,11.2091295173112,7.1407256
597,1992,12.6116975692057,9.09223228349585,10.8095238873337,12.1701690530216,2.2812827
597,1993,12.5737144212837,7.12849594568004,10.7737678532009,12.1259560132042,3.0201702
597,1994,12.6408180342093,7.20637729147225,10.7404341659998,12.4180683860602,4.2660327
597,1995,12.6933677664614,8.867990898182089,10.8140760575725,12.3792026140409,4.4060626
597,1996,12.9174253177129,8.967504187316241,10.8880087319926,12.529782335619,7.7648511
597,1997,12.8715181268488,9.748411444632371,11.0805566766623,12.4600700943981,4.4208755
597,1998,13.0775833766865,10.4502496561064,11.4095684964263,12.6408799616724,9.026886
597,1999,13.1119391168579,8.901366564056779,11.4189982284589,12.6670142943779,7.1482668
598,1992,11.1388232249904,0,9.450427565620281,10.444333720785,-2.0596571
598,1993,10.8630349219773,0,9.34695824651113,10.2939895073767,-3.4075487
598,1994,10.9223074706766,0,9.24346562240801,10.2664567783187,-3.268584
598,1995,10.9192473865814,0,9.13999301215536,10.2155245261147,-.77773297
598,1996,10.9159434954213,0,9.03652255567345,10.2312160284873,1.6100446
598,1997,10.910391001179,0,8.93304417907682,9.925172995708889,4.4499297
598,1998,10.8718868452565,0,8.829577632508361,10.1238319752095,3.1050735
598,1999,10.8636875742179,0,8.72610799247971,10.2294781364806,6.1275783
599,1990,15.1056656490383,10.6970681304173,13.2252664760849,14.5096702153015,18.205891
599,1991,15.0494359136383,11.6504675539887,13.3570135924117,14.5392431869121,22.831659
599,1992,15.207730858986,11.4807947582158,13.4388879762158,14.6649172077656,22.249674
599,1993,15.093787015547,10.8102328715668,13.4470964069441,14.537429491547,31.823202
599,1994,15.1703257176026,10.9201121877938,13.4610682626668,14.5983409904601,29.500462
599,1995,15.2597340776564,10.908759386883,13.47043733871,14.8078534119962,30.210352
599,1996,15.3012585927402,11.1259091269305,13.4934237727898,14.7431869928052,35.266052
599,1997,15.3381814721477,9.980633761712779,13.4590872966365,14.818827305671,34.812592
600,1991,14.5522539247689,9.37509180757667,13.2026132636149,13.8934562703833,17.597755
600,1992,14.6819885151271,10.5319361991571,13.2088019570435,14.0973189107205,22.458426
600,1993,14.6202790906196,9.922456499083729,13.1843406839301,14.0315653994458,24.468527
600,1994,14.6060715199816,11.1320310107963,13.2411549709618,13.9929501804001,27.969278
600,1995,14.6656723422694,10.7134617563626,13.2522116456458,14.0776481484566,26.16378
600,1996,14.7414420812527,10.4575163336028,13.2456277187751,14.1162322158998,29.328426
600,1997,14.803323546954,10.0023369165783,13.2193407121877,14.1943324267502,28.740221
600,1998,15.4119864070287,11.3585730981388,13.0189312234835,14.5573858638473,44.856022
601,1992,14.168957426555,10.3537348034162,11.4174239668657,13.9294010224622,3.6448135
601,1993,14.0894265857717,10.6162657770452,11.6857924679932,13.7911542565213,5.9831791
601,1994,14.0584352860727,10.4150828800042,11.8233543557429,13.8053302153689,13.345677
601,1995,14.0513544031918,9.430519533826381,11.7942254652549,13.8037278262096,10.806387
601,1996,14.0746114903394,10.6905803459386,11.9561396911461,13.7082561035748,10.263148
601,1997,14.1047345088993,10.0792040102779,11.9768104132078,13.8426759086419,12.990981
601,1998,14.2117576278987,10.3004499481525,12.0239996578404,13.8819163336845,14.025949
601,1999,14.08146734753,11.2685838131398,12.2742358395966,13.8412822683774,13.158787
602,1992,16.0808943895647,12.4389090688153,14.2864822185165,15.7719199912839,45.950256
602,1993,16.0883221909217,13.8131367426929,14.6912388033097,15.888040777402,48.292191
602,1994,16.2304940996284,12.3966930051388,14.7019715749034,15.7975226799482,51.209167
602,1995,16.315977359897,11.3658629380614,14.650512012186,15.8938611103258,52.102829
602,1996,16.3511497343456,11.6909879648438,14.612882068968,16.0235976047302,54.78743
602,1997,16.4606664001981,11.8147618902653,14.5826201215089,16.0500692017281,55.306351
602,1998,16.4022201408245,12.2352770160362,14.5817144547306,16.0174026789886,56.214977
602,1999,16.422332752369,11.8802386219288,14.5560991363743,16.1405045290678,59.04324
603,1990,16.6369654032099,13.3280433237755,14.343888042657,16.2499032608677,41.413441
603,1991,16.7624144047258,12.6847107650429,14.4330437097594,15.83389388617,44.759888
603,1992,16.6093827868458,12.9135122017567,14.5425927279742,16.2371016501457,43.573818
603,1993,16.7148475079486,13.0171428519474,14.6489822617515,16.3583357421282,48.85376
603,1994,16.8213311044038,13.205586253746,14.7672463070914,16.4321597419668,58.469364
603,1995,17.0649154374511,12.7186716958453,14.7898061253625,16.6815187187904,57.208191
603,1996,17.0405851094407,12.3759082428133,14.7760521000458,16.727447600457,59.848274
603,1997,17.0807168340614,12.9535967362439,14.82147305818,16.735095121476,61.057621
604,1992,14.9995356095549,13.1279457668339,13.9944659555961,14.6448403901652,26.621374
604,1993,14.9117232352709,13.0278131087943,14.2091616209155,14.5691344759359,29.129467
604,1994,15.305534746292,12.6892978581543,14.2912956920557,14.7760431766809,35.182114
604,1995,15.5612223578711,11.8294719238554,14.2500024821743,14.9307943377667,36.175396
604,1996,15.6341449025451,13.541783986274,14.5177093983668,15.1476985491996,44.939758
604,1997,15.8827927341539,12.8177277352347,14.5557802271812,15.3967554679019,42.867249
604,1998,15.9355331811865,12.8625402814315,14.5943788167697,15.4653356487332,41.308685
604,1999,15.6023586324572,12.4227835516738,14.0070472744492,15.0691610002896,41.149231
605,1990,15.5154459897957,14.9910761716894,14.5561470569606,14.9825470633875,40.046024
605,1991,15.7608046509269,13.0994324621136,14.6655079285358,15.328769677891,44.24165
605,1992,15.9889155739222,13.3087748922389,14.7906647758829,15.6172557391773,48.793991
605,1993,16.0788289474301,13.0586202731722,14.8447069213851,15.6690608948741,52.149132
605,1994,16.495216762818,13.2777812539985,14.9230999317583,16.103395692397,55.264385
605,1995,16.7870584655725,13.9035745474296,15.1116724219169,16.2361460752466,54.664352
605,1996,16.9995689732801,14.0286546812201,14.9637522775665,16.402774905379,60.90802
605,1997,17.1847832835561,13.743575147166,15.0953585641162,16.6376687755336,63.118183
606,1990,14.0804192621462,10.7449254195082,11.1850739628092,13.8287382759357,19.459923
606,1991,14.023125715618,11.6855080852323,12.0995447821203,12.7807532765104,31.096313
606,1992,13.8702813930959,9.87939975700704,12.1054475666392,12.5876670040454,31.074306
606,1993,13.9809014668431,10.8399141894966,12.2593730992251,12.6287564864216,40.315166
606,1994,13.9641714736078,9.65213740933174,12.2299805600817,12.8248608005079,32.607548
606,1995,14.5843838238387,10.3287879671451,11.6820587711688,14.3216939230984,41.370956
606,1996,14.673676348706,10.4779919529653,11.8312570068058,14.271096464589,40.768993
606,1997,14.6056846523606,12.2970689886516,12.6434426689171,14.071611593295,40.814865
607,1991,12.517211192031,0,8.74800327959144,12.3826945359423,14.651949
607,1992,12.7113411347694,0,8.647659892667919,12.4906361238513,14.87713
607,1993,12.5146119602236,0,8.54714026778419,12.3373216185494,16.410126
607,1994,12.6062620817702,6.5875500148248,8.580036526537549,12.3569593710366,16.338457
607,1995,12.6639464430176,5.99645208861902,8.550415178907141,12.4581294866429,12.734049
607,1996,12.6827569594061,8.484876589939701,9.085649784017139,12.2244934732219,14.852923
607,1997,12.7000292266343,7.61085279039525,9.17938619665428,12.4056612411272,12.866045
607,1998,12.880568729395,6.3491389913798,9.132465313253221,12.6297739302117,10.56341
608,1991,11.6513073207154,5.8664680569333,8.172672653935431,11.007586783296,-5.7967615
608,1992,11.8324162524365,8.71127861513043,9.09658919743317,11.2289241718205,1.954698
608,1993,11.6649522947038,6.0591231955818,9.04446286759816,10.9287979314902,5.6204896
608,1994,11.3932851826936,5.00394630594546,8.961750799330501,10.7695382568559,6.2019138
608,1995,11.2331847882646,9.03598698483141,9.57714087893878,10.7128620816362,5.4185061
608,1996,11.4719385225031,4.97673374242057,9.48625093122849,11.0595348461581,3.8105266
608,1997,11.4336688994114,0,9.385880654481911,11.0595969626119,3.1071465
608,1998,10.9671336685573,8.31016902198191,9.56117328443128,10.6146440593474,5.1083088
609,1992,11.7112528280285,7.86326672400957,9.496766656255961,11.309032401608,10.567935
609,1993,11.7269541270963,7.69938940625674,9.544202061224651,11.08117768865,12.974574
609,1994,11.4535951596593,6.78445706263764,9.495098172910719,11.0375093568991,11.704114
609,1995,11.8494271280312,9.230731061623921,9.945147595795421,11.0408363232353,19.534819
609,1996,11.7409010683501,6.57507584059962,9.865775301082209,10.6679120136953,19.733381
609,1997,11.730857066391,8.14728825870662,9.910810672915909,10.6928662541132,20.865534
609,1998,11.6162925122139,8.538954683197749,10.0131039988595,10.8748313143714,20.341953
609,1999,11.5085854563601,8.227375506834029,10.0469253394051,11.1209210489798,20.566845
610,1992,11.2185544043677,10.0888461594876,9.86775156068277,10.1238336982062,10.130827
610,1993,11.0261743766454,0,9.766389808032001,9.98880501575681,11.101508
610,1994,11.2205658029673,0,9.665052682652959,10.5589562904718,12.797689
610,1995,11.487228097783,0,9.563683772481861,10.7004727769279,10.997783
610,1996,11.3995215768356,7.3132203870903,9.55763243403212,10.689186031302,10.072442
610,1997,11.5753555148437,0,9.45626251017973,10.9546295304632,10.713164
610,1998,11.7268910270986,8.90490157793514,9.784568872279451,10.9611718431712,15.851644
610,1999,11.595196457403,8.460411177317249,9.90327252942031,10.6442814266381,16.569122
611,1992,11.3485171570122,8.371242135931929,8.36646332061107,10.7487222875246,-9.9001598
611,1993,11.2335670313322,8.34735341212434,8.962916935387961,10.6279181546777,-4.8086724
611,1994,11.141808757894,8.87234697898303,9.515122894718321,10.3069673073592,-5.0697389
611,1995,10.8746719420696,7.58731050602262,9.544144767357229,10.4324056813088,.73867178
611,1996,11.038407505002,8.730367211692959,9.792444253742801,10.619192344344,-12.210459
611,1997,11.4029196660652,9.69202550599576,10.3038295599455,10.9382487420195,-2.3603024
611,1998,11.7088823395721,9.96246375763643,10.7093270552527,11.2325453277586,-2.9174104
611,1999,11.8624620364351,9.12325626506907,10.7796726998738,11.3992501398564,-5.0250244
612,1990,14.6789368103132,11.4633675061219,14.1179649799939,14.4878200034854,22.012363
612,1991,14.9433395001188,11.8885016496862,14.1033890861174,14.759655146122,29.856684
612,1992,15.0979494022552,10.4888824706018,14.0058584011048,14.6892173455909,34.418045
612,1993,14.6289235076783,8.612866941484519,13.8847495458288,14.1936607908597,34.390842
612,1994,14.7464784647211,10.1038127337697,13.7822205433996,14.1810653549167,34.249966
612,1995,14.8516250742977,10.2396383089167,13.6847330841078,14.166442665357,34.181118
612,1996,15.029767355818,11.47210347045,13.6599788082322,14.3038123042043,39.622566
612,1997,15.0233789187945,11.6123996903633,13.6509159463163,14.2509207377032,41.887218
613,1992,16.5996957702628,12.9626428815771,15.0473122224425,16.1576593516617,56.867401
613,1993,16.6478673319302,12.8841061882801,15.0555763719668,16.1595494849733,57.263294
613,1994,16.589301218147,12.9214704350249,15.0649662061575,16.1776900433338,45.724915
613,1995,16.4031931307079,13.1753125001511,15.098320836269,16.2090355786919,61.154182
613,1996,16.4290281890012,12.6666570528594,15.074631244699,16.209018519865,64.857353
613,1997,16.4380846132432,13.0647194339492,15.0891974016731,16.2668321622565,66.692566
613,1998,16.2833738794312,13.0877263829431,15.1040435676116,16.0789656704916,66.795525
613,1999,16.3209883106388,12.7520066924094,15.0846356200529,16.1027060224237,74.489296
614,1992,13.2427964181111,10.2605674144845,10.7689396235034,12.9734409508257,29.388248
614,1993,13.0570446909351,6.00141487796115,10.6639428528522,12.8070022111407,26.069862
614,1994,13.1230847067122,8.20357773693795,10.6340027695648,12.8058331791155,24.589472
614,1995,13.0334193111985,8.15363748638528,10.5993236148113,12.7532339365566,26.157629
614,1996,13.1302955048376,7.1693500166706,10.5161375471629,12.8235666028033,27.546675
614,1997,13.3761473433246,0,10.4022972736235,12.9932251702102,30.933842
614,1998,13.5018506118414,9.414504956692589,10.5895094081535,13.0949888040644,38.681335
614,1999,13.4284532103267,9.835422821622,10.8408526517218,12.9785068101144,35.061848
615,1992,13.1309846688954,10.9536271266423,13.0170866360151,12.4854129928652,16.738764
615,1993,13.1727410264961,10.9965679015354,13.0354418145631,12.5344722619138,17.515694
615,1994,13.2688888243589,9.88037244503008,12.9671518016927,12.6301288983718,16.239422
615,1995,13.2081118260398,11.6932617190209,13.0987665492229,12.5059137914552,19.340895
615,1996,13.4277877971981,10.0893860378204,13.0340216613605,12.6714666791958,22.736086
615,1997,13.50991802577,9.95532070117615,12.9657098012771,12.8282053227554,22.896646
615,1998,13.5866616258652,10.2171297266574,12.9132479699647,13.0799845579271,25.344013
615,1999,13.6476233357357,10.6949177623286,12.8991120702847,13.1077627477921,24.221313
616,1992,11.9905313735227,0,10.2259803882055,11.8829073999555,5.0552888
616,1993,11.868079252537,0,10.1255825543144,11.3706400142752,6.9468389
616,1994,12.1834793278774,8.75888368001702,10.2545492717649,11.8939296292968,6.9615865
616,1995,11.9177036705482,0,10.15417622952,11.3338474589219,6.8188171
616,1996,11.9132708228282,0,10.053802313195,11.2298415492164,7.2418218
616,1997,12.0714949914793,9.251770181739319,10.3039568690992,11.2777854027368,3.0391538
616,1998,12.3694661924386,0,10.2035847375516,11.353464349886,10.465954
616,1999,12.2898207872879,8.356319965828151,10.2392702657764,11.136409660661,15.146441
617,1990,16.9785357723562,15.396139652848,16.7913396711688,16.8934632618939,56.1241
617,1991,16.7798950226529,14.0114489829673,16.7491405031186,16.741901350341,56.046547
617,1992,16.7203459351075,13.9014441877263,16.7014497844695,16.566087778956,57.095089
617,1993,16.6475652253424,12.6244704315501,16.6121807365643,16.4168364919921,62.580307
617,1994,16.8047161004717,13.3095397969245,16.5422318902532,16.3487979474381,60.01759
617,1995,16.9373540200331,14.1439254209578,16.4716648410325,16.4755140455903,65.648384
617,1996,16.8895535393661,14.9380496376009,16.5521982697353,16.4434263000372,67.675056
617,1997,16.9306256934925,15.6099183506194,16.7582637485663,16.3890835386739,61.971527
618,1992,11.9994853406956,0,9.24914753809221,11.3919071135115,10.643564
618,1993,11.9437831590611,0,9.12584945232728,11.2939674104807,12.153055
618,1994,12.0381596431584,0,9.00254099439657,11.388278089952,13.147228
618,1995,11.7237253123323,0,8.879249629107379,11.107320227292,12.146963
618,1996,11.6055932548929,0,8.75594233950884,11.0476430975698,12.057169
618,1997,11.8213053663284,0,8.63264462210422,11.3971353738092,14.393878
618,1998,11.4513480179562,6.07993319509559,8.58088135109897,10.8921572685983,12.413046
618,1999,11.7735307262011,5.85793315448346,8.517852973712021,11.2905519092942,11.929532
619,1990,14.767666675633,10.1903567947309,13.1151071142896,14.381078771887,30.822557
619,1991,14.7134202070974,10.0858091093301,13.0474777491083,14.2999713941709,33.094574
619,1992,14.7387512551256,10.6948951022636,13.0235021400517,14.3366745696681,38.538422
619,1993,14.6094324981358,10.5839546799387,12.9870864622413,14.1343483644203,36.420094
619,1994,14.6785465205664,10.6492983381789,12.9638568580003,14.2034347882589,39.972542
619,1995,14.9130777109079,12.7966387774659,13.4534915025224,14.3174230502481,43.003414
619,1996,15.2630790068893,12.072866914158,13.5518642320071,14.5391156370354,43.562271
619,1997,15.0784435266057,11.4253830379076,13.540385712487,14.6283929209866,39.755127
620,1992,12.9158744152118,9.444858981311899,11.8214647555006,12.6616422011777,21.825775
620,1993,12.9297840745019,10.5864328706115,11.987781054397,12.5205003722427,21.431513
620,1994,13.3152825757025,10.0183329442052,12.0246970411821,12.4366298851883,21.77352
620,1995,14.1193913752979,11.2939606704774,12.31205431823,13.3484807940317,24.15674
620,1996,13.631381190212,10.3207494705238,12.3387924589133,13.2487127167065,25.140196
620,1997,13.5714266679515,10.2075472760964,12.349244853291,13.197040027908,24.283087
620,1998,13.6108623525908,10.9952262722611,12.4691159101941,13.2903756066675,27.302698
620,1999,13.6223536606123,9.636588019266879,12.4274790889457,13.3733696999166,27.844286
621,1992,13.3881850135798,5.7037824746562,9.72345736854127,13.2372641595358,14.257925
621,1993,13.1694650238592,8.63319686717254,9.92037908395629,12.8148452806189,11.764437
621,1994,12.9546569657364,7.86748856869913,9.942044583962939,12.6894391242114,13.114038
621,1995,13.0974506546391,6.37161184723186,9.86862692040012,12.8255204356954,15.151092
621,1996,13.210757985384,6.39359075395063,9.79719326771821,12.9053885901477,16.375683
621,1997,13.2854948982773,6.65544035036765,9.73647619423291,12.9668034062396,16.452009
621,1998,13.1985689833593,7.81601383915903,9.763949585076711,12.866403208656,16.602993
621,1999,13.1743824454973,8.62011072542292,9.921710501424551,12.853486880527,17.203352
622,1992,12.0088007268816,7.15305163493748,8.17188200612782,11.4865194309774,2.808872
622,1993,11.7364454354245,8.174984532943091,8.783871215154059,11.2269815361207,3.4274387
622,1994,12.0798005103025,9.21034037197618,9.62133682064189,11.5542530408884,6.32794
622,1995,12.0973035664714,8.36637030168165,9.769721846748141,11.6272253263863,7.0478201
622,1996,12.1078615641668,7.83201418050547,9.80233483831848,11.533734983299,6.9322691
622,1997,12.0616159744262,8.760923376338839,9.991699874768919,11.6472161932356,7.3769736
622,1998,12.2403229086801,8.648221453822639,10.1132580822682,11.7642651234133,9.2048244
622,1999,12.4237578074879,9.52515111181622,10.4309637823711,11.9694490083293,11.678015
623,1992,11.1340234486908,7.57967882309046,8.16439643187516,10.0223397861471,4.0837469
623,1993,11.0149079962582,6.39692965521615,8.223251568793311,10.1931348727755,1.4788074
623,1994,11.0597304414607,0,8.11996407423279,10.1961359778429,3.1112258
623,1995,11.4193788293835,7.54855597916987,8.45474315454303,10.2834451659232,6.8959379
623,1996,11.3399322708184,5.28320372873799,8.390382024549851,10.4414310907909,8.25667
623,1997,11.3326328834949,6.92755790627832,8.48369845353233,10.579553178689,10.818733
623,1998,11.4126711043304,6.18826412308259,8.470101583882389,10.5001000375364,9.9434414
623,1999,11.4332517123226,8.324093761450399,8.95513839696808,10.3846121245288,12.208132
624,1990,11.5161312800405,0,9.12150915826957,9.740509893364891,10.589563
624,1991,11.4944473834481,0,9.01004627225962,10.5488371440912,12.284549
624,1992,11.3213960008598,5.85793315448346,8.942578566959529,10.2074185706767,13.083261
624,1993,11.6508983958565,8.69951474821019,9.4281738497715,9.75765050333891,12.884233
624,1994,11.6317053261543,0,9.31671637185533,10.7138012225027,9.7055092
624,1995,11.8974913342017,9.615805480084351,10.0485398242353,11.196952965547,12.289088
624,1996,12.3864646682464,0,9.93704804605809,11.757453674531,15.313676
624,1997,12.5680707394547,9.568014816248001,10.3290820319395,12.0540489501354,6.5230327
625,1992,12.5017228876311,9.89988105694202,9.68990440457809,11.8437319396225,23.296604
625,1993,12.5833474479115,9.38362118411799,10.1627084201659,12.0346529895087,25.673269
625,1994,12.8278258599956,8.300528606199739,10.221595769426,12.001540028462,25.22484
625,1995,13.0972609308435,11.0826501123533,11.3189122260506,12.5513897702468,26.32519
625,1996,13.2880489876719,9.580454602781421,11.3859973653962,12.7711988930322,27.653105
625,1997,13.7163684456755,10.8712315659992,11.7399502744479,13.2935708858799,28.589001
625,1998,13.7649264857035,11.1523715790825,12.0666318265894,13.2597187879254,29.630268
625,1999,13.9617151798979,10.3626198018932,12.13497828174,13.3889223013876,33.650963
626,1992,12.424000972052,9.90323752128092,9.823171890947391,11.8652920740962,4.2332654
626,1993,12.2947071920251,8.081784206935,9.87775427364037,11.9155188921587,5.1583161
626,1994,12.453110998094,8.38935981990635,9.97237441840468,12.0363925901211,9.1960974
626,1995,12.4254956012972,9.145375093123819,10.2168008213609,11.9442275392226,8.5664568
626,1996,12.5248469554509,5.59842195899838,10.1128445039176,11.9954851477881,8.6086473
626,1997,12.7081517789781,8.306472160100579,10.1442352377987,12.2425509128367,10.046988
626,1998,12.7117624418979,9.392911897525339,10.3988085991411,12.2006290046696,10.43375
626,1999,12.6781329330095,9.0079793598445,10.4949258753459,12.1284482347503,11.965953
627,1991,11.0815214592292,7.88645727097769,10.350833294608,10.8296834697688,-.51082796
627,1992,11.3157251211752,9.086363192156471,10.505514015228,11.1790534039307,2.5799079
627,1993,11.5301037564133,8.43054538469057,10.5235316404971,11.2158598403117,3.1718211
627,1994,12.1185366975227,9.664595644253779,10.7770795298772,11.5971853179886,7.3948092
627,1995,12.1958498006253,10.0858091093301,11.0705883633062,11.9181977452783,7.4871483
627,1996,12.8518920282321,0,10.9665590156185,12.536062566427,3.3550599
627,1997,13.1276818827491,9.542230699092279,11.0664055227368,12.8246115740108,4.0691476
627,1998,11.9005966561413,6.42648845745769,10.9224702426338,11.7386694829805,3.8553782
628,1991,12.6167942272416,8.298290634359279,10.3894137423257,11.9347583559302,17.508427
628,1992,12.4273097679825,0,10.2605569186802,11.9614731464645,19.534641
628,1993,12.171026541719,8.84217104861172,10.3601051117806,11.3304627069252,23.054628
628,1994,11.8575037004809,8.85495031650033,10.4390009108318,10.8511855565222,17.224144
628,1995,12.2235063381492,6.4085287910595,10.3277384312476,11.1311109547512,20.090218
628,1996,12.2941170421331,6.38687931936265,10.2176630541587,11.4081870131333,19.655596
628,1997,12.0789065091361,6.68586094706836,10.1165928891355,11.2829143209458,19.759335
628,1998,11.7698796625975,0,9.987736784981029,11.2899697195244,16.724787
629,1992,15.7321271748455,13.610727417982,15.6777518363279,15.3124213922836,42.177372
629,1993,15.8675002273293,13.7086644949828,15.7034617577106,15.258178138324,52.76894
629,1994,15.9615168458422,13.5990943273995,15.7109347858667,15.3247189749534,51.460323
629,1995,16.1070496486757,14.0399029291782,15.7702861072569,15.3675659139159,52.816967
629,1996,16.0286448700917,13.9832352638646,15.8091553074749,15.2074295230178,54.336292
629,1997,16.0888286291941,13.469170595078,15.7864722934986,15.3107743049564,56.00021
629,1998,16.1131847209513,13.4958533529615,15.7674859050347,15.3219863823545,55.555012
629,1999,16.1232448738529,12.8507121220251,15.7069304129333,15.2946093467626,56.100853
630,1992,15.2392967841745,11.6773291172617,13.4504447950727,14.962657987503,27.885067
630,1993,14.9295840330702,12.5189764588519,13.6736244762015,14.7295976099323,27.031054
630,1994,14.9200160674059,12.1116026127035,13.7457466750387,14.6846309148609,26.024834
630,1995,14.9998014943171,11.9455062639023,13.7734887814934,14.7616063298456,26.792328
630,1996,15.2695982582418,11.9263322873512,13.7915797875984,15.0249593731503,28.765713
630,1997,15.5513365520076,12.296320030992,13.8618949734968,15.2645653060872,31.017199
630,1998,15.6987705240241,11.8615168245998,13.8587714639207,15.4433887380062,33.187389
630,1999,15.6547119165776,12.2129489494696,13.9020720337635,15.3846651567176,36.587959
631,1991,12.9123458787357,10.0438580053834,11.7450644359094,12.7494994236949,20.468782
631,1992,13.1482851016018,9.40869930646776,11.7317685826607,12.974716457228,25.329737
631,1993,13.1609923895166,10.5629745316034,11.9016803992153,12.9504647651924,23.462988
631,1994,13.3116438439814,10.3877946477413,11.9942065143935,12.9839831009611,24.104477
631,1995,13.3589163145175,10.5704704130754,12.0960244933853,12.8659707107478,23.880207
631,1996,13.5510692533654,10.4193604175236,12.1506053891123,13.0741161395384,23.398762
631,1997,13.8012197057739,10.5817494955966,12.220202349436,13.238480131442,25.855816
631,1998,14.0733636482385,11.9016037935382,12.6308703358401,13.4555025844957,26.279547
632,1990,17.1969224572993,14.0497918536889,16.7195605080779,17.029173850006,32.119534
632,1991,17.384271374037,15.453490833911,16.9099270809242,17.1515005590184,44.657051
632,1992,17.3945058953866,14.6590159503127,16.9460857736855,17.1318729544261,43.287907
632,1993,17.5738502343989,13.898453670778,16.9277450561752,17.4030636232483,54.063011
632,1994,17.4480640182678,14.2041048169117,16.8483157349711,17.2417912871772,51.935398
632,1995,17.498207442414,14.0922183830392,16.893680142148,17.2816301100488,54.997402
632,1996,17.4991810164603,14.0986438001572,16.878967627337,17.1909686664713,57.064907
632,1997,17.4782555180595,14.4160061216077,16.884010718659,17.1266772850849,64.424644
633,1992,12.6242450330849,10.1671586550264,9.4318746290708,12.284372282929,.96738201
633,1993,12.5559419602761,7.30451594646016,9.45435264876857,12.1755263490434,2.2461624
633,1994,12.5861023402521,9.53647363080222,10.0985607932552,12.0994995670369,2.7404714
633,1995,12.5798373343219,8.797095076549059,10.2389199630112,11.846642822375,4.6482368
633,1996,12.3662579745373,8.99118884193151,10.3856235362297,11.8790159983291,7.3185172
633,1997,12.5310931683202,6.18414889093748,10.3069907373308,11.9382539613936,7.6518831
633,1998,12.4833795559638,9.802948727157521,10.6577980333286,11.8237970571232,4.4046912
633,1999,12.7909392581761,9.405002140854741,10.7980703631938,12.018665897026,9.1940069
634,1992,12.4954097841726,10.6387119395082,12.0004705886455,11.6561744159722,13.052725
634,1993,12.4206793624126,8.895218583765621,11.9320298011471,11.6591933092704,12.537149
634,1994,12.9999991648574,8.386628821395121,11.8470077049663,11.7552049277535,15.382362
634,1995,12.5899458647281,9.260653185849771,11.8043330889287,11.7428038668891,11.760571
634,1996,12.4469097617605,10.3559316618383,11.893832818061,11.7625172500896,11.676162
634,1997,12.4611461425427,9.39847831409158,11.8550232769001,11.6138241460624,8.8250275
634,1998,12.5214213626719,9.293853972203999,11.8111742624237,12.0921327736201,14.197749
634,1999,12.5175639399962,10.0735256421632,11.8496291033874,12.0894942135321,14.62565
635,1991,14.8256591852743,11.049523993439,13.9478009183267,14.5923056086465,20.593487
635,1992,14.9110810571045,11.0816039423168,13.8920002843453,14.5138686532733,25.968582
635,1993,15.0451520693175,11.5727591858717,13.8755920676161,14.547577702648,27.809483
635,1994,15.2394778415856,13.8301587474701,14.444310292464,14.7495559671238,31.265543
635,1995,15.4428417498017,13.6799038705473,14.7074424475406,14.9098843945746,33.408241
635,1996,15.3465112323396,13.2788969302191,14.8011768934074,14.7949570920621,31.7834
635,1997,15.3682389656358,12.7423993354876,14.8017326061816,14.8220054039505,32.848042
635,1998,15.5880229620559,13.8560774799563,15.0001476565692,15.1259598521503,35.537582
636,1992,12.5463287929797,0,8.89322948883359,12.5106205235815,-.06260699
636,1993,12.4756199280321,0,8.779434371386071,12.4525087216024,4.5568075
636,1994,12.622523980942,8.811652248147039,9.387498621813259,12.6033091781526,4.3803043
636,1995,12.9264542690275,8.727616178321069,9.684896124569139,12.6905226864067,5.6810088
636,1996,12.8674453981312,9.33846969968671,10.0897056745166,12.5759598176484,8.2127495
636,1997,12.9286269719824,7.85515700588134,10.0726014374304,12.607474436323,10.506871
636,1998,13.0133780009961,8.42726848388825,10.1259748885882,12.6602496732147,12.402166
636,1999,12.7866720578719,9.35832924968963,10.3731880108302,12.5675017010406,14.048764
637,1992,11.0848857965769,6.13988455222626,9.654821043990831,10.384579689278,-13.315949
637,1993,10.8278695675124,7.0833878476253,9.630267072025349,10.28536265733,-18.115059
637,1994,11.6639710903874,5.99146454710798,9.55607670687569,11.136515950117,-14.114138
637,1995,11.7697814455043,0,9.45569932378144,10.217209331595,-13.209567
637,1996,11.198746190519,5.17614973257383,9.368377774416009,9.68791988370563,-12.881351
637,1997,10.9191990957161,9.426580146973601,9.95730790123061,9.826132060979241,-9.2087669
637,1998,11.2438751233799,8.705331133531629,10.0928881602854,9.82773357435533,-5.1904254
637,1999,11.0834015337952,7.82404601085629,10.083827981525,10.2284159697931,-7.6492672
638,1990,14.9107578021163,11.5964482639415,13.7281874960423,14.4178712971831,20.373144
638,1991,15.1808632248475,11.2346919473381,13.736489103634,14.5670867489023,26.411314
638,1992,15.3210717560148,12.5333527637825,13.9283543042788,14.7830764603173,32.929264
638,1993,15.2998603837474,11.9558083799211,13.9849178332398,14.5992916814841,30.528164
638,1994,15.5258787693079,11.810693997623,14.0169762736777,14.7526580417966,34.931587
638,1995,15.592549562592,11.7388172364656,14.0353969705566,15.0029801748576,42.523094
638,1996,15.4349494033062,10.4016533781553,13.9854285914542,14.7245409618394,39.708736
638,1997,15.5624822078671,11.5289956451477,13.9866334767605,15.0872866076287,41.38261
639,1992,12.7730811430094,9.412137705270791,9.260320304281199,12.3031181496993,1.4774932
639,1993,12.8648387221746,8.81655676864186,9.69129630517986,12.6071403107088,3.0169587
639,1994,12.7895611367879,7.77988511507052,9.76478854504548,12.6057781014481,4.2305703
639,1995,12.7951154028075,8.79754848848156,10.0075997894181,12.5376133999713,6.1501422
639,1996,12.6742520646662,6.99484998583307,9.99061892232633,12.392934999868,4.6448202
639,1997,12.79373809581,7.55381085200823,10.0055521425936,12.5386483476107,6.6959052
639,1998,12.8845452509533,9.28683834294891,10.3065998950607,12.7529131281435,9.4608631
639,1999,13.0814376055581,9.447938944259979,10.5653375457383,12.7891528153633,3.2412252
640,1992,15.5625545268851,12.1542160346149,15.1662233362565,14.6940811241053,29.28685
640,1993,15.6491285228119,12.1256811270292,15.1374547802015,14.8198746525,32.231419
640,1994,15.6661657942005,12.3084126038945,15.1183945325571,15.1797377017395,36.397362
640,1995,15.7081503947003,11.838380087108,15.0777231945198,14.9558067992442,38.172485
640,1996,15.6892221525745,12.6758012369565,15.0824765838171,14.8729681576224,41.081802
640,1997,15.7571067806601,13.5358482411327,15.1845279785542,15.025982099987,40.581436
640,1998,15.7837656702539,12.0768462587704,15.1486230002625,15.1424742067855,43.704399
640,1999,15.8469519167088,14.1330671595097,15.355595519805,15.2268342891625,46.731579
641,1992,12.0443231249914,7.26682734752059,9.970753600588001,11.293860122321,-5.1448116
641,1993,11.9733788321289,8.35960327084147,10.0548300072734,11.2921495932437,.72821063
641,1994,12.0425766574666,8.870101048785729,10.2215302901175,11.6070586080964,.66081053
641,1995,12.0096953921976,10.8494147535386,11.1564976333539,11.2189349721268,1.9805766
641,1996,12.0397482949191,9.849136957786049,11.2820307004701,11.4440592793637,2.2938492
641,1997,11.8832649733676,8.276903481267061,11.224025317633,10.9330249126718,4.3216591
641,1998,11.7347850757096,8.33758794211651,11.1713108288481,10.8579373420176,4.6678672
641,1999,11.7769474115802,9.25894004181225,11.1962195804775,10.6933531869293,5.1873999
642,1991,12.9859366114527,0,12.4974503806006,12.4006398432957,17.678289
642,1992,13.0800679637121,8.97132147150368,12.4170225556511,11.8666896943172,20.137218
642,1993,13.041085107805,9.893740201081251,12.3862686115224,12.039273011092,23.149336
642,1994,12.9692241545459,10.0345158149425,12.3681702362772,12.0449887108443,25.381849
642,1995,12.7543870040237,10.0392851254333,12.3485188082474,11.8141570250326,27.386856
642,1996,12.3895445062493,7.42595365707754,12.2445401905081,11.2987414017942,29.105568
642,1997,12.0604896722653,0,12.1336089362197,10.8117507404217,30.00717
642,1998,12.234618776453,0,12.0226773124447,10.7387164422904,28.77618
643,1990,15.8451290873011,12.8038481443946,14.8375135436291,15.6106401394258,24.912273
643,1991,15.7087015677043,13.084873325792,14.9125070419228,15.4406188486497,28.149696
643,1992,15.7025185501295,12.4838217994772,14.9062881352773,15.3745056366843,34.07024
643,1993,15.593125077398,12.9235757966571,14.9446569983087,15.2279388718614,37.910679
643,1994,15.8496391618588,12.37718157511,14.9256275463858,15.4516667710489,44.132393
643,1995,15.7495833650876,12.9361325895136,14.956177169524,15.2255506126773,42.12907
643,1996,15.7841866522508,12.731646970525,14.9601035122988,15.2726096322175,44.789787
643,1997,15.7849892749724,12.7702522889302,14.9661853967335,15.2474483474691,44.532173
644,1992,11.6695359740781,8.87821865809223,11.1927615222732,11.2819969717402,7.4186397
644,1993,11.7598949119207,0,11.0800357156779,11.3552850570051,7.2560372
644,1994,12.1268833236194,11.3628348651854,11.8252162440533,11.7554763231468,3.3662121
644,1995,12.2002406725872,10.3244322314927,11.9106587594949,11.7013575422744,9.7365866
644,1996,12.3415384160389,9.780189336191629,11.9059339774993,11.8390940497634,7.3266397
644,1997,12.1460200475769,9.941313062076111,11.9179911599903,11.7622537969765,11.991513
644,1998,12.2095416216689,8.94663520890585,11.8524152869548,11.658714526408,13.259528
644,1999,12.4467810280239,8.92996487470684,11.7888208464913,11.803496444088,13.206513
645,1992,15.575852675573,12.0376539939052,15.0046434230619,15.0193204987938,39.419605
645,1993,15.3300247670089,11.3850920934603,14.9379300592418,14.8259106834361,47.504822
645,1994,15.5387553638479,10.3089526606443,14.8539288654103,14.8612788272739,36.117851
645,1995,15.684167550524,11.5028751291167,14.7934127563282,14.9750857145506,40.634647
645,1996,15.7679911464065,12.3238556811866,14.7763536108314,15.1158759704162,43.047539
645,1997,15.6125149494873,13.3982117064946,14.8931896004275,15.0273386932993,45.60968
645,1998,15.5117816531988,11.6417847100918,14.8346003397421,14.9521337206664,43.67765
645,1999,15.8261765987782,0,14.7408389667259,15.2555869815137,45.748798
646,1992,15.5219300797035,12.7885480081831,14.1827313880512,15.1852656037104,37.642265
646,1993,15.6949010805161,11.744830521953,14.1595381097476,15.276430771654,43.964916
646,1994,15.7898612445719,11.7445291284021,14.1367069971453,15.5041523625876,45.226913
646,1995,16.2381568463441,13.2453630051757,14.3645222636834,15.8637068236779,47.333218
646,1996,16.3134058274238,12.2607549407616,14.3648653096397,15.9117836283466,49.888027
646,1997,16.3815414804293,13.5323436103114,14.599162664293,15.96884357847,50.931351
646,1998,16.5079359913745,13.3550389542725,14.7286979594861,16.0496503595466,53.977863
646,1999,16.6114938548082,13.6491347886478,14.2778130469053,16.0406520666985,66.560112
647,1992,14.4525939095802,10.9492087798385,13.3318679391208,13.7731595762736,40.670223
647,1993,14.5073013486886,11.2858115421521,13.3481444075115,13.632886588471,40.388107
647,1994,14.7084613597127,10.6454248972655,13.3044999170837,14.1340655674497,41.221813
647,1995,14.9198535879853,11.5941920387986,13.3578390545082,14.3306372470006,39.422985
647,1996,15.0535765924649,11.7354768409832,13.421141312456,14.5302118342122,41.500946
647,1997,15.0418543769395,12.1251120166959,13.5413218393712,14.4966015064447,43.253277
647,1998,15.1441846219384,12.1217286170923,13.6362283775827,14.5524200838533,47.336636
647,1999,15.153585998797,12.1805804633692,13.7233484477849,14.5430090125768,49.087109
648,1990,16.8953012132759,13.852806342708,14.833646795079,16.8910584386089,42.133488
648,1991,17.0200610247245,13.2223209232727,14.9185873990038,16.9996613822531,45.54649
648,1992,17.0442118204578,14.7164845857265,15.428902622425,16.9988800742626,54.355343
648,1993,17.2635963649751,13.0456075952011,15.4106784157583,17.1459487930404,53.398022
648,1994,17.591434169354,13.4065041869797,15.429747018927,17.4080265039331,55.974575
648,1995,17.6836106733396,14.9503358359877,15.7942063086355,17.3512236045719,58.409321
648,1996,17.5407491033227,14.9781828157822,16.0373793564761,17.1988638311382,60.319237
648,1997,17.7438980478566,13.002903937367,15.9720206581482,17.487675788589,61.257458
649,1992,14.7092827328674,9.17066355482328,12.9641666232467,14.2125999477082,25.81802
649,1993,14.692002203049,9.522958929718,12.8952835892646,14.0208963340609,29.917776
649,1994,14.8481360045727,8.22550309756692,12.8033573938225,14.2064415414382,35.70932
649,1995,15.032942915595,10.124228219234,12.766552916835,14.5889399510814,39.874454
649,1996,14.9260756227534,9.066931788680829,12.6883913815985,14.3733306329289,42.321259
649,1997,15.0936799226887,10.8277662951325,12.7231235519522,14.5464012941657,43.85976
649,1998,15.2511705772635,11.1922379909045,12.805364262818,14.7904662505127,45.004616
649,1999,15.2897963943326,9.34522085417,12.7326598011775,14.6414680366363,45.777214
650,1990,10.8181519626657,0,10.810636626493,10.7115802773962,-22.423246
650,1991,12.7290510677379,0,10.687329733872,12.3392867236778,11.087446
650,1992,12.2776825604031,0,10.5640443903756,11.8421851846776,18.433191
650,1993,12.6707249114257,0,10.4407408681374,11.5747480851875,18.286295
650,1994,12.0766825231395,0,10.3174497908982,10.8143058266836,13.382806
650,1995,11.758622245626,0,10.1941514250004,11.2347807326993,15.651697
650,1996,11.905957771777,0,10.0708562031029,11.1829920677589,16.114
650,1997,12.0627125649938,0,9.94755706814686,11.054680751943,17.44965
651,1992,11.4413525129361,0,8.93529807987084,11.0219538725172,11.978333
651,1993,11.7874752435748,0,8.81075792702617,11.4215135302522,13.077025
651,1994,11.4603118530311,6.0913098820777,8.752375979408789,11.0686711959746,14.21998
651,1995,11.6783532980027,6.93244789157251,8.777370450745829,11.4186711622625,13.877995
651,1996,11.7891242003125,0,8.652947112393861,11.0914986820082,13.911726
651,1997,11.8834843831295,7.30988148582479,8.751933242655991,10.9480591773243,14.644348
651,1998,11.6985014799742,0,8.62749945666706,11.0742755486847,13.819272
651,1999,11.8820344944226,6.36302810354046,8.59689122431163,11.2517608948635,13.238206
652,1991,11.9079692067688,9.25913053614561,10.230922648362,11.5577668352508,-1.8026102
652,1992,11.8310081656327,9.25913053614561,10.4535348509934,11.6286177700676,-1.8026102
652,1993,12.1928444048234,10.3794421893586,10.3766393461082,11.7981476843005,1.7491933
652,1994,12.1928444048234,0,10.2632646797249,11.7304969985928,4.924963
652,1995,12.4936681239722,10.2363819678095,10.8215686806939,12.0398241746307,9.684514
652,1996,12.5965797072513,0,10.708176107829,12.001234728282,7.0081487
652,1997,12.7040672527603,9.393494915074029,10.8217004358929,12.2082575335881,8.2366667
652,1998,12.8467596910375,9.75243207761617,10.9887004692411,12.433957289632,9.557126
653,1992,11.3533945967504,7.09007683577609,8.004198550365411,11.0370254775148,-16.080297
653,1993,11.3509525930949,6.21460809842219,8.051277196398861,10.7746612130473,-10.831572
653,1994,11.397694855647,8.51719319141624,8.90581050241455,10.7195485831383,-5.8971806
653,1995,11.5030553713048,6.21460809842219,8.856974233612,10.8956451492568,0
653,1996,11.7125134695338,8.595449689382001,9.297270078964241,10.7323877410015,1.415586
653,1997,11.5667683090237,0,9.18388345391382,11.1767383787459,-.46182626
653,1998,11.4884935500692,6.34738920965601,9.124292167350729,10.665041072029,-1.6642343
653,1999,12.0291789168704,10.3361786468979,10.4331830157458,11.6287651871418,-1.266629
654,1992,15.7589070700868,12.9580522546519,15.8715619709532,15.5362495345086,32.701656
654,1993,15.8816388670562,11.4640187940141,15.8231615728307,15.7518243836461,35.658634
654,1994,16.1473565669007,12.0495299404235,15.7848418496136,15.9959447128876,32.785095
654,1995,16.1281218328496,11.9518962686356,15.7444461218969,15.9879369738968,39.647697
654,1996,16.3639311176233,14.0429448906956,15.8378119562255,15.9898663523308,41.589157
654,1997,16.4667034058284,14.5948547006347,15.7191528761148,16.1719906296754,41.351936
654,1998,16.5699173275756,14.003672526303,15.8079139768423,15.9402214896784,39.420479
654,1999,16.791213382704,15.3390580648854,16.1894853304714,16.4047735792104,42.386723
655,1992,14.9037403446761,12.3462649300775,13.0357114267224,14.4252086305098,33.437988
655,1993,15.1446749286947,12.2414301368112,13.3280957500283,14.9599346954229,33.43877
655,1994,14.9579339896831,11.6846325537541,13.4192021985795,14.7388258110552,36.091106
655,1995,14.9747543369161,0,13.3342977802869,14.3752649599369,41.584267
655,1996,15.0401695168397,11.6817564315817,13.413953603067,14.4939640823385,39.162971
655,1997,15.0211499601519,9.546812608597399,13.3481488757012,14.4962148223473,43.356487
655,1998,15.040865063926,11.0233719764798,13.3490802169133,14.5076747299299,45.896717
655,1999,15.1838940626543,11.5480029915829,13.4041964276271,14.7987796550356,44.558937
656,1992,15.0577686240067,12.4498694426542,13.1246084553298,14.7671675515492,45.796143
656,1993,15.28554257342,11.6536260970731,13.2491228925368,14.8477072222692,52.100891
656,1994,15.3448884224574,11.2415497187928,13.2897210313703,14.88482923175,49.402954
656,1995,15.3878324822561,12.0682750226157,13.4531115484901,14.8711002431786,53.539356
656,1996,15.2295518326234,11.5101616491475,13.4937736807148,14.6683758190988,61.519489
656,1997,15.1596422481031,11.874529242229,13.5765593463362,14.4346803545338,55.119854
656,1998,15.4900216561578,12.0422116393797,13.6719491467402,14.7425751775763,59.218681
656,1999,15.6519565669603,12.2684181387389,13.7888975525995,14.7474447549838,64.133934
657,1990,16.5025169672128,12.3617678462564,14.6090671677565,15.8523661484465,36.142323
657,1991,16.5046822074458,12.2916033435222,14.599807229199,15.8616220985604,43.708382
657,1992,16.3542828976358,12.5292823219178,14.6142370552433,15.7412580580472,51.74509
657,1993,16.1849150646621,11.8557205274749,14.5679343934178,15.6012526395029,53.778339
657,1994,16.1465047301565,12.0258568700217,14.5350757398238,15.5638220326639,52.359406
657,1995,16.0008505293035,12.6458232316049,14.5631483859265,15.4556696640993,59.534996
657,1996,15.9895707998858,12.1546688187184,14.5356302866705,15.5310373023775,63.538979
657,1997,16.0040099216463,12.1928151520382,14.5124043611601,15.5342378740951,62.197933
658,1992,12.0813863455897,8.006367567650249,11.0811435885445,11.8461836826151,4.5933232
658,1993,12.3293746407664,9.98916053427428,11.2753266884864,11.7949806130694,11.208483
658,1994,12.4619593102578,9.25894004181225,11.2985074848962,11.9285548730744,7.3962669
658,1995,12.4928646955509,9.71353696857768,11.3770324287165,12.0426755685039,7.6787696
658,1996,12.4251467275796,9.495594499353301,11.4089162581055,11.9941342617034,8.327755
658,1997,12.4845919344745,9.564091044397671,11.4438400892049,12.0609607045323,4.9963689
658,1998,12.4749019657562,8.081784206935,11.3722140720095,12.0405706663339,7.0399342
658,1999,12.443475989119,0,11.2687408448076,11.9691858475196,8.0860901
659,1992,11.8790650957343,8.52218073292728,10.4499688885382,10.4649052588981,14.925708
659,1993,11.6712812086685,10.7163492356022,11.1967616100828,10.6567971775368,15.084095
659,1994,11.8480533431063,8.574329382787051,11.1565804665935,10.6719796078275,16.481054
659,1995,11.7302128301093,8.972083182851931,11.149584063787,10.5315235146654,16.449532
659,1996,11.7382997248974,0,11.0377581266969,10.8432662302175,17.442509
659,1997,11.8815357306614,9.188094763028859,11.0647835181815,11.3504772826815,16.907755
659,1998,11.9306511678448,0,10.9529586154199,11.2771980929654,16.453745
659,1999,12.1389321483424,0,10.8411326483167,11.5625678522622,18.472178
660,1992,14.3580612314319,11.8913413525342,14.5313750356092,13.5658435258217,22.209549
660,1993,14.308802549397,11.3024513167567,14.4599794430972,13.6475320677573,30.169868
660,1994,14.2415684749201,11.0539804630812,14.3815185578263,13.7103421996922,35.341167
660,1995,14.3905859686881,10.5940814763084,14.2916970960743,13.6718557825415,34.324547
660,1996,14.3484908851698,10.0895936057478,14.1941234849583,13.5428144333314,37.932858
660,1997,14.3781994843656,11.8878076466006,14.1724559253353,13.6004555198599,36.691818
660,1998,14.2970588061912,10.645496323286,14.0879256813621,13.1959158955994,32.319939
660,1999,14.2435363005271,9.826822467600641,13.9892042515591,13.234744126097,39.518913
661,1990,11.7203568356138,5.29831736654804,9.148996741735131,8.847766073157819,4.4821091
661,1991,11.5622616580791,6.53233429222235,9.142586018922829,10.1577040490101,10.229849
661,1992,11.3674083128277,7.54855597916987,9.250954344861441,10.068884946713,8.4659595
661,1993,11.2605566235169,5.25227342804663,9.18928015424453,10.0760574558189,13.568513
661,1994,11.2080657784102,5.87773578177964,9.1447025801953,10.0213515226264,14.060299
661,1995,11.2171383139219,2.39789527279837,9.065800031218039,10.0307384746168,11.470952
661,1996,11.2648697554006,8.705828110266779,9.485537328720341,10.4494761422761,12.711284
661,1997,11.1004368132163,5.35658627467201,9.420179814806881,10.1084027922147,13.368625
662,1992,13.8286573200582,10.4341158035983,11.9171711632337,12.8765263430508,17.970114
662,1993,13.4003678157249,9.168267595554269,11.8567016767894,12.5541483961316,19.783848
662,1994,13.6638769963357,9.38974100034247,11.8151404216273,12.8814723594087,19.749481
662,1995,14.0635407828798,11.1232844922089,12.0938077941511,13.3618139100685,24.675791
662,1996,13.8583139103358,10.7730639641852,12.1987685353447,13.1666058176768,24.535578
662,1997,13.5210350013517,9.787346917401321,12.155493832682,13.030070824382,26.894817
662,1998,13.4584683625476,9.38731432244354,12.0877979890481,12.7834030015206,27.775467
662,1999,13.7128390035199,9.53184399290347,12.0329185389609,13.1610451091062,34.847973
663,1990,14.1752382132353,0,10.3930793252937,14.0708154821352,-2.0273595
663,1991,13.9379658896836,7.68753876620163,10.3619087385075,13.8567581861238,-1.3838124
663,1992,13.8152102764742,0,10.2618400885301,13.718865498505,-1.9959509
663,1993,13.8350533994423,0,10.1618129023269,13.7208263022936,3.3869996
663,1994,13.8927827759318,0,10.0617767995252,13.7646456408577,6.7349586
663,1995,13.8609818936482,0,9.96173287547632,13.7818847571586,6.5700059
663,1996,13.7891157842674,0,9.861691125076931,13.7284753969942,6.2971787
663,1997,13.8026126850634,0,9.76165321423119,13.7272828736357,5.6739039
664,1991,15.7965922075777,11.6293831783304,14.641312440718,15.4194297729139,29.736013
664,1992,15.8513005981384,13.9565082582152,14.8249045634885,15.5426507904737,34.924858
664,1993,15.938408229683,12.3229663970017,14.794987709799,15.4172697121695,38.232212
664,1994,15.9665851319215,12.7235798974199,14.8043807086352,15.5861386118606,40.39711
664,1995,16.0626892032448,12.8124084291032,14.8182928083917,15.5427637558895,45.204998
664,1996,16.1269258296422,12.8740020131062,14.8350865296001,15.7218806985357,46.930954
664,1997,16.2708452754897,14.3728632155223,15.1910736443737,15.8053364613226,48.880615
664,1998,16.5230219631605,14.1380975535462,15.3632606661037,15.9467330772928,50.135101
665,1990,10.6008757273533,0,8.311643948502979,9.984859296649351,-4.5365162
665,1991,11.045265646852,7.49554194388426,8.59552366482219,10.1262503460913,-6.0868726
665,1992,10.9835989816253,0,8.49210099900448,10.1142447175451,-.80995977
665,1993,11.0939711311159,6.43454651878745,8.512562486231539,10.1087054397776,2.4900644
665,1994,10.8637140108473,0,8.40907331667081,9.96574984621034,6.8299794
665,1995,10.8724336795634,0,8.3055828759157,10.0403658428525,6.3777294
665,1996,10.6688523034944,8.698180525197049,9.081187949082221,10.0923003480173,5.2714229
665,1997,10.4440834946341,0,8.97771450527248,9.993202728441389,11.365102
666,1990,11.973657847103,7.32909373624659,9.612132074718041,11.8884893827284,-.3520647
666,1991,12.2233307662547,7.34148385236316,9.60084749851795,11.926248014425,1.3332857
666,1992,12.3182827551946,8.32530602975258,9.743835099003119,11.8844931306973,2.151742
666,1993,11.9380700024919,0,9.629958189684061,11.3976404489596,5.3288641
666,1994,11.3919543065748,0,9.51552831855763,10.9517882567872,5.0031576
666,1995,11.7344843602374,0,9.401109480851691,11.5182718451403,5.7805786
666,1996,11.5918730555991,0,9.28669938007493,11.2747870011639,5.8428998
666,1997,11.6559069656293,0,9.17209837971931,11.284412579959,6.4323206
667,1990,11.9706649916062,7.60090245954208,9.775256374639049,11.7250881705179,-10.848636
667,1991,11.8015393182397,0,9.65963095962438,11.4911616892328,-1.28696
667,1992,11.7864249289896,0,9.544030169773681,11.2779802197089,2.2194607
667,1993,12.3263619942038,0,9.42839901703956,12.0175607800813,11.477175
667,1994,11.7961597482641,0,9.312761572075329,11.592385694284,3.3049517
667,1995,12.2686809069464,0,9.19712341149333,11.9937332104997,-3.7851017
667,1996,12.1531626460605,0,9.081495125056639,11.9205402583931,6.7698979
667,1997,12.3047569751151,0,8.96585826443061,12.0578216324572,7.2476773
668,1992,13.2127730396613,6.22455842927536,9.82235341613756,12.9950751182952,8.8546534
668,1993,12.9595748941928,9.357897936333799,10.221479358802,12.7892406160873,16.442085
668,1994,12.9618887806307,10.0800844211932,10.7514823128893,12.4520241686075,15.119562
668,1995,12.9921083955517,8.948066103458929,10.7999571369426,12.7930666660595,12.760139
668,1996,12.799881740229,8.331104548053039,10.7773404017123,12.4728290057694,19.073072
668,1997,12.5354364071377,9.93459854756118,11.0160224700446,12.2091658902625,14.172319
668,1998,12.5997936455032,8.611957767860661,10.9968963263726,12.3005560476248,7.1961884
668,1999,12.5765014276473,8.97689392766608,11.0126885820917,11.896088301921,6.5236096
669,1991,13.1267397520041,0,11.4430929553715,12.3483694159906,1.9829497
669,1992,12.834603329203,0,11.3312680875603,12.3001673141728,1.6937331
669,1993,12.7254021141592,7.85864065562079,11.2512554594492,12.2973798315391,1.9235159
669,1994,12.5119045515031,7.57558465155779,11.1650077783621,11.9600390507652,7.0139294
669,1995,12.5930292557007,0,11.0531826134336,12.0211350717554,11.46375
669,1996,12.5508332378227,9.25913053614561,11.089353411085,12.1273367445957,11.578205
669,1997,12.6391205421312,0,10.9775270547678,12.2672647137388,15.285186
669,1998,12.6576956622531,10.8459137580149,11.4757312570674,12.3134472870142,12.483293
670,1992,14.8408116587999,11.1516973137551,13.3810457952624,13.7017594864992,25.965559
670,1993,14.9753203065562,11.8368695510142,13.4561491515717,13.7669841114705,29.799713
670,1994,15.0533801266377,11.3640889731334,13.4480977402847,13.9087940188121,32.24509
670,1995,15.0961481929074,12.058135123998,13.5414477212598,13.9100221393564,33.522491
670,1996,15.0131919493991,12.4477709870921,13.6953991136672,13.8571984640176,36.195545
670,1997,15.1907510273084,12.5257765040047,13.8281982279926,14.1671357838562,37.7756
670,1998,15.2247443828224,12.4076125086112,13.9074290835154,14.191838574914,39.985943
670,1999,15.1667918465831,12.1314999500247,13.9278975500173,14.1430048408727,39.376408
671,1992,11.598377861188,8.97449144816442,9.852004766511961,10.4147050627863,8.42169
671,1993,11.8885534961651,9.54824016058858,10.3152991457032,11.2779880494902,10.563894
671,1994,11.8928849861628,0,10.2118358498646,11.1251307450797,11.052306
671,1995,11.7429508786241,0,10.1083612213006,10.5430926065109,14.545487
671,1996,11.8369885670434,4.56434819146784,10.0086040384211,10.542734467805,12.472735
671,1997,11.8596182848719,6.53524127101366,9.933837304030749,11.1104899117557,14.123244
671,1998,11.7882232205673,7.75061473277041,9.93038261599877,10.996839287074,14.07137
671,1999,11.766609062885,8.26384813136891,9.988315714712369,10.9030972673451,13.505758
672,1990,15.3232162919658,9.21034037197618,13.4350726406153,15.0073302873136,21.09741
672,1991,15.3383420901361,12.4850179130083,13.6732362572582,15.0698622044127,21.899284
672,1992,15.2835847827465,9.89444680788398,13.5868393824456,14.5571923056813,35.071507
672,1993,15.0769779927221,11.8534750920115,13.645402551188,14.5259331244198,29.426477
672,1994,15.1343885923401,12.5871528437026,13.838578925353,14.8397343486751,35.935986
672,1995,15.1667544182927,11.2859244833287,13.8020077033644,14.6802471570368,32.366211
672,1996,15.1991697167092,11.8447655612037,13.8187234909628,14.7006096953928,30.648754
672,1997,15.4961958737499,12.2350681823714,13.8859007061387,15.0326605828393,32.456814
673,1990,15.7061917463155,11.6945217588246,12.5239662197901,14.8804502359723,29.483307
673,1991,15.5972093101745,12.4284318893557,13.110834980059,15.1169166883428,44.016079
673,1992,15.4495029235548,12.9830116508791,13.6706654632325,14.8426141401485,48.35817
673,1993,15.4277955148518,12.2386995518572,13.8049461506047,14.972978565372,66.959747
673,1994,15.5505938592934,0,13.7228684855936,15.0276871312429,53.946983
673,1995,15.8602853263443,11.3594945260673,14.9190218270081,15.3010250931249,38.092476
673,1996,16.0150779677115,10.3035045130706,14.8461169878881,15.3567281154728,45.039284
673,1997,16.1527873825504,0,14.7640388698809,15.4799858072987,41.680904
674,1990,11.6862981181686,7.66246781520024,9.925787060030901,11.1649676481825,-10.204847
674,1991,11.594032356679,0,9.848561351337089,11.3316000082712,-2.9288263
674,1992,11.6550628940588,4.68213122712422,9.777153057149979,11.2559191915509,-6.8388119
674,1993,11.6853287238768,10.3089526606443,10.6979789441895,11.1956601196228,-8.0099783
674,1994,11.8391735438641,8.25009775257285,10.7027454672696,11.5098958586718,-3.3782947
674,1995,12.0202459072701,7.72223474470961,10.6736559576063,11.8602870033261,-3.6154611
674,1996,11.627130576344,8.37885024179449,10.6865896901665,11.4346105248995,-.013605103
674,1997,11.7865635968921,6.55677835615804,10.6245003551439,11.5301679848193,.076537259
675,1992,12.0052583332915,8.38935981990635,9.37605817960336,11.734317092223,4.0718794
675,1993,11.9124580247006,8.06274790108635,9.52050530023002,11.7319392163943,8.5934963
675,1994,11.9091253389838,5.88887795833288,9.44683440765853,11.595698210014,7.5086389
675,1995,11.7956786700836,6.62007320653036,9.402661763348471,11.6025347202496,8.6516323
675,1996,11.7408550662009,6.71295620067707,9.364553906970871,11.7138473633298,9.8346233
675,1997,11.8495856928283,0,9.26426968900126,11.5454082234619,8.9650602
675,1998,11.5675119762541,0,9.164223132358989,11.4173872837686,6.6222034
675,1999,11.5739803269113,0,9.06418100967834,11.2785742977834,7.1766138
676,1992,16.3372134991368,13.9405057456381,15.4521102856557,15.9225160086913,58.452816
676,1993,16.3391578913373,13.2306131152372,15.4977852220364,15.9181996865443,40.761532
676,1994,16.216526508316,11.6550238062733,15.4624711080217,15.8515761868613,42.5037
676,1995,16.0963149829533,12.1935394319053,15.4413627755738,15.7729815249077,38.527172
676,1996,16.0448247322885,11.4667558641234,15.4024290407345,15.681504581972,41.443878
676,1997,16.1935049402206,11.9114129526733,15.3735172717656,15.8411887612795,41.667976
676,1998,16.2970854914894,11.6395669264375,15.195624459329,15.8762434863581,41.960194
676,1999,16.3384519121227,11.7038846101598,15.1659397079319,15.9287769282117,51.089863
677,1992,15.5521739097929,7.80913539812054,14.3305378622947,15.0951370618013,32.047054
677,1993,15.5639392673117,9.105757331783741,14.242595921527,15.1506545566941,39.653034
677,1994,15.5450681531706,12.5700349718795,14.3218836037007,15.1479484559073,42.965805
677,1995,15.5555061136808,12.0723183709265,14.3252796437906,15.1061668438755,43.99371
677,1996,15.5824671095643,13.4272609097897,14.5565740924612,15.1921746028466,47.939728
677,1997,15.6629081249802,12.5974962988718,14.5863174707041,15.2595394488821,45.950146
677,1998,15.8409317607412,13.1734100413811,14.6958188573899,15.5149376884674,45.048542
677,1999,15.9442401132389,13.0152056922488,14.7602368984273,15.6155535453569,51.364132
678,1992,12.3159238155809,8.41183267575841,10.4599297384913,10.7886694564545,1.9123105
678,1993,12.2301249652157,10.0824702080646,10.8873135607881,11.3651565661026,7.5670075
678,1994,12.2933990399967,10.1658518170036,11.1792301690776,11.4369621061429,8.492363
678,1995,12.7430449813866,10.3478207475297,11.4236646508018,12.0800421845079,13.396435
678,1996,12.6828179987308,7.89431806384162,11.3399057119495,11.9316841563557,20.007664
678,1997,12.756864768517,8.365206834418361,11.2756234033228,11.9507998644641,22.095257
678,1998,12.8017868359455,9.589256144850809,11.3247870228547,12.0940521016035,21.741713
678,1999,12.8155806205237,8.60977237270933,11.2733425243292,12.0821868272339,26.354382
679,1992,11.5209300524504,0,9.355245586759709,10.778770315516,-5.6556792
679,1993,11.4306011918189,0,9.251798963825349,10.682911202161,-4.8405886
679,1994,11.5662741353045,9.561841957140921,10.0166242551299,10.903760900517,-7.0872989
679,1995,11.553306037258,6.19236248947487,9.934196178913361,10.8883105111018,-1.7570591
679,1996,11.5295041063022,5.33271879326537,9.840222886367361,10.9020628373377,-1.5930843
679,1997,11.2945334580961,0,9.73674796386846,10.9395330374776,-2.1097538
679,1998,11.3070371742904,4.57471097850338,9.638610132737609,10.7779281309676,-2.68591
679,1999,11.2494490043473,6.60800062529609,9.57894092234892,10.7818007337609,-2.2785027
680,1992,13.1468615599034,9.988104398256009,10.0318763697575,12.8215187304531,1.5065402
680,1993,13.0750380594774,8.746080217357511,10.1719409329594,12.8078485284952,6.6024938
680,1994,13.3049227455439,9.55215545300789,10.4975323720529,12.9606145208912,12.429953
680,1995,13.2743482646306,11.3556749857251,11.5841655429296,13.0742394775924,8.5339375
680,1996,13.4899302127911,10.0360497256191,11.6566724997844,13.1230722156243,12.447171
680,1997,13.6990920735624,9.718362068409441,11.6712616590137,13.362940997127,8.5092115
680,1998,14.0758941107695,11.2686604170339,12.0466835189678,13.6952573758436,12.868959
680,1999,14.5032077613684,12.0142218292201,12.5786212339007,14.1289013008594,10.565922
681,1992,12.2777853826579,6.72743172485086,9.36828385004214,11.8777212148161,2.2046411
681,1993,11.7798366239521,7.60389796852188,9.4193687715987,11.3367016999354,2.8416722
681,1994,11.7160289007977,7.9298464297425,9.5137727545192,11.4327849521103,1.7934111
681,1995,11.6447211525134,7.37650812632622,9.510170852787279,11.1762208204144,-1.6284291
681,1996,11.6685147533918,6.46302945692067,9.441396535840751,11.1382216561651,-.20545202
681,1997,11.6768045990174,8.61468281269349,9.675099020326201,10.9986539502646,1.7098237
681,1998,11.6710949571064,6.97914527506881,9.623389978257441,11.0867266936783,3.8699191
681,1999,11.6586414515375,8.553332238032111,9.78854797043131,11.0722172405314,4.7216311
682,1992,15.4556754522574,14.193748343818,13.5026029809604,14.9920368649759,4.4000983
682,1993,15.5398147257695,12.0273525955179,13.5884937653259,15.1918131283084,16.761921
682,1994,15.5694897673793,11.2583041463782,13.5534497074621,15.3130013334087,8.1607428
682,1995,15.5265441915856,12.2006479584849,13.6520523639663,15.329265760796,9.3116894
682,1996,15.6657380941082,12.5505165948782,13.8019237742236,15.5478973480524,27.806423
682,1997,15.7813170183438,13.7394898345908,14.1019067289991,15.6084019511262,25.361219
682,1998,15.8470190487554,12.1136667442232,14.015444272832,15.5533347847789,30.919069
682,1999,15.825502655959,11.6340185718469,13.9682210869863,15.5450708846416,28.795561
683,1991,11.8409596279839,0,8.62506056228524,11.4450066087583,-1.4209012
683,1992,11.7745822642841,0,8.50819280921894,11.5113584271653,-4.6240492
683,1993,11.594479239368,7.26122509197192,8.654377902538659,11.0692178425095,-1.3202907
683,1994,11.5146833354177,0,8.53758388106397,10.7870897719814,-.078310616
683,1995,11.4719407160183,0,8.42072634292853,10.7883695670679,1.1376561
683,1996,11.4492726024155,0,8.30385144507429,10.5663116901592,3.5417564
683,1997,11.4790214389792,0,8.186965417492351,10.592014120021,4.7515631
683,1998,11.4277877821139,0,8.07009325853079,10.7242281378942,5.4019794
684,1992,11.3732520698571,7.90100705199242,8.55445043977195,10.6869970624316,6.1140399
684,1993,11.2024913354643,6.10924758276437,8.528884580005821,10.3071123328751,8.302145
684,1994,11.2297038989891,5.85793315448346,8.48572316394675,7.91992352087996,8.302145
684,1995,11.2758554675093,7.9373746961633,8.823559619072149,10.5153182107161,8.5603981
684,1996,11.2363928871399,7.90100705199242,9.03465276181827,10.501767867885,8.9799166
684,1997,11.3470225154778,8.318742252692401,9.302855740841331,10.6827599516771,8.4122076
684,1998,11.4768547887526,6.90475076996184,9.27255431838223,10.8784848940204,9.2830343
684,1999,11.6219547339577,7.40853056689463,9.295563484306591,10.7862229881122,10.742536
685,1990,13.2076412314774,8.51036996606811,10.2548132145436,12.5847778912355,18.313068
685,1991,13.4783029304984,9.772239265926171,10.6563577721383,13.164581924363,21.07262
685,1992,13.1588827882519,0,10.5404796392916,12.5034818458965,21.771896
685,1993,12.6639010663173,0,10.4283580832227,12.1820997425244,35.032875
685,1994,12.5603103773788,0,10.3188699876525,12.1079285496465,16.867289
685,1995,12.6056588621584,7.49052940206071,10.2570451425723,12.103251696754,17.64488
685,1996,13.1856021437997,8.053887083618219,10.2393274464137,12.7933559976227,19.038527
685,1997,13.1819564479441,8.587465244401571,10.2949112058777,12.8040531457212,20.411848
686,1991,15.3860294204392,11.3943671288461,14.290495198849,15.0090327341702,21.762659
686,1992,15.2104005048378,10.6003777193749,14.2046723530283,14.8995572217673,23.856518
686,1993,14.8467070276872,10.8060646813225,14.1276352849402,14.5672836182406,27.19912
686,1994,15.1257665513001,11.7337703764349,14.105237637962,14.7446953795061,27.908806
686,1995,14.9161443407084,11.0319498631731,14.037882531689,14.4932813757823,26.280178
686,1996,14.9632943407649,9.93285216116603,13.9417834966318,14.4800815807264,28.598541
686,1997,14.9908402346953,10.6322914103041,13.8640034398545,14.4613427274053,30.639446
686,1998,14.7980259757259,11.3480979904789,13.8257649020067,14.2213830450789,30.55653
687,1992,11.360818528123,8.294049640102029,9.226036540082511,10.8237223084934,3.8362045
687,1993,11.3643892280819,0,9.110321121884111,10.7760909216917,4.1441751
687,1994,11.4500249025686,0,8.995648504351781,10.9494691636143,4.4600205
687,1995,11.4032223715624,0,8.87990388352431,10.8343409457,1.8759629
687,1996,11.5033174474104,7.52402141520612,8.985845908591021,10.828384684383,3.8821359
687,1997,11.5849409066868,7.74022952476318,9.1119334020633,10.9224207625418,2.6265728
687,1998,11.7832706666864,8.012349639327789,9.26981609877129,11.1455015175359,7.1107268
687,1999,11.9468918789561,9.06508335931904,9.722187473855721,11.2682637114886,6.6512184
688,1991,16.436162179851,14.1496608151623,15.3884818939265,16.0386699580529,43.465343
688,1992,16.5856430787093,13.2507020612224,15.3888866905573,16.5656929662393,54.942886
688,1993,15.8947963375138,12.9516035257697,15.3591737294559,15.7075357679041,57.67345
688,1994,16.168913757462,12.4548761462916,15.2966643382203,15.4728038666261,58.991234
688,1995,16.3681880773434,12.2775743672189,15.2264523843139,16.2066903699745,51.469921
688,1996,16.2863304536841,12.0348868552966,15.1480153537084,16.0047843303108,50.987862
688,1997,16.5064261973158,12.1431115462749,15.0767919981796,16.2521282284569,55.72646
688,1998,16.2843682765157,11.8765333206413,15.1111903127992,16.1955779773453,55.453335
689,1991,11.4569157658914,8.030734924098541,8.603701108357789,11.2561475483139,-3.574156
689,1992,11.4721792774552,7.82404601085629,8.872711466671589,11.3147448511963,-4.1853056
689,1993,11.5503706840713,0,8.74100851703955,11.2829255701278,-3.1784565
689,1994,11.5554146512788,0,8.609334719979779,11.2402955260042,-3.8150213
689,1995,11.4960600677993,0,8.477620416296411,11.0929887396407,-3.1880639
689,1996,11.4020169567897,0,8.345930261979021,10.8845581706234,-4.6307397
689,1997,11.4778068893315,7.69621263934641,8.62265170227238,10.8036551087658,2.5082943
689,1998,11.0682781007252,8.41693076947784,9.06853484289941,10.4578000347144,-.013801944
690,1992,11.3869395221359,8.574329382787051,9.215974470593279,11.3628872404659,3.5302191
690,1993,11.1620097011992,6.70318811324086,9.232297539328229,10.795655388268,3.7521405
690,1994,11.0328049718427,6.93147180559945,9.26439285629576,10.6015856378231,6.9881859
690,1995,10.9459909946832,0,9.203577555596789,10.3637884088218,6.084549
690,1996,10.9716314280877,8.64347335732657,9.56189121007939,10.2339416187447,6.16044
690,1997,11.0532091982898,4.00733318523247,9.504553570119141,10.2739177355406,3.8206658
690,1998,11.0455270853521,4.82028156560504,9.45197588812208,10.20173717904,8.4953413
690,1999,10.9470613731497,6.38350663488401,9.43164222841102,10.0273104291911,5.3739257
691,1992,14.2025839726696,11.809334347802,12.2063726005392,13.2829064271984,12.691828
691,1993,14.3167416434227,12.242211692146,12.8355912907898,13.4584655442213,14.16977
691,1994,14.6093033360516,11.7972769973256,13.0460858226382,14.4486362368195,18.217278
691,1995,14.6730294871095,0,12.9523244789769,13.8424496490345,14.725811
691,1996,14.6967185868922,12.0992110037461,13.1960382843703,13.9013107275691,14.882938
691,1997,14.6145203271115,11.0373543660876,13.2042911380179,13.8075519825442,18.443756
691,1998,14.622912020611,12.0414632973348,13.3644057751788,13.8125615342356,18.915497
691,1999,14.5149185734016,9.679968930891841,13.2934428110072,13.6170426428907,22.540018
692,1992,16.0057482943056,11.8696904048592,15.2789266417548,15.7229098819104,33.255589
692,1993,15.8432240231412,11.4420200514545,15.2069864964954,15.3523095905213,36.985847
692,1994,16.0135511477119,12.4781587303574,15.1767483846573,15.4659208096327,43.173351
692,1995,16.1658577220216,12.5912738199567,15.1531536052746,15.6575992059635,43.056057
692,1996,16.1709610171323,12.8633516867755,15.0387768011484,15.6103183441553,48.09491
692,1997,16.3342302869596,12.6656218168721,15.0281312711025,15.8046147390341,45.149345
692,1998,16.5014804354282,12.6427715277355,15.016050627191,16.1357095164096,53.408215
692,1999,16.7102758152528,13.3536131840715,15.0828628401215,16.2949398086841,56.038895
693,1992,11.9692792407217,4.27666611901606,11.670614449038,11.2801942746743,5.7770762
693,1993,11.9765304366397,6.5694814204143,11.5734079590399,11.3200577293309,2.339844
693,1994,12.0530218718087,0,11.4699396727941,11.3374282852536,3.9603298
693,1995,12.1093517773567,0,11.3664662961553,11.4190616888851,12.245535
693,1996,12.0488871538252,8.423541635334781,11.3119188241959,11.3819787763015,14.95904
693,1997,11.8539360896407,0,11.2084457656824,11.2097738023077,9.6348095
693,1998,11.6535721296393,0,11.1049722641249,10.9009270091982,14.198137
693,1999,11.6722695887248,7.48885295573346,11.0261255648069,10.6405217110636,13.057155
694,1992,12.8707171087594,10.6728084273189,12.267120236706,12.5980846839506,6.3468394
694,1993,12.8949565493398,9.57574708283836,12.2354794944798,12.6068703962082,5.24403
694,1994,13.6004799059422,10.7810166658569,12.3481519008605,13.3408536610128,9.3938379
694,1995,13.5353087219164,8.55545190353333,12.2707202232209,13.0851624277013,10.278182
694,1996,13.3150806430879,11.0049624068177,12.4084014655437,13.0097963815973,12.155988
694,1997,13.5335645684695,9.08681588569068,12.3425457072006,13.1892971629974,13.686313
694,1998,13.5590150912796,11.5404628079633,12.5918678975277,13.3583628301751,17.093065
694,1999,13.5824942195721,9.641408247463851,12.5399880447983,13.2950521716771,17.907852
695,1992,11.0953274890828,7.54960916515453,9.14994259942751,11.0462346584228,1.0459396
695,1993,10.8111444434868,0,9.036617738245591,10.4596298870514,-2.3460486
695,1994,10.9355464584306,0,8.92315151120885,10.2712403470229,.96244907
695,1995,11.0955918035435,8.28172399041139,9.227099155791141,10.3078521523242,2.5359361
695,1996,11.213271806961,0,9.1137083188822,10.5715372628994,1.3964982
695,1997,11.3419417680796,0,9.000310459807361,10.6775957821042,4.7381687
695,1998,11.3721275761918,0,8.88692058036589,10.564320033984,5.1993914
695,1999,11.251497087922,0,8.77352390595812,10.3567436897319,3.6244619
696,1991,15.2143616062482,11.744981184671,14.0211117783867,14.662906658951,-7.9640718
696,1992,14.7702631701525,11.2690816335901,13.9706735537982,14.0680638961541,33.919132
696,1993,14.747054243964,11.1727142470622,13.9167129807234,14.2091058463124,34.33474
696,1994,14.823150844996,11.5791063866294,13.8954945254511,14.3865066170588,33.126392
696,1995,14.9597309944934,11.1720113779215,13.842462859436,14.421773572198,35.956253
696,1996,15.0205286061391,0,13.7267152998954,14.4385458991819,35.544643
696,1997,15.140157620256,11.8791298591251,13.7505993807324,14.2142308478832,41.873486
696,1998,15.3003566308669,12.399861533765,13.8538469379025,14.7969929756162,42.385517
697,1992,14.2820483873088,13.1295375811523,12.9947636149694,14.0405944832429,1.7061925
697,1993,13.9648751425956,11.9265637481675,13.179697697994,13.940586489998,-1.9290347
697,1994,14.9361651805975,9.558317600211719,13.08258999956,14.8230517521874,7.1840439
697,1995,14.4260477962416,10.0131936126242,13.0033212494238,14.1253334831385,12.531325
697,1996,14.2675716899559,11.4842893369339,13.0717121926098,14.013164611514,16.485966
697,1997,14.9502149483248,12.1880970481978,13.2811414486085,14.5743773995869,16.819092
697,1998,15.2410546716208,12.0330635924585,13.3986061194932,14.8131021617303,16.607277
697,1999,15.3997842986563,12.077795993968,13.499518856063,14.8647360245832,23.533297
698,1992,13.7905240424964,9.7412626974413,12.3831961324035,13.515344600132,18.962393
698,1993,13.7892214447566,10.0661164759843,12.4144671626091,13.5077887625809,23.696943
698,1994,13.9610025981131,9.670987868797891,12.4128937068394,13.7559413221968,21.321438
698,1995,14.1359760846269,11.6386237588231,12.7088916013059,13.853284545723,24.295389
698,1996,14.0135836464934,11.3027351569936,12.8484834818402,13.6755362169071,25.627285
698,1997,14.2416508389947,0,12.7860312509672,13.9832539304277,33.314575
698,1998,14.4402755394221,10.5156144644321,12.8120582560039,14.1952522687267,27.497227
698,1999,14.5080836043999,13.669952852555,13.8807820604054,14.0866321791237,22.582432
699,1990,15.6547942062136,0,13.3319092985484,15.5507087337646,34.263088
699,1991,16.136856720335,10.181460140129,13.2682028143395,15.8594790530667,44.283791
699,1992,16.5160838059667,12.9323789355571,13.7176607660734,16.1658435782595,49.750595
699,1993,16.5921271884319,0,13.6048952000773,16.3045923577989,51.618832
699,1994,16.3850210518874,12.2927181222531,13.7349926707442,15.9044222110756,56.367813
699,1995,16.6858073417824,12.3364296300484,11.7423945677335,16.4537025130001,56.78429
699,1996,16.7344230944543,10.5585953219308,11.8859713704561,16.6290767532599,54.291073
699,1997,17.096254266926,10.5026811327216,11.985174695964,16.9460430151471,55.472881
700,1990,16.1647896392543,12.955897846782,15.2774118030224,15.7996406630891,33.695896
700,1991,16.2309962391674,13.5819352849469,15.3563191185444,15.9910261356112,35.58976
700,1992,16.3049127401544,12.8993973103389,15.3419645649735,15.9846459725392,34.156841
700,1993,16.2503628235732,13.4382407015257,15.3848585620043,15.8547248628328,40.253658
700,1994,16.3203205812766,13.2256182778095,15.395350891605,15.8132143595985,45.385834
700,1995,16.4659361407688,13.964034006008,15.5041016071364,15.9992231138394,47.702461
700,1996,16.5048078380749,13.5923670066501,15.5354036382486,15.9227616074867,46.53289
700,1997,16.5500192152982,13.6534209480604,15.5687984280497,16.0225477182766,56.638962
701,1992,17.3618074304372,14.4334006448447,15.6052798981987,17.0680608180175,38.571877
701,1993,17.3378424579249,14.2259426435246,15.7258973877876,17.1044979696545,43.71003
701,1994,17.5599507201067,14.3291913019926,15.8390394683183,17.3167578549798,40.592224
701,1995,17.1775025969379,14.5545866704126,15.9646031661399,16.9143150155421,34.604645
701,1996,17.3995123569889,13.485206260438,15.9264596692801,17.0767735107823,42.861668
701,1997,17.5270094159635,14.9880642096695,16.1272063819214,17.2288090632131,39.585876
701,1998,17.5195701296516,15.5079793858517,16.4250971678158,17.2155903041347,44.062069
701,1999,17.4812481748237,14.1723594867668,16.4034515700119,17.2616876467996,45.858982
702,1992,10.9526261962928,7.51752085060303,9.569747579879889,10.4914689160968,2.6042266
702,1993,10.7248240387847,6.58202513889283,9.51708214876639,9.6887454665801,.031743333
702,1994,10.5641525440189,6.97914527506881,9.490688113860349,10.1219271473919,.48407376
702,1995,11.066736197062,5.08140436498446,9.398991852465009,10.477467912313,2.8485065
702,1996,11.093339626971,0,9.29551756788365,10.4093228326165,3.7187688
702,1997,11.0698555004718,0,9.19204400969307,10.3252620679952,4.0603127
702,1998,11.0351495864372,5.39362754635236,9.109270637735509,10.3830541171509,-4.1451344
702,1999,11.1118072841578,0,9.00579774581111,10.2793281406064,-1.2253274
703,1991,15.6386758612507,11.9699514983163,13.3814177085428,15.3324609760989,-8.0763264
703,1992,16.0802155342736,12.5231472442645,13.636144628996,15.6581450259069,7.5988603
703,1993,16.0724740618883,11.8592773085859,13.6833176976769,15.577242721907,18.160242
703,1994,16.1553878858762,12.1733273217171,13.7719959833683,15.6423772822119,16.28269
703,1995,16.2235818066992,10.9895210589974,13.7154759455827,15.6997591642671,17.619232
703,1996,16.157877914019,11.5904789231853,13.7085972818421,15.6872691054241,17.735666
703,1997,16.3799655205785,11.469777851627,13.6893700708984,15.9812900984524,19.249481
703,1998,16.7108527585021,13.1124423261225,13.9994022980417,16.2805708023275,25.618919
704,1992,15.5712072444253,10.7510710864005,13.3237181479247,15.1386305614991,33.175285
704,1993,15.674541005635,12.3236645518114,13.537550803574,15.2805114542026,33.739002
704,1994,15.749585755561,12.8878630817009,13.7639226938795,15.2381662845026,36.510033
704,1995,15.7481119149038,12.3532202898165,13.8682430362297,15.3172375040331,40.480251
704,1996,15.9387990140184,12.347298732913,13.9480933132747,15.4808362388487,44.899612
704,1997,15.9234785314367,12.7925278689017,14.0985307808616,15.5133001924449,46.679935
704,1998,15.7387238651773,11.8260047797513,14.0808230107122,15.347142955638,44.314148
704,1999,15.647388061475,12.1599606418852,14.098837259543,15.220954140272,46.469673
705,1992,17.5894562310406,13.4356693359937,15.5276259358941,17.4269831109725,60.875801
705,1993,17.7028341344194,13.5254509948534,15.5519388194647,17.5426176046762,61.364594
705,1994,17.7110187758541,13.15390274131,15.5337001076982,17.4676196588815,61.423813
705,1995,17.5983087607319,14.4811554951151,15.446410621883,17.497257288983,66.217659
705,1996,17.6308831836694,14.340981414856,15.6142757629511,17.5735067978084,65.004967
705,1997,17.7231138379039,13.4012049878706,15.6056492811594,17.6745953310288,66.458641
705,1998,17.7888265965302,13.2710385223855,15.5857793309091,17.7161669999868,66.929604
705,1999,17.8390441423217,13.6745815848736,15.6079975791289,17.7007662108288,74.433632
706,1992,16.3500868109912,14.2126269120102,14.1132499109954,15.9023067774505,64.236458
706,1993,16.3742684973279,11.978023330611,14.1157840250434,15.8129153697141,69.524139
706,1994,16.3423327343696,11.2008550669614,14.0560065215618,15.8064581734859,69.083168
706,1995,16.3792054421581,11.4890322827502,14.0149940034695,15.8239547337704,70.409775
706,1996,16.4422153566868,12.9751850011458,14.1936729150325,15.8532680760982,71.76915
706,1997,16.4750000911423,11.8049157437595,14.1633057331936,15.8917542036093,71.094337
706,1998,16.5112003123549,13.8702704866258,14.5822624126161,15.9701535162281,69.772949
706,1999,16.5550465778358,14.5114069559604,15.0958880820416,15.9639457370738,70.545845
707,1992,15.7443408575541,11.9609454652638,13.4437399601002,13.8587633973729,38.545528
707,1993,15.4264268535313,10.430580148766,12.3912509512618,13.9748669672817,42.093628
707,1994,15.3903440763526,11.2427820209938,12.5574546063153,14.143881942825,41.244572
707,1995,15.4988996203848,12.0313680062274,12.9008594811208,14.5787657424086,48.229652
707,1996,15.5891204930334,11.7981044072039,13.0625849224877,15.0106027248228,48.282906
707,1997,16.1183325837341,11.7611595984549,13.1770322281856,15.4620455178979,56.436993
707,1998,16.2422448361283,11.5353520975318,13.2294510207182,15.5953334096117,58.813835
707,1999,16.0171974895109,12.2019089895322,13.4034384214338,15.269073880267,58.130875
708,1992,14.2854669164283,9.13776967914135,12.9561212902547,13.779970849582,21.374933
708,1993,14.2462218369651,11.4257104308803,13.062247913445,13.7375747526421,23.463865
708,1994,14.7535888983206,10.7100080602638,13.0592853359136,14.0086653441978,21.892944
708,1995,14.7623655591373,11.1009039102628,13.0925946531307,14.0519805879266,25.674488
708,1996,14.715989534642,11.7903829439623,13.2263298017683,13.9777649449615,26.120438
708,1997,14.6135269671325,10.6872064312805,13.2027369226528,14.2482137900785,29.290922
708,1998,14.6714244010145,10.5294259834026,13.168243215442,14.0781244044754,28.499125
708,1999,14.6049655141763,0,13.0724381993503,14.0216408809289,38.359955
709,1991,14.9957238779502,12.0782392740203,14.1965103493151,14.2117058896722,33.848732
709,1992,14.9890877384437,12.3227617497283,14.2436587161284,14.1467091325548,38.430054
709,1993,14.7877368923213,11.4230554605412,14.2018970885889,13.7920328380651,72.441353
709,1994,14.6254807737478,12.8292505852526,14.328857879576,13.8776132583171,37.592369
709,1995,14.9595978880721,12.0365883375377,14.3211588625126,14.3531945885713,36.483803
709,1996,14.9833423914793,11.6498137170323,14.2833758400745,14.0141527818333,46.798817
709,1997,15.3250478002002,12.9743968694407,14.4076438735892,14.3577960695111,52.97168
709,1998,15.4360504060006,12.6012348606424,14.4486501107028,14.6847035893435,47.2313
710,1991,15.7923736304556,11.8802316959776,14.1404825625415,15.5727508276444,24.964369
710,1992,15.8759364031231,11.3636827214956,14.0983114869945,15.6665336630688,22.894474
710,1993,15.7772804245571,11.9622989996632,14.0988568444662,15.5066912357613,27.232769
710,1994,16.329726028889,12.94297351898,14.2649540180514,16.1167603196979,33.480518
710,1995,16.3236432991562,12.7402035785627,14.3473168795347,15.8980309924392,27.464827
710,1996,16.3636135575346,12.2914564487399,14.3521083089959,16.1410659918244,32.956467
710,1997,16.6062263444861,13.3805605098867,14.5455750316104,16.4413555490187,38.14941
710,1998,16.9183397504128,13.3625921416963,14.6840098987291,16.676710868589,41.35796
711,1992,15.570272494724,12.0845149949698,14.7077622945937,15.309565928765,35.235165
711,1993,14.8319999030574,12.4575703903409,14.7047338495758,14.4433791653325,35.590046
711,1994,14.7207722584357,12.3104146426741,14.686810451083,14.470018001956,37.271862
711,1995,15.5062232798725,11.8693613803439,14.6368632047983,15.1511180743857,38.598446
711,1996,15.3400977829983,11.9142553682252,14.5909841749645,15.0159913938744,40.200867
711,1997,15.4441534004501,12.0919068099106,14.5588476844467,15.0534869039572,40.423466
711,1998,15.6236853107089,12.5427055835239,14.5696888659413,15.0867468696156,43.939857
711,1999,15.6410376267811,11.8361966643412,14.5216975000888,15.0618969496541,43.215904
712,1992,16.3935846679206,14.1936476338123,14.2376239117692,15.9700444385285,29.590298
712,1993,16.6435764449874,13.748303947306,14.6160228735893,16.2940508701496,36.610554
712,1994,16.860375187839,13.7638687818114,14.8603821035438,16.5088967550171,41.552597
712,1995,16.883453368886,14.1904277948634,15.1497078543914,16.6331889494194,40.12941
712,1996,17.0118803567338,12.8872079717569,15.1233310842525,16.727800165672,43.908131
712,1997,17.0629020254683,14.3177302567584,15.3570302926498,16.7503378139866,45.280003
712,1998,16.973410913824,13.9721886127157,14.982546622882,16.699210623409,53.255516
712,1999,16.7886744082158,13.0005391872714,14.9798103636713,16.4753507393185,53.653187
713,1992,14.5048923070657,0,14.2435082890273,13.8533953987778,20.95439
713,1993,14.4474577473257,12.3007644523632,14.309965002277,13.7558572324641,21.999582
713,1994,14.4909290340959,11.7020571136927,14.3125514270612,13.6197321286237,25.851105
713,1995,14.6093829437104,11.9611307267546,14.3312105228045,14.071831187786,28.556702
713,1996,14.6146520372991,12.2450192826665,14.3720631448003,14.0385894101093,29.23498
713,1997,14.6295905462142,11.83679721933,14.3743621682761,14.0211063899541,28.783197
713,1998,14.6215048069387,10.6659042329845,14.3291940541199,14.0311436658255,32.755154
713,1999,14.7324195945093,11.7263257040014,14.3263147815013,14.1758623686968,34.378372
714,1992,14.167644122358,10.5279275350863,11.7433147027833,13.3175461381506,26.013327
714,1993,13.7655464554135,10.7749901016201,11.9631427542871,13.1188115087482,21.208399
714,1994,13.7778863318496,10.0177978987135,11.9857046138952,13.0960400768534,17.004143
714,1995,13.9170408910287,10.7144177687525,12.1153363395987,13.1946999805585,17.083868
714,1996,13.9124673265256,10.3449630981673,12.1527762937303,13.147087314983,20.370382
714,1997,13.738502973261,10.5733661061567,12.2172751623682,12.8042326390265,20.271063
714,1998,13.8503088208358,11.8366163672267,12.6007612282471,12.8538221153225,22.785421
714,1999,13.9705996607774,10.535796025865,12.5989002355293,12.9379646081678,23.261974
715,1992,15.4797983944929,12.2020696442004,13.2907230862922,14.4595452510993,36.373444
715,1993,15.2306065662968,13.018330868444,13.7617266909898,14.3084485358884,35.617142
715,1994,15.1916016290227,12.2192701737742,13.845769309359,14.3526521116849,28.713791
715,1995,15.2153621513853,11.9255184426844,13.8663734297333,14.3908731090703,31.736324
715,1996,15.2154481820661,11.5003770620487,13.8385968078739,14.4181742439381,33.512302
715,1997,15.0001869188978,11.408497847361,13.8046707186157,14.0488401196688,34.221008
715,1998,15.0819529992355,11.4737271515661,13.7782504415845,14.072497118419,37.381039
715,1999,15.0550616726735,12.1050526959708,13.8260852483199,14.0854638068016,38.365078
716,1992,11.7677424759702,6.71901315438526,8.895040412487729,11.6081013074126,-9.1078033
716,1993,12.2927949272574,7.95752740223077,9.132519361172109,12.1255509032861,-2.5620532
716,1994,12.4100556558663,7.69484807238461,9.24452921571288,12.2407097381943,.32468507
716,1995,12.3133776241517,9.44367184967788,9.923741058563371,12.0789217717936,2.8768334
716,1996,12.4562502810703,9.37398866350452,10.2573470367852,12.2001219821307,3.1003368
716,1997,13.0004378714522,10.3888415103284,10.88170464683,12.7625689003596,-.16704307
716,1998,13.5266430135209,9.69196372993396,11.0272963918372,13.3109292429691,2.2308083
716,1999,13.3655433604358,9.676398728859629,11.1375437787482,13.1376077483775,4.6694064
717,1992,10.5630417573502,8.784774592161019,9.126241114284509,9.967933814264081,-1.570915
717,1993,10.4228196354429,0,8.997394645638421,10.1061248817949,-3.6774409
717,1994,10.748441874333,6.61204103483309,8.959992619171089,10.2111513702631,-4.0372238
717,1995,10.6888922440748,0,8.83114224624374,10.1477682906068,-.40529299
717,1996,10.2976184607577,0,8.702277594699121,8.160851008543901,-1.3625959
717,1997,10.5314581163836,0,8.573422284682669,8.679245680022021,2.5115223
717,1998,10.8672189009445,0,8.444579486903731,8.86811107986626,3.7568636
717,1999,10.83165078958,0,8.31571327973805,7.84024522083324,6.2324815
718,1992,13.2576327509015,9.803667217253921,10.0642449314142,12.6944624460346,20.163288
718,1993,13.3489951393962,10.3686984650412,10.8404628756031,13.0701243717034,23.609863
718,1994,13.4857570449663,10.5638532435717,11.3126631305618,12.9290737510954,24.685181
718,1995,13.7967005256324,10.8525745588254,11.6940696622818,13.0089812115565,28.757551
718,1996,13.8184336248293,11.2811825448426,12.0844963620975,13.1943220244575,29.2969
718,1997,13.9482370957991,11.5161602274802,12.4135765323817,13.6591702139571,30.593664
718,1998,13.9793946740337,12.8176083886031,13.1887099505304,13.6293627700314,31.315754
718,1999,14.1074825159137,13.7399752599732,14.0478237790594,13.5383388456291,28.363302
719,1992,11.1309766681251,8.79102985704596,9.371497875153571,10.5315373254105,-.41026068
719,1993,11.0036985625679,6.26909628370626,9.35457057764742,10.3132099921304,-.42166352
719,1994,10.9122116027414,0,9.29418507367123,10.3119611505743,-1.2720221
719,1995,11.1644170836979,0,9.23379319195096,10.6093856038092,-2.9207029
719,1996,11.0978796077052,8.929832503272401,9.687623689874821,9.897205930889569,-3.45806
719,1997,11.2025068655446,0,9.627239857710009,10.6547631179408,1.9369476
719,1998,11.4138893524917,7.43543801981455,9.662065461913381,10.891528696682,1.5566442
719,1999,11.3668239700288,5.29330482472449,9.612867836096999,10.9003464758141,1.6252208
720,1992,12.1948312976731,9.51848661756032,10.1503671615269,12.0126420933131,11.503302
720,1993,12.3682584995645,0,10.0388878227206,12.0871011903892,15.606122
720,1994,12.1424906800806,0,9.927418899827829,12.0552162575308,15.618872
720,1995,12.9417625153657,0,9.81592875301085,12.25759523061,21.799479
720,1996,12.5284059792959,0,9.704438874225961,12.0032114480092,23.821802
720,1997,11.8405502121205,0,9.592946185938271,11.2396735481247,23.651409
720,1998,12.1831174764141,0,9.481458516877289,11.5721676249789,20.506292
720,1999,12.2275583146853,0,9.369964615911311,11.7282524781957,19.724478
721,1992,10.9941108159816,8.363342466597979,8.233051511040451,10.7234783574194,-9.8560419
721,1993,11.2945662314348,7.57558465155779,8.55829674629465,10.9442958723986,-14.897955
721,1994,11.6831861529143,7.99193051985248,8.90951902271704,11.2757712511003,-7.5670605
721,1995,11.4625021232335,8.89439598980643,9.47864847524477,11.0611876929274,-11.2796
721,1996,12.3278317076039,9.866564198431529,10.2515071467715,12.005690036785,-.78578305
721,1997,12.2281904821423,9.06762406977459,10.400701962587,11.8711320693984,-2.1907496
721,1998,12.2188049088221,9.474165107897401,10.6117597708411,11.9125101997973,-4.4662895
721,1999,12.0104977629297,10.025351140293,10.9242770288499,11.6521561048421,-7.8741212
722,1992,12.8367757234594,9.73068058811076,10.4086471546755,12.3941073082778,23.600935
722,1993,12.5907361595409,9.542804587199861,10.6661188172517,11.9345207569303,1.6900663
722,1994,12.7258323756665,8.15075647027555,10.6414407807266,12.2130391766237,-9.1756334
722,1995,12.9351166734989,10.4174183502555,11.1137187323125,12.4964455096994,-7.2013636
722,1996,13.0377408232258,0,11.0102449131947,12.5408096913416,7.6594262
722,1997,12.8662201968042,0,10.9067721612468,12.2710749512483,7.7949772
722,1998,12.9523378596761,0,10.8032972146292,12.3176322716617,.96852338
722,1999,12.8623305929239,0,10.6998251457828,12.2233797815203,-7.1097598
723,1992,10.731519412546,6.78332520060396,8.61024628045201,8.597928261990321,-6.664227
723,1993,10.6974611140188,7.31521838975297,8.75842810272203,8.26867502931818,-3.6274042
723,1994,10.6773773922382,5.80513496891649,8.709399070284171,7.60190658257323,-.64571261
723,1995,10.6873431382663,0,8.60902460003385,9.018025184003831,-2.2965922
723,1996,10.7500984235032,0,8.50865686039395,7.25520116967199,-3.5838296
723,1997,10.7384090381071,0,8.40829308545988,8.01018971197626,-3.7673686
723,1998,10.7765731826837,0,8.30790323439056,7.8128489995147,.70271426
723,1999,10.7451145347494,0,8.20753813815405,7.8627337149707,-.4269304
724,1992,12.0528974272855,8.74671634969449,9.3126171377611,11.6943580744495,-1.8979206
724,1993,11.9790151948948,7.01391547481053,9.33445001902172,11.3863423027325,2.3658321
724,1994,11.9271182095506,9.341894811716481,9.926925720102661,11.4151580963949,6.6293068
724,1995,12.036574875018,6.34388043412633,9.83474822033395,11.5646579446469,4.5160928
724,1996,12.016094923136,7.8815599170569,9.843610151480711,11.4301035069966,6.6085377
724,1997,11.9491993293123,10.3147359054,10.6516743761478,11.3131189787541,6.6314368
724,1998,12.0152945234777,0,10.5319281978449,11.4508508264076,10.011172
724,1999,12.0958927702407,9.47270463644367,10.6948928362288,11.3447449404848,5.5746779
725,1993,13.8667419511501,0,12.5808616841528,13.6292825340893,45.998283
725,1994,13.9533900900784,0,12.4794921138791,13.5157780105852,39.108891
725,1995,14.4487142956387,8.650849576228911,12.3990315908285,14.1791853552656,34.860172
725,1996,14.4010909935847,10.4874892858353,12.4289997734265,13.9194082588325,39.300568
725,1997,14.4988259262242,9.12565356380899,12.3615007947601,14.1452531294973,39.986015
725,1998,14.7026031033623,8.9445502459405,12.2902423638294,14.4682695644989,41.057549
725,1999,14.8166037834056,9.484709215365839,12.2433231498653,14.5603816663641,41.691536
726,1990,12.4591632732123,8.85366542803745,9.607235529401279,11.6289290144627,7.4733334
726,1991,12.2562224292156,0,9.491503743790849,11.7646904947909,0
726,1992,12.4089435162333,9.952277716705559,10.3604565995114,11.8355648343776,-3.6830094
726,1993,12.16411810516,7.77106708606541,10.3203145360537,11.4397599661844,2.8029327
726,1994,12.3417446026538,9.74096862303835,10.6589708306784,11.9497192671084,-.33989546
726,1995,12.5337729936884,9.473473571506551,10.8065917226061,12.2071176697954,7.4843063
726,1996,12.6686897502241,8.274102002292331,10.7645805354454,11.9343710427305,13.066917
727,1993,15.7792352021253,12.0229487669622,14.3156796621845,15.1678324803443,34.814835
727,1994,15.6654050560323,11.8130300574206,14.2712784000169,15.1564031241408,20.795097
727,1995,15.8804665609318,12.0946996466213,14.2524148352378,15.5644509843225,24.626627
727,1996,15.9090964432191,12.4408720032401,14.2740386569563,15.3708759087277,26.754025
727,1997,16.3663828390143,11.5537794589785,14.2094668934795,15.5701881118525,35.531628
727,1998,16.3581948532565,12.9571608502774,14.3248669829862,15.7892710589919,36.363953
727,1999,16.3539655943703,12.7949642553114,14.3857462121114,15.8441636063162,38.581963
728,1993,12.713608819436,0,10.7471559773402,12.3735000551401,5.2391829
728,1994,12.2648687223616,9.80095636388846,10.9771904967959,12.0522774731454,2.5393615
728,1995,12.3525161602047,8.069968149059839,10.9275522852682,12.1423025941789,5.6927829
728,1996,12.6046271026407,6.62539236800796,10.8389552258098,12.101385995357,4.8855443
728,1997,12.5395028337277,9.62284729487339,10.9826893370177,12.2582805683061,9.6733904
728,1998,12.8841949569203,9.274159884689141,11.037249779987,12.4918433368522,6.3198509
728,1999,12.761470508426,8.910315776326019,11.0405141395489,12.3918897510771,11.288176
729,1992,13.6711722053354,9.7375510249915,12.0617760873077,13.3365993209929,12.494502
729,1993,13.6103701945751,12.1186393613684,12.6908457299244,13.189523782867,14.893119
729,1994,13.9522610332226,11.5590835969513,12.8602502813914,13.5263185365005,16.474701
729,1995,13.7519863209198,11.1247156247444,12.9038189837322,13.4241263640548,16.3302
729,1996,13.8130012304155,7.81399567500279,12.7928685420055,13.4173043421495,17.745575
729,1997,13.9396158331956,10.2381366997679,12.7473562787802,13.6645134869527,18.491508
729,1998,13.8812827307195,10.6276245497828,12.7380825886749,13.604088237857,19.125135
730,1993,15.2523417425345,11.4449463651574,13.1999519993482,15.0667462046483,14.704212
730,1994,15.2736310036092,11.5130354589207,13.2777158490761,14.5180179940512,16.00561
730,1995,15.1711284224087,11.670817707841,13.3617688637829,14.785781311908,18.650267
730,1996,14.8051362205177,11.0581177901464,13.3590496901481,14.5894460747826,14.572913
730,1997,14.9675165489558,11.1454206606485,13.3632000384286,14.6274670122068,16.344067
730,1998,14.987158472287,11.7306785135954,13.4365590376107,14.7217661752652,18.905006
730,1999,14.976441214021,12.3640417402094,13.6169455883489,14.7092101864017,21.720911
731,1993,12.2179101047549,0,8.352294963042221,11.8250056481496,-1.4442799
731,1994,12.3679623534203,7.43602781635185,8.59757430336305,12.2209933797762,1.2796726
731,1995,12.5317129469638,6.61338421837956,8.63000388544606,12.4864293586901,.36237857
731,1996,12.5381181887343,0,8.538093255523981,12.3787162470463,1.5644535
731,1997,12.5588096069537,8.006367567650249,8.881530702756979,12.1369677865674,2.9617763
731,1998,12.5372382031795,8.406261630708959,9.24307858056396,12.1896303125563,1.4291939
731,1999,12.4793404376505,7.29165620917446,9.27360620859427,12.1385255523246,-3.9097226
732,1990,13.0406955165511,9.42545175159313,9.93556744599954,12.8429721738515,-3.5726242
732,1991,13.3225625071514,8.915297945118111,10.167865173456,12.9928376656032,.93379802
732,1992,13.1123251626895,9.805488761654029,10.6185747803642,12.6290469032509,4.231813
732,1993,12.9636724060349,8.966228514225779,10.7066767732973,12.7828573434703,7.5345507
732,1994,12.960733464379,8.720134035412929,10.7449771489975,12.734863916259,9.0649652
732,1995,12.9728512561443,8.30498958014036,10.7350740620732,12.7594058823629,10.211036
732,1996,13.0366486139933,0,10.6447127389791,12.8374694145602,10.858062
733,1991,12.9123558906829,9.6614159913364,10.118118978284,12.853245236569,-7.9069462
733,1992,12.9003596547385,0,10.0012447359835,12.7529788371644,-2.2434227
733,1993,13.1467216042995,9.21034037197618,10.2729074336272,12.9001107533755,-3.0889783
733,1994,13.3848752375172,10.0858091093301,10.772565076192,13.2937907007017,-1.1814495
733,1995,13.6966418798339,9.26530193005016,10.8534393405026,13.4819464152663,-.4659707
733,1996,14.0988153252866,9.609384912281421,10.9817593692956,13.9567842985636,-1.9669183
733,1997,13.8276850015822,9.016876974763379,10.9901234091936,13.4506163121784,-2.8370123
734,1992,11.1307399362252,8.510571315107351,8.801996123117171,10.0272575554122,-3.0623014
734,1993,11.1223587500277,7.26262860097424,8.898748047476859,10.0709432199243,-4.9679704
734,1994,11.028412325476,7.43307534889858,9.00568731297564,10.1628405923679,-.66902947
734,1995,10.9832713131465,6.92362862813843,9.016816300674231,10.0072337108121,-.16780485
734,1996,10.9367290868882,5.95324333428778,8.956827815294499,10.1795187720346,-1.0917392
734,1997,10.9773677402095,0,8.85335109292506,10.1194934487043,6.3153462
734,1998,10.98395097841,0,8.749875107549141,10.0489770020325,6.8192492
735,1990,12.417605358263,9.43019853229886,9.52259309836217,11.7573188242157,-.72567081
735,1991,12.3298848127082,8.752581469146881,9.821588539660359,11.740145955605,3.8558152
735,1992,12.1368385646387,10.7268732100198,10.9945430269368,11.5023946661953,5.3261638
735,1993,11.980234620095,0,10.8910677167814,11.3325492789077,6.7441015
735,1994,12.1141814618953,7.86901937649902,10.8358110696749,11.5005196414704,8.375576
735,1995,12.0044951451277,8.835937789319839,10.8561680711932,11.1423209477588,2.9780388
735,1996,11.8777070187228,4.47733681447821,10.7543091970969,11.0627685499811,1.8694836
736,1992,12.7558567793939,9.14633504200027,12.0410783017799,11.88668877428,9.6435337
736,1993,12.7508292164751,6.80903930604298,11.9827447022168,11.7684598723191,10.329104
736,1994,12.8467083303675,5.82304589548302,11.9211115345696,11.8549904625482,10.269394
736,1995,12.8540962742783,10.0986019311288,11.9939753589676,11.9876351858651,11.75474
736,1996,12.8305534735289,8.761393485256059,11.9648714061275,12.0614312699828,13.106517
736,1997,12.8429523491674,8.27231514795602,11.9184799024217,12.1166313377106,11.23914
736,1998,12.6564658664267,7.31055015853442,11.8606484595071,11.8164567072249,12.072152
737,1990,12.6863107986861,9.73654709778048,11.6674046622583,12.4521067669092,5.6451621
737,1991,12.5965157938109,0,11.5415032036019,12.3015696161987,5.3506312
737,1992,12.5869749816359,9.99688681679468,11.6210217350371,12.3180758506206,3.9701526
737,1993,12.7253303579039,10.9218835073474,11.917228564875,12.4787938714198,5.9762855
737,1994,12.6946050431856,9.76709492763057,11.9053681481729,12.278624005765,9.2577477
737,1995,12.8207147285791,9.85293082891897,11.8998327706661,12.3399575166511,8.3213387
737,1996,12.7181634186525,10.8393455899028,12.064270573505,12.1214007278315,8.2431383
738,1993,10.9397738150228,7.69621263934641,9.009887430581671,10.0050430053624,5.0535302
738,1994,10.884678176606,7.65964295456468,9.138726210766389,9.99409980309248,1.5447525
738,1995,10.9004338332481,6.5510803350434,9.104624237537941,9.976299115336399,3.0521085
738,1996,10.874889830594,6.71052310945243,9.083086378049231,9.94380350015552,5.6448212
738,1997,10.8596943529824,8.278428259199069,9.32969550457368,9.967404305113959,6.0668788
738,1998,10.8241772804807,0,9.225652540077791,9.975167193319519,5.6261444
738,1999,10.9005163608537,7.65917136766606,9.29869001974853,9.96866646730107,4.5310845
739,1991,11.993217986196,10.6942150614349,9.69519566722035,11.3678902461371,6.7216916
739,1992,12.0007610753176,0,9.61029029939624,11.406760229086,5.3743134
739,1993,12.0014339003128,0,9.525348172690419,11.3860123800838,9.7772198
739,1994,12.0284749138851,6.92755790627832,9.511947538699889,11.3123000085578,9.9708776
739,1995,11.9852823594389,0,9.427039200606369,11.1997700856706,9.3644743
739,1996,12.015922447814,8.74830491237962,9.72988983218422,11.3958515226947,12.215971
739,1997,12.0727559225772,0,9.64498233236964,11.5271613661808,4.8783431
740,1992,15.418740047495,11.4439825922333,13.2819484072244,15.2089977059995,36.215843
740,1993,15.5700417698852,11.7752897294377,13.3762577192888,15.2457708221609,39.98629
740,1994,15.6865598886786,12.0063403984764,13.4938678976114,15.3878887620301,39.251308
740,1995,15.6587298472038,12.194910580824,13.6178423615982,15.3967051664149,44.652428
740,1996,15.7834735398279,11.7534451726679,13.6428702265109,15.4426828151794,46.347675
740,1997,15.8976375684539,12.3611214933124,13.7628135419783,15.5688791003367,47.907051
740,1998,15.9774646770659,12.3325995640018,13.8524765195362,15.6143450265526,51.359348
741,1990,16.4988790092569,13.1030092894993,15.0532405235421,16.179214462266,42.361862
741,1991,16.6123911669193,13.2894731528244,15.1339104263013,16.3112527711407,47.666744
741,1992,16.7511296158605,13.3577153023326,15.209112950255,16.3354858036026,58.477901
741,1993,16.8731871494021,13.607636088628,15.3102416583107,16.5704089467195,60.435566
741,1994,16.9254526717367,13.5911112184781,15.3895170870578,16.640087405612,60.501831
741,1995,16.9841725466651,13.7523641340762,15.4751798431467,16.5760421644333,64.059059
741,1996,17.0261610158664,13.8236126472172,15.5549836082408,16.4369068122649,70.224327
742,1993,11.0997995972622,0,10.0410819300477,10.5373137579266,14.84971
742,1994,11.11853975579,7.24565506759454,9.99018804787373,10.301626186083,13.490351
742,1995,11.32623900798,7.83002808253384,9.985938128198169,10.4866571399046,12.610701
742,1996,11.3907714469659,7.85360481309784,9.982127738674439,10.4385869505562,12.642895
742,1997,11.3261180666024,8.021256180144,9.99571115557775,10.368372635202,15.655331
742,1998,11.2837510409481,6.55819780281227,9.91402187125103,10.0890561757676,13.505353
742,1999,11.3369181449515,7.53422832627409,9.88552213653327,10.1493214184223,14.713752
743,1990,16.9627212495994,14.7399591240398,16.0359925721772,16.1896059665855,45.385323
743,1991,17.0310931234391,14.1738728774838,16.0949393820873,16.5785676846012,46.712502
743,1992,17.0858057491447,14.2068672757928,16.1469811877726,16.7657621784398,52.204391
743,1993,17.0963128237842,14.1108616481809,16.1788789990006,16.6820209696631,62.377583
743,1994,17.1305727463339,14.0099854627308,16.194096212463,16.830981774318,53.990868
743,1995,17.130539059012,14.5071496018576,16.2648719524874,16.8403686829455,56.911472
743,1996,17.0507492609349,14.2481886770245,16.2895298297575,16.5962673835386,64.557999
744,1993,12.1621803356888,7.99226864327075,11.4978625872932,11.3859372071819,18.217527
744,1994,12.2412380343337,7.21817683840341,11.4009788641443,11.3913414558611,19.004086
744,1995,12.2370582261105,10.9490154701118,11.775205110473,11.3937720442539,19.834152
744,1996,12.3049649062003,8.68996933536666,11.7071574765233,11.5102141597061,19.075533
744,1997,12.3866592789621,9.34548296591848,11.6816576024534,11.6200674921209,20.190472
744,1998,12.6417656626518,9.57553888685579,11.6791083240728,11.950618746618,24.269897
744,1999,12.6867303395976,10.7704829926854,11.8877691531252,12.0735120379874,24.143824
745,1992,11.3798325129825,9.428431179653741,8.871252718131149,9.46363338819793,-.033523433
745,1993,11.3691793610363,0,8.75944893565323,9.822405305504089,2.6296177
745,1994,11.4046926055331,8.85936344915209,9.403832636772311,10.4411746278805,.069854066
745,1995,11.3517221937391,8.296795865770051,9.573134555122939,9.776809023709109,2.9464774
745,1996,11.6728747942225,9.16565676434954,9.96807138514712,10.4343096671786,4.3356223
745,1997,11.5662583161067,9.42003387556599,10.2928503786182,10.0141615524131,6.6126175
745,1998,11.8846771894588,0,10.1875116929044,10.7033380556904,5.2294135
746,1993,12.8019463486582,7.92008319905323,11.3829796365208,12.5996001350645,13.013446
746,1994,12.717105746934,7.93272102748195,11.3238946513637,12.4272441848837,14.343902
746,1995,12.709244325632,8.975883060761699,11.3214113861135,12.5525239968916,14.560515
746,1996,12.5831276431374,9.61453801051738,11.3883458850435,12.3164784457244,15.892579
746,1997,12.7308703143511,10.2271639852113,11.5527998106131,12.4796369467429,22.052364
746,1998,12.747774584492,11.3298916545839,12.0147668510647,12.5350751384492,21.56864
746,1999,12.8662883251561,8.98017220572501,11.967479740161,12.5761090680324,22.375683
747,1991,17.2619484942877,15.8487266001589,15.4503437628807,16.4539734484083,83.642776
747,1992,17.1282118956206,14.8361775212474,15.7896944398076,16.4484372788818,88.133125
747,1993,16.90673318515,13.141442213415,15.7490153347311,16.2886633754051,93.129845
747,1994,16.849895092214,12.1165964151018,15.663883336008,16.3383549081823,94.222603
747,1995,16.8340105050295,12.1285758609091,15.5802835799403,16.4365779243752,93.226501
747,1996,16.7420054487415,12.50137312409,15.5116459214517,16.2743775444828,95.00428
747,1997,16.8787700146693,13.217318948888,15.4910176694506,16.3130052097271,96.429161
748,1990,15.5375649370535,11.5066860401802,13.8424056214269,14.9929786310449,32.97551
748,1991,15.5416888571996,12.3916223196756,13.9544849729298,15.076842205551,38.758266
748,1992,15.5309711588735,11.6149765103676,13.9375502102492,15.0422595573982,38.992477
748,1993,15.5394600569431,11.9136593987025,14.0613551204345,15.0875212080753,43.562252
748,1994,15.6324403420752,11.6779821715859,14.0378349738787,15.1843482955824,45.5107
748,1995,15.6708676325989,12.2165772781753,14.0717648870415,15.2361896339771,48.099957
748,1996,15.6346226016288,12.6304739926567,14.1628522220347,15.1801008006564,49.69418
749,1991,10.9150884642146,7.3132203870903,9.726153537253211,10.5350664552524,.30884811
749,1992,11.0821425488778,0,9.636529251624321,10.6729362494755,6.5205107
749,1993,11.0821425488778,0,9.54693402979697,10.5331743071003,6.5480909
749,1994,11.1683202451188,0,9.457317630541789,10.5656974988059,3.5758111
749,1995,11.1591035900139,0,9.367720118465931,10.2655929063556,7.51759
749,1996,11.176753183358,0,9.278120508397141,10.2557587767018,8.0673237
749,1997,11.0855981100049,9.711115659888669,10.075615665594,9.87304100465057,4.6571794
750,1993,14.6111925220276,12.5444216912714,14.160679369518,13.9812037363561,35.709587
750,1994,14.8808480230483,11.7668077047107,14.1265779498466,14.3961498046937,37.560989
750,1995,15.0244536116916,12.9226262460356,14.263261612492,14.463743174919,41.558044
750,1996,15.159625245684,12.7110572436712,14.3259139526041,14.4888210250519,43.038776
750,1997,15.3938347015222,13.3099593334009,14.4995248604655,14.7805720179768,45.521358
750,1998,15.4870712150099,13.3873027848816,14.6477766481111,14.8295404130541,45.153748
750,1999,15.5167313302555,12.8227355712733,14.6654142772928,14.8754843248496,45.422924
751,1993,13.3233127751641,8.94441979130591,12.353154255397,13.3166084616817,28.471014
751,1994,13.6494347839639,9.093132171070639,12.2662934211058,13.4435282845417,24.105558
751,1995,13.4138042862928,10.5689808653142,12.3079769453491,13.1797875638151,24.261103
751,1996,14.1122782136625,10.6917403465236,12.3587546759911,13.7036831550668,20.553474
751,1997,14.4182917437379,10.5335351761528,12.376782041396,13.9666888679916,26.363373
751,1998,14.4227720722675,10.6339786862365,12.4054065842947,14.0094635924397,28.693716
751,1999,14.4852296447005,11.1016434715405,12.5086105713184,14.0837093065883,30.7113
752,1993,16.8376545630805,14.3231236269977,16.5856834895301,16.1013541272252,55.070518
752,1994,17.1103248920757,13.6433618815149,16.5144396075491,16.4112561653069,62.686447
752,1995,17.1613589703273,13.6427891717146,16.4447795664592,16.5445598868887,54.533901
752,1996,17.1442035449404,14.3779771356772,16.4363275392897,16.487878811943,57.2938
752,1997,17.2321869118759,14.1851287751749,16.4080782925704,16.6822541059652,60.586609
752,1998,17.4529962501941,15.2744204209151,16.551255663517,16.8752481156569,61.767464
752,1999,17.3740991630905,16.2132979158491,16.9428600564171,16.8239284505643,63.251362
753,1993,12.3267350347603,5.03043792139244,10.3709911843909,11.7887837674754,13.66594
753,1994,12.4394070162042,8.5167931113949,10.3955950806888,11.9092299574758,14.517194
753,1995,12.6601621177889,0,10.269691946691,12.2186745213667,16.396084
753,1996,12.6257606910716,0,10.143787094637,12.3840646379852,15.659438
753,1997,12.7450241118984,6.3261494731551,10.038774278661,12.3632744232776,15.527433
753,1998,12.6777204300023,7.85399308722424,10.0148947501103,12.3282263558362,17.130743
753,1999,12.5779700272352,9.329278296047701,10.279510118311,12.1886932725992,18.685127
754,1990,13.4342486127624,11.2105898857185,11.2390805493065,13.2563241838092,-10.576202
754,1991,13.7407715084622,11.5379204708595,12.0197430673387,12.9717361749483,21.357365
754,1992,13.7445705080143,8.84793475332846,11.9376701878103,12.707721912543,20.810547
754,1993,13.7582956018003,9.273502946933821,11.8827903380775,12.2647380360741,15.736849
754,1994,13.7640106445001,9.979105098994721,11.9006067067125,12.3716865157478,15.34027
754,1995,14.0498749339036,10.9480131753005,12.0998311864,12.9247554807505,17.192417
754,1996,14.304934030024,11.1197199006178,12.2851407245613,13.1270466118497,23.960373
755,1991,12.9008282216955,10.1681568506788,11.2469631352223,12.2252702266047,-2.8724444
755,1992,13.0438238191367,10.0372314225857,11.4222127008365,12.3179668546924,-.47063053
755,1993,13.0481149092608,8.649273531773449,11.3904210511282,12.2380764453192,1.4147067
755,1994,13.0450788537977,0,11.2966582175954,12.7583476715618,-.58591777
755,1995,13.1413486783054,0,11.2028968923195,12.8774184760901,-.72140992
755,1996,13.1772404867436,0,11.1091349539414,12.8968455432288,4.3178554
755,1997,13.1485385249141,0,11.0153746727792,12.8167734099088,5.8643584
756,1993,17.8037333392474,14.1796521569259,14.9042087977877,17.6090152524529,71.491234
756,1994,18.4764961252743,15.4607593381695,15.8208656484127,18.2711670177834,71.794189
756,1995,18.9871065303468,15.4910646214232,16.250622684383,18.3449159079464,75.204498
756,1996,19.2464579018448,14.6728586027764,16.329870365255,18.6927953830996,77.177689
756,1997,19.3226695657919,15.4590903465272,16.5608988422091,18.6912398258384,83.987968
756,1998,19.5307494246281,15.3159790058672,16.698751339667,19.0521227650885,87.997429
756,1999,19.6104192213084,16.196797398408,17.0434406014059,19.1067934831553,91.129349
757,1992,11.0760330145318,8.69951474821019,8.640684349146341,10.5439873827168,-2.0796084
757,1993,11.0973428011185,0,8.527242527269239,10.8506471133543,-1.0572323
757,1994,11.065998218573,0,8.41374196302003,10.4747778246017,.76281267
757,1995,11.422205305885,0,8.300354721236619,10.8512743448715,4.2288628
757,1996,11.4076804436528,6.19031540585315,8.297119921959251,10.7599128054141,5.2567863
757,1997,11.2668440743285,8.26642147298455,8.83596687134569,10.6632500754001,8.1832638
757,1998,11.4710333004844,7.53529670244409,8.9511291315001,10.8265606298706,10.242085
758,1993,12.2756883189304,9.72681003812726,10.5149500531235,11.6525911272133,9.8969822
758,1994,12.3887667129822,7.58933582317062,10.4550394862448,11.801837813561,7.5956426
758,1995,12.3504714198409,8.26487826280175,10.4460705308292,11.7765348914024,10.408013
758,1996,12.2059294097951,7.80098207125774,10.3986623383884,11.6115087441144,9.8597794
758,1997,12.1789448392401,6.50876913697168,10.3044793369006,11.4891286722171,10.163263
758,1998,12.147398355053,7.43838353004431,10.2433647001489,11.3493922664754,14.417732
758,1999,12.1170837849177,6.93731408122368,10.1637303374872,11.4292679701265,12.882773
759,1990,14.8323334988962,11.8913619006905,14.1783694418718,13.5638176968159,25.405926
759,1991,14.6004176725485,0,14.066746438716,13.3693751266553,28.298857
759,1992,14.350038857614,8.807920622053979,13.9616938393421,13.830328907884,43.578026
759,1993,14.1112972295793,11.3555462456803,13.9255207073025,13.201728584884,51.248501
759,1994,14.0618317938124,11.492243050775,13.8996512267445,13.3262771025023,40.111519
759,1995,14.2265181338576,12.5293655579916,13.3153332062523,13.5504624771974,40.328056
759,1996,14.3086048294116,10.3704553282382,13.2480161651686,13.5517398795241,42.782879
760,1993,14.0922051859173,10.892415175054,13.0941110114032,13.0535884009204,32.349072
760,1994,14.1298431960807,12.1906493151003,13.3169607767736,13.0014826583229,34.164879
760,1995,14.3292003251557,11.1336104434064,13.2947571497576,13.196680987535,38.508789
760,1996,14.3201118297784,10.7472936093812,13.2395037176874,12.9704835037508,38.298203
760,1997,14.4229797801429,11.4155772097003,13.2551478161282,13.2731092742309,39.79158
760,1998,14.5430958190931,11.3671132565923,13.2616481624798,13.2425253100585,41.771233
760,1999,14.3763007395698,11.0961213121921,13.2363259688932,12.9629421779986,41.626991
761,1990,12.2613724307545,7.98548435673382,9.74899514766085,11.9000333165092,12.903962
761,1991,12.4076639713541,7.59940133341582,9.76491490267219,11.6720837796757,10.727314
761,1992,12.246680796176,7.67832635650689,9.785244411047289,11.5163871880305,15.300724
761,1993,12.2960660522485,6.44571981938558,9.719799061913671,11.5601468828769,19.308167
761,1994,12.3790474828695,8.72745411689943,9.9370142006109,11.7393811033653,16.305487
761,1995,12.4861688061347,10.3960473674952,10.7670439522263,11.9678972682183,16.494717
761,1996,12.6142332974,8.520188700396041,10.7613204384387,11.7095715399339,19.092642
762,1993,12.5012888399193,6.35088571671474,8.82154062213692,12.4691556059169,-2.7979445
762,1994,12.5981217721884,8.668368019213361,9.34580614248487,12.3752981593291,3.7028222
762,1995,12.8159182447619,8.33902300574476,9.54906720793427,12.5780531134088,6.3262935
762,1996,13.1869511099989,7.53955882930103,9.568364405484211,12.9561672389875,5.9436336
762,1997,13.4798729153281,8.4156033356546,9.726983043863729,13.2213511396573,4.0965075
762,1998,13.6972925576663,8.88183630500415,9.96288318415928,13.4285488699607,2.8905826
762,1999,13.756893137678,11.3571017196825,11.4158185720431,13.454065439414,-3.384084
763,1991,14.8642800542609,12.2944406019497,10.1241760927752,14.8173691425735,26.269676
763,1992,14.9849192427778,11.6802518202567,11.8011546377353,14.8668382335232,30.916767
763,1993,15.1859384535892,11.7256792288844,12.3590078727083,15.0351142192954,39.29565
763,1994,15.4437289753082,11.294906261729,12.5401155050316,15.3488103304988,39.535332
763,1995,15.7826228808848,13.1920386826471,13.4834241096977,15.4885566741164,41.672161
763,1996,16.0895758911597,13.3562252813991,13.9770873387793,15.637912378281,39.891689
763,1997,16.2436573323382,13.5353018237581,14.3329437833693,14.9712863484552,41.464653
764,1992,15.9725148819777,12.6919834570213,13.1913209949365,15.6305536587532,37.935566
764,1993,15.9833143194657,11.6714664930988,13.2935567449422,15.6800388657763,34.376476
764,1994,16.2481057913003,11.7866632663975,13.3956216248319,15.8472220128681,44.254608
764,1995,16.2900219352072,12.565916064546,13.6485965725777,15.9721556536308,45.092564
764,1996,16.212070346927,11.751257091324,13.681485329137,15.900521601553,50.161007
764,1997,16.0536594227341,12.1215762850517,13.7609997772249,15.7858028235135,52.543354
764,1998,15.9948318974177,12.5561518855576,13.9069314570393,15.8332940818507,53.839756
765,1990,12.4211460082955,8.006367567650249,8.88640916684928,12.1591782891682,-.68452513
765,1991,12.3638493348836,9.505767374875409,9.874079338955539,11.9708871398909,3.9943905
765,1992,12.1678504444794,8.85366542803745,10.0824911108561,11.5074747936077,8.8160048
765,1993,12.0481553562541,0,9.969748027759429,11.5283375610294,5.9684038
765,1994,11.5260821898447,8.09407314806935,9.844225751657239,10.4590969965928,7.0386496
765,1995,11.1049618722925,0,9.719005663904831,10.6718144211121,7.7487402
765,1996,10.4326664240603,0,8.063787058517731,9.41827802915809,1.2579857
766,1993,14.4897346742121,9.86697915771961,12.9274816711413,14.1359960192664,40.694614
766,1994,14.6326447724621,9.754929537894981,12.8592180680006,14.2569383717031,40.58316
766,1995,14.7635404270904,10.6595860578035,12.8522367032376,14.3414185581626,35.485851
766,1996,14.8553631783822,10.6555166608323,12.8432511454134,14.3387923611416,42.228874
766,1997,14.8911580653913,10.5958844517054,12.828328636079,14.2788191657492,46.76585
766,1998,15.042246474154,11.6351430976945,12.9195833254799,14.4488326400088,42.690243
766,1999,15.089636645637,12.3458345879053,13.2320452425673,14.458727116789,43.954781
767,1990,15.5946493072164,11.4760954917195,11.9749347242236,15.0825583474198,30.321276
767,1991,15.9117508047043,11.3524749829944,12.3266366994569,15.5604209414413,32.10685
767,1992,16.0826366657036,11.4229679341465,12.5776137879184,15.7608828270018,36.750164
767,1993,16.1902583085935,11.6817986632732,12.8275691400268,15.7458177633897,42.985317
767,1994,15.4967650028852,10.3931406110693,12.8111926606348,15.0235418595118,48.124264
767,1995,15.8532553802428,11.525654110947,12.9478399758079,15.4506039259705,41.882828
767,1996,15.800741449395,10.9631337622956,12.969086548991,15.2940774196039,46.235069
768,1993,16.6166281536592,12.0160011352762,14.0942721862974,16.4090106321089,51.462086
768,1994,16.6908363084056,11.952025200244,14.0954281648178,16.4774233129571,53.083321
768,1995,16.8411078545593,12.354721072834,14.1421523479745,16.6866179266542,52.020718
768,1996,17.0500864140094,12.956901297556,14.2871099757619,16.884734717944,51.106045
768,1997,17.0779258196827,13.1654305296707,14.4437999130811,16.9610606263348,37.937759
768,1998,17.1409845403234,12.4837384724565,14.4560904750879,16.9902336083462,42.409763
768,1999,17.2920062685592,12.7493848203305,14.5006116554399,17.1489285743045,41.213722
769,1992,14.5060834731448,11.6259148069925,12.9880270895099,14.0063982897081,20.740883
769,1993,14.4717526717642,13.4721663634342,13.8645613548327,13.7989539659974,27.873989
769,1994,14.549871710256,11.2835123006424,13.8236610522611,13.80488162098,27.219976
769,1995,14.7782127293688,11.1238896538129,13.7720869530218,13.9499296539204,30.092043
769,1996,14.8685512856014,11.41877960708,13.7439277640933,14.1381275496305,28.838116
769,1997,15.0369214358298,11.0238124081099,13.6889190286854,14.1188609232689,33.343063
769,1998,15.0811740887375,12.994254968075,13.9596778261055,14.2956256863323,38.649063
770,1992,12.6332246821959,8.81729778386658,10.7042574380731,12.2997996525676,18.750433
770,1993,12.337994029244,0,10.5886202023722,12.066162677737,18.124783
770,1994,12.7856407513884,0,10.4729744602668,12.4507302592417,20.949095
770,1995,12.759678193317,0,10.3573395689138,11.8384225171632,13.755152
770,1996,12.8523535494475,0,10.2417046944956,11.9310440070436,18.865042
770,1997,13.0682476846829,0,10.1260669447425,12.6820467705204,12.46339
770,1998,13.1637953926948,9.615805480084351,10.4597950168561,12.5609924757436,17.814997
771,1993,13.1862373085138,9.73240262766816,11.3629301396864,12.620289609892,25.832829
771,1994,13.3651196719498,9.952753793839049,11.4723523977983,13.0454208005126,25.039272
771,1995,13.5933750725514,11.8204101647182,12.2313840909942,13.1913449583772,28.200554
771,1996,13.4300144580305,11.8209688321639,12.6107894737468,13.0926888850213,27.384144
771,1997,13.6550925833686,10.1145585226161,12.572228156535,13.0408600071344,26.507179
771,1998,13.6969658136303,8.95789673495042,12.4834774624447,13.2897716678668,30.251043
771,1999,13.8117296587261,12.1337599839185,12.8767218846961,13.1756884311979,26.676197
772,1991,12.9193544106635,8.417151837236011,9.96434744079289,12.8716412843411,5.050561
772,1992,12.9137906873133,7.44658509915773,9.921735049675361,12.7377572157793,8.9000034
772,1993,12.7104736075689,8.30721262662831,9.9872540873817,12.4149504247073,11.874551
772,1994,12.8096172723808,8.131824785007201,10.0122477826103,12.4583567309018,7.9812875
772,1995,13.1503724058784,0,9.887022748504879,12.6226517980145,8.7111273
772,1996,13.1935190236052,8.507950610049299,9.98078187146238,12.8276327826602,9.4948673
772,1997,13.3852961762039,9.76801141297368,10.429824255122,13.0227647563461,9.7277317
773,1993,15.0773000373076,11.7525563501419,14.1045648385078,14.514176747656,24.663437
773,1994,15.2940201669476,13.1472764534957,14.3230970815045,14.7175079403886,29.690952
773,1995,15.4992475589079,13.5070650768136,14.571390818333,14.9526096221403,30.625185
773,1996,15.4616953522186,13.2547468614338,14.6870452755332,14.8359421916607,32.299187
773,1997,15.5300764017793,13.2778754158765,14.7814589633271,15.0371192404902,35.477329
773,1998,15.6461628652312,13.2462274416267,14.852315525703,15.159271022749,36.549274
773,1999,15.7333232588901,13.2533916398107,14.9122346317428,15.2894479210542,29.421919
774,1991,13.2761641889874,10.5462094829018,9.424620761254991,12.7881599008756,11.663063
774,1992,13.3377268880682,10.0919982503559,10.4289909291281,12.803247337209,17.163092
774,1993,13.0003231320699,8.440312147080281,10.4499515188829,12.5875630680605,13.778238
774,1994,12.2866257778464,9.59621483031934,9.409764836669799,11.9854546361867,-.5764811
774,1995,12.6140374961184,5.84354441703136,9.32161337438561,12.2678091106272,7.4843788
774,1996,12.4633638619279,0,9.20598088319873,12.092247881329,7.9153042
774,1997,11.7634217590646,0,9.09033987957884,11.4267142312331,7.72328
775,1993,16.6457811854737,13.5015912806534,15.2222867029562,16.2027689175423,34.561539
775,1994,16.7395247381031,13.7526059013428,15.3233430289496,16.2078111016731,35.55724
775,1995,16.983968096189,12.9638364691761,15.3020792796563,16.4923537606332,39.897346
775,1996,16.918016883748,13.2868874951677,15.3123610366965,16.4744221971463,42.246685
775,1997,16.9063878708958,9.17884970488481,15.2045939261856,16.4736621777901,43.402466
775,1998,16.8699099639387,13.3751309715503,15.235227557766,16.6696586658766,42.61832
775,1999,16.77638685129,13.2675367385628,15.2480196267537,16.6861614726751,43.349964
776,1993,15.5199799261983,10.383039203997,13.2548826329909,15.2560121888678,10.757811
776,1994,15.5571209019875,10.9149066295019,13.242907575319,15.2706779978351,12.442509
776,1995,15.6917191552276,12.140418836023,13.4182049702442,15.4304932948857,20.625381
776,1996,15.6928986132804,11.6860717238287,13.4686539701167,15.3719173525459,26.004074
776,1997,15.8998504096238,12.1102223198733,13.5799122673825,15.8103530678175,12.448766
776,1998,15.9859193281572,12.3915392514682,13.7253178714259,15.6979588115383,17.847754
776,1999,15.8756235530965,11.6727968929266,13.7326594604531,15.8652945548984,17.633135
777,1990,11.8447690177187,11.7360690162844,12.3983239059018,11.2496406268689,.52040642
777,1991,12.4513172520059,0,12.2868329418292,11.7750816308587,.24786022
777,1992,12.5622468735994,7.3132203870903,12.1826049199593,11.4476745388755,7.7534986
777,1993,12.6349251621728,0,12.071112232342,11.4437732569968,8.5572376
777,1994,12.6405284065636,10.1903192635331,12.1044894313228,11.8903348968086,7.6799178
777,1995,12.5314516367166,6.90775527898214,11.9984178960182,11.8639902911636,9.2569418
777,1996,12.6293826976959,8.824383730256059,11.9262601928981,11.9447015609753,13.904442
778,1992,11.5258424824406,0,10.9482506517189,11.160773537881,1.2281126
778,1993,11.6498007754265,7.00124562206948,10.8547959463365,10.9823541896227,5.2446051
778,1994,11.5474215650053,5.33753807970132,10.7455093762301,10.7533384142517,3.7952414
778,1995,11.7134676181604,7.91753635394363,10.688655417529,11.3222408802174,.68068182
778,1996,11.5341403872842,0,10.5752604213507,11.0360951679765,2.8991077
778,1997,11.7579747410845,0,10.4618682923993,11.2266106933121,2.4540017
778,1998,11.8315662627991,8.006367567650249,10.4262852244831,11.3491871967679,3.1722288
779,1993,12.6976200355905,8.600062669238531,10.5805129730884,12.6774027075585,10.973899
779,1994,12.7592066818924,8.364741068224561,10.6437115255202,12.7186682525739,7.3426466
779,1995,12.8745032355355,7.08590146436561,10.634195415314,12.6573548030716,7.8862333
779,1996,12.9288535072576,7.76089319585102,10.6480737668631,12.4317975234618,7.6642294
779,1997,12.9086182899631,0,10.6129631952082,12.4445004099887,5.073802
779,1998,13.0078037628478,0,10.5778544829942,12.1656363703179,8.2049751
779,1999,12.9553137997444,0,10.5427459681237,11.8972415060971,8.7094698
780,1991,12.4977749120992,7.60090245954208,10.4780369906562,12.3499211048461,3.5080204
780,1992,12.0785453649538,8.85366542803745,10.6027808072291,9.29141518952235,5.4480867
780,1993,12.1773606221702,7.92371033396924,10.6138457698264,10.8831114204803,7.6842203
780,1994,11.5357712512751,9.310818990542399,10.7925735691305,10.726852308851,4.2499514
780,1995,11.5510509054544,7.75448154747038,10.7818043137505,10.6354344473245,5.3314996
780,1996,11.5332987067459,5.17614973257383,10.7308836807164,10.9545064449901,4.40376
780,1997,12.0177729580739,8.648045999835,10.7822342448539,11.2834278317648,4.1934729
781,1990,12.4304522899524,0,10.1704565833904,12.2340277049161,-1.2609311
781,1991,12.4947717690636,0,10.1034525445027,12.2623279407861,-1.8197834
781,1992,12.4335249247957,8.83535597112161,10.2860422090612,12.2005541211441,-1.3859346
781,1993,12.3618145765544,8.30967689598773,10.348349640313,12.1448013107432,4.4233561
781,1994,12.3947875876059,7.25770767716004,10.3248588176613,12.1665173212918,5.6211152
781,1995,12.2711961537734,6.87419849545329,10.2872215750672,12.0424326479568,5.946538
781,1996,12.2984799717752,8.962135390066599,10.4383743700774,12.1064878984557,7.1348004
782,1990,14.5008979479383,10.8011661481983,12.180734324515,13.7840228517903,8.4488773
782,1991,14.6233542359244,8.332308352219121,12.1028459627419,13.9407927834962,10.866369
782,1992,14.7038746910739,8.60886037994206,12.0336329023907,13.9386024878768,20.203369
782,1993,14.3594989816741,8.79026911147866,11.9726767177516,13.7563773777882,25.343826
782,1994,14.5112795914011,8.525161361065409,11.9039711105166,13.80764500139,24.317041
782,1995,14.3236518431892,7.93236215433975,11.8217276787682,13.6891415926731,24.199417
782,1996,14.2734805133081,6.52795791762255,11.7261067573601,13.6952007681914,25.53138
783,1990,16.9506536174626,13.9207656680671,15.4107414265839,16.5180404904875,43.041592
783,1991,16.9715820469394,13.8031940198494,15.517604312381,16.4635356972702,43.507267
783,1992,17.3018275839732,13.8351053205208,15.6077519943608,16.9243789997013,48.105934
783,1993,17.5379103744438,13.7505922313764,15.6705808262375,17.111412741774,54.966984
783,1994,17.5854884568805,13.6916952396198,15.7153707251192,17.0769404390277,58.784492
783,1995,17.5727215967606,13.888708044323,15.774343207827,17.0264702733297,61.781261
783,1996,17.4891027227827,13.4419263113118,15.7769944893755,16.8485862711367,64.628677
784,1993,13.8337571083703,8.75841238945768,11.5057004271302,12.72780851845,29.132757
784,1994,13.6741356618278,7.57558465155779,11.4253197295664,12.7676467750161,23.38032
784,1995,13.7434294108059,11.7997646823194,12.2054994813029,12.8442807260147,25.081964
784,1996,13.835740479147,10.9048728254431,12.3351406545614,12.9161674297193,20.229189
784,1997,13.9540549655255,11.1840046445019,12.4943865183541,13.0484964760566,22.162079
784,1998,13.913462656369,9.697446909121579,12.4495426085102,12.9485187733747,23.629713
784,1999,13.9121193681484,11.0453668442536,12.554018804225,12.9411242453799,24.546337
785,1993,12.9600699854302,0,9.618195953956979,12.8711166242567,3.8873093
785,1994,13.3449750715869,0,9.51403849993665,13.2170330527134,3.3547859
785,1995,12.9602278661972,0,9.40990409132994,12.7712543426467,4.9872189
785,1996,13.0100913407563,0,9.305759636739619,12.8737381790466,6.1879129
785,1997,13.0820562193957,0,9.201622481356461,12.4235510819185,5.8554201
785,1998,12.9073129130879,0,9.0974851745561,12.7586996145593,7.2339549
785,1999,12.6087925409542,0,8.99334041010993,12.3790709708541,7.677134
786,1991,12.3367196216317,8.18813341451048,9.328123407632569,12.3267068216351,5.7595363
786,1992,12.5928440902244,8.41316512099219,9.55850117324959,12.5819618204917,12.719868
786,1993,12.7071071514808,7.48436864328613,9.557328550325369,12.555612208899,13.150373
786,1994,12.7439548216841,8.12266802334641,9.65220169527564,12.4904582985574,17.299318
786,1995,12.6640422676512,6.81234509417748,9.58286897983808,12.2104546456383,16.036161
786,1996,12.638785434916,7.53849499941346,9.575587469795559,12.2102710770523,15.809616
786,1997,12.6650149254042,6.3919171133926,9.48870668719036,12.241029467837,13.812581
787,1990,15.5522537866109,11.3461622470921,13.3657376996423,15.2340808319261,44.813992
787,1991,15.778654690842,12.1907457870207,13.5616536431591,15.5821645300411,43.751923
787,1992,15.845145071315,11.8941115416182,13.6529123312049,15.5604458285732,52.195065
787,1993,16.0514140003465,11.2065497500712,13.6522001388506,15.722019435833,61.118305
787,1994,16.0875428707079,11.453759154301,13.6705553036588,15.7206821716714,68.585815
787,1995,16.4693769813169,12.5639044200823,13.8593686747971,16.0288483381309,76.509598
787,1996,16.8509195218382,13.5927394372892,13.4016738556422,16.2673224590459,88.19191
788,1992,17.6491017935691,13.6304332074565,15.5947012364967,17.48440971905,53.252834
788,1993,17.4227857924045,13.7147029952018,15.6270333726712,17.3161060255483,60.959976
788,1994,17.6711572325098,14.3414253652413,15.7611701756392,17.3785887050134,53.283981
788,1995,17.6833358162842,14.1309444612619,15.8220078693109,17.553736597811,57.682911
788,1996,16.8328377819943,13.1022627056973,15.1186191605304,16.5080994119784,41.555485
788,1997,17.0259761179468,14.324543776331,15.3603540756999,16.7910037346825,45.772556
788,1998,17.1605328750307,13.7928558673995,15.4245204588145,16.9269348769241,45.818413
789,1993,11.9865494738209,9.445333439647539,11.415565084941,11.1168576251424,8.6900511
789,1994,12.0850038810265,7.09257371597468,11.3290519044413,11.0709636585497,5.917675
789,1995,12.051973367485,7.34923082461333,11.2472044729914,11.0687104407876,7.5520945
789,1996,11.9613287285476,0,11.1473841881545,10.8601795230713,10.289858
789,1997,11.9954608640762,8.07961802938984,11.0901763451891,10.7893056890382,20.549376
789,1998,11.9378527156174,0,10.9903561532471,10.6760907487659,22.026196
789,1999,12.0082269466959,9.46931428029122,11.0744049987877,10.8015501048875,21.967113
790,1993,16.1662738125018,12.2430022746151,14.7383467812941,13.9356407648328,26.437687
790,1994,15.7242612614499,12.1454358361395,14.752356143945,14.8048278009913,30.270018
790,1995,15.7321746757469,11.5453926551077,14.7334270475779,14.9268015733308,32.364414
790,1996,15.4582635178388,11.2893068008078,14.7061490669694,14.6826780767974,22.985577
790,1997,15.5393370767131,10.5625866189565,14.6644262803353,14.8878815412733,36.57185
790,1998,15.4681815599111,10.3982142817124,14.6210117972513,14.7407206229904,43.918327
790,1999,15.5614881884182,10.4806344823339,14.5791566021023,14.7643040888202,47.975231
791,1992,17.4230969249097,14.2313991522967,16.1178486304513,17.041520195376,66.181107
791,1993,17.3845949064839,13.57725336884,16.1264435500884,17.0285931272405,68.413918
791,1994,17.3012352444079,12.8966289727262,16.0974089796103,16.9350130257184,73.515778
791,1995,17.3565406090902,13.2029843793719,16.0810677103212,17.0924382657911,65.79287
791,1996,17.246408373541,13.6558545851158,16.0920835096728,17.044414518047,66.429062
791,1997,17.2361287001622,12.0432124813479,16.0407587251864,17.0399832900133,69.484833
791,1998,17.1653511298832,13.0544891656984,16.0181959313098,16.9374690835288,72.622566
792,1993,16.9745785149172,13.5887002924624,16.3410074234139,16.589610872845,67.535133
792,1994,17.368314686015,13.5264101468122,16.3102718492089,16.5381913864174,65.114456
792,1995,17.2369005048701,13.8555885958174,16.2993911315161,16.5036244637972,71.690689
792,1996,17.2375943724505,14.341911061152,16.3360992955545,16.4833775900025,70.722336
792,1997,17.1830172795486,14.731886886175,16.419749967891,16.3774264523941,69.441719
792,1998,17.320997461218,14.5144613648579,16.4625511860825,16.6530773346746,70.161758
792,1999,17.3781481429114,15.3196010657657,16.6354449074847,16.7677909412583,72.840424
793,1993,16.3331301492704,12.8315510775653,15.17118185797,16.2458257148239,42.956505
793,1994,16.4021470039997,12.953885552431,15.1667665835835,16.2525751299557,45.109127
793,1995,16.4853413428314,12.8979565284656,15.1535158968221,16.1190137554114,49.478512
793,1996,16.2193556463422,13.8873371440203,15.2826194980192,15.6825441166888,48.94458
793,1997,16.4680315328655,13.4740816573553,15.3168146237218,16.0269737216138,52.084785
793,1998,16.7987879645544,12.798191579256,15.2799677377963,16.16195031597,52.681816
793,1999,16.7463821219398,13.2264350628772,15.2832225426659,16.0815165502062,40.596066
794,1993,12.1769889447196,9.12717613071541,10.2194108119828,11.6456987708571,7.8669171
794,1994,12.1576195174149,8.857372832825771,10.3371448336805,11.8617820026118,8.3046045
794,1995,12.343633927075,8.953381472167241,10.4422298542963,11.9611783581783,11.405816
794,1996,12.3873994030647,8.62227366786674,10.4714852567153,11.8821261576465,7.928863
794,1997,12.2309219893805,9.071423072789511,10.5663456142383,11.816559598786,14.601638
794,1998,12.6027672995784,8.56025268087669,10.5702702236647,12.1864582540989,13.3088
794,1999,12.6224588037795,8.680841482944571,10.5872155111796,12.0708347374074,16.382545
795,1992,14.4773725406652,9.177093778182551,12.3474328751809,13.8006131940057,51.493168
795,1993,14.2214813158286,10.5506693255424,12.3804825710766,14.1794076167726,38.08884
795,1994,14.4334699269062,10.4374045075255,12.3905481309535,14.2851622229451,35.021416
795,1995,14.642755194637,10.3370540907552,12.3822746828677,14.3400222328558,34.210365
795,1996,14.4672466948809,7.81116338502528,12.2634623937214,14.0751691355569,34.514645
795,1997,14.0186765636887,8.668368019213361,12.1607117197957,13.3337904335784,33.088387
795,1998,14.1038587318466,9.63887075301534,12.1059445280813,13.5381088414612,32.582069
796,1990,15.6038997389785,11.0853987800595,12.4094174895405,15.3101529702696,30.444927
796,1991,15.5523004583199,10.9117556438063,12.5001222769799,15.236188338067,37.5513
796,1992,15.6665355446811,11.5656886784971,12.7226401530852,15.3213445485721,41.325584
796,1993,15.739502237612,11.3214016974115,12.8256984126464,15.3352147590943,47.121376
796,1994,15.7758673655035,11.6926269256415,12.9857880423986,15.4315891720495,51.709621
796,1995,15.7988865951075,11.4082202900853,13.0444604288126,15.5342524155005,52.6413
796,1996,15.8664568177127,11.4417301699281,13.094969364315,15.5988550964322,54.290607
797,1993,16.7831281142065,12.3002731189289,15.0568396654338,16.5969508771231,60.937965
797,1994,17.1026925923997,12.9446280875917,15.0514549698212,17.0202325293059,54.978455
797,1995,17.250643189902,13.085394367264,15.058385255395,17.0542763526251,53.784039
797,1996,17.4224259263148,12.9681136926762,15.048400473255,17.1641586687079,58.000916
797,1997,17.6834655318257,13.6025833912167,15.1285681442509,17.5029024613573,59.829498
797,1998,17.843266147445,13.3546902328086,15.1550447817652,17.7287393998156,65.201088
797,1999,17.5740554608796,13.0232698497567,15.1380896056848,17.5420420071328,62.310001
798,1993,12.5854777768702,9.47355043250348,10.4364835864221,12.2781507435121,6.7089558
798,1994,12.9074838433499,0,10.3230889376595,12.5982611305085,6.4077077
798,1995,12.9851167500826,9.87816974455184,10.6985187125991,12.6172797102788,10.817303
798,1996,12.8236688661935,8.15392513200786,10.6578403625655,12.4499818473706,7.2127738
798,1997,12.9648495906632,8.6255093348997,10.661591135659,12.5331539803713,9.6334848
798,1998,13.019790361616,0,10.5481978815044,12.5600037802939,12.764788
798,1999,12.9118049055727,0,10.4348038021671,12.4190963488143,8.5708914
799,1993,14.7733412418464,12.5872962892653,13.9834878086862,14.3823645526902,19.978413
799,1994,15.3043235760861,12.2887488056987,14.0625290608459,14.7150260714824,19.830111
799,1995,15.5392697180553,12.1045602718232,14.1000688565107,14.9244371061264,23.59516
799,1996,15.5390491441426,12.4689790706943,14.1790438197834,14.8927949926431,24.645561
799,1997,15.579711577684,12.0798743002724,14.1969655838386,14.8153446849601,28.568533
799,1998,15.5957941539697,11.7111285729866,14.1812266373851,14.8398794590513,28.976339
799,1999,15.8485148302838,13.4111733135786,14.4446830050952,15.2040273435601,27.171041
800,1993,12.6884711891624,8.49658223751211,9.943198530105549,12.2321628389429,24.804815
800,1994,12.5994464691143,0,9.827443091212359,12.316458801163,21.09988
800,1995,12.7414560150382,0,9.711697308879909,12.4514149122344,24.135582
800,1996,12.4382980370361,0,9.595949651372999,12.0042870128357,23.516886
800,1997,12.8128084159684,0,9.48019955615462,12.4309258619641,24.062376
800,1998,12.9939053895773,7.43838353004431,9.480161381076069,12.4002255259427,24.185434
800,1999,12.7816838570703,7.32580750259577,9.467753940407681,12.4334500281335,22.769754
801,1993,13.5904098459956,9.28163725385822,12.4357583502155,13.0263108807778,28.067543
801,1994,13.6021442013507,0,12.3343915391551,13.1322556177238,29.603233
801,1995,13.5693418651143,8.145549631783579,12.2476530723679,13.0632001955314,28.656961
801,1996,13.4978687788861,7.76259604854007,12.1569317698687,12.8721607947581,27.322538
801,1997,13.5540138233014,8.42726848388825,12.0778067941507,13.0562546202454,27.955595
801,1998,13.6570830577605,8.619027497297511,12.0053325032122,13.2391170406295,25.635767
801,1999,13.4611961168241,8.60886037994206,11.9344837143516,12.9630069685048,24.800987
802,1990,12.491605287688,9.23014299927236,10.2814786836435,12.0761469915022,5.7825675
802,1991,12.6447140862197,10.7363966754712,11.1679193178987,11.9892290418962,3.5215049
802,1992,12.538571698086,0,11.0700979959022,12.2347103985697,8.028595
802,1993,12.4282788943492,0,10.9719618879538,12.0017303760403,14.467744
802,1994,12.4448110264141,0,10.871489891293,11.6100402460898,16.977392
802,1995,12.4698570146873,0,10.7715266751941,11.6899085592487,16.497381
802,1996,12.7207251140164,0,10.6741303535414,11.9173165093494,18.102961
803,1990,12.1030232831307,10.0182883680133,9.295232838994149,11.8075259496471,12.457685
803,1991,11.6326799232911,10.2186267055959,10.492839658163,11.151821765386,.78209758
803,1992,11.4759930949229,0,10.3676208601101,11.0036537537172,2.6807957
803,1993,10.849458657284,0,10.2423782907946,10.4726584072011,.063060485
803,1994,10.8468275713836,0,10.1171583789253,10.4508495312024,4.1111321
803,1995,10.8852027158174,0,9.99193789372001,10.5444793853143,4.8982749
803,1996,11.1719083977159,0,9.86671464107037,10.2299594132967,5.8288469
804,1992,12.7808790323446,7.54486106865846,10.1758059559227,12.5397048465051,10.533412
804,1993,12.9232149060481,8.02191277898571,10.1883318523171,12.6496425461124,10.644182
804,1994,13.0156905716195,6.99668148817654,10.1286889849598,12.6580157039405,10.421051
804,1995,13.232990231903,9.23620303150191,10.3631630295632,12.8364986176443,13.438848
804,1996,12.906667061521,7.06390396147207,10.2971937953782,12.4959893789552,16.24202
804,1997,13.0146579058073,8.585599224080299,10.3530205814414,12.5960687537665,17.644173
804,1998,13.437824019476,8.601718146485929,10.4023731773715,13.0132264855162,18.803873
805,1993,12.0159712702877,7.60090245954208,9.72543686259282,11.0771595301979,6.4805498
805,1994,12.1097351435378,8.779557455883729,9.95402856402985,11.6776356362013,11.46452
805,1995,12.0933860055363,0,9.850550803152769,11.4926484074061,13.058805
805,1996,11.9673055922015,7.24422751560335,9.81493498852767,11.3908693018085,10.409574
805,1997,11.8206538944966,0,9.711461054778439,11.2072042554644,11.251568
805,1998,11.6871657847057,0,9.607988339029779,11.0531290247616,11.499495
805,1999,11.706838238314,0,9.504516313544279,11.0526894664304,13.041406
806,1993,14.165265717971,11.6827019942619,12.3671854619141,13.5684675408667,35.493046
806,1994,13.8382910692738,8.75825524323279,12.277331348082,13.6119923546773,44.972385
806,1995,12.3429879962957,10.5653504430563,12.3240449965986,12.2794232601191,25.156134
806,1996,14.698678307806,10.2598674529538,12.3222125542147,14.4307516144908,31.63945
806,1997,14.7526655451297,10.8025507387437,12.3941327055739,14.4157703680143,22.87348
806,1998,14.9625949229313,11.8070343412055,12.6996191412957,14.9059150222582,24.794832
806,1999,15.3468901267841,10.5505907945947,12.6863223539704,15.1314056196999,30.07383
807,1992,15.5276615625766,12.3151019230435,13.7332876253266,15.1267526200736,39.783051
807,1993,15.2049266252322,12.4247823819984,13.865239804867,14.8346484510673,56.519886
807,1994,15.1627654086148,11.8742296772926,13.879325098341,14.8899760133338,71.811111
807,1995,15.8755859222239,12.3923073692231,13.9634946059981,15.727277476511,53.668072
807,1996,15.7050355166394,12.5687520267015,14.060562909192,15.6287402671401,50.3871
807,1997,16.2733099395699,11.7686678531288,14.0351332784213,16.0735783995483,54.091377
807,1998,16.3892766739031,12.0341745749605,14.0382436250414,16.3535760604395,55.476963
808,1993,11.04690552265,5.61677109766657,8.891208911250811,10.5601122414481,-8.8952694
808,1994,11.0098705403916,0,8.787617196431739,10.5142959031189,-.68298703
808,1995,10.9564638136367,0,8.684130346166439,10.5279652282591,-3.7726998
808,1996,10.9799515647983,6.86484777797086,8.724109795065569,10.5098669852313,-3.5756984
808,1997,11.2990093023288,10.9850723596266,10.9240590173125,10.9404478793292,-8.0921087
808,1998,11.6589656227734,8.708144074908249,10.9175381884612,11.1401282939129,-2.4754241
808,1999,11.6647040308189,8.02845516411425,10.8643615165995,11.2581793618764,-.51768279
809,1993,11.1069705177934,9.062420241899559,10.4717487184052,9.764077659074941,-1.901413
809,1994,11.3002676349309,0,10.3677308730131,10.2991089459315,.82463062
809,1995,11.4206678070944,9.96833852485574,10.7666643863608,9.738863615871431,2.2823656
809,1996,11.5303228880897,6.82546003625531,10.6809552011689,10.5417906947545,4.2071662
809,1997,11.6058035573117,7.5847730776122,10.618540539317,9.9841565158625,2.4566338
809,1998,11.615257615348,3.40119738166216,10.5151968860013,10.0034060085779,4.6599536
809,1999,11.6255373038706,10.2846258144866,10.9631840149016,9.97691381018889,4.9259243
810,1990,16.0205820677343,12.8874002492848,14.28177470405,15.610390211846,32.472363
810,1991,16.1364689879071,13.2912619138661,14.5392178354194,15.7650592431565,35.803677
810,1992,16.1757453870656,13.2655975454902,14.7205831612693,15.8617430339384,41.601555
810,1993,16.2588175900616,13.2898047716688,14.867258781343,15.8600757225053,41.328869
810,1994,16.3474566170249,11.7755050908612,14.8437237010911,15.82962798535,51.537888
810,1995,16.5131682314144,11.746146071781,14.8182603776778,15.6199740847796,55.993382
810,1996,16.5036319518492,11.3712927738353,14.7800524516293,16.2588004490075,59.240398
811,1993,13.8066742302358,5.92958914338989,12.8609544564509,13.4805567491986,10.289433
811,1994,13.6572606704277,9.872358017339209,12.8724417216225,13.4330939310719,13.971765
811,1995,13.4975841224242,10.3713012857088,12.9092604993969,13.3317244284533,18.333153
811,1996,13.5172641645863,10.5403024485056,12.9540114691141,13.0821385655792,19.152601
811,1997,13.5169655268081,10.465956409454,12.9892296199982,13.0952706561443,18.973906
811,1998,13.7894335767063,10.4757374782891,13.022347663921,13.3242971474691,18.468782
811,1999,13.8573609828426,10.6734337240657,13.0666783481882,13.4465058710053,20.049809
812,1993,16.2571461019291,12.4896826885118,14.9549146326964,16.0636237892373,47.24044
812,1994,16.4714299791907,11.9743990667542,14.8956180507885,16.1018541489026,45.794697
812,1995,16.7879168084387,13.2868857985717,14.9649238131798,16.3555888850684,50.539177
812,1996,16.5203885276873,13.4381984099956,15.0440533722432,16.119833072607,51.998322
812,1997,16.7482852881628,12.3757732251342,14.9977416754326,16.3381893751849,53.859489
812,1998,16.8357453427685,12.0719239195375,14.9370758331292,16.4050089318405,53.040012
812,1999,16.8540868194881,11.0992719229565,14.8471631924718,16.4865168121879,53.703979
813,1993,13.5570391891312,9.9572652582166,12.5064564582542,12.6872974456815,28.732752
813,1994,13.501156114531,10.5641373675033,12.5294078971621,12.775518658282,30.238211
813,1995,13.5335226567886,11.1164696510197,12.630047061297,12.6388966643935,29.516485
813,1996,13.6250939861028,11.7243202692499,12.8442283861947,12.7726412584624,29.630608
813,1997,13.5799528999835,11.1272629841582,12.8874751263195,12.7089694072008,28.992552
813,1998,13.6217513931359,10.8585950698419,12.8902524894398,12.635322141248,28.371187
813,1999,13.6975562142055,9.603260452582051,12.8104981692235,12.7296617272212,30.516592
814,1993,14.8006268785048,8.446126742982379,12.3569989899131,13.9219491081127,11.008306
814,1994,14.6837392934804,10.3071510386977,12.3756736379147,14.3871904281735,16.341475
814,1995,14.8527062091063,9.435481925953059,12.3217641621514,14.5042812247984,11.837102
814,1996,14.7326885400247,9.23581316794921,12.2601947600306,14.4346472923148,7.8243561
814,1997,15.0159381156279,9.885425409717721,12.2398734087935,14.71342215744,13.522808
814,1998,15.0756477341709,10.3613237073814,12.2691756054927,14.8441798898792,19.035583
814,1999,15.2670284930474,11.5453926551077,12.5365684876006,14.967288865288,22.485565
815,1992,14.8230412078862,10.2162889757809,11.5765535718064,14.6381776743053,13.533759
815,1993,14.7148660325051,0,11.4724117562584,14.4983559067384,19.492783
815,1994,14.723918278626,9.7981270368783,11.5424211584243,14.5604484226667,27.691805
815,1995,14.5229726152317,8.91449171019134,11.5063066085883,13.5969069871333,5.361949
815,1996,14.4952342641598,9.544524278079381,11.5277825498734,14.3787286414791,8.7040844
815,1997,14.6275328619066,10.7456580044885,11.7812289801954,14.3987251440888,12.308147
815,1998,14.7519128473483,10.8381681495219,11.9873667333146,14.6406131667556,21.871016
816,1990,11.5406962619156,6.31354804627709,10.1755736373634,10.2058402446871,-21.623436
816,1991,11.5633714004506,0,10.0752030635429,10.5546646375992,-14.001286
816,1992,11.2451113771559,0,9.97484030398137,10.1964312033195,-3.831809
816,1993,10.5829414059641,0,9.87445516171578,8.88801607487172,-25.770666
816,1994,10.8715354711831,0,9.774090459050059,8.065867178766361,-35.959431
816,1995,10.9864107417396,0,9.673722124913031,9.37254557653659,9.8528433
816,1996,11.3548203098352,7.06902342657826,9.641102787858509,10.5375299408949,10.213133
817,1992,13.0200745599142,7.62364194651157,10.2776167803344,12.8092354784641,10.05386
817,1993,12.8627781466231,8.273591798199631,10.2954451772858,12.533916052214,10.920564
817,1994,12.88087972627,9.92808259939151,10.7179470889242,12.5573497321527,11.832539
817,1995,12.8156813046882,8.86488793377419,10.7475688166484,12.5707858715917,9.4579048
817,1996,12.8825509378889,7.70975686445416,10.6787767740881,12.5630609883516,11.241093
817,1997,12.9252221315552,7.99665387546261,10.6278378138385,12.5963063500038,12.597898
817,1998,12.8840807587021,8.66492330344057,10.6384098732287,12.7286456673665,14.858957
818,1990,14.6898357373795,11.8933257245502,13.1376361525514,13.8831542795992,-1.3854842
818,1991,14.7669765527539,12.117847805319,13.3606020223566,14.1292936803942,4.7009306
818,1992,14.6331955243656,11.3065161126472,13.3828555829702,13.9364358136439,5.6595969
818,1993,14.5318591521157,11.4737167517449,13.4218624532331,13.8454481484563,8.5249681
818,1994,14.4861889079107,12.0064380797669,13.5385493445151,13.8114867216781,19.056501
818,1995,14.4996241302251,11.413105129688,13.5450674372421,13.8491243975871,23.68507
818,1996,14.4617376068585,10.5254609136415,13.4869892686217,13.8719225338631,22.985905
819,1993,11.2199554046651,8.1605182474775,8.56613572492925,10.597850704055,-2.3888297
819,1994,11.3324630069438,9.138522084185711,9.487919076865269,11.0220098784652,-2.7130384
819,1995,11.4440639798455,6.0137151560428,9.40784606409518,11.303196132965,2.6436911
819,1996,11.4272904869122,9.036344063928221,9.80489850310917,10.9155354110899,-5.8826337
819,1997,11.6766948425709,9.073259831427819,10.0700946142225,11.2331906073732,2.6223395
819,1998,11.7576471007535,0,9.960581242059281,11.3554456693232,5.8710294
819,1999,11.9205437400672,6.96129604591017,9.896256471170631,11.1286950956155,5.7611136
820,1993,11.5690362226492,0,9.086872457975939,10.9109736763843,-1.0736837
820,1994,11.8851720156885,8.493310250952909,9.44920765495533,11.2707489886369,4.1209254
820,1995,12.1577101401289,7.38894609761844,9.491692452233091,11.4236920243592,3.5884764
820,1996,12.2298239003813,0,9.42073905134203,11.5777896279894,6.4188528
820,1997,12.2906593141343,0,9.34978052345177,11.1418681378717,9.8519068
820,1998,11.9720603592473,9.997023431927291,10.2817664416,11.1187461287796,9.1525249
820,1999,11.8592355227675,0,10.2108067974207,11.0076222914395,11.926526
821,1992,12.1132027152668,10.1558403304343,11.3560435587375,11.6972018650564,5.3774638
821,1993,12.0903054544514,0,11.2433203486938,11.3279629239215,10.859281
821,1994,11.8092145980545,6.95654544315157,11.1445856068343,11.1017163122449,6.8056078
821,1995,11.9042348911878,10.4119904809325,11.4188136668197,11.414585907379,5.6438136
821,1996,12.1496700738515,8.20138595523861,11.3438320295168,11.5874106100438,6.7551613
821,1997,12.1544375557164,10.6483017076565,11.6182741805584,11.6954402193699,8.593399
821,1998,12.1089248820346,9.87374973427217,11.6579604369782,11.1352135129723,-9.5357389
822,1993,14.6957100688005,11.4616321705827,14.2625715050978,14.3533963012903,43.290539
822,1994,15.0852653045254,10.8617068664367,14.176618262686,14.4828324691609,29.006836
822,1995,15.3736199244701,12.8755186593548,14.293638718642,14.7945490333326,30.630686
822,1996,15.4764452509906,12.6218147637993,14.3379123584962,14.7940144878328,34.505417
822,1997,15.6160462511094,12.99937280604,14.437809432497,14.7276719608178,37.611378
822,1998,15.7451615706913,14.1635901676272,14.8584273856842,14.9589432746541,39.880116
822,1999,15.8149504535781,13.590840842654,14.970308926798,15.0236875978776,40.589317
823,1993,13.1360895027757,5.77455154554441,8.938649751942449,12.6596088910703,15.783069
823,1994,13.0859264027496,6.99393297522319,8.9724891917897,12.9498011344813,17.752586
823,1995,12.7847668333744,8.533066540572531,9.35742327667743,11.372981729117,22.781143
823,1996,13.0579707026896,10.1344802187937,10.3760098821913,12.6290814032858,22.619408
823,1997,12.9115377768829,0,10.2746406799265,12.5085518748936,22.204672
823,1998,13.2751173809625,9.21034037197618,10.4519441649743,12.9600215634738,22.561405
823,1999,13.3314917884902,11.5464859584922,11.6762527676463,12.6223923683683,24.072187
824,1992,14.0245000669119,10.0676451387024,12.695118196142,13.1361637995194,16.719982
824,1993,13.6248460526509,8.294049640102029,12.583544575168,12.9194653463528,23.661194
824,1994,14.0309700031648,9.70296129108733,12.5155924054906,13.2807438963225,25.901257
824,1995,14.2010542490335,11.8176711228479,12.7932305016624,13.3970214422641,27.229416
824,1996,14.0662388911583,7.18916773842032,12.672371608466,13.2332057048249,26.278975
824,1997,13.8827551437954,13.0547738065446,13.425791920885,12.9891426189055,23.938829
824,1998,13.952549678102,10.2808274969184,13.3415999463931,12.9923277735531,23.381573
825,1993,17.427066267173,12.6908448061686,14.9327603837098,17.2356490935238,73.666473
825,1994,17.5665670048138,13.2892396000971,15.0188106460674,17.3379417729466,94.60714
825,1995,17.9336307270897,12.9373221255904,15.0191610403501,17.7075859786109,76.383469
825,1996,17.5523246437174,12.0713748586466,14.9528014898154,17.352063750612,135.09961
825,1997,17.1540986496584,12.4712138200424,14.913646833356,16.9983959167281,89.081757
825,1998,17.0576614839109,11.3963916487143,14.8256732722962,16.9103306505539,81.321388
825,1999,16.8892218728349,11.2100485331359,14.7349737721904,16.8841159397465,76.987366
826,1992,13.7488642169343,10.4035959514609,11.8650242542667,13.2957014896765,26.884573
826,1993,13.4909279586441,10.0574953650155,11.9066890431041,13.1360061003592,30.192263
826,1994,13.6230319929609,9.85539964172907,11.9139413566444,13.1733939241902,30.688431
826,1995,13.9042592582668,10.794542524342,12.0764097605716,13.5109563365455,32.169445
826,1996,13.9362527665022,10.9318919461607,12.2272331739905,13.3681337861934,28.951883
826,1997,14.0341568115783,11.9842781837853,12.6679738511151,13.4999314122808,26.178587
826,1998,14.0392899071162,10.1661594619837,12.6257690072619,13.4931815192802,29.425556
827,1993,13.2050031970768,7.9291264873068,11.1131625683088,12.2222142359934,28.095598
827,1994,13.1563317889727,9.958401783413519,11.2886224917862,12.1205964200879,30.824781
827,1995,13.0646192749864,9.18255799096373,11.2990587504362,12.1201868664499,32.056377
827,1996,13.602297872587,9.271999752362911,11.3119762862908,12.6348829446064,34.231998
827,1997,13.6214741781632,9.29311779843375,11.3236191715982,12.9372086352138,31.573505
827,1998,13.4900110860474,9.16387749756584,11.3224027705922,12.774526508694,32.32494
827,1999,13.6272975446657,9.539140395148859,11.3631462164991,12.4374677559717,38.01239
828,1993,16.1856099483037,12.7129143439939,14.9486562775192,15.4388084809228,42.744755
828,1994,16.2463351651471,11.8913208039556,14.8851129663723,15.4920414082572,45.873783
828,1995,16.2166217278275,12.8848774643742,14.8992491461941,15.5464760840043,45.005062
828,1996,16.2382040307143,12.3110270787477,14.8585975573418,15.5909632145314,50.663151
828,1997,16.4159887764809,12.7433931592476,14.856427629916,15.7743779126189,52.201885
828,1998,16.5025008620071,13.0602964659881,14.891202811265,15.6768790268247,55.242825
828,1999,16.607863571192,13.5884367934704,15.0071564369723,15.9046011003586,55.450161
829,1990,12.1470103921339,10.1266311038503,10.6711158499084,11.7131373558438,-23.046408
829,1991,12.1470103921339,7.74066440191724,10.634156889133,11.3623853231705,-25.917337
829,1992,11.8020136680479,7.60090245954208,10.5907927016124,11.5401113947939,-9.587822
829,1993,11.4640697608153,6.90775527898214,10.5242575699203,10.8170092154738,-14.420289
829,1994,11.4035095699128,0,10.4323701632072,10.4918507387528,-9.5656214
829,1995,11.4501877165566,0,10.3404739372672,10.5355423982509,-2.512507
829,1996,11.3837813770479,0,10.2485761330499,10.6031718691519,-3.4959579
830,1992,11.5489126257549,8.006367567650249,8.800294789493909,10.86479095353,-.91694963
830,1993,11.7412845184024,0,8.683368428467491,10.8116208543768,-10.723665
830,1994,12.0232685697395,8.455317787698149,9.164432549864969,11.5678916892829,3.415895
830,1995,11.7563223957669,6.94793706861497,9.14974074984725,11.1888135485288,-1.563144
830,1996,11.9834792852767,6.93342302573071,9.13280036327067,11.7450667088151,.49144146
830,1997,11.8073350096878,7.80384330353877,9.24066587052225,11.4104558693876,1.3044649
830,1998,11.9494257822405,8.519789817263501,9.50232318297966,11.7206291308227,2.1471577
831,1991,12.3542855089478,6.37672694789863,8.563045711598329,11.900130085022,-.62203795
831,1992,12.4986819707673,0,8.44623410247574,12.2994684654722,-13.346078
831,1993,12.1986641560013,0,8.329416783939321,11.9680541772879,-10.500716
831,1994,12.3958176427876,7.60090245954208,8.61531758940944,12.0604930638987,-12.085533
831,1995,12.3343452296021,0,8.49843841493259,11.8912807995504,-4.7396321
831,1996,12.4551335883497,9.7060117479705,9.822646192691501,12.0876519897545,.041127775
831,1997,12.2932169306738,7.90691548867859,9.83692565241391,12.028130950278,2.064671
832,1990,11.5136825473111,9.433483923290391,8.00001409367807,11.2593573262314,-.33246535
832,1991,11.2725204904942,8.006367567650249,8.62349726178628,11.1186158210191,6.7933469
832,1992,11.6491961011396,8.268731832117741,9.064956154189041,11.4694304193562,-.87649286
832,1993,11.5984237757661,8.1605182474775,9.30505037170848,11.4589864601951,.7555443
832,1994,11.5021210400491,8.202482446576539,9.48556011113687,10.825473482987,1.3516711
832,1995,11.4543234317924,8.1605182474775,9.607538065665921,11.0838431119733,.7555443
832,1996,11.5660758135425,6.16961073249146,9.52607039717312,11.2818115195996,1.464306
833,1993,12.3385658851841,7.61233683716775,8.360399020643561,12.0358922770986,4.2759795
833,1994,12.3044425027688,5.99146454710798,8.35763458172714,11.7976720432026,4.9734364
833,1995,12.3787587063534,8.593413217327649,9.06236226920468,11.7793963880191,11.44381
833,1996,12.1610157863045,4.89034912822175,8.98421738655297,11.7327708559471,10.682789
833,1997,12.2949051395448,6.13122648948314,8.943845588648809,11.8264071551099,11.321423
833,1998,12.1335354087218,9.57574708283836,9.85820248832044,11.5947182472602,13.185942
833,1999,12.2361406919486,4.79579054559674,9.771440771615801,11.9599035542324,13.177734
834,1991,16.4005452638513,10.6366243813122,15.4287353112573,15.8434208484598,49.089657
834,1992,16.4133023616203,12.08966803441,14.7185026131267,15.81768693224,49.67094
834,1993,16.3865858156001,11.1384501735488,14.652863574769,16.012511716214,56.756813
834,1994,16.4767606854029,12.3706968573651,14.6566948255111,15.9490050320151,62.294529
834,1995,16.554426638579,14.5686412136736,15.1959199113458,15.7935905919105,61.488262
834,1996,16.5430585670109,15.5349996476819,15.9447370545594,15.7717477172355,57.363674
834,1997,16.6908243685768,12.3949683783287,15.8773463616685,16.0415436724527,66.617821
835,1992,15.6325722079332,13.0744936894666,13.4343393000245,15.4042605708181,41.787247
835,1993,15.7902153353774,12.1484647189098,13.5778159009445,15.5536435987031,41.893112
835,1994,15.9826046107967,12.3251836878841,13.7247919905551,15.6875845052544,43.375267
835,1995,16.0474776976165,12.8924645605752,13.9712917649023,15.7968762735487,51.173958
835,1996,16.1322688332554,12.9557490142313,14.1601627473626,15.8374666967713,46.456219
835,1997,16.2603702063391,9.50829450569857,14.0600911648746,15.9589803189322,48.696297
835,1998,16.3318248130367,12.2581004201211,14.0949407521254,15.919773491569,51.246891
836,1993,16.6135328561544,12.0750295830142,13.2283107808098,16.3899440552436,33.442638
836,1994,16.8894974799697,12.9679666673141,13.7328543380409,16.5756545407456,36.465252
836,1995,17.012431356774,11.9349788896816,13.7816199027809,16.7335535859555,37.289433
836,1996,17.0122976836681,12.7085737161499,13.9621261775369,16.7411387746725,45.825886
836,1997,16.8770083315993,12.7566275069751,14.1089545734933,16.8043697617326,49.068886
836,1998,16.9130177925365,12.8434692443188,14.2417111261187,16.6120736867721,53.306602
836,1999,16.8187080560675,10.926585752727,14.1743701039214,16.452642093453,52.779339
837,1993,15.7201923696565,10.945141407367,14.5665764910112,15.7142385801723,29.549129
837,1994,15.9578894161593,12.3810338479178,14.5653833809544,15.9292051527661,32.101166
837,1995,16.4103852659976,13.3279228306655,14.7058261992246,16.0777738874024,37.296307
837,1996,16.4971738923561,14.801296755004,15.3154209961259,15.997556928162,37.991737
837,1997,17.0127901186022,12.7570397122938,15.2762313851562,16.4751749506981,40.711269
837,1998,17.0885629056906,14.4517354732696,15.5113741725807,16.5659977651689,37.505817
837,1999,17.2965552318775,14.7219961764407,15.7548781367206,16.5805559919005,40.778095
838,1991,16.1743612568492,13.1654228668648,14.2050600824243,15.9274808970486,22.589714
838,1992,16.4025696029882,13.1021606700868,14.3956011841862,16.2222436577993,32.861774
838,1993,16.5339210002905,12.6989012908345,14.4615847366873,16.375124011852,32.162525
838,1994,16.5582074427411,13.0476269000903,14.5715082576627,16.3587470437913,34.949699
838,1995,16.5582139127906,13.5291609307463,14.7567222470879,16.3586553652945,37.102478
838,1996,16.8402657503309,13.5583977802707,14.8987296435209,16.6517454607767,35.586205
838,1997,17.006904799217,13.8482787676505,15.0726801743379,16.795428344892,37.964611
839,1993,13.7881804702923,8.99702338147971,12.4514691529647,13.4242101906543,44.277607
839,1994,13.8055915266213,10.8906467292427,12.5296495941657,13.6535829263892,33.826752
839,1995,14.8474287594864,11.598111844331,12.7409345689994,14.8116770326535,38.813976
839,1996,15.6692405663849,12.9061904745709,13.3834164749758,15.4765541635623,37.585751
839,1997,15.7463676910123,11.8931889976551,13.4604738428242,15.4047105053289,40.662453
839,1998,15.7068228608658,11.8153606727588,13.510937160261,15.1317141956514,43.462238
839,1999,15.4979089272653,12.5077833548913,13.6898598028134,15.1911128798524,46.329285
840,1993,16.6209356583473,6.85435450225502,13.6753559084898,16.4257223709376,33.592072
840,1994,16.6262930381862,9.412709624073919,13.5959672679247,16.5127495627614,32.694416
840,1995,16.585326065556,12.4916049087973,13.779833327255,16.4020685038202,39.691151
840,1996,16.5613265199623,11.3160951635236,13.7635099608655,16.3510053551231,36.117226
840,1997,16.5419489199125,10.5331356715332,13.7061827385092,16.2398068241348,35.878445
840,1998,18.0974465991246,14.017319332841,15.4681843044625,17.9606862782144,58.887672
840,1999,18.1580852497379,15.3381344557497,15.9659059904086,18.092150040788,58.759125
841,1993,13.546625649427,0,11.3240396102379,13.1366107717899,11.368446
841,1994,13.3378317355745,6.41017488196617,11.2326293821517,13.0152084469505,7.7740693
841,1995,12.7544861165713,6.59304453414244,11.1403650118013,12.5902603565229,8.4080515
841,1996,12.2366383448392,0,11.0409214362589,12.039369899131,11.737957
841,1997,12.8483172837283,8.187299270155149,10.9916740139873,12.6953814570083,11.716902
841,1998,12.8491858307385,9.45336497888354,11.0729682860367,12.558960628192,15.867008
841,1999,13.7547346404313,8.4084937744929,11.4392681604813,13.4639294489931,17.120415
842,1992,11.6212250352298,9.10497985631836,8.98525744128092,11.28346678376,-9.6262445
842,1993,11.7063930475997,0,8.883875890301921,11.240902725973,2.2577903
842,1994,11.6694869213568,4.61512051684126,8.78466745449667,11.1999240901094,6.3066654
842,1995,11.8262860789933,0,8.671286726753641,11.2951023763247,2.7318239
842,1996,11.8461040612015,0,8.557893578542609,11.2854399939089,7.8102522
842,1997,11.9481620164937,9.7981270368783,9.898072919834631,11.4549385464033,8.9352951
842,1998,11.893365675692,0,9.7846758629967,11.3589930960751,9.5429544
843,1992,13.462939591506,10.4602421081905,10.8329886421313,13.3733277936275,14.108737
843,1993,13.4663951744283,9.30900854377288,10.9142553900319,13.3596717617627,20.668699
843,1994,13.7703266998669,10.2921794400585,11.2309934956101,13.4941546831434,16.981133
843,1995,13.912438249513,10.5820032125514,11.5241284762381,13.6648936831254,11.889939
843,1996,14.0556833562113,11.2307349529276,11.9437301308262,13.8112332138006,12.76998
843,1997,14.1331713265771,11.8349147568034,12.4391570227019,13.7499268920701,12.531508
843,1998,14.4034495985915,12.2172944449522,12.8812742633816,14.1379066808668,17.137402
844,1993,11.8334671617378,7.94697135769359,9.66088718912477,11.5601724989994,9.600318
844,1994,11.938246511856,6.88243747099785,9.62048783406855,11.527503240376,8.0449953
844,1995,12.076351969011,8.679652119113941,9.840718132283049,11.7751438279805,8.655055
844,1996,12.3813576299569,8.934323331054911,10.0639553799615,11.801668476108,9.208293
844,1997,12.016806785792,9.02893839224161,10.2499384081535,11.6508499611898,11.333525
844,1998,12.193125382728,9.078065332666361,10.4021241915321,11.7730771502502,11.912061
844,1999,12.2943397771252,9.039433419997479,10.5133319253999,11.8497805906171,14.913121
845,1991,11.9407110866566,9.565494159542981,10.3222340709502,11.7098363842949,6.4176965
845,1992,12.0678241801484,8.597666575566111,10.3895613619594,11.7555615411712,8.319459
845,1993,12.1402647694126,9.162409838218631,10.5506483845594,11.7982386869018,3.0868137
845,1994,12.0043339449945,7.67878899819915,10.5029969041332,11.6062358609917,12.936142
845,1995,12.0255194007587,0,10.3995243588287,11.6041497569954,14.239782
845,1996,12.3337092125345,9.07176772211224,10.5209166192057,12.036908828524,-3.7679894
845,1997,12.4328084723033,7.74196789982069,10.4741280586033,11.9718206094384,8.3068562
846,1991,12.2065745030225,7.34342622914737,9.50438963080612,11.9470331929452,-17.707706
846,1992,12.0469997544546,7.95717732345947,9.5917996316175,11.7012343458902,-1.5260854
846,1993,12.2074990067025,8.05832730658096,9.67965001046603,11.8434932466746,-1.6391044
846,1994,12.0481706418784,0,9.56406998267629,11.6950309348502,.053783782
846,1995,12.1882130703204,8.51719319141624,9.745622482896151,11.9463091376099,-3.096262
846,1996,12.3531341775262,8.752107198329361,9.93492323311577,12.0622856504939,-3.522186
846,1997,12.5782515762043,10.0253068758572,10.5325014631665,12.5332787756273,3.1842203
847,1993,11.4497798111506,0,9.04939667174132,10.9021056105891,-5.3629189
847,1994,11.3987493227191,0,8.945202263959301,11.2204821480636,-2.7733777
847,1995,11.6013050559672,0,8.841057712319801,11.3775390348734,-.80974489
847,1996,11.5661579491792,0,8.736922922270599,11.3021584643461,-.9449293
847,1997,11.5936506261896,8.34283980427146,9.123616226458919,11.2888040626682,-3.6763225
847,1998,11.784748031536,0,9.019470381212271,11.5468615558877,-2.8062754
847,1999,11.8296700760908,8.51719319141624,9.360999248261299,11.5622711560899,1.3368396
848,1993,11.536451352227,9.078749951588589,8.83627218156505,10.8584637076387,-2.8891063
848,1994,11.6666271256233,9.30882731869084,9.698613591271659,11.0171475903785,-4.2730699
848,1995,11.8244544093401,8.31139827843664,9.812873329447569,11.1815659961011,-1.9043459
848,1996,11.7369500186914,9.87565376160669,10.4089789747114,10.9441603766635,4.2080112
848,1997,11.7365800611022,9.399058096275381,10.5997224611536,10.8841272616919,3.7679648
848,1998,11.7965554956563,6.37842618365159,10.5098587829368,10.9329885849852,2.3485236
848,1999,11.7759207090047,7.96241568012106,10.4764622825602,10.8772413030026,1.9294497
849,1993,11.8871139109405,9.159362817211321,8.923751035604139,11.6014048831031,-1.2388996
849,1994,11.9468218629749,8.00869818298853,9.152488776765059,11.2422168995567,3.7923326
849,1995,11.8543575256165,6.67708346124714,9.116524075771901,11.2531329088769,6.6236968
849,1996,11.7152828424679,0,9.000890137793981,11.0592541087232,4.8708553
849,1997,11.436318382311,7.20711885620776,9.032050676295601,10.7016018069622,1.6750367
849,1998,11.2520013150566,0,8.916412166319009,9.83717164808623,.82789552
849,1999,11.2857391912603,4.99043258677874,8.81913313561472,10.6407570077254,4.9199409
850,1992,14.9072422173313,13.0093312881084,13.4754940879616,14.7536273867002,-26.525213
850,1993,14.7068675813051,10.4186139148538,13.4188388741271,14.5926564396696,-16.548077
850,1994,14.8310729255246,12.0843738281979,13.5515260015324,14.5127290078104,-28.49881
850,1995,14.5783904655112,10.9556544259613,13.5175522655632,14.041053108372,-37.717823
850,1996,13.3617377558644,9.41540141573963,13.4290323033228,13.1892844791283,-17.414145
850,1997,13.5865067766522,9.30437701390256,13.3399738896508,13.3602642735581,-17.766897
850,1998,12.4486806271047,9.30946146284399,13.2522945469964,12.3110120718451,9.1070461
851,1992,12.4657243934539,11.9511803959014,11.613849855559,11.438011866479,14.896544
851,1993,12.3770679542656,9.316770315592031,11.6092233386625,10.7923962800552,21.53179
851,1994,12.3806308055231,8.74719318352693,11.5620984130114,11.5751675160445,4.6873846
851,1995,12.5053313507879,11.346256760584,12.0379651880828,11.7235519592937,10.541517
851,1996,12.6356968063809,9.697201118288341,12.0221023302807,11.9124483893049,11.247921
851,1997,12.5956214706215,11.2268554258276,12.2720892924514,11.9028597114018,12.133001
851,1998,12.5635038661793,9.71824172422493,12.2387145541886,11.8989499687542,11.764778
852,1992,10.8480029932613,6.19236248947487,9.71433471558916,10.0898722865832,-4.9950395
852,1993,10.9717406287199,8.039479919100449,9.77659124184758,10.2834743111394,1.2915944
852,1994,11.0491570761474,0,9.659701146033131,10.3569504496447,-1.5734472
852,1995,11.1561403721082,8.006367567650249,9.715886081494389,10.4258175789308,1.9269365
852,1996,11.2169897080712,4.87519732320115,9.60660326931955,10.4278040734912,5.5037465
852,1997,11.3616200243883,8.006367567650249,9.66546510743094,10.8540018926655,3.4634001
852,1998,11.0862824129748,0,9.5485967303909,10.3344178879422,4.7033477
853,1993,11.6487666362545,8.55986946569667,8.68462105237019,11.2250624029149,8.3078318
853,1994,12.0687829727267,7.00669522683704,8.79095380852697,11.7261601501868,6.9057412
853,1995,12.5663454168163,8.25919936266628,9.16761030824912,12.545906550242,11.909672
853,1996,12.3148878498997,8.936692688488201,9.6514492909225,11.5277281177059,13.764539
853,1997,12.1964183099502,8.240385115516331,9.789405783732921,11.6484273534404,12.052353
853,1998,12.320793360989,8.45765547870004,9.940961548759519,11.621536110185,11.653947
853,1999,12.5428435957133,8.493924564476879,10.0703358467951,11.864982585524,10.939493
854,1993,11.6869887104151,9.11745724449613,9.220102566320911,11.4073626422169,-2.1366353
854,1994,11.4155083438626,0,9.12028436480033,11.2430518322911,4.0240946
854,1995,11.7190458283937,8.294049640102029,9.37444704034923,11.6128509473404,-1.0357193
854,1996,11.8835514538441,8.51719319141624,9.61265385225197,11.6028507915543,2.1593432
854,1997,11.9002188421386,8.85366542803745,9.87611121698065,11.6082257720692,5.7440705
854,1998,12.0638728693977,9.02401079378469,10.1104244831653,11.8010876625514,6.5523715
854,1999,12.1539840289302,9.786504197050309,10.5223905978264,11.7778213858793,10.394913
855,1993,13.5800862158133,10.3417424834673,14.1653352524282,13.462914266506,12.744973
855,1994,13.7824446475309,10.4664406226881,14.0788348998714,13.4300332908687,20.061392
855,1995,13.8429861824,10.8778396238236,14.0065456249584,13.6446707898752,23.412445
855,1996,13.9153208328074,11.2447583967557,13.9586592804587,13.5449007412824,28.315653
855,1997,14.2239842800766,12.3510730172578,14.0251262185828,13.7133262939352,24.649296
855,1998,14.4588837977781,12.2572551837845,14.0664938425343,13.9574599225474,24.227129
855,1999,14.6111414408548,13.6883156189766,14.4531666456965,14.071464012349,26.75803
856,1993,10.9816543110403,8.006367567650249,8.429847212999251,9.14058908796715,-4.4621067
856,1994,10.9479788904813,0,8.32956156110339,8.766081289648721,-.049063604
856,1995,10.9890329230007,0,8.229191067753529,9.10157043974618,-3.2777445
856,1996,10.9492750896468,8.01201823915906,8.695958432007419,8.515280363126131,-4.9698486
856,1997,11.0662059574731,6.9037472575846,8.74051272724426,8.711631871785769,-2.3380747
856,1998,11.0872043086043,0,8.640136224690689,8.765455800965309,-2.9543483
856,1999,11.0922592863728,8.12681372072611,8.98012185199001,8.49306421897052,-6.5492811
857,1993,12.5660066896742,6.21460809842219,9.42434630209924,10.7488722167838,14.364728
857,1994,11.8707501431081,7.76895604453833,9.499698538996361,10.4983972212954,22.769272
857,1995,12.4489069026932,7.36327958696304,9.506964841744169,11.4392113318491,19.783319
857,1996,12.6601571063041,0,9.405594606681859,11.1994566571203,23.682894
857,1997,12.7215380485784,0,9.304231363390709,11.0402929273631,17.212694
857,1998,12.4783379538145,0,9.202862482120221,10.9690468252428,14.218942
857,1999,13.209004674892,7.44833386089748,9.24997446121626,11.6477589638435,16.399679
858,1993,10.8886197929712,8.51719319141624,9.246691587440679,10.4288250492417,-6.0831966
858,1994,11.8129032158679,9.842515995544639,10.1882453534707,11.3650589779929,-1.1028025
858,1995,11.8144261084666,0,10.087873643379,11.3289369888009,-.86852056
858,1996,12.311278733048,5.01063529409626,9.997305710738679,11.4970196043238,1.6600493
858,1997,12.2608860375358,10.4666968759817,10.8136113076388,11.7218159261139,7.2912369
858,1998,12.4743193103193,9.84966474583862,11.0199315733135,12.0583673402865,-2.2818995
858,1999,12.803141598726,9.93551902336679,11.1945546054178,12.4603394268049,4.5074677
859,1993,11.2458424466358,0,10.4391062716488,9.797527429866729,9.4509764
859,1994,11.5473178412199,0,10.3276173858734,11.0549457398129,2.4659777
859,1995,11.5155562661038,0,10.2161243983331,10.5966816360115,10.868693
859,1996,11.4241534811839,6.87729607149743,10.1380892083324,10.5529725562348,11.045407
859,1997,11.4485915282407,5.77144112313002,10.0385471518577,10.644355020221,12.342086
859,1998,11.6030367155064,0,9.92705270050878,10.7688242909926,11.823418
859,1999,11.5253910729841,8.080237416216701,9.953101187084551,10.156450300671,11.456264
860,1993,14.9363102430349,12.3705102332256,12.1009554336049,14.5401740920462,28.708363
860,1994,15.0317440084821,12.6608135141725,13.0195638019603,14.6611791101167,42.415447
860,1995,14.7427135741188,10.7039183983157,13.0112094456057,14.3165724637071,34.884598
860,1996,14.742663007692,11.8440189764352,13.5102437089661,14.2873350245056,34.022869
860,1997,14.7476227560434,11.8113323207846,13.5683866372293,14.2838256253267,34.700615
860,1998,14.7476780517316,12.432068126225,13.7298374124161,14.2761158764219,34.044823
860,1999,14.711520449741,12.1619378781656,13.8061681532865,14.221235607065,33.970909
861,1993,11.695194700196,0,8.03660575071086,11.2126928128729,8.7053566
861,1994,12.2675164113342,7.25981961036319,8.30251371851416,11.6722419836374,19.726589
861,1995,12.2636401828089,7.00397413672268,8.419117190251891,11.737395184615,18.668213
861,1996,12.1363275785237,0,8.29582306665117,11.6033814430079,21.071869
861,1997,12.0770351925225,6.0591231955818,8.269936234738759,11.6134185983717,19.369286
861,1998,12.5249672162441,7.21303165983487,8.43252815053499,11.7979993424398,20.753098
861,1999,12.2403039742417,8.28045768658256,8.903883144198071,11.7147697896025,19.778168
862,1993,10.8363207010296,8.20357773693795,8.2043163803299,9.66069354032293,-1.0283248
862,1994,10.9514554590346,8.207401833376361,8.79220027450175,9.612079010785459,3.7419319
862,1995,11.3519112851216,6.62671774924902,8.775796546367349,10.4786592738341,3.7112548
862,1996,11.6574845781522,7.00124562206948,8.8038447330535,10.9498657734343,4.6019568
862,1997,12.0133309875582,9.246575864558279,9.59295300673214,11.3074029154386,9.3548698
862,1998,12.0208990254676,10.1397447429957,10.4419789257134,11.0742564033854,12.683232
862,1999,12.2694605049103,8.27537637483641,10.4205447198411,11.5197358597241,12.989051
863,1993,13.164437707425,11.6620348875581,11.5349051325583,13.0576483153383,6.9864225
863,1994,13.2967367643491,9.8671865728098,11.5877295519227,12.9540474270759,11.813293
863,1995,13.7330969586136,11.6636015439286,12.1915659301045,13.478188762322,12.205205
863,1996,14.0042009572234,11.6506592650981,12.5144495941645,13.5532279120506,11.991742
863,1997,13.6139817166225,11.0559407210718,12.5901625905556,13.0259886814411,12.754083
863,1998,13.8956009568083,11.0684336248932,12.6535996192007,13.4614404981549,16.863235
863,1999,14.593949262414,11.5621726675388,12.8041047022611,14.2540747698587,16.003546
864,1993,12.4969801860881,9.388904879892429,10.7290195311322,12.2778001565358,-8.2536774
864,1994,12.7096318219235,9.62251624577579,10.9246246679248,12.620801617954,5.7552862
864,1995,13.2111943610241,10.2763261578172,11.2415077413399,12.874560914284,7.5673113
864,1996,13.2726995048552,9.831991550831059,11.3576157804231,12.8790626109516,9.5962324
864,1997,13.4286683799187,11.3239296850171,11.9070990632466,13.1171267283353,14.57636
864,1998,13.6687446442296,11.0109935083744,12.1359725541586,13.3829569293065,15.595588
864,1999,13.7668783874644,11.1002091301479,12.3269154397917,13.4756404291794,18.748796
865,1993,11.8653841080411,8.520587424484249,8.806588794934759,11.6297042564721,-1.0225331
865,1994,11.9321092338966,8.444837529224101,9.25508426578557,11.5164423741388,-4.4815655
865,1995,12.2044477987938,7.35691824235602,9.31360068374897,12.0331370226918,-1.6025926
865,1996,12.2257487074136,8.27563105457801,9.52510731523672,11.9264372418695,3.3865371
865,1997,12.197571875735,7.14519613499717,9.531140439203099,11.9620769858182,4.8491182
865,1998,12.3517590358338,0,9.45790332783114,11.9208593275669,4.2284656
865,1999,12.2175154999188,8.11910083763749,9.598978022578081,11.9802147036554,5.9585595
866,1993,12.0881641320018,0,9.5636978191026,11.938956319565,-.092907421
866,1994,12.288547354974,7.91205688817901,9.648904932386539,11.8325593062783,5.4866009
866,1995,12.4167157703629,9.19836900019496,10.0363868704435,12.0036554075533,5.852355
866,1996,12.5040913119976,8.33038156934942,10.1034484506972,11.9632952862026,8.4859686
866,1997,12.542299997216,9.253112463820051,10.346720395659,11.9585215148938,8.7484484
866,1998,12.5241562350095,9.344346651823921,10.5476545508744,12.0252460569444,8.0979586
866,1999,12.5670115891357,11.2895068758366,11.5294836189642,11.9668361368255,10.244831
867,1993,11.0800942987989,0,8.610719963712519,10.5404135995356,1.8439268
867,1994,11.1730795438699,0,8.50924166162862,10.3318959352122,8.2717133
867,1995,11.4564397659834,7.90912218321141,8.83529777067927,10.8704374502336,4.7249422
867,1996,11.3808558605554,7.81237820598861,9.02757071480025,10.6898077012462,9.7601767
867,1997,11.2186349380375,8.61450137388324,9.408650100730361,10.6071758562154,10.568128
867,1998,11.40068578648,0,9.30728557803266,10.765174302652,8.8928547
867,1999,11.4640607980255,0,9.2059105748968,10.6666905245001,11.396284
868,1993,11.8616329375694,0,8.86680726598439,11.1548566647083,2.6533024
868,1994,11.7387834484486,5.33753807970132,8.7829976853487,11.129101167843,-1.7214344
868,1995,12.1349096758001,4.74493212836325,8.686800935790121,11.726991050854,3.1429849
868,1996,11.9788516996267,7.72797554210556,8.886975852651,11.4256016366419,2.4377551
868,1997,12.1061111840511,10.1453350886441,10.2410734545161,11.607725873717,3.6419091
868,1998,12.0966251705173,7.53529670244409,10.1887755113837,11.5558235510219,7.667522
868,1999,11.9538632621723,6.34388043412633,10.0952147374042,11.3090511967209,6.9828072
869,1993,12.4266515394918,8.977525200965241,10.3158223435799,12.1849885968376,.64320534
869,1994,12.5218155690548,6.89770494312864,10.2867888479426,12.364425042662,.86352754
869,1995,12.7488785084051,9.57519179719905,10.6034042680029,12.696553480208,.045605276
869,1996,12.7842906988541,9.15302900526307,10.7366488175938,12.2836922931512,-5.037765
869,1997,12.756213248022,8.62676482784553,10.7797809497646,12.452103387768,4.2650256
869,1998,12.9569097256506,8.782169426332381,10.8338882687286,12.6021447838456,3.3026853
869,1999,13.0812544086043,10.5355568835875,11.2797644055465,12.6786552594154,5.8674736
870,1993,14.6001748766898,14.0627986692764,13.8416745753124,14.25461030901,8.4283667
870,1994,14.8082300464792,11.9174634767907,13.8572948093668,14.4246990423588,-.68670648
870,1995,14.9816643828094,12.0861848965177,13.8885709458789,14.6204325664046,12.883208
870,1996,15.0982872835671,10.9933785880589,13.8157992162984,14.9090795919889,16.660343
870,1997,15.1864582004015,9.09054280852059,13.6991955941629,15.010315312882,17.88563
870,1998,15.180537335213,11.0982127290553,13.6425359817275,15.0221601753502,20.912882
870,1999,15.0853356919,10.1643506908774,13.5463399528229,14.9033732137465,20.918756
871,1993,15.6179977315116,10.997254789541,14.0170637457337,15.4380469451158,35.87899
871,1994,15.5791156346704,11.5605530488431,14.0090369389336,15.3234724731408,39.140045
871,1995,15.7401749816785,10.8144239756484,13.9573126786292,15.5759760662753,42.937462
871,1996,15.5547937752979,10.9181383540234,13.9109175512638,15.1747823311122,41.33181
871,1997,15.5514770045566,10.9124668489642,13.8657376892018,15.2359861483896,43.291134
871,1998,15.6154146744972,9.829518032335949,13.791519971396,15.2734981835066,43.53944
871,1999,15.6178673498295,12.0708999066335,13.8528319685839,15.1877240277676,45.173138
872,1994,18.6810286549151,14.9139731687645,16.8223585325687,18.4065173655855,66.892288
872,1995,18.7833340992721,16.1932277984654,17.1232987694245,18.5665117877848,67.522514
872,1996,19.1183731876946,16.3717178919675,17.3760294362797,18.6911755004627,59.362919
872,1997,19.5022754986619,15.9320062848774,17.407419876309,19.3491361431354,63.839699
872,1998,19.6924946512269,15.9814104904317,17.4892341424119,19.62506474367,71.667068
872,1999,19.7467665000078,16.3446474675323,17.6282897315134,19.7342745084307,85.458557
873,1990,15.9365405469687,14.6662138988291,15.3762366831574,15.1829222718213,24.041496
873,1991,16.0164215062214,13.6540005311177,15.4561818115643,15.3025285479547,32.386013
873,1992,15.9691421756147,13.5044684180227,15.4998408733772,15.4157794844431,25.541584
873,1993,15.8805365254236,13.7647592219539,15.5722819371717,15.2181299571141,29.650208
873,1994,15.9456213565241,13.4841663504977,15.5961233666888,15.3610927865213,37.273609
873,1995,15.9499530052794,13.5543509675855,15.6206100356346,15.325951698245,41.186146
874,1990,12.116236017099,7.3132203870903,9.43003799288609,11.7428864756124,14.755754
874,1991,12.1535454346433,8.493924564476879,9.668214485168511,12.1021706252242,8.7474384
874,1992,12.1440249064522,0,9.552901178437949,11.8450044366302,12.170033
874,1993,12.0064061420532,0,9.436902074748859,11.6996896140795,11.734759
874,1994,12.1824063916676,0,9.32580071226292,11.6628892050254,8.5891685
874,1995,12.3370923633902,0,9.209790220670699,11.8134687278896,9.1940479
875,1994,11.1233255575668,0,8.72912209296285,10.6585834096277,.39703971
875,1995,11.1003851931807,4.60517018598809,8.643367587587189,10.3608351288206,4.1424079
875,1996,10.9640572106572,0,8.54200287032481,10.1630769924905,3.5872428
875,1997,11.3061629781648,6.68461172766793,8.577139936467301,10.7072946778343,6.2176986
875,1998,11.3450033726028,7.47533923656674,8.745443680098591,10.7531996781856,6.8690658
875,1999,11.2886773760299,5.71702770140622,8.687880667311831,10.5894157752412,7.6603551
876,1991,10.6983793321606,4.79579054559674,9.542560724995139,9.386550709920121,-1.6381952
876,1992,10.8595798260385,0,9.44350553873147,9.57962343350399,-1.0904667
876,1993,10.2658892525283,6.49526555593701,9.396969305356439,9.37265006208492,2.0305917
876,1994,10.172469827788,7.32646561384032,9.417825974933679,9.593060769101211,.64903492
876,1995,10.1439363823825,0,9.318782135709791,8.687225801121169,1.851651
876,1996,10.2466468545923,0,9.21973609361654,8.73701554247582,.25838104
877,1994,12.271037365875,10.5955591548691,11.4043587036848,12.1769153066929,-5.368145
877,1995,12.6954047799345,8.10258642539079,11.3466583432977,12.5510121293592,-7.391232
877,1996,12.5369265257426,8.61395685984855,11.3135069851587,12.3662358835269,-4.8776121
877,1997,13.0700103177036,0,11.2209528680346,12.9687282171248,-9.5769682
877,1998,13.2616805579706,8.048788283534201,11.1663719829269,13.1446684274446,-2.3660753
877,1999,13.0395077449181,6.8501261661455,11.0859889879908,12.8871311529349,1.3737833
878,1993,13.6888027873715,8.911529941736561,9.1456205010624,13.5458914525625,24.063297
878,1994,13.7084268525583,8.36637030168165,9.41708621268066,13.4858689068035,26.064827
878,1995,13.8341714908599,9.270494294795929,9.91837616502988,13.5459497894104,25.513832
878,1996,13.89161679524,9.2593209941978,10.2081705370251,13.6555006435899,26.898087
878,1997,13.9715447549286,9.299815378403791,10.4182882651574,13.5293786616603,27.482168
878,1998,13.9749600367868,9.32776778885215,10.5797911734377,13.4982223564472,29.098396
879,1990,12.5348947765945,7.07411681619736,9.745253547271229,12.104672455374,6.4981675
879,1991,12.2920491820904,7.09007683577609,9.70301017172083,11.7099048141238,12.279169
879,1992,11.8705894684061,5.08759633523238,9.597763701583579,11.4487531662886,12.272868
879,1993,11.8598643685222,6.20455776256869,9.516677354525131,11.3741376463981,7.372798
879,1994,12.0339632996301,7.15773548424991,9.49365291191002,11.7800766717124,7.475462
879,1995,12.4684899080629,8.76248954737158,9.76636113411465,11.9381220425766,9.3490295
880,1994,12.461380496891,8.54090971803355,11.3859939593843,11.9606472435459,-.65758836
880,1995,12.4909518287137,0,11.2600904526157,12.0870183247456,5.0247102
880,1996,12.0869625825282,0,11.1341874837897,11.6368803958115,-10.574997
880,1997,12.1414097271686,9.92230930677672,11.25971180572,11.4018391364363,-3.8283
880,1998,12.1543987025026,10.2035921449865,11.4205349188844,11.6150170128377,7.2282763
880,1999,12.0916512310197,10.1658518170036,11.5339861241418,11.5201011783663,4.830894
881,1994,12.3635527754249,8.23057721714645,9.67699464839677,11.967401516846,.18426649
881,1995,12.4562137107223,0,9.58739914682856,12.1367398353917,4.6927013
881,1996,12.4429085269544,0,9.49780242022441,12.0113051035008,-.039006706
881,1997,12.2874880875096,0,9.408207140105601,11.8338693171141,-.18876989
881,1998,12.2950129357225,7.22620901010067,9.417427709415371,11.8558415213072,9.5999432
881,1999,12.1384050190233,0,9.32783892272613,11.6174450188415,9.1160154
882,1990,12.4310577854121,8.05515773181968,10.6216687508157,12.2412992631492,7.4048262
882,1991,12.4333368031655,8.69951474821019,10.6712249103988,12.2297262775915,3.1819344
882,1992,12.4382029928167,8.294049640102029,10.6682714399017,12.1929497168824,4.781733
882,1993,12.2779520367265,0,10.5735042747072,11.9529711087835,8.3947773
882,1994,12.2193469035399,0,10.4787516924394,11.8417196229199,7.2257543
882,1995,12.1996490882574,0,10.3840013806322,11.7903003574108,8.9106579
883,1990,11.6827055251696,0,8.748622322317219,11.6528683091208,-18.733181
883,1991,12.5341962638168,7.43838353004431,8.88831527110186,12.1253544416619,-10.120474
883,1992,12.6281180252704,8.6429443967218,9.37502395691595,12.4071215632399,-9.5873356
883,1993,12.7444317526586,8.508757712595139,9.623012778333701,12.4899606652849,-5.6518512
883,1994,12.8230184063499,8.15478757276852,9.718668880543561,11.9885411508482,-1.24233
883,1995,12.8257851100433,0,9.60179444906997,12.5387372156781,3.3519597
884,1994,14.7528206034633,13.9324407856388,14.7677242637296,14.6930453026429,33.252655
884,1995,15.1007879111471,13.1261681301442,14.8388239912997,14.7809755625958,36.375591
884,1996,15.0489626092711,11.6096528219227,14.7743483108446,14.6823076132632,34.562225
884,1997,15.0561265195092,11.9351034647334,14.7263262088994,14.7318723141812,34.445698
884,1998,15.2041316909369,11.9214126686107,14.6797990284036,14.8641457103431,36.473339
884,1999,15.2265137387273,12.3383939312706,14.663699906572,14.8587967008367,35.813
885,1991,12.3692856453554,6.96129604591017,9.76080585181202,12.0332330036813,-8.7285156
885,1992,12.6957458642197,9.022563964499261,10.0534795972145,12.425553477631,-2.4922225
885,1993,12.6686660404519,8.88183630500415,10.2176447942212,12.0523772044456,2.7512126
885,1994,12.8228255045902,8.052933036797571,10.2122728766936,12.5154983637651,1.1385882
885,1995,12.6266443907573,0,10.0954004648682,12.470554093137,2.4566
885,1996,12.7901778681647,9.062536177207789,10.2735879701373,12.4318763615517,10.438355
886,1994,16.8593213596777,12.8106754564857,15.2539664177233,16.3458805944104,68.65049
886,1995,16.9468739254763,12.7339795500266,15.2431688387365,16.4119518393428,71.986671
886,1996,17.1222600466602,13.5956503605395,15.3235884974435,16.5006242133739,74.140495
886,1997,17.0895809339494,13.215751711646,15.3448485577553,16.5387490571231,77.671394
886,1998,17.1476614612945,13.3564199643396,15.3781385422667,16.6259193183106,78.455673
886,1999,17.3675886450412,13.6383711506097,15.4414820936517,16.8309852413158,83.890198
887,1990,15.889676551911,12.5537673878881,13.6677167967144,15.4830070992923,47.21188
887,1991,15.5388738750055,13.903948999546,14.4102949041073,15.4094003204293,52.410488
887,1992,15.7636187919468,12.6249375737014,14.4467691432298,15.5228965057223,53.610043
887,1993,16.0775730370875,11.0497306033681,14.3527711194927,15.6525749551428,52.270199
887,1994,16.3634912761969,11.6581420688109,14.291843924588,15.8812456441616,51.33305
887,1995,16.6051275794874,12.9554630990942,14.3961016187116,16.1159413030909,64.040428
888,1990,12.6693657889108,0,9.981651573505481,12.1708115314626,10.477592
888,1991,12.3328213573583,0,9.890685960698921,11.7019690988901,14.187931
888,1992,12.3357535025337,0,9.799670289894999,11.818535558663,15.469579
888,1993,12.4062491343554,0,9.71057612042403,11.7520194871508,17.461439
888,1994,12.6432762753695,0,9.62145615159316,12.0389112944083,18.998981
888,1995,12.6406409580542,0,9.532351404751561,12.0292363906485,19.3943
889,1990,11.5888514026704,6.21660610108486,8.573762542904131,10.8971022718169,.3558417
889,1991,11.6692594738847,5.73009978297357,8.53367659067459,10.7203578123351,10.175947
889,1992,11.5708723685759,7.78447323573647,8.833666781530759,10.7136344669855,7.3659363
889,1993,11.4420675901391,7.55485852104068,8.98545780945812,10.7647830625932,9.6171942
889,1994,11.2345078577517,0,8.885011813292129,10.5915257081731,14.476686
889,1995,11.1032601196314,0,8.784636841627011,10.7106862033572,16.176443
890,1990,12.0344563071009,8.70797882662232,8.361941906144949,11.3570633819105,8.0489969
890,1991,12.1958249495535,7.84424071814181,8.746620955637461,11.5381082489663,7.3015656
890,1992,12.4764404932801,9.166388484446999,9.5916084113585,11.8602804469945,12.176795
890,1993,12.5210067794096,9.70210549300343,10.2515636319795,11.8255082083764,12.634734
890,1994,12.6997348707704,10.1001639176352,10.7704913968942,12.0732342434863,12.316069
890,1995,12.8499574762034,9.260938424739271,10.8550990951279,12.3040621343297,14.290177
891,1994,16.6087137015869,12.8136837239835,15.3429558311767,16.3127537330472,50.045536
891,1995,16.5684651055545,13.2014924370594,15.3305442700707,16.4331211349684,50.953213
891,1996,16.6270762884195,12.9229094968781,15.291448163005,16.4665640305483,54.035847
891,1997,16.6404339035219,10.3876097934676,15.1755574996578,16.473733872555,55.660263
891,1998,16.6603311188732,13.5898638764319,15.23056349832,16.4738607365142,56.794147
891,1999,16.6686864930538,14.6861145650155,15.5448162647677,16.4608613788351,57.521248
892,1990,15.7042620230886,12.9309655556503,13.9825898730784,15.4065786556405,44.168423
892,1991,15.9234838592816,12.8168784368045,14.1809625804083,15.4610061298131,50.847752
892,1992,16.0133132529105,12.7722639104123,14.3198026244525,15.5801333205723,56.24115
892,1993,16.1045630856074,11.9187638367402,14.3228275536874,15.6013409427997,60.323975
892,1994,16.1051507590527,11.7034301154055,14.3079372140428,15.5790905121834,57.51844
892,1995,16.2184382333138,12.0371331482295,14.3171503811493,15.6457755375537,63.901512
893,1991,15.0107696323051,11.3975482829257,13.2524919369539,14.36738813002,24.614706
893,1992,15.0476135542474,12.5336482816436,13.5467766301953,14.5566527644448,31.240862
893,1993,14.8460765786176,11.3290026268093,13.5310640454385,14.312933808984,37.486053
893,1994,14.9798345454306,12.3572001888531,13.6844230338019,14.5985098983807,39.334583
893,1995,15.1066426193505,11.941423272189,13.7204465178651,14.6192615142229,41.079769
893,1996,15.2022860379446,11.919323471127,13.7447755984943,14.7503536827825,43.283897
894,1994,12.9361737356525,0,10.9755641979424,12.7165349562575,12.444739
894,1995,13.4206010970183,8.050703381470299,10.9166998924392,13.2490998808067,15.71632
894,1996,13.6085715383512,8.603003847829349,10.8970355779556,13.359625620254,18.087473
894,1997,13.6661959574429,7.46106551435428,10.8168700596211,13.4492987893695,16.496546
894,1998,13.9925075345552,10.9228762424139,11.4220758221628,13.6457764912085,15.922512
894,1999,14.2555218299227,10.8998456071655,11.7525964821684,13.7880605723302,19.344778
895,1991,14.1098870331672,10.5507216760817,12.0273358557743,13.6718098327173,33.353317
895,1992,14.2536378880611,9.89600966268017,12.0426438905019,13.766286671319,37.438515
895,1993,14.5866449924888,9.729550745276571,12.0384252940099,14.0685060451481,39.8913
895,1994,15.0844879078317,10.764836236146,12.1864177473215,14.5853540977822,44.576164
895,1995,14.6671770406411,9.306559229716729,12.1381770289816,14.3295109402849,45.249821
895,1996,14.710223652245,8.632127729508341,12.0649024370136,13.8788682526761,44.620754
896,1990,13.172964186167,10.3570123993879,11.6109410727109,12.4560129772548,24.948557
896,1991,12.6377964078292,11.1772149381744,12.0296295765203,12.0818738721772,18.28541
896,1992,12.8303940266753,10.3527462356427,12.0979015171315,11.7298044319388,19.393114
896,1993,12.7870303234947,7.48605261786314,11.9966994708796,11.8609794403304,24.248388
896,1994,12.9312241218426,10.5002614884385,12.091360203273,12.2639192357298,25.049469
896,1995,13.4296139678648,8.820847033377721,12.0164859614948,12.7954495439436,27.537104
897,1990,16.2772347011836,13.445027867186,15.2930269811837,15.721470675175,37.72694
897,1991,16.451073594735,14.0764684493372,15.4665631234818,15.9389846902818,48.198116
897,1992,16.5320423657488,14.0903801500178,15.5989524653128,15.6906396759527,53.689732
897,1993,16.5818872335633,13.8026633853135,15.6554961593097,15.9281745652921,52.705658
897,1994,16.8620600032506,13.460756624845,15.660947704179,16.0411838216007,61.444672
897,1995,17.1010706195023,13.9711047668305,15.724551796495,16.3673866790516,61.041592
898,1991,12.0138738980654,9.615805480084351,8.8075018114699,11.7810025169269,1.5269105
898,1992,12.0138738980654,9.615805480084351,9.904846628573759,11.7910528527804,1.5055374
898,1993,12.0782068059607,9.21034037197618,10.2026287180768,11.8009051492234,3.1205306
898,1994,12.1134612018119,9.7981270368783,10.6027286275471,11.4972445459138,3.0462437
898,1995,12.1119712586507,0,10.4768230786833,11.456740566979,3.9995346
898,1996,12.1064890620148,9.903487552536131,10.7881018415497,11.4252482591999,3.2737026
899,1990,13.7367263358433,10.1876885731513,12.4587672320655,13.2610563412782,19.767633
899,1991,14.1226398489738,9.62284729487339,12.4336718556374,13.4231040240311,26.155193
899,1992,14.288193512319,10.3346528954941,12.4651021250087,13.6591484642966,33.472332
899,1993,14.3242064781805,10.6971811796956,12.5384949063454,13.51474699894,39.98819
899,1994,14.3696395289614,10.7899992579212,12.6133797228377,13.6256768345728,38.778744
899,1995,14.3716456690726,10.4739584952286,12.6351256912593,13.5342022458065,40.116241
900,1990,12.2996347533156,9.5324238711453,10.200253243721,11.3308125799171,7.0956326
900,1991,12.3771940259839,8.887928819003299,10.3515746342298,11.9967611470703,17.428833
900,1992,12.2017832085746,7.37775890822787,10.302139503711,11.7547379256073,12.027297
900,1993,12.2303037231114,6.24997524225948,10.2185281929543,11.5774153073514,12.443916
900,1994,12.0373762992955,8.04237800517328,10.2258789753064,11.4341574954865,16.592348
900,1995,12.4853707154432,9.19451582162921,10.4220194068863,12.0523725157891,19.304279
901,1994,14.2710974184286,0,11.2288581846115,13.7997641450633,12.029016
901,1995,14.7684485505865,0,11.1208364960953,14.3840826294189,16.7703
901,1996,14.3594099104107,11.6555268505692,11.978880283834,14.0096680336558,18.734632
901,1997,14.7571305137949,11.902328939531,12.4977141191976,14.6489241766826,28.873257
901,1998,14.5191670582114,12.3450125109622,12.9778833523608,14.3833741756263,33.958225
901,1999,14.7535357511442,12.1758865966106,13.2180940142587,14.7329863376538,37.975998
902,1994,11.4308769820888,0,8.930917432130761,9.719346186984749,13.235925
902,1995,11.9571691832358,0,8.829548364072901,10.4241748428426,15.109869
902,1996,11.496224494014,9.00011304592852,9.481382261329671,10.4347343112168,16.433901
902,1997,11.4353326691679,0,9.377996583017181,10.6014125689239,15.077303
902,1998,11.5302877436434,0,9.27259190494879,10.8619076463775,16.664507
902,1999,11.6832215538159,7.55485852104068,9.31619476565618,10.3091488631863,18.121218
903,1990,15.7444644220453,12.038978560067,13.3264219638411,15.4094522320295,26.013577
903,1991,15.8212493206879,12.8985420964833,13.7506913574399,15.4354208886454,32.801571
903,1992,15.6431436627231,12.1579847347231,13.8330329404183,15.3392728280838,39.701077
903,1993,15.6369553666269,11.0270038135704,13.7835280258611,15.3378319949809,41.529297
903,1994,15.6694512517288,13.0259031365332,14.0655655267923,15.2727848624514,44.928272
903,1995,15.5870016508078,12.3634822948571,14.1212538158115,15.106345107342,53.690052
904,1994,13.260408635501,11.1570502012021,13.5032682708238,13.092811775584,23.432203
904,1995,14.4010157392208,10.8895468549649,13.4491690429088,14.0741072295939,28.94035
904,1996,14.819622465071,11.9069520687775,13.5135326519573,14.3756594579876,30.041441
904,1997,15.5236010245928,13.4809534862434,14.0457271164845,15.0872440749834,34.224525
904,1998,15.5236010245928,13.2115292651014,14.2676906626973,15.2486696233955,36.752895
904,1999,15.5539352276164,13.3700512376295,14.4696108342653,15.1046023188548,38.37088
905,1990,14.814508710595,11.4690153738507,12.6852527914606,14.4332984484412,21.593584
905,1991,14.8208835695133,11.0032824749505,12.7733785032241,14.3894371658173,24.83474
905,1992,14.7698878633375,10.9915274835992,12.8414050498327,14.2974668024579,28.423143
905,1993,14.7347528154992,11.5077621580133,12.9874916583721,14.3321721131928,29.202875
905,1994,14.8155379949957,11.1525579977651,13.0436766000417,14.404551498991,27.436213
905,1995,14.8049491422385,10.5822568651501,13.0303020344098,14.4254039325556,34.182384
906,1990,15.387182445927,0,13.3479806665047,15.1985248843406,33.720108
906,1991,15.4886438092019,12.6180299668747,13.6551739513491,14.8654818274912,29.208319
906,1992,15.6492542540997,12.4855209130549,13.8266369296835,15.2487616037719,36.709671
906,1993,15.5839049105708,11.7723855162903,13.8404676233888,15.1278244333726,42.431919
906,1994,15.7055677777681,11.2220650134856,13.8008802551057,15.1738445602398,46.712421
906,1995,16.0610460274451,11.5798548756522,13.7906104063392,15.5153728853352,53.443916
907,1994,14.2734033410736,9.69664786792845,11.8751058262494,14.1670367956455,32.633347
907,1995,14.6829756447196,9.716615658643359,11.8801250302713,14.3937135892574,36.046654
907,1996,14.9941442833105,9.256651274839429,11.8453581249054,14.6249454759458,35.429543
907,1997,14.7317983322583,10.1021334722499,11.8958170303394,14.4495462387784,36.670143
907,1998,14.4836874764585,9.77366356469993,11.900232033529,14.1028420486567,34.688843
907,1999,15.0136405867754,9.548525426601071,11.8832945151607,14.5922233335941,49.714058
908,1994,14.367964815066,10.1357890416351,12.8398858710049,13.7915612925056,27.270473
908,1995,14.2975977083717,10.3424519091847,12.8201365746579,13.6176567967116,26.876648
908,1996,14.1151355096433,9.36426245424844,12.7531102299204,13.3393419853953,23.348848
908,1997,14.1952217304451,9.632990304838451,12.6966754597358,13.5855587849019,22.800314
908,1998,14.1955642175725,10.7735039528783,12.7268953317307,13.82178311382,29.438744
908,1999,14.3129328971628,11.0160520548222,12.7838732261622,13.7621825551555,27.106178
909,1994,16.1376051850361,12.2199311710162,15.0082822129897,15.7238323132381,35.009781
909,1995,16.536985273148,13.2250715787843,15.0371837225472,15.9784084646319,39.328712
909,1996,16.8732754453266,13.3224528130586,15.0726541176444,16.5032499761544,45.257778
909,1997,16.9453083601179,13.8801459494098,15.2025166407502,16.6283207820288,51.278744
909,1998,17.0239514266289,13.2879642528241,15.2082868906418,16.7138740928634,46.568233
909,1999,16.8690945143601,10.4604140131848,15.0905719162997,16.6525088080422,38.733109
910,1992,12.5199171097677,7.42714413340862,10.0688875776891,12.0259726476843,15.730401
910,1993,12.1930354667941,7.18992217074581,10.0103714073235,11.2496902607002,6.1499844
910,1994,12.2540389652725,9.05660627203414,10.2279956462308,11.6162219592685,4.4384322
910,1995,12.4534022813819,7.42892719480227,10.1706365059476,11.7354522328849,6.0193567
910,1996,12.6998323961178,7.65728279297819,10.1301010765256,12.0505698816993,7.3050699
910,1997,12.7927292095052,9.21034037197618,10.3357730891287,12.4380134797298,8.2737885
911,1994,11.3958009624333,6.18001665365257,10.097432956565,10.759817963252,14.918973
911,1995,11.8723841641187,8.408047744155439,10.1522442682126,11.1304981034027,14.953585
911,1996,12.0164650409977,8.553525120663631,10.2176594021979,11.3300327265468,17.779772
911,1997,12.0054818113449,7.73499619402278,10.181956060156,11.2141674294394,15.943446
911,1998,12.1250638035254,7.92551897978693,10.1641542230599,11.1893907120231,20.536263
911,1999,12.0890889913702,8.392083380373389,10.1998369549295,11.0724453592486,21.491335
912,1994,14.9760835808567,10.4381078248678,13.187733989758,14.6757797308235,42.852306
912,1995,15.1154591059762,11.2313712454846,13.2209293422928,14.7445411035373,43.886536
912,1996,15.2393205764612,11.9146904025496,13.3536339746351,14.8223413298745,46.46096
912,1997,15.2589209847471,12.1373172458446,13.5025072587189,14.8133441028572,46.537853
912,1998,15.3779305840438,12.1076491243041,13.6142756255726,14.8044268510539,44.781654
912,1999,15.2934310627581,11.34259967046,13.6101051268663,14.6427044928239,53.926891
913,1994,11.5474402796139,10.4040506967356,10.5707731875697,11.1257021933514,3.2232697
913,1995,11.906061004256,7.39018142822643,10.5195835879007,11.4048084628669,4.799798
913,1996,11.8458123141768,0,10.4270941505668,11.3291526081984,8.0841293
913,1997,12.0097282577846,9.903487552536131,10.7730157631828,11.5002229637184,7.7726316
913,1998,11.9887769472718,9.507106063161009,10.9119362284083,11.4621724139244,8.6401672
913,1999,11.9798866841635,0,10.8173172585689,11.4455864801936,7.4612885
914,1994,14.4589225630082,0,13.1908661554818,13.7118158625554,26.489939
914,1995,14.6037011924232,0,13.0861698217829,13.9383238978613,32.411037
914,1996,14.6776273365734,10.6213273456864,13.0569021907418,13.9795505371356,33.879208
914,1997,14.7625904796867,11.9447078813958,13.2191729779698,14.0694994365658,34.865963
914,1998,14.8577548307976,12.1615720181291,13.3935746986908,14.2910386607951,35.384499
914,1999,14.9949368714625,11.841653506858,13.4673026671482,14.2894949466693,37.084641
915,1994,16.6918042691375,11.5028751291167,16.5766623079094,16.3695717958317,7.3123417
915,1995,16.8377329574553,0,16.4729005133841,16.3855002311132,9.8131247
915,1996,16.7921417159004,0,16.3692578209819,16.4372555912198,11.543721
915,1997,16.860982064007,0,16.2655817804953,16.4913894678393,12.913518
915,1998,16.8749969808519,0,16.1619138276386,16.4861038571108,11.519573
915,1999,16.4338343706894,0,16.0581673928744,15.7542429592849,18.635263
916,1990,15.0524125618717,12.2320230034126,13.7579089871212,14.5091471936764,29.722136
916,1991,15.0408286559498,11.7301797083042,13.7958195564377,14.5776498142202,29.608929
916,1992,15.1168028226089,11.8835575532381,13.8453815444809,14.6234164006895,29.383343
916,1993,14.9927197374606,11.7220999009236,13.8681802347029,14.4657031203624,29.399164
916,1994,14.9927755441195,12.2047167266876,13.9496539632708,14.4851179942587,32.981987
916,1995,15.0346292472972,12.1382594351123,14.0033090887165,14.5337817121014,35.544952
917,1991,10.9156215069565,8.109826276018479,8.527955074060269,9.88991419102622,-1.1460538
917,1992,10.9236465773736,8.67948209445996,9.216342324171819,9.8950160998867,3.1448524
917,1993,10.7832610250245,7.70706265537047,9.31181334090682,9.685094228874201,2.4812334
917,1994,10.5838028032114,7.65207074611648,9.377717481384311,9.73813117859903,1.0712601
917,1995,10.6743082178783,6.81563999007433,9.338927059672169,9.74788932666263,3.6013024
917,1996,10.6408103288418,7.96346006663897,9.444162701632539,9.70554733099339,5.0146689
918,1991,14.9707262608342,9.151757414543891,12.1788114118554,14.7778727320085,8.8630686
918,1992,14.8253187069025,9.196545660953991,12.1305594557512,14.4384520594477,14.002715
918,1993,14.3298428471663,8.72712991524317,12.0642060399043,14.0725159747095,23.453074
918,1994,14.3515018636893,9.689117897773279,12.0541520605253,13.9840715045842,23.263632
918,1995,14.3353017391791,9.01930092456251,11.9998667144333,13.9277352653105,23.541666
918,1996,14.16076151689,7.58018941794454,11.9108448421894,13.7903608830524,23.661221
919,1990,13.7018731462222,0,12.3418920436727,13.3968541876356,17.22378
919,1991,13.667947577674,0,12.2261453343957,13.4492494404176,17.960777
919,1992,13.841075660996,0,12.1103950982547,13.7429039085335,21.393864
919,1993,13.9123278321346,0,11.9946470450763,13.8446940468636,24.8195
919,1994,14.4269545073691,11.1686166020476,12.2501129756482,14.347360303071,29.590395
919,1995,14.9853535679665,11.5096501068363,12.5197637807446,14.6671248402414,29.274012
920,1994,14.4567435325781,10.3160937687957,10.8238957958136,14.3647418763244,29.604977
920,1995,14.8248598364904,9.21870528830781,10.888830354145,14.4999770939277,32.69083
920,1996,14.9544454947061,9.074176947163309,10.9187997506816,14.6685817122237,37.135418
920,1997,15.0902479565164,8.961750799330501,10.9290792263812,14.8447496644398,35.606968
920,1998,15.0951860472233,9.885883506587771,11.1007498919706,14.8328486086408,37.943039
920,1999,15.2977155669738,9.98934409629581,11.2542169102458,14.9857988528631,38.697891
921,1990,13.5082040708155,9.52515111181622,11.414132226353,13.415408267967,31.251314
921,1991,14.0485532242253,9.852194258148581,11.5031589272261,13.3995049376711,34.120373
921,1992,14.063475486507,9.74096862303835,11.5542737209906,13.6512954951446,34.157009
921,1993,13.7231713930126,0,11.4385283741026,13.3196182611159,28.022755
921,1994,13.9719009209535,9.065314599925919,11.4141476799662,13.1862536228255,33.448528
921,1995,14.1832377823866,10.2577646238749,11.5671636189991,13.4208904166494,32.904247
922,1994,14.6752233681263,10.3442232747262,12.2294536666531,14.3907553275221,27.113142
922,1995,14.7430761819802,10.5288375750302,12.2914270671939,14.269038723855,30.983011
922,1996,14.8516401566428,11.2079887164359,12.4686445807403,14.4655747190393,30.291109
922,1997,14.6652157305788,10.3773898221975,12.3054146864479,14.2264845919721,35.264122
922,1998,14.6968499770546,11.0821425488778,12.446315959003,14.1036176721089,36.368107
922,1999,14.8292340627726,11.4164476036912,12.6304236209692,14.2554235436046,32.375034
923,1990,14.8808035218336,11.0170377135684,13.5186922098931,14.3597805101473,23.160765
923,1991,14.7810135690856,11.175716957368,13.5070123928337,14.1985140495279,22.136049
923,1992,14.8183394557254,11.1141926440754,13.4886373825875,14.2900421864039,32.010624
923,1993,14.4116773847057,10.1879895739813,13.4161103212866,13.6920296061223,40.853771
923,1994,14.5635571020121,9.37381884096866,13.3237281228671,13.8993704472977,34.263161
923,1995,14.6980257594798,11.211387846228,13.3237178208757,14.1916927511113,42.174053
924,1991,11.3521233829666,10.1266311038503,9.95737423119378,10.5751469953148,5.0326071
924,1992,11.3042494837118,0,9.84553529427329,10.6079505506505,3.7683556
924,1993,11.3644735782691,9.25138634141218,10.1880497632766,10.6660278570581,7.2872243
924,1994,11.2503122173825,7.74066440191724,10.161017071511,10.4321086241611,6.2795281
924,1995,11.4582741936299,7.27931883541462,10.1027645499795,10.7558468820629,8.160533
924,1996,11.4234119972961,0,9.990939665720621,10.6930743734973,9.0000267
925,1990,14.3130646589901,8.28425179762192,12.7086735387381,13.9565247523863,8.4355526
925,1991,14.4950918116244,9.29670153762423,12.6313864583043,14.2125315723643,25.034737
925,1992,14.5551045402903,9.732046586838379,12.5755353760828,14.2585220355916,27.874971
925,1993,14.8465086594252,8.8376812155932,12.4877726108044,14.6536508792542,31.455553
925,1994,14.770429635758,9.02773877597491,12.4071509397309,14.4385229430787,33.343102
925,1995,14.7901126319563,9.646140679880419,12.3551484700347,14.2891013881186,36.125679
926,1994,15.2173102181055,11.1224130067142,13.826628227015,14.2759085032903,22.362566
926,1995,15.1297507601147,12.1097764798014,13.8937742687762,14.4276914504235,22.767094
926,1996,15.2010175845949,11.9274362043853,13.9250395335087,14.5607370215756,24.260065
926,1997,15.3864988672378,12.6669440779098,14.0668503525901,14.8577950941268,23.301159
926,1998,15.2194354155351,12.5377046155092,14.1568136073973,14.5788889325983,25.996307
926,1999,15.1916009243809,12.8445048951012,14.2850182517543,14.5184719261039,28.809338
927,1994,11.6783227516885,5.6937321388027,9.93076219467101,11.2964917404506,3.5713921
927,1995,12.0558568542512,7.64969262371151,9.960807897708939,11.7206205221081,9.4938707
927,1996,12.0260485401426,6.40025744530882,9.925659918801269,11.441369092642,11.51004
927,1997,12.0803584573797,6.22455842927536,9.887246375739551,11.5679838275682,6.9515224
927,1998,12.2225973931815,9.310276200588779,10.2337728322065,11.8869404176825,13.323201
927,1999,12.263815573416,8.86785006302941,10.3776450425443,11.8034461716399,12.297819
928,1994,14.0365950623838,11.2540770127852,12.4540691868175,13.5512047669804,23.824299
928,1995,14.3064509598342,11.8157005625196,12.7585524614439,13.8272296606993,22.549866
928,1996,14.5208197213413,11.5377448987867,12.8940720992501,14.1477598200402,16.623693
928,1997,14.7888833642522,11.1740904391598,12.9368801879128,14.5069466762986,24.450905
928,1998,14.9212723237066,11.2991008571073,12.9911356150991,14.6646625565816,25.146975
928,1999,15.0019246243691,11.9070464713777,13.1523090950757,14.7741684996079,28.102249
929,1994,13.7189232166169,11.0686207710705,12.7583728828143,13.2102734629636,19.394125
929,1995,13.8385257166998,10.6669999957566,12.7589457525982,12.986029771108,25.327627
929,1996,14.2558358235976,10.6051483888613,12.7505469490024,13.0877995110629,27.680763
929,1997,14.1133185639081,10.0571952771303,12.6986113786905,13.5788765288403,23.83416
929,1998,14.2715712071925,9.729074639810211,12.6317305009063,13.7333034604063,23.661589
929,1999,14.2512595369951,11.2032022616416,12.7201891484086,13.450451412017,26.691069
930,1991,13.949943926656,9.903487552536131,13.2704090021062,13.5823753039194,13.043767
930,1992,13.9413875216957,0,13.1562309418358,13.3870717129022,16.929005
930,1993,14.0069488935578,0,13.0420540008445,13.3574052125538,20.022417
930,1994,14.0518397486699,0,12.9278779801514,13.4987820182909,22.879242
930,1995,14.2514444898643,0,12.8137008803253,13.7456272701871,28.109655
930,1996,14.1451601114921,0,12.6995239053807,13.6743004033007,22.529194
931,1990,12.4931917545399,9.87816974455184,10.3187379613791,12.3254668711391,-4.5115867
931,1991,12.3995961234252,5.29831736654804,10.2253753803889,12.044210748243,-2.3126621
931,1992,12.5820304228632,7.60090245954208,10.1978087868974,12.2735276819504,4.5590496
931,1993,12.3146891545918,7.82404601085629,10.189031089951,12.0676281981511,4.5769329
931,1994,12.3288443099485,7.35883089834235,10.1465984234663,11.8299774797971,2.3542025
931,1995,12.3316231852209,7.43838353004431,10.1089354553146,11.8668003073972,4.3737559
932,1990,15.3524701850501,10.9297979294488,13.8785717383712,15.2961346682992,9.6970663
932,1991,15.5489391615935,9.202308200278919,13.8527293647934,15.4391319416616,13.802405
932,1992,15.4579767896124,9.305650551780509,13.827908978907,15.3281213848595,8.0755434
932,1993,15.4654344277661,11.1933123119818,13.8597411047644,15.3073309319899,12.26543
932,1994,15.5432433637458,11.5812100857068,13.9172349408967,15.350589692724,19.946442
932,1995,15.5473017098849,11.6150306879074,13.9692137376783,15.3903328463109,19.90679
933,1993,14.9605492830723,12.0032769160039,14.281623440562,14.4068559163014,32.559502
933,1994,14.9583409490746,10.7276191348915,14.2180406297308,14.4205236181813,32.020576
933,1995,15.0445995784405,11.7361730108768,14.2035014778568,14.5663942169462,32.127754
933,1996,15.0587633553283,11.6632402256291,14.1832321226998,14.2799750020244,33.217091
933,1997,14.9947808935872,11.570741440347,14.1573179657871,14.3285849615062,36.449936
933,1998,15.0280317584224,11.7129641425693,14.1425663847426,14.4113458416506,36.062916
934,1994,12.9072166782427,9.766808353620871,11.0208528982864,12.6318826146594,1.8593861
934,1995,13.025082781998,8.92132407651127,11.0244384658255,12.7054327434721,2.1437252
934,1996,13.074575475741,8.10379671298179,10.9649343479722,12.9049869371629,2.6374421
934,1997,12.9613979519173,0,10.8551203314076,12.8921909078408,8.0097961
934,1998,13.1044688088421,6.14418563412565,10.753721811767,13.0240359310043,10.26856
934,1999,13.0455525682123,8.79437027922287,10.7674802749392,12.7834913038635,9.798193
935,1994,15.5094325233459,12.0678789727771,14.2218562782197,15.0589113255182,36.650528
935,1995,15.3257074361511,12.1861097053846,14.2156147218553,14.8229026652997,38.06781
935,1996,15.6752415036706,12.4206919686233,14.2369928369069,15.2031450648242,43.488083
935,1997,15.5211702365697,12.3945170858235,14.2501611300235,15.0160972795273,47.392311
935,1998,15.8054497040493,13.1192344875297,14.3905971393506,15.2690000672793,47.961731
935,1999,15.7085705693455,12.8591111187867,14.4487567142229,15.182099731642,48.45248
936,1990,12.4166537479083,8.43098149459717,9.573106725551231,11.8462041314156,-14.572232
936,1991,12.7024890456985,8.295548516225759,9.733043181888069,12.2200962149758,-16.897108
936,1992,12.8207019498545,8.855378246041131,9.992537267369631,12.2257778753595,-7.2301807
936,1993,12.7082976490107,7.48380668766583,9.9726217473698,11.8941678290114,-12.119568
936,1994,12.737266289204,8.905986765236429,10.1708623203635,12.3708778793859,-15.509063
936,1995,12.8291150833055,9.287949351303171,10.4080707327308,12.2303751938007,-11.670236
937,1994,14.2693742015286,10.4598695459612,11.8570476516799,13.7765170650135,17.187716
937,1995,14.7949960856733,11.3221280896952,12.1916435449447,14.3850849648976,24.26358
937,1996,14.9519616046676,11.9392710506577,12.6295371220531,14.4985669145734,26.780781
937,1997,15.1070241807718,11.1418617835794,12.701198673044,14.6232703169868,27.670122
937,1998,15.2601443617121,11.2136025669172,12.7718193154279,14.7180059536924,31.2173
937,1999,15.0496688843789,10.9299770767084,12.7872477801317,14.4801252951821,35.327515
938,1994,14.2286716051179,9.39266192877014,12.4231405775914,14.0090889706396,24.023626
938,1995,14.2894936217225,0,12.329379065841,14.0496386125165,26.445143
938,1996,14.2600078987051,0,12.2356178554463,14.039667958685,26.988939
938,1997,14.2903705036386,8.294049640102029,12.1597548475432,14.0282175037215,29.946259
938,1998,14.37354908489,10.9331069697173,12.3059102881626,14.1114160463309,35.780613
938,1999,14.5024922843649,9.92226023785941,12.2934354191061,14.1844644237572,40.459858
939,1993,11.3631591643311,9.25913053614561,10.217747045577,10.6419141428216,2.4868865
939,1994,11.0511455914505,6.68461172766793,10.1339323845118,10.4834144063572,.8446216
939,1995,11.4635405889945,5.52146091786225,10.0309216443445,10.4567473899266,4.1751494
939,1996,11.8918853848305,10.4028072361159,10.79058219638,11.1472958554075,4.4409952
939,1997,12.1513672785343,10.0405066061942,11.0722615848494,11.5740919165184,4.727232
939,1998,12.2114330085833,9.83595789574253,11.2014492095526,11.3009648255858,7.1183066
940,1994,13.4814684983965,9.355997944398551,11.2336096310758,13.0634703794881,9.4228916
940,1995,13.4763241018324,10.4989392106226,11.5043538332745,13.1064992064842,10.635363
940,1996,13.4052709116106,9.744140059301991,11.5409189650955,12.9724342429568,11.524099
940,1997,13.480945046594,8.651024539049761,11.4755983977372,13.088955297661,12.218796
940,1998,13.5628513596582,9.02713842775492,11.4373286927959,13.2489165483291,13.894067
940,1999,13.2280213448545,9.615805480084351,11.4619910535449,12.8143812244573,12.085835
941,1993,14.00883200739,0,12.6346649139051,13.757061076255,12.212179
941,1994,14.1177962614197,0,12.5087609343975,13.8876076394042,7.4577837
941,1995,14.182254193078,0,12.3828576538864,13.7842438729255,-4.3423591
941,1996,13.9183165746661,8.070906088787821,11.325112859927,13.3576200619571,-8.0918312
941,1997,13.9482904967903,9.582248696555499,11.3545813382553,13.3706465421836,-4.1762004
941,1998,13.929983902948,0,11.2286774892527,13.2708171721472,1.1176325
942,1994,16.7048492429775,12.3552595978486,15.3555673949986,16.4154443924928,58.897736
942,1995,16.7762436016598,12.312520569745,15.2914349518998,16.4467867932546,58.47995
942,1996,16.4720646126559,12.6083125582826,15.2450006779951,16.1573900087586,60.821751
942,1997,16.6209364122922,12.4641971657396,15.1921193146879,16.4038679966751,61.264973
942,1998,16.5689867424698,12.3374078783602,15.1349817100336,16.1955108413069,62.563202
942,1999,16.6250206420729,13.3115993080589,15.165528230036,16.2487140733086,62.98064
943,1990,14.1292517694054,12.8339343593915,13.0415697211728,13.2915463749289,27.664883
943,1991,14.1750588722553,10.4517823564166,12.9959621616878,13.4372847697626,30.015676
943,1992,14.1129028630245,11.2514957636625,13.0425049027588,13.3376074257342,38.293236
943,1993,14.0644116218814,11.598800363079,13.1404637724111,13.1681246544734,35.639801
943,1994,14.3316582879381,11.697386398332,13.2348740496584,13.4819507674174,39.596535
943,1995,14.4778488217659,11.3456659046529,13.2505271903124,13.5753199288491,39.888306
944,1990,15.4269025042614,11.9564054312756,13.1767360257112,14.6126824174593,20.029734
944,1991,15.1292342751326,12.2435032959382,13.4067739041817,14.4084511128655,28.080458
944,1992,15.0529009496622,11.4587543494142,13.4201062201552,14.5264274448304,35.407089
944,1993,14.9833014637928,11.8285898549458,13.4866414243635,14.5182431849408,37.954716
944,1994,15.1156332671251,11.1890772095344,13.4572258905442,14.7364211921955,38.378059
944,1995,15.3454270929539,11.6727287103336,13.4834133768154,14.927625866735,39.987198
945,1994,16.2807655357302,13.0542686738723,14.8732834214047,15.9354986068789,48.389114
945,1995,16.7394312832549,12.5321914700719,14.8535933807052,16.2253911298431,51.030823
945,1996,16.4587960881707,13.58693226516,14.9825389651627,15.8785616202215,53.213337
945,1997,16.5453551898589,13.8790335636405,15.1453647972108,15.9711666958905,52.036106
945,1998,16.6837582980929,14.8858519646654,15.5806168664829,16.1502081844871,55.211365
945,1999,16.5319758392106,14.398744653408,15.7224772742777,16.0975067863115,58.600246
946,1994,13.0108977793616,0,10.4011701843259,12.6822090788401,-18.45863
946,1995,12.9240981381337,0,10.2958100064113,12.3032474291723,-17.10742
946,1996,12.9134336677555,8.88779076419533,10.400017478,12.458921764543,-21.091293
946,1997,12.767890022796,0,10.2946576386075,12.3258401395786,-15.924161
946,1998,12.8661325423081,0,10.1892978743551,12.2663095821683,-7.9226027
946,1999,12.6266051612622,0,10.0839365238024,12.3438395337463,-7.8572478
947,1994,11.5532203244131,8.24354550792826,9.839897914399989,11.0853474481831,4.371582
947,1995,11.4450297045497,6.26530121273771,9.766372603780249,11.0376410899767,-4.3293219
947,1996,11.7087204790245,7.67554600253785,9.7768239511238,11.4042683677843,-8.5387545
947,1997,11.9663680306066,8.7677962556266,9.970108279378019,11.6510477942039,-12.788177
947,1998,12.0083754802484,8.9799204116912,10.1666860842905,11.7784614844829,-15.057708
947,1999,12.0884469426223,7.39572160860205,10.1225708722545,11.8746590225349,-14.719054
948,1994,12.6043286620997,0,10.7756090273855,11.9375244126321,11.68118
948,1995,12.6702646042969,8.23057721714645,10.7398905647255,12.0443310816533,1.4935842
948,1996,12.5505668562078,5.29831736654804,10.6342146778478,11.8895577285851,9.5371704
948,1997,12.6238261681178,8.41183267575841,10.6218906016622,11.9913703562573,9.4471836
948,1998,12.6965319674254,7.90100705199242,10.5720756115954,12.0656496946521,12.056531
948,1999,12.8538145750988,7.0647590277918,10.4898509828981,12.1509541507302,14.024656
949,1994,12.1303421508187,6.85540879860993,10.4289672785419,11.2755181683921,11.825083
949,1995,12.2206173543168,8.724207360800561,10.4700817914858,11.5040663385369,12.859343
949,1996,11.9699930360404,10.0305166006647,10.8312245255345,11.1939315879992,15.384263
949,1997,12.1806856780648,9.91041351260686,11.0296615048604,11.5751300145139,14.809603
949,1998,12.4372619804741,11.0064238126843,11.5630851670848,11.8877526554679,16.111221
949,1999,12.3827684470714,10.8443343023062,11.8231446578757,11.6682269109834,15.667732
950,1994,14.5337225921986,9.793058658766739,13.4227151985504,13.8923254579554,29.489122
950,1995,14.5503058771631,10.5898618488086,13.3544122781252,13.9318250705207,30.47007
950,1996,14.5357900872332,9.6368491670127,13.2525317965672,13.8889197013709,32.692322
950,1997,14.5450964627194,10.6757000401923,13.1977268468057,13.8565999881148,34.146584
950,1998,14.7353305215981,12.3316827474067,13.4099053900482,14.0444389901159,34.296474
950,1999,14.7540971577271,13.3332189396703,13.9147397755709,14.0940996927022,37.894974
951,1993,16.3835633411907,11.7006739360569,13.8594317450222,16.0291935104482,54.02293
951,1994,16.5063119284687,13.1016094978111,14.1507747079998,16.1457168215427,47.396015
951,1995,16.5692201087397,11.9347952771037,14.1561251318194,16.241129165511,53.847927
951,1996,16.5724071388056,12.9823861118488,14.3172455064673,16.2570662726871,54.45153
951,1997,16.6166082048654,11.707373201562,14.2887201052586,16.3035896592734,59.708183
951,1998,16.851074864944,12.663380397106,14.3613223070433,16.4499331483011,60.626526
952,1990,16.6387807711419,13.0098282971095,14.4811616623996,16.2796577115052,53.301121
952,1991,16.8588774724383,12.527775637533,14.5351213186109,16.7867973644611,59.202515
952,1992,16.9650924923436,13.5583990734608,14.7768054389462,16.6827352040875,60.16362
952,1993,17.118192369058,12.8611466542594,14.831085671123,16.6374181450512,69.698868
952,1994,17.1780229577815,12.5220979759235,14.8405096392419,16.7943218818335,74.587044
952,1995,17.1565674187044,13.3030736367555,14.9424818355346,16.726265299232,84.892609
953,1991,11.2683105258643,8.666130304190609,8.941859438773371,10.9385639784293,-5.0473375
953,1992,12.4775876960784,7.82404601085629,9.123267174893909,11.6141798383058,4.4563494
953,1993,12.2949822280177,6.56807791141198,9.08571774958128,11.4845205900761,7.7649975
953,1994,12.1193190609733,0,8.970050661827001,11.4434050322112,5.3856816
953,1995,12.1348000594323,5.85793315448346,8.89735416666028,11.5007995281589,6.8664804
953,1996,12.1797922634222,0,8.78172433726885,11.3483377968609,7.1159139
954,1990,16.1406129783482,12.4916725517776,13.7403936154326,15.5799710222045,35.855667
954,1991,16.3153590702686,12.0012170946516,13.8109750882534,15.6839356553459,41.383774
954,1992,16.4352120695273,12.1469487720274,13.8898192885361,15.7684853984153,44.135387
954,1993,16.477988653692,11.6439361833631,13.8920167734607,15.8460086140888,46.209713
954,1994,16.5464376010021,12.0015054797889,13.9328588324591,15.8093865990906,49.234867
954,1995,16.6733928592776,11.4360228221289,13.9084794536461,16.0109260265732,52.791927
955,1994,15.3457664783082,12.298209614203,13.6154499097188,14.8932459819843,52.071976
955,1995,15.3858411374264,11.8040416341563,13.6614922193795,14.9047277170459,52.677238
955,1996,15.5558427226352,11.8638358255791,13.7061971287166,15.1882926085232,55.507511
955,1997,15.4616267086625,11.8082631582329,13.7362585625954,14.9564577564179,56.015675
955,1998,15.6081503734305,12.0484066274686,13.7938304332724,15.1477836653768,52.464561
955,1999,15.8249831515294,11.9296337971577,13.826508755455,15.4103864815427,56.363152
956,1994,15.430592546384,11.525110919834,13.3054766207318,15.053621237567,45.330795
956,1995,15.7903093938837,11.545644317533,13.3587472080879,15.2600747994316,48.700611
956,1996,16.0084092647515,12.6625698472493,13.1541102694673,15.6423508926319,51.418549
956,1997,16.197440792788,12.1575229524453,13.3498319622624,15.9010197337053,52.745464
956,1998,16.2217592206131,12.328046885805,13.5376427014919,15.9838660476358,53.549145
956,1999,16.1279685878483,12.3925397642625,13.694347842619,15.9264068364071,53.355759
957,1994,16.6402812689287,12.832874340041,14.5359010465429,16.4140689507281,45.787876
957,1995,17.0108523279644,13.1504161918464,14.6322358612913,16.8394393265367,50.126488
957,1996,16.6395468027539,13.0388382799104,14.6864642009364,16.5174332190309,51.07423
957,1997,16.502241669995,11.1973376232647,14.5891280316931,16.3360240527866,54.594101
957,1998,16.7353533803591,10.7462393810754,14.4831462194715,16.6287085628808,59.990898
957,1999,16.6748948902258,11.554547139661,14.4063836217003,16.6454313440248,74.176361
958,1993,16.8072193180329,12.2160229763833,14.505890814117,16.2331227775241,82.131149
958,1994,16.6138281222048,12.4450895460007,14.5059279660833,16.1677073569221,61.598267
958,1995,16.7835282636109,11.4894418712219,14.429104227841,16.2689675341486,65.094711
958,1996,16.7444147970229,12.3761444798952,14.5115916304512,16.1569644575475,67.75885
958,1997,16.8807507517864,12.2177195561796,14.5309239463594,16.3712409844093,69.187538
958,1998,16.7691952710141,12.3329871950524,14.5076932235291,16.3507654610277,69.379166
959,1991,12.0646940542249,0,9.909469624213679,11.7320579357658,7.8259354
959,1992,12.0038138765597,9.13162178726478,10.1980546189283,11.6722971066261,8.6627588
959,1993,12.1292675482781,7.35500192110526,10.1530315255968,11.8659983305472,8.8894396
959,1994,11.8538977651817,8.272826003650399,10.193425827847,11.3899513847533,13.567194
959,1995,11.5748844256369,0,10.0899546712685,10.9476016518636,12.950583
959,1996,11.4926936027088,0,9.986481286261309,10.9856645875518,12.740222
960,1990,12.0880169774372,10.5966347330961,10.273912529999,11.5801675139309,-25.264238
960,1991,12.1526496206512,9.433483923290391,10.5501587641102,11.4504800450489,.48089826
960,1992,12.653524913564,9.47270463644367,10.7520645944217,12.0528689432362,-5.6179156
960,1993,12.8288980366376,9.0825070004663,10.826382428962,11.4248534340701,-.95217288
960,1994,12.8387728942858,0,10.7229171024237,12.3174965146876,2.3178248
960,1995,12.787665730687,0,10.6194426439221,12.28438248427,6.2864647
961,1993,15.8277780643427,12.1131346498709,14.0725849325257,15.6018422259035,.48671743
961,1994,16.3689471626043,12.0974902786124,14.1037813320972,16.1416392484837,5.6700673
961,1995,16.6326246833286,13.0855894284806,14.304308953844,16.3008423234606,41.264618
961,1996,16.6551330928774,12.8927187397478,14.4121613204174,16.343094627675,42.894798
961,1997,16.7187053958662,12.2648885738227,13.5331987066945,16.4596539852318,45.439079
961,1998,16.7351692266828,12.2996813786947,13.6729485691153,16.3659956401978,46.338715
962,1990,17.1483365120464,13.7873055089851,15.7748681689578,16.3822684664366,45.680309
962,1991,17.1685771460752,13.7998099458881,15.8098571215522,16.4710912450595,51.309612
962,1992,17.1926148548103,13.9664222837528,15.8594376358558,16.5006570047242,59.96032
962,1993,17.24198306102,14.051327856976,15.9124631326544,16.5042873724568,58.102531
962,1994,17.2305012961955,13.5305966506058,15.8985485372026,16.4123375752618,63.703403
962,1995,17.3399785525612,13.5428944221849,15.8834155336349,16.4145852320023,67.165695
963,1992,13.3247154929998,0,11.1098205693679,12.6567181884593,5.2090616
963,1993,13.0824614997865,0,11.0094477788668,12.6041636186121,7.7088165
963,1994,13.0467449089636,0,10.9090722210441,12.3506245235298,8.0740223
963,1995,13.0560802392856,0,10.808699136683,12.1891663546113,12.300873
963,1996,12.870128412173,0,10.708325917716,12.1150961553375,10.536215
963,1997,12.985923735458,0,10.6079529398615,12.247491351546,12.393208
964,1990,13.8947549376714,11.3265838385134,12.8315831773743,13.1889385868364,9.1507998
964,1991,13.8514038067175,10.6541486392967,12.8524376570484,13.1352273287747,9.2983027
964,1992,13.7620958044389,8.168202930236051,12.7694977402636,13.1964222679028,13.338519
964,1993,13.6830298068489,7.45356187164337,12.6820605209044,13.0714578782596,24.055346
964,1994,13.6730599813209,7.29844510150815,12.5942132133467,13.1652720963034,24.385256
964,1995,13.8476148555245,8.12888014212564,12.5127860920565,13.441329854852,13.779423
965,1994,13.6882638917503,0,10.1105667604558,13.249687923925,25.571634
965,1995,13.2894569259013,8.002694162283939,10.1114646727686,12.8610138364502,21.50429
965,1996,12.8460395366226,8.13622555490846,10.1245729873809,12.3222774947011,21.288986
965,1997,12.9693099434898,0,10.0127454634726,12.3420136588747,23.992382
965,1998,13.1335592381771,9.864798697921019,10.4953132716876,12.6625060203999,27.695778
965,1999,13.0739875306935,8.49739856408806,10.5028788447547,12.6297427086501,28.270144
966,1994,16.5607483142038,12.7499857897383,15.377882711587,16.1771064089279,40.547871
966,1995,16.6206208795319,13.0018644069336,15.3730733014915,16.1864208696638,43.619755
966,1996,16.6015339090035,12.9012876865921,15.3589986712096,16.0728420274834,44.387775
966,1997,16.5794057165386,13.1472276825718,15.3653097761456,16.1212186235024,46.434277
966,1998,16.6014645164139,12.7564891062529,15.3405804620839,16.1257416054292,46.843769
966,1999,16.6336509472549,12.9905060113865,15.3338936716037,16.2591526124577,48.278015
967,1990,11.4890638854258,0,9.32687818822413,10.7418428429284,-13.311293
967,1991,11.7798749387359,9.053101595549689,9.820643842381839,11.0048288434594,-4.8857932
967,1992,11.8771404472124,0,9.720291613581489,11.3802927193933,-1.1181656
967,1993,11.5140461035095,0,9.61986390021185,10.4758932729439,-4.5249357
967,1994,11.1526878429204,0,9.51949279794243,10.6444681350858,2.3138332
967,1995,10.7448905882903,0,9.419125330311481,10.1579205849408,.83017904
968,1993,13.9557167535209,9.337941716569899,12.6166765274943,13.3169968923409,21.664171
968,1994,14.2881294574317,9.978734161910671,12.5922757601733,13.6390843292152,19.38699
968,1995,14.4286325891933,9.997933722828069,12.5680827819851,13.7819852442673,20.278732
968,1996,14.4055471926028,10.409521715566,12.5776006840905,13.6828176612748,23.77467
968,1997,14.5078350512845,9.95108653133541,12.5489440068673,13.7037102554423,22.637524
968,1998,14.4783145779432,10.4802413564162,12.5656637832395,13.6585857865938,22.893078
969,1990,14.93495111421,10.5058617446542,13.866715898484,14.2845135209714,26.164865
969,1991,14.8932188792344,10.0764740058524,13.765238846846,14.4239017796118,18.833454
969,1992,14.8314368061183,9.921081860937081,13.6619507868494,14.4159933951019,25.341642
969,1993,14.6490566310874,6.98007594056176,13.5373712085524,14.287235314219,33.028667
969,1994,14.5238197780975,0,13.4114679875694,14.0169469115831,31.322517
969,1995,14.7925553194496,12.1610961998827,13.5365265474556,14.3321098472991,31.839621
970,1994,15.8015662421532,10.4034746511211,13.4600667130549,15.3978914186155,44.198818
970,1995,15.8320218549494,11.2555527221054,13.4665149097551,15.4430136850791,44.86647
970,1996,15.8483363297559,11.6653031453911,13.5164613234278,15.4650564790639,44.963619
970,1997,15.9705984356158,11.5017330630661,13.5387388834066,15.6319253622709,46.290173
970,1998,15.962464593657,11.3195470052981,13.5398386077296,15.6646088088043,46.294388
970,1999,15.9269976099598,11.0557353903701,13.5189560415305,15.6481509185196,49.887386
971,1990,15.1589509991314,12.3715870840077,13.633369784828,14.7983091399106,32.493805
971,1991,15.2233662422208,12.361455423156,13.7828297092034,14.5586985434415,36.015266
971,1992,16.2982684069802,15.0767143734949,14.6564731643695,15.5786203044629,51.135597
971,1993,16.1063967722137,12.9523837447686,14.7149326103052,15.5938218904526,58.627716
971,1994,16.2525624265084,13.3277632363604,14.8274847817713,15.7821017027346,56.951077
971,1995,16.4911910524367,13.5144324918422,14.9469851829552,16.025720833003,60.534138
972,1994,15.2367396373068,9.224834818126631,13.0666688327613,14.8957389536555,22.354895
972,1995,15.3468997972337,4.00733318523247,12.9664087380868,14.9468245280526,24.751057
972,1996,15.5486642858398,2.39789527279837,13.3041317812374,15.0275782248434,24.900562
972,1997,15.4284231064218,8.45807992692373,13.2110899326344,14.8827519035187,44.320972
972,1998,15.25394847345,10.1375710438887,13.1528671698951,14.9428515983398,29.291077
972,1999,15.1383437174485,8.545002892055511,13.0616713158139,14.8509598382975,51.409866
973,1994,13.3522694562918,10.4771189470945,11.0115500470157,13.2570644128069,19.704426
973,1995,13.5752002206632,9.468310380442441,11.0869923082222,13.4383936945551,18.060106
973,1996,13.4843860141706,6.35088571671474,10.9796565303703,13.2017133931983,15.299819
973,1997,13.6560167252326,10.7280357330448,11.4173480494616,13.3000098350878,18.183195
973,1998,14.0275695375788,11.4879460612592,12.0018354866803,13.4865683144984,17.576006
973,1999,14.1896020407902,10.2996764358639,12.0440500634199,13.5844810714747,17.573259
974,1994,14.2135479305043,10.1062651178975,11.9544588867401,13.561834351835,29.048944
974,1995,13.6439626249983,7.0335064842877,11.8437984837589,12.9740144587707,42.87973
974,1996,13.6545837168247,8.357728416765211,11.7585621385978,13.1554926031124,25.218563
974,1997,15.1622382822647,12.0462090111434,12.7099062822257,14.6184033789495,28.497488
974,1998,15.0986951665706,11.6383768016865,12.8730039226311,14.5097166444224,32.488846
974,1999,14.9173039953432,10.6367444740239,12.8485742166462,14.3257611804656,36.994141
975,1990,13.6402225076349,8.987196820661969,12.4840035797886,13.3722961831458,14.485307
975,1991,13.5362910392853,9.991864663153541,12.4541031320163,13.3356504939225,27.960876
975,1992,13.9624969682521,9.496796693502141,12.3918644241334,13.6214833534251,19.427925
975,1993,13.9071456691458,9.863238310628439,12.3562535992679,13.5292287695592,21.78631
975,1994,14.1978892463654,10.3285591902832,12.367279089095,13.8536128353211,25.64205
975,1995,14.4213966306569,12.380072170073,12.9440084232302,14.0716755269441,33.146225
976,1994,10.5993449268173,8.634086942887739,9.387188644305089,9.95760617364131,4.6578078
976,1995,10.9988690301783,5.08759633523238,9.274713254396421,10.468399566985,3.800561
976,1996,10.7608715658881,6.95749737087695,9.24036508508188,10.1550575741353,3.7171652
976,1997,11.037785935691,8.24748200428569,9.418881829746169,10.4645821916357,2.2413912
976,1998,11.1341288438476,7.1074254741107,9.383394114949221,10.5882084736581,5.2096376
976,1999,11.0604837649029,6.13772705408623,9.293761980115249,10.2883996961044,5.0265522
977,1994,14.0955358499573,10.2774275932364,12.710589712128,13.6345161380499,31.950222
977,1995,14.4380463201119,11.4944253889856,12.8596194808857,14.1835645111674,31.978268
977,1996,14.5982425813502,10.5395880777168,12.8484577063938,14.0621723118679,34.670803
977,1997,14.7864841082281,10.8777075122079,12.8708010612589,14.3174686291941,35.132317
977,1998,14.7454924964225,12.1492800471245,13.1405038397557,14.2721591121181,39.61351
977,1999,14.6788817553856,11.7175546787865,13.2360996582044,13.9725507506152,40.774696
978,1994,15.6106569172889,11.2267489253017,13.8936117821779,15.4653473048768,39.530968
978,1995,15.6149616596723,12.1821282529534,13.9331216677311,15.4184757961381,44.576439
978,1996,15.8559876894967,13.1309186762467,14.1691953759287,15.5503137267619,45.40678
978,1997,15.9385636784994,14.1230048164901,14.6940916967679,15.681789270092,55.212742
978,1998,17.0944812652074,14.3580487793932,15.148340690977,16.7992915617522,60.707428
978,1999,17.1386838761212,12.7367008965923,15.1040487227189,16.8618338622975,55.58712
979,1992,11.8821318531552,11.8610439062258,12.1059948185363,11.3465831242341,14.001487
979,1993,11.701121600885,8.14060704285845,12.0140588705691,11.1404026259621,20.914196
979,1994,11.9710695457593,9.059517482241599,11.9544704615659,11.1976315855811,16.547653
979,1995,12.23346542246,9.619996684702819,11.9338222236504,11.3767124917411,18.164539
979,1996,12.3960182487691,10.8947187670738,12.1144347645749,11.4232603542984,18.924526
979,1997,12.4803513468142,12.4082907794552,12.8227514935532,11.6668007311487,19.207272
980,1994,10.6983761069042,0,9.890123652077991,9.90743665582532,.77803409
980,1995,10.915144550796,7.92443418488756,9.90717574279314,10.4479675298835,-.96305728
980,1996,11.0919843684878,0,9.795350964931551,10.5877668972848,.53090602
980,1997,10.9938998192248,0,9.68352643191322,10.1010426754125,1.7689334
980,1998,11.1171284503846,0,9.571700324105169,10.5025815107258,2.9354002
980,1999,10.8185447620295,0,9.45987655344633,9.82447458488644,4.2342772
981,1991,16.8280745293242,11.8087542625578,15.4521914670172,16.784306222778,77.123077
981,1992,17.0198124508763,11.1033318462783,15.3661706896207,16.7867477790068,74.703079
981,1993,16.8955620906643,12.5292425109115,15.3253482213926,16.5852261818762,81.208374
981,1994,17.08541044985,11.8485687867078,15.2567106544927,16.7985826030507,68.402557
981,1995,17.2798812220669,12.6332633674116,15.2253390804411,16.697189589681,72.288155
981,1996,17.5081725568171,12.1254047424627,15.1677564428225,16.9937113778201,79.013138
982,1994,15.3256369140755,10.7484111680619,13.3452843439484,14.9699447252498,-6.5148973
982,1995,15.2981503066879,11.8961381474753,13.4471868874288,14.9240908381873,-12.724691
982,1996,15.3570225078767,10.8160513480026,13.1282983306756,15.0421345439797,-4.217504
982,1997,15.3103403082938,11.460526296171,13.1873828453684,15.0626312919938,-2.684715
982,1998,15.2964818175674,11.9323197763894,13.3193403503742,15.0589982660131,-14.907763
982,1999,15.3770390541302,13.9298182281948,14.2116185578946,15.1091418918615,11.587389
983,1990,12.5876736097119,0,10.6065355577733,11.3866647821685,12.525177
983,1991,12.7863695421743,5.78996017089725,10.5050784984146,12.1704647787025,18.302544
983,1992,12.9137984063823,9.928911604876291,10.8594527407604,12.1630245672317,23.021698
983,1993,12.2535972255225,8.99218436217301,10.8983639310858,11.8159506892198,23.931103
983,1994,12.7545044815575,0,10.7882215676661,12.3570760418612,7.3732109
983,1995,12.9369712842958,11.8209320873164,12.0008383861658,12.4304940763387,11.791018
984,1994,13.4267002440054,0,10.5092778418778,13.3396542399611,-6.7686706
984,1995,13.4756738458908,0,10.4051412424194,13.3161670043253,6.0277185
984,1996,13.6529156318256,10.3178463278144,10.9281841582541,13.4128156236754,2.5332236
984,1997,13.6892639397673,0,10.8240451683,13.5207670892935,3.7690101
984,1998,13.8279522714856,10.8780471925343,11.4060382289121,13.6549636423196,4.6632471
984,1999,13.9410829581294,10.2689636524279,11.5624401285313,13.6673262713905,1.7982825
985,1992,14.323932733246,12.5287320657814,12.0969824053111,13.8988241891594,-.5022518
985,1993,14.4961949722763,11.4529206510332,12.4124911090617,13.9684263905331,3.3733146
985,1994,14.5486998270666,10.2576593662567,12.4001292432647,14.1125139376526,7.0838389
985,1995,14.5827546979829,12.8146364083115,13.1935580099023,14.2746627626741,8.1977224
985,1996,14.7399543409734,12.361994612844,13.4208057001607,14.4442141762961,6.4462152
985,1997,15.03183382597,12.8189529266208,13.7176294461446,14.7955467687146,10.418078
986,1993,14.1472129203376,12.0041400430871,13.5480127393264,13.0083296259674,29.838017
986,1994,14.1309085066581,9.50211406233122,13.4516108639715,13.5254533854889,21.304298
986,1995,14.1950651368337,9.21034037197618,13.3514994973589,13.5859978874775,26.270441
986,1996,14.0846306512895,13.5817003192748,14.0304928969978,13.1086624848363,27.507309
986,1997,14.1517036086301,12.1422858417823,14.0505488455793,13.5402172383055,30.380255
986,1998,14.1124726892963,10.7230691264923,13.969671123457,13.4960564310058,29.124132
987,1994,17.5073020283886,13.7922419310249,15.9453050182669,17.223397825704,57.484596
987,1995,17.2321038458275,13.96479226068,15.9571250633368,16.8890691996679,43.118107
987,1996,17.3677244389811,13.759625685767,15.943006183449,16.9013807910732,54.832138
987,1997,17.479395272697,14.6623225860684,16.061663025435,17.0406743739046,50.544426
987,1998,17.5203343812606,14.4440872168746,16.1184506779288,17.0599102008507,54.534477
987,1999,17.2333393958781,14.2656487954442,16.1404602387274,16.874975785216,55.367828
988,1990,16.2242149858618,13.5143392467717,14.0222921799864,15.9809584502741,35.09404
988,1991,16.4891064071987,13.1661524856857,14.2792308634106,16.2472114390236,53.766983
988,1992,16.7350750997775,12.9952956218267,14.4137158159049,16.4241489088915,49.621769
988,1993,16.7115237808867,13.0280329175177,14.523515759417,16.5037176631778,48.564625
988,1994,17.0527173578794,13.5109345837695,14.7184470779497,16.850401282414,34.231842
988,1995,17.4305730851414,12.9309800868379,14.7480021837713,17.1126378437946,46.352379
989,1992,14.9735471420259,11.9781991757673,12.6704567648649,14.5017609024736,20.680328
989,1993,15.012045037348,11.6331499622766,12.8700317176331,14.5761371470176,25.223684
989,1994,15.1275810914116,12.1624550803744,13.1637519313994,14.7580080545129,27.538422
989,1995,15.0129125754073,12.2534809029252,13.3821649764325,14.7103162121452,31.039351
989,1996,14.9090139205875,12.5817037802073,13.6258466318273,14.5752601251365,32.57309
989,1997,15.1828896808465,11.7051065894226,13.6404949277754,14.9168700142523,33.412529
990,1993,13.5191390039044,10.7029073326789,12.6811717084763,13.3588256108972,31.645742
990,1994,13.1560248250614,7.6231530684769,12.5625194134387,13.0576789728348,18.090557
990,1995,13.2303102802568,11.2613695789693,12.6770635997102,13.2084012182521,10.249311
990,1996,13.3983189409532,0,12.5518404725419,13.3908412541787,18.853251
990,1997,13.5574846912103,8.867990898182089,12.4504464320742,13.4959883527809,15.97743
990,1998,13.6271172495044,8.926915889777041,12.3529759838492,13.5600303350653,17.500553
991,1994,12.8447369165695,0,11.7076670726239,12.4223815902492,17.863207
991,1995,12.9454556370285,9.046879822823151,11.6496994696413,12.5672493164729,18.969927
991,1996,12.7328110943564,10.2503343581559,11.7394991267236,12.3475192530315,15.014183
991,1997,12.8869580011754,10.0118934263799,11.7717588879623,12.5438620075041,16.466017
991,1998,13.0263611693295,9.421654227536809,11.7336132032426,12.6085733571169,20.900644
991,1999,13.0107908265781,7.68524360797583,11.6247923681084,12.7356837975838,19.325592
992,1994,16.0791329960874,13.5972077712207,14.1254864902493,15.7343777353111,26.516817
992,1995,16.2711576767905,13.1717095774334,14.334969665723,16.021870288723,27.586428
992,1996,16.3255414393022,12.2315356929667,14.3341473152404,16.018776717224,31.130175
992,1997,16.3718134731873,12.4417493280093,14.1517256186615,16.0335683923543,31.679834
992,1998,16.622083865509,13.1133327235186,14.3277896649116,16.2917788308243,35.86554
992,1999,16.6803480558072,12.2941750937517,14.3316999509662,16.1749806898556,38.912392
993,1991,11.136731705973,7.52886925664225,8.570032290431961,10.3466084298726,.31703943
993,1992,10.8952840663752,4.26267987704132,8.470814118229439,10.3571631470409,3.1361368
993,1993,10.7243232239638,3.80666248977032,8.36713744920919,9.932932961821731,6.4909749
993,1994,10.7127882402009,3.46573590279973,8.26131981547911,9.933728826289331,4.1920562
993,1995,10.7169050208375,7.15148546390474,8.42875534295432,10.0159649002726,6.0193772
993,1996,10.7051122407718,5.06890420222023,8.348182648681959,9.684355386071809,8.7467928
994,1990,15.8732212084354,12.5864899946576,13.7679964293151,15.6231146678242,10.779609
994,1991,15.8976293802573,12.4749808363455,13.9220550324661,15.6464645389725,17.586657
994,1992,15.8127903460141,13.4624661584733,14.3253586841351,15.5353172543517,24.78433
994,1993,15.7779030870136,11.3228176739758,14.2719226771775,15.4434076562958,27.055218
994,1994,15.8451919704436,11.6599997374101,14.240246191043,15.4433194714614,36.152
994,1995,15.7060565297249,11.4611373113179,14.1954901175248,15.263790222998,38.372616
995,1991,16.5219402912365,13.0134075173458,14.0739435667006,15.8251891147374,46.257778
995,1992,16.4889136793889,13.5288626172805,14.4740627740797,16.0216785629362,56.930878
995,1993,16.0576681271698,12.9050154986867,14.5866226737382,15.8353637388593,58.168991
995,1994,16.0927856120037,13.6279476894623,14.8461584460878,15.8051166957319,68.13533
995,1995,15.9387329514142,12.0372278676233,14.8447860588702,15.6538589595041,61.939434
995,1996,15.9014005791647,11.5682655600034,14.8226309014172,15.8154440356616,62.737144
996,1991,10.9208815468619,0,10.3138804988806,9.88362266847648,-5.8719974
996,1992,11.4677519608816,0,10.200472469039,10.9199352230655,-4.4312835
996,1993,11.1398227136974,0,10.0870957812127,10.3524135331891,-.34305474
996,1994,10.4789479249525,0,9.97369901457326,10.3661591357951,-10.76254
996,1995,10.8622945042791,0,9.86030339530498,10.6289362241546,-.11040883
996,1996,11.018255184517,0,9.74691561048451,10.393377510905,-3.4486723
997,1994,14.0292266223081,0,10.3893983640272,13.084117988166,22.624256
997,1995,14.2128150855115,0,10.2489867801435,13.4055503688374,16.612116
997,1996,13.8479553157771,0,10.1085730339286,12.9098262277254,21.560286
997,1997,14.4104684625687,10.2355572550675,10.7131436240414,13.3223301173893,23.167099
997,1998,14.4197548427313,10.6717653964086,11.2299549423818,13.1999488164254,25.777081
997,1999,14.146671544446,9.84649383101601,11.305642959587,12.9154075794059,24.330887
998,1992,12.4195905883691,0,10.886857325692,12.0870666965121,.73231363
998,1993,12.4047261838339,8.30893825259578,10.8682179109581,12.1147192080109,-.2934998
998,1994,12.6023339322585,7.23849684089437,10.8010703776888,12.326571185953,-2.7174089
998,1995,12.663458519153,0,10.7076370537998,12.3872709727637,-1.4003606
998,1996,12.7775014145267,7.75833346749091,10.6623545874347,12.5402066997274,1.8415675
998,1997,12.7746618287023,7.90100705199242,10.6260260455838,12.5634421805036,.7310856
999,1994,11.9120763330256,4.04305126783455,9.66789179328268,11.5274755962153,-6.456593
999,1995,11.9775453402791,9.199178307269991,10.0673268599512,11.8226228872167,4.3103704
999,1996,11.9633630629551,9.53169897078735,10.4338216426902,11.7387819010909,5.9611773
999,1997,11.8801940634697,5.33753807970132,10.3789232762059,11.5069836385536,-1.9902217
999,1998,12.1516935359027,7.67647364638916,10.3767577158456,11.8639710776135,-.20423651
999,1999,12.2742307393415,7.66434663209862,10.373650544083,11.9249118852743,.78908712
1000,1994,15.6633506201612,11.2321925246067,13.1249761611103,15.5711535334361,26.337831
1000,1995,15.5285534301599,11.5973401401126,13.2227482952798,15.1982629873474,26.903051
1000,1996,15.6431173475748,12.6089978641815,13.5422336971146,15.3488553740011,27.487803
1000,1997,15.6948118943931,11.8973235467666,13.6150746016154,15.3372856983684,27.017679
1000,1998,15.8076107899355,11.2699235348058,13.6078196226255,15.2824196120095,27.807358
1000,1999,15.6905050864065,11.2787209662966,13.6013242703178,15.0966162350838,28.275808
1001,1994,14.9933378184456,11.107780305673,13.7866055029834,14.5900000809142,33.059464
1001,1995,15.2044397057476,12.9042844790559,14.0269664741859,14.7642060875276,30.994493
1001,1996,15.2763472606511,12.8399633304621,14.1845475459989,14.7526461052909,31.588354
1001,1997,15.3655225274852,10.7113018080742,14.1196996862182,14.7485078472086,40.33358
1001,1998,15.2633848701569,11.3887331839106,14.083836554401,14.6929567083475,37.610992
1001,1999,15.3373263109758,11.519841494012,14.0572211500225,14.737173248784,41.274315
1002,1992,12.1069230396332,10.5114308125815,10.4125345955647,11.5387541254735,10.106037
1002,1993,12.1004868371333,8.703174709041679,10.489689629308,11.3935743370834,9.9285603
1002,1994,11.8855446855127,8.60959004068221,10.5395774906087,11.6057721448448,11.907228
1002,1995,12.364105296096,8.410053315858329,10.5554637193424,11.567613881218,10.366894
1002,1996,12.1471153603982,7.51261754467451,10.5068139588977,11.4382127394795,9.1937256
1002,1997,12.1218130467361,8.202756381655639,10.502963958732,11.4421289839228,10.015903
1003,1990,14.5481530293622,10.3863765576091,12.4905934765193,13.8833469493871,15.098339
1003,1991,14.3723027060353,10.268130666124,12.5001081173291,13.5717619269806,20.802912
1003,1992,14.3153030600707,9.039077442538961,12.4324537503077,13.1719504607026,20.608673
1003,1993,14.2829639380873,11.0227517809351,12.5569027415757,13.4916785348029,27.931114
1003,1994,13.8782141466425,9.778094383128071,12.5179550142826,13.7967853009612,28.749561
1003,1995,14.0765995480765,9.743729514150919,12.4769223451094,13.9341025772189,27.840214
1004,1991,14.2675131361005,10.2310271545613,10.6533765323865,13.9901610505689,23.180473
1004,1992,14.5089207039458,8.21959545417708,10.6143739585323,14.0374604523916,27.239075
1004,1993,13.8098907966444,9.32349046990884,10.7412890361603,13.0536910959223,22.515747
1004,1994,13.911621326303,7.09007683577609,10.6390762155376,13.2477881641312,32.442635
1004,1995,13.9127543217351,0,10.5102186334392,13.2168411844963,30.212648
1004,1996,13.829900523987,0,10.3813632406618,13.288014614242,31.080889
1005,1992,12.7481850130524,0,10.4453466188823,12.5205033566816,19.072609
1005,1993,12.8783098827705,9.375600540841839,10.639140908587,12.3915218518917,17.601
1005,1994,12.8993658405586,9.06044728240157,10.7187174009608,12.4248132891793,16.042095
1005,1995,12.8073394633928,8.42463920980563,10.7013370321769,12.1729857734285,19.769257
1005,1996,12.7707751686225,8.884333185202729,10.7343816030977,12.1214482676256,21.808313
1005,1997,12.7140044567674,8.442685139241179,10.713982118315,12.1029776491208,21.292751
1006,1994,15.6041141572891,12.5531562391745,14.0125403333137,15.3294789602108,21.526146
1006,1995,15.9963524129785,12.4385683290104,14.0873517739319,15.8288953294744,28.776249
1006,1996,15.9961467098112,12.7194679647988,14.1954203598022,15.7103577953149,31.543478
1006,1997,16.2259417427991,12.2160229763833,14.2080292213493,15.9478908118096,33.584225
1006,1998,16.5529633706964,13.0181222350144,14.3493684704039,16.3577024393138,32.717602
1006,1999,16.5025105061116,13.2407204704804,14.5077630383994,16.2477820475482,32.488323
1007,1994,14.3627053392418,9.76491490267219,11.9217622160301,13.9810823589171,2.8892996
1007,1995,14.3749367602838,9.449357272446679,11.8848944564442,14.0771608913168,2.3800406
1007,1996,14.4916606952893,9.44264186107516,11.8485366166785,14.1094949353025,5.3603902
1007,1997,14.7527884360186,10.2881715547941,11.9139306423563,14.4555135470864,6.7717967
1007,1998,14.957478301246,11.0113898881113,12.1218221809845,14.6802349716911,9.3509216
1007,1999,14.8881589539562,10.7096955253801,12.2111169018508,14.6012598415387,1.8631986
1008,1990,10.7177681127005,8.575462099540211,8.84144824409886,10.1144883307145,-4.5359526
1008,1991,10.8355511483569,8.086410275323781,9.174298600628919,10.2572669871616,-4.8064337
1008,1992,11.1243754253875,8.54675199365778,9.54207282210683,10.7953815627244,-2.0026085
1008,1993,11.3316781944815,7.74802852443238,9.63399242378147,10.8889970436516,-4.3116055
1008,1994,11.2015783765557,8.682707629893811,9.89224964310932,10.9952201133796,-2.7355537
1008,1995,11.3057227319195,0,9.831862648860829,10.9955797670883,-1.7854851
1009,1994,13.4196006253623,9.50450141052567,11.236156955684,12.876301632218,17.605232
1009,1995,13.5649041127411,9.39266192877014,11.2566335265565,13.1036298581971,21.581545
1009,1996,13.52971324596,9.137662146478201,11.2412794580945,12.8050926048466,21.016497
1009,1997,13.5972073827038,9.693568668550069,11.3012879644422,13.0457457744068,22.212194
1009,1998,13.6366637223255,10.2142023240985,11.4544814015075,13.1031288061054,25.443205
1009,1999,13.7074456727725,9.70424361654622,11.4810890208706,13.178934389366,25.880394
1010,1993,17.5255327662131,10.2688942633983,14.89878722141,16.0820246977566,52.547218
1010,1994,16.4243202718046,11.9373627903201,14.5168703227462,16.0784572232786,57.032825
1010,1995,16.321133191765,12.3823593625877,14.5391141960051,15.963836193165,56.582844
1010,1996,16.4524804914628,12.3691051931036,14.5555149404872,16.0920938753508,57.780273
1010,1997,16.5644252519431,12.2813470799593,14.5612203969283,16.1817671066253,56.7146
1010,1998,16.7908469248157,12.9858263294628,14.6499535039911,16.3985526361939,61.465462
1011,1994,11.0994281851648,0,8.93312334937217,10.5827196096008,.21449415
1011,1995,11.3693937592911,0,8.817371855197299,10.5379562226704,4.562747
1011,1996,11.1918015052958,0,8.70162917789404,10.47193984673,5.0744929
1011,1997,11.234973677161,0,8.58587934920468,10.6185433209219,5.1283092
1011,1998,11.09149356334,0,8.47012254802322,10.1829367701231,6.7710137
1011,1999,11.1512858364021,0,8.35439186910819,10.2807200370337,5.4700594
1012,1990,14.2863423441933,10.3670014187509,12.6041941888829,13.6005185487801,-1.4147137
1012,1991,14.1350700582837,10.5522125155433,12.618780792719,13.2849404742322,13.730806
1012,1992,14.2904972405386,10.1005335047285,12.5848559388966,13.627465917614,14.32633
1012,1993,14.2499846744133,11.3501947483413,12.7347817031771,13.4026972830819,14.285648
1012,1994,14.24713108307,10.990937776498,12.7841456182447,13.5536675474203,18.644014
1012,1995,14.6698281093612,10.8051924260819,12.796152512367,14.0781907140987,23.717476
1013,1990,13.5648635615636,8.799510901368871,8.232440158470339,13.183222935685,-12.662828
1013,1991,13.7805285493279,7.61332497954064,8.586010047413369,13.7088271363865,-7.8189969
1013,1992,13.647997756409,9.382527414289539,9.682703714906379,13.3880437182482,1.2781726
1013,1993,13.5919074737937,9.47270463644367,10.1893129023447,13.2918064989087,7.2703571
1013,1994,13.7415232473356,0,10.0889583120484,13.5049309717689,12.169982
1013,1995,13.6459883178786,8.76060984757,10.2174804397777,13.333827480962,13.581726
1014,1990,12.8807163545256,0,10.1015594194213,12.5667108365308,21.615622
1014,1991,12.9591383163014,7.60090245954208,10.0731290561727,12.7022621954247,-1.1634974
1014,1992,12.9980314444551,8.88183630500415,10.2378504231511,12.7205837771533,1.038565
1014,1993,12.3694520380568,8.8246778911642,10.3507661634577,11.7033868799707,3.2218287
1014,1994,12.6348488325068,6.3456363608286,10.2558682895518,12.0682585911137,2.7135167
1014,1995,12.8349999124727,6.19440539110467,10.1592725285661,12.1194947410113,4.9432759
1015,1994,12.1902716343629,8.389587066811091,8.665130321348361,11.6014707174744,10.170674
1015,1995,12.501335605313,9.94889103598998,10.0675942209092,11.9019234802338,8.6034775
1015,1996,12.5054883944295,10.0959244430712,10.6425970932701,11.8579360033357,11.601448
1015,1997,12.5759690949695,9.888678436882421,10.899684982835,11.9411983400274,13.193216
1015,1998,12.8128942296747,10.7430484165516,11.3786795314078,12.2309417603492,13.549439
1015,1999,12.7837112659252,10.724478104556,11.6633787464081,12.2457314252725,14.389446
1016,1994,15.0684983583259,13.1877484151456,14.3754712578393,14.6175105139703,13.486093
1016,1995,15.2419823859411,12.5442327426274,14.4764026410435,14.8264455044598,14.986914
1016,1996,15.6418632229604,13.5086130457879,14.4480736283872,14.9869534714675,18.488337
1016,1997,15.8141729437758,13.4278549156544,14.6877108765185,15.3005337894354,15.69694
1016,1998,15.9571346836775,13.3951546298599,14.8672198306781,15.425128306025,11.630843
1016,1999,15.9720580376896,13.196962371844,14.9830982290775,15.3934766979062,19.972607
1017,1994,14.239480616824,11.4158306937294,11.9272280737445,13.8236894817465,4.3794532
1017,1995,14.2926075129419,10.8468680216004,12.1117344931541,13.9455337640342,6.1138787
1017,1996,14.2406472978983,9.70978143687554,12.0937361878025,13.8412555837047,9.3591995
1017,1997,14.0448935891669,9.984652706953639,12.1009693190186,13.677903131672,12.990618
1017,1998,14.0140175428763,11.573126467661,12.4381941739267,13.6317904434964,7.721714
1017,1999,14.1100924219616,10.1136269147151,12.4243945915652,13.6418608789507,13.103651
1018,1994,14.9699330742999,11.2805897952871,13.107023724207,13.9654084722053,50.551697
1018,1995,14.9118926950252,10.5151263685387,13.0544219529532,14.2131590094681,46.844296
1018,1996,14.8891649738636,11.6323782169852,13.14051621317,13.71960022703,53.522854
1018,1997,14.9545735722409,11.6867106907419,13.2182931833825,13.9924533939576,53.442554
1018,1998,15.0362631902342,12.1881021388755,13.3867429942995,14.0681093103966,53.087864
1018,1999,15.3673049506783,11.78313579151,13.4366798345228,14.7363721270854,52.216347
1019,1990,12.5683885033631,9.81285143227668,11.2558243259276,12.0942181342755,14.125625
1019,1991,12.7310239232247,10.0640320340938,11.4245313142076,12.2411826644383,15.093045
1019,1992,12.8323845428613,9.533582619826509,11.4609161248094,12.3874820204898,17.702965
1019,1993,12.8962396271274,6.97447891102505,11.3568831638216,12.6245456186606,23.386599
1019,1994,12.8497484834174,9.971426535544319,11.4697872484109,12.1600670568679,20.281168
1019,1995,12.9144480760257,8.268731832117741,11.3934017902803,12.4025512393421,21.248938
1020,1993,12.8283019536998,7.18462915271731,9.376820445772781,12.6365296754542,14.256952
1020,1994,12.5131639395346,6.22059017009974,9.317624037195859,12.2742889463685,13.334299
1020,1995,13.0790792827395,6.51323011091231,9.273427840846439,12.9234316951349,16.708241
1020,1996,13.2128986070466,0,9.172056819550569,12.8271141473663,21.159092
1020,1997,12.7774043398584,0,9.07068742366096,12.5501127841782,20.915085
1020,1998,13.3688429805779,7.93487156594518,9.231064143516161,12.9835477939728,21.3358
1021,1992,16.1122094709127,12.7014119732252,15.9082326218239,15.8096777339203,48.099735
1021,1993,16.1993588450895,10.7158167896662,15.8087720270252,15.7171563654395,47.2603
1021,1994,16.2346672693755,12.9545575557122,15.7604330051169,15.7213077641907,42.173557
1021,1995,16.1969374882535,12.7869857414891,15.7039568045059,15.7349921974853,44.645386
1021,1996,16.0705094855363,13.2563434193707,15.6779647940778,15.6364282421217,46.545219
1021,1997,16.1999190256887,13.6699875524874,15.6915880595501,15.6223532282256,49.012386
1022,1994,12.3350840955975,9.141097469234021,10.425529042661,11.877703496747,9.5675449
1022,1995,12.5328675898946,5.21493575760899,10.3065130204741,12.0681186958737,11.096629
1022,1996,12.5909247341014,9.03228968203287,10.4224003864847,11.6716600953493,12.95783
1022,1997,12.5900116206778,8.47324130388705,10.4259739247449,12.0486844890099,10.63491
1022,1998,12.6835315630279,8.283494126162511,10.4076027114106,12.1617489232686,11.740993
1022,1999,12.4299418586988,9.855661923053519,10.7183699485909,11.7472743174278,13.246169
1023,1994,14.1385228974496,0,12.9986376941433,13.8176191935018,25.17581
1023,1995,15.3937454422661,0,12.8742076124328,14.936975259758,29.589287
1023,1996,15.2857731459129,10.3707060569198,12.8262382961851,14.8018882464661,37.067158
1023,1997,15.5107106953065,10.7021427378768,12.8103407970327,15.0101248365268,39.840603
1023,1998,15.7755168877007,11.8836127755424,13.0060897520149,15.3344907650528,41.293274
1023,1999,15.694859070292,11.870599909242,13.1472596765663,15.2033669661151,39.315521
1024,1993,14.7607373289493,10.8825089223113,12.7232979476009,14.582959797996,24.516922
1024,1994,14.762677381048,11.037547419387,12.7920457224309,14.460048852722,21.889605
1024,1995,14.8473355998961,10.9937315915337,12.8380800559826,14.4805681584075,25.804628
1024,1996,14.8549507284234,11.3621025752356,12.9313384559716,14.4698778404703,23.706066
1024,1997,14.8997922201374,10.8780471925343,12.9416407017185,14.5006439460649,22.868771
1024,1998,14.8980607322561,11.2398035438498,12.9953705616194,14.5857999785373,27.667398
1025,1994,14.7450247191246,9.197457746145171,13.1933821686626,14.4098307299305,40.685261
1025,1995,14.6595732570774,10.4686024781738,13.1600066932742,13.9876242912267,38.379875
1025,1996,14.6607816199203,9.513255825068549,13.0895484075985,14.1547774135536,40.466686
1025,1997,14.8295811697987,11.6453212129945,13.1933551564105,14.3121699866155,43.430069
1025,1998,14.7736558135868,12.2711438372736,13.4119522806981,14.2623894156994,45.03479
1025,1999,14.9002202575556,10.9927395029379,13.3958319144465,14.3285920100346,44.850372
1026,1994,13.8865094311124,0,13.2156511498846,13.0453839178753,10.674993
1026,1995,14.7952557832756,11.2083684752936,13.2285564863601,13.8835637584715,16.673115
1026,1996,14.2971826552228,10.4338510626752,13.1745620118479,13.5155051121227,20.320604
1026,1997,14.4107099936648,9.81874632408104,13.096100302283,13.6927295440785,18.379072
1026,1998,14.5247000160512,11.3450510439232,13.1364053261607,13.8897376972193,22.699623
1026,1999,13.8031944673398,11.1771170079986,13.1491838707912,13.0966291755197,24.77927
1027,1994,15.9523006435417,12.9920542163825,14.2658638145725,15.5640711360264,34.548923
1027,1995,16.1387574123415,13.715120999932,14.6076794312263,15.8762528244917,36.72348
1027,1996,16.1929843837006,13.4369259112613,14.7623037631872,15.7930809899587,41.683868
1027,1997,16.4119434835962,13.6039978553349,14.91683682712,16.0669891773349,45.707455
1027,1998,16.6001050944152,13.928792813622,15.1112543319269,16.2014719050387,48.402637
1027,1999,16.5684250017107,13.78832433892,15.2280658134726,16.1261702546051,39.94643
1028,1994,15.2972054533761,13.0131510084308,14.4199038442328,14.6958498558824,37.859013
1028,1995,15.4296411165953,11.4725616987807,14.3560979342498,14.9317736855399,39.234249
1028,1996,15.4128447134832,12.140845887612,14.3416984948181,14.8812665887505,39.331257
1028,1997,15.5835293563273,11.2466917237243,14.269599784711,15.1205138631077,41.919647
1028,1998,15.741108948695,12.9013500555394,14.3706935067985,15.3300470430421,43.220795
1028,1999,15.7838016849748,13.6622731276644,14.6359999614404,15.3777582799172,43.644367
1029,1991,15.4980575749778,11.7719611188319,11.1254260038249,15.2364181678119,30.565163
1029,1992,15.3718465400681,10.3629356678423,11.410798604299,15.1225650336313,36.020973
1029,1993,15.4546181124136,10.6277457281211,11.6857537697679,15.2200384739292,57.354649
1029,1994,15.4419113001616,10.5423633243143,11.8531243205419,15.1144383353977,40.010269
1029,1995,15.6242359485746,10.7114132597322,12.011054831275,15.355396581209,43.528091
1029,1996,15.4902558737364,10.693534557836,12.1247465313093,15.102405188289,46.453186
1030,1994,15.4617213742689,11.8567491845298,14.1459114009189,15.0435303871691,37.365101
1030,1995,15.8963095229056,10.9341243091948,14.0691144079626,15.5397106598658,40.233089
1030,1996,16.1288492355892,13.0988941162144,14.2645086066556,15.4978986391272,42.034367
1030,1997,16.1730426285812,13.3682432876284,14.4766112926614,15.8109603004693,44.852657
1030,1998,16.1893362307905,13.1855090539841,14.5918719654557,15.7042856556846,45.568558
1030,1999,16.2005896469381,13.3162494730675,14.7089404814698,15.7400720125716,46.364365
1031,1994,15.898455622374,13.4932094351168,14.9352918276238,15.414709604678,53.881554
1031,1995,16.0765374469427,13.5989776083954,15.0430710817841,15.4972348849713,56.399391
1031,1996,16.0616231643257,12.9442744503816,15.031165015322,15.4602989668612,57.620098
1031,1997,16.0956555310201,12.7100941738496,14.9967079811365,15.5465388821728,60.199642
1031,1998,16.2894372537829,13.4547802593219,15.0579132147187,15.6517885181635,60.959763
1031,1999,16.1335058397475,12.9664064005377,15.0440813557702,15.5632890589468,62.719215
1032,1994,14.812051069028,12.7947644562198,12.968005876191,14.3555049826215,37.229816
1032,1995,14.9721574212036,12.7683705476651,13.4450914513991,14.2996730789025,41.223274
1032,1996,14.9055784996327,12.9500293784934,13.7921730443125,14.3281050304482,42.361767
1032,1997,14.9951096241341,12.6378712955902,13.9397994070701,14.3198089753176,43.589893
1032,1998,15.0049799592495,12.7642988970783,14.0812397700247,14.1358378698271,44.977272
1032,1999,15.0816904105582,12.4755729264216,14.1394696883413,14.1985364640427,45.370808
1033,1992,17.0584747527636,14.164434238328,16.3274782005068,16.7838023644109,50.844696
1033,1993,17.1394824325667,12.8146772173646,16.2481920055893,16.9147193517167,49.774719
1033,1994,17.0597690311952,12.6716383165913,16.1665273413599,16.8953390954464,51.323807
1033,1995,17.126305250679,14.1705942365115,16.1817466533676,16.9233528118511,53.843231
1033,1996,17.089008707029,13.8304257710894,16.1591898868175,16.9197087565814,55.749706
1033,1997,17.2062902589566,14.8613688367965,16.2790025588472,17.0304979898945,57.317902
1034,1994,18.2328326249844,14.5847559074932,14.8867234205923,18.0528661776895,51.280701
1034,1995,18.3603959286392,13.2030655598842,14.9900476720701,18.3544171418308,58.791168
1034,1996,18.3138179956855,13.7528965836978,15.1622469950817,18.1528883237163,61.725357
1034,1997,18.2901994821092,13.2269738118215,15.2223691925288,18.1969721170039,63.49752
1034,1998,18.3926719165399,13.8178348546926,15.9399036677261,18.368590316102,59.097527
1034,1999,18.2867514689088,12.2180703839638,15.8987430797899,18.2501956681682,58.11512
1035,1991,14.9796962596581,12.598307282335,13.885663103436,14.4382412090475,16.612543
1035,1992,15.0805629659745,12.1922475173365,13.9579534251859,15.0443516015884,21.001646
1035,1993,15.1691902325549,12.1527298839978,13.876523339731,14.6034878460836,30.797625
1035,1994,15.8415123095217,11.2578396482214,13.8443798021269,15.5636946680012,33.927269
1035,1995,15.8665046466109,11.3784564900957,13.8203798835329,15.5446748531187,36.534626
1035,1996,15.8793618878464,11.1910659407169,13.7832681119699,15.563274828499,37.968468
1036,1993,13.9833842039073,10.2587114442075,11.3801960364008,12.7555854817666,15.716326
1036,1994,13.9680287404997,9.84554059258128,11.4656535476805,12.9628517624826,17.346254
1036,1995,14.0071282030873,9.733944008101391,11.5120841111313,13.0094091777535,18.05051
1036,1996,14.0764728535665,9.85744361403472,11.5666387288681,13.0789233730761,19.212164
1036,1997,14.1208743255338,9.8888306631925,11.6156851012717,12.9506559463332,20.631041
1036,1998,14.2428276894966,10.1017234681442,11.6901666384435,12.9805231348681,11.198238
1037,1994,12.9307524073031,0,8.67687710605434,12.8317281515061,-8.4201527
1037,1995,13.3493857961761,0,8.56002276939159,13.2508879233315,-5.2744417
1037,1996,13.2496812560706,8.89727211313399,9.29790243064615,13.1044025779807,-9.7719603
1037,1997,13.2086052917668,0,9.18102484014199,13.0951112401718,-8.8902168
1037,1998,13.0112597348527,0,9.064157861798099,12.7040881241807,-2.5311687
1037,1999,13.2287088078743,7.31455283232408,9.09861520035366,13.0627140655328,2.1363676
1038,1992,12.2841372458409,9.18317470390341,9.69832511763278,12.1372377011645,.83418506
1038,1993,12.0758778900481,8.194505509765641,9.79353316786808,11.8417773133241,1.3889387
1038,1994,12.3876441762269,5.70044357339069,9.69709663888759,12.1372909997598,1.2572175
1038,1995,12.4174748408724,9.431562077727691,10.1457472210426,12.1966907705937,3.4344716
1038,1996,12.7583559438515,9.056489647157919,10.3124531932912,12.4951483269583,6.0285463
1038,1997,12.5193787225235,6.95654544315157,10.2316071456075,12.1139727302271,5.7390351
1039,1994,12.0510490848532,4.40671924726425,10.0753841241797,11.6414692807987,17.22209
1039,1995,11.8295739312146,8.337348564497169,10.1196346858975,11.2338771677892,8.969058
1039,1996,11.7675831870996,7.4205789054108,10.0667621964098,11.2288919431659,8.4183788
1039,1997,12.7063841895665,9.107088742165709,10.2616234287934,12.3682568973534,7.8594208
1039,1998,13.2368146466638,9.56170122109115,10.5307753399911,12.815746930629,7.7595296
1039,1999,13.3474761884532,9.452658902676429,10.6922834919397,13.003057427105,10.62172
1040,1992,11.9877362712036,9.802008383586269,10.8730175841007,11.7119320492945,-3.2820234
1040,1993,12.4296321103404,0,10.7470957573652,12.1776268736405,-3.0863895
1040,1994,12.7301885608202,9.68034400122192,10.9264347599492,12.3938832764215,.98289979
1040,1995,12.8832733542604,0,10.8005322621808,12.5672270417255,3.0878925
1040,1996,12.8856177356718,9.7981270368783,10.9799275083724,12.4618885934183,1.2462405
1040,1997,13.065005414244,0,10.8540231771377,12.6504475210171,10.011122
1041,1992,11.8595645231467,7.41577697541539,8.648151275921631,11.2992586981134,4.3712049
1041,1993,11.898172567972,5.82894561761021,8.59291272145556,11.4333537455828,8.8538485
1041,1994,13.6849626713335,9.98598877404787,11.121979935754,13.1750426630236,11.435593
1041,1995,13.7704571225777,9.6679550744091,11.2252327257949,13.0558852696734,13.765898
1041,1996,13.9270647866428,0,11.1238645690227,13.2234103888321,17.421015
1041,1997,14.0872718583633,9.46335335689267,11.1863972225484,13.1576240186768,17.177605
1042,1993,11.4648972798812,9.21034037197618,10.5078745551177,11.4046803663962,-5.9968648
1042,1994,11.4618431011125,7.81359155295243,10.4829619886075,11.2394214821725,-1.6649911
1042,1995,11.5164975270682,0,10.3926011672963,11.2449693692567,-1.0075487
1042,1996,11.590560619414,7.94661756324447,10.3804450723429,11.2375354033792,.10703067
1042,1997,11.576041057116,9.07394774707063,10.5140028430476,11.2317544461058,.79808402
1042,1998,11.8682940126912,0,10.4236405408749,11.5173116860456,3.7774665
1043,1993,16.232881492148,13.0808578159721,13.7476619244444,16.1686206259681,11.014714
1043,1994,16.4037912117355,12.3094186333888,13.8430239688475,16.323106219614,14.428072
1043,1995,16.5376364367692,12.9145492281214,14.0500590648203,16.416863652818,19.232471
1043,1996,16.6550802281136,11.9187571725393,14.0347434325404,16.4910679991834,21.293522
1043,1997,16.6890222732058,12.0050024258244,14.0289717057296,16.5220661081013,34.010872
1043,1998,16.6655992087296,12.2169087226082,14.0492439187899,16.5319087467201,26.321438
1044,1994,11.8214564016512,6.30261897574491,9.659873400881411,11.5536667176695,-1.9832848
1044,1995,11.9215539229686,0,9.55983459614569,11.7533270718732,-1.3171688
1044,1996,11.9422951273098,9.73429937413214,10.2153084257162,11.8079655534422,-2.1038287
1044,1997,11.8055218919176,9.76629231335828,10.5836102819733,11.5753899898324,-.50757587
1044,1998,12.1957897053621,8.81343849452851,10.6306471952876,12.0805987263658,-.7343086
1044,1999,12.3014961672266,0,10.5306071037871,12.0333995064868,-3.5535836
1045,1994,12.7967574318588,0,11.1923082702511,11.8718820789856,5.6185575
1045,1995,12.9054795082847,10.6712318713029,11.5410239782076,12.6473966986024,13.152719
1045,1996,12.8248568716012,8.27893600229198,11.4637740855704,12.4686544115087,12.110116
1045,1997,13.1090092520188,10.168195222928,11.5837817991316,12.9312051832429,15.298021
1045,1998,13.2610972394428,9.45344340103,11.5794750874871,12.978341757865,15.876079
1045,1999,13.3721984667779,10.7491412048108,11.8107251810103,12.9131125731684,17.489403
1046,1994,13.5150294964357,9.350102314351339,10.6790899130323,13.3242527061089,7.9946194
1046,1995,13.7452160944793,0,10.588726041678,13.4871415736817,10.538383
1046,1996,13.7711672961473,9.72298434154896,10.8297365360242,13.5262759415377,10.975945
1046,1997,13.9791934474821,9.492808877375079,10.956185039216,13.8144191773843,8.4695387
1046,1998,14.091722834225,10.3969024860423,11.2938834906771,13.8621240889589,7.0774741
1046,1999,14.3680929612112,10.4670953617411,11.5456549633931,14.0824326202618,5.3762436
1047,1994,13.655247472053,10.1860314471318,10.0233794740399,13.4397689340075,-4.5744519
1047,1995,13.7819737941717,9.58100697454165,10.4081341252254,13.2165885579041,-10.034886
1047,1996,14.299664865366,11.4778991430465,11.6334097378869,14.0370577319099,1.9371711
1047,1997,14.3227368059336,11.598442392493,12.1773078779596,14.0260787974839,8.3370733
1047,1998,14.5954110035619,11.2054351652066,12.3790338640578,14.3868099404215,8.3869963
1047,1999,14.6971116610091,12.2989480454804,12.8959111083156,14.5286254330872,12.072988
1048,1994,11.9641693388247,8.600430789986291,8.779342048069751,11.0103895163464,11.616801
1048,1995,12.0042555778757,7.34018683532012,8.88425005622808,11.1795871801465,11.481599
1048,1996,12.2766439294804,7.91826468609527,9.09072315523764,11.7047655052236,13.555483
1048,1997,12.5738855212728,9.93986769662888,10.1496012582512,11.9639210502396,14.96549
1048,1998,12.8982347322108,9.23737171102721,10.3658338138288,12.4916921741772,15.201358
1048,1999,12.7465093585707,6.73578001424233,10.2853086647299,12.2253621257626,17.972393
1049,1993,10.8757777087072,0,8.48580571817461,10.3830849203006,-2.5869193
1049,1994,11.002105593357,0,8.425428718158409,10.5572487012413,2.5084059
1049,1995,11.743343583644,7.04228617193974,8.57527340249276,11.3865535594264,1.121316
1049,1996,11.3156233539201,5.33271879326537,8.549853973655789,10.7695989281696,-.92037272
1049,1997,11.6527969942835,0,8.48947249881564,11.1630315095026,.80337369
1049,1998,11.1079580000327,6.3578422665081,8.529911963824009,10.675361322259,3.2451012
1050,1994,11.1329153728393,7.78322401633604,8.200178424491961,9.522970384656499,6.5440326
1050,1995,11.3412658844667,7.79152281915073,8.582662529209539,10.510883146114,6.707139
1050,1996,11.3753633801031,5.85793315448346,8.5192311134418,10.4537860368351,5.7648854
1050,1997,11.5487340117746,6.85646198459459,8.56119093789388,10.8361689908713,8.4570036
1050,1998,11.6044799663651,6.98656645940643,8.61627805630639,10.7898704259736,6.9738607
1050,1999,11.7502365009026,7.94626364358054,8.886422992275619,10.9287830114865,7.1692586
1051,1994,12.2007921184822,9.72454029638112,9.90333254052239,11.7098022276945,17.017637
1051,1995,11.9925009291543,7.29369772060144,9.85771059409918,11.5840473732467,16.45713
1051,1996,12.2685472724526,6.53958595561767,9.77635847840515,11.8247294016588,19.147959
1051,1997,13.2347300943122,9.92167122296976,9.665706138537811,12.9032677443756,18.256174
1051,1998,13.6180660560231,9.246961555431829,10.0335328758758,13.2787146044519,23.115843
1051,1999,14.04237012648,9.82693042981397,10.4851583312524,13.7477051229734,24.321354
1052,1994,12.612521221784,9.067047202149711,9.38288933212131,12.0981039847184,13.78511
1052,1995,12.6247319166049,10.3624618314966,10.5524633857507,11.8064084743922,11.782929
1052,1996,12.5266835474475,8.650324504019419,10.5621364516885,11.7048102313118,16.72341
1052,1997,12.6524877429449,10.9417480988195,11.3133140971113,11.8744730421529,16.811329
1052,1998,12.8592263682927,11.0342442945308,11.7310411979623,12.1276413912734,19.627392
1052,1999,12.9213198952745,10.8183973313334,11.9277387424707,12.0949993725022,20.212482
1053,1994,16.7727028343469,13.0762168158363,15.8511264711241,16.1350799101503,57.438286
1053,1995,16.7267959914888,14.0663587664705,15.8962848361561,16.2006882116256,58.742542
1053,1996,16.7683477596001,13.6791442937428,15.8884816362728,16.2257663098622,62.052162
1053,1997,16.8338179197545,12.5228777456759,15.8138116865874,16.2824590145157,63.606163
1053,1998,16.8694689028242,15.3442031659615,16.1680739566271,16.3251842719397,64.951271
1053,1999,17.0104117551494,14.2049079353586,16.1841483470292,16.4417789447294,67.495827
1054,1994,14.637891150653,12.1844658917761,13.607239362854,14.1880390663556,32.965351
1054,1995,14.509759861206,11.7148045209797,13.6300262850522,14.079126300541,38.841152
1054,1996,14.5234183401437,11.4960335973,13.6222234587642,14.0584836034037,35.869888
1054,1997,14.6106994396681,12.2892090244028,13.7301693128005,14.1841459063058,38.811684
1054,1998,14.6271172544728,11.3799082258604,13.7006995265249,14.1911508600079,39.475681
1054,1999,14.5382380935912,11.7344276700123,13.7084099737093,14.0504780851722,41.364452
1055,1994,12.0591155298672,0,9.492552511584931,11.024397132016,20.722958
1055,1995,12.165929534153,8.66561319653451,9.73832395250755,11.2110747928558,21.065863
1055,1996,12.2660053352967,7.60090245954208,9.733997321057339,11.3941849374109,24.207121
1055,1997,12.1510496501838,7.60090245954208,9.72880673083813,11.4778916945875,24.334461
1055,1998,12.1711772109668,9.48493720487931,10.1697174128745,11.5503298444929,23.034821
1055,1999,12.1187047670722,8.823942326585239,10.2760368298826,11.1307191826259,26.172817
1056,1994,11.6142267531002,0,8.3738076918803,11.3041901152044,-2.5582092
1056,1995,11.3088612402176,0,8.273438686197901,11.0695559769619,-5.8735309
1056,1996,11.6766841256836,0,8.173067743541241,11.3392385223686,.67866611
1056,1997,11.8876357892693,0,8.0726857542434,11.8016095352545,.081751741
1056,1998,12.5024294831718,8.454679286026989,8.832514749671439,12.1273432417621,-.62385815
1056,1999,13.3406133747905,7.37775890822787,8.92755296773446,13.2200743094591,-.61036652
1057,1994,13.4649582963793,10.9778413010575,10.6912060036105,13.2742301645441,17.566282
1057,1995,13.5378009892109,9.062883902508309,10.7663500811467,13.302496473713,17.532806
1057,1996,13.6295168983137,10.0827210127308,11.0571386955493,13.3835956958864,15.499102
1057,1997,13.7872897601954,10.453053004618,11.3700084505858,13.5150019767828,14.182563
1057,1998,13.3149749731168,10.6734568756974,11.650640095641,12.8876188786459,15.103488
1057,1999,13.2328096184213,11.1020658325448,11.9782129908623,12.6927891356943,16.828499
1058,1994,12.1883589231522,11.0898054216233,10.1053829522872,11.6979787357892,9.9211941
1058,1995,12.4403310757482,11.7746972462619,11.8202880984449,11.4034841873687,3.776566
1058,1996,12.848986835943,10.4175678740226,11.9202654810062,12.3941834279771,4.957468
1058,1997,12.8479271570135,9.976040745217841,11.9355249378438,12.3556650067817,15.141418
1058,1998,12.7682204939421,7.06731984865348,11.8309099951221,12.2374160029055,17.373514
1058,1999,12.7341484139521,0,11.7190839838372,12.1761039145967,16.4858
1059,1994,13.2031543175252,9.719805070102829,10.9512608295796,12.4189479178491,24.874208
1059,1995,14.2254259309538,10.0619005642784,11.1859133400545,13.5280807309626,28.914186
1059,1996,14.079052033322,10.068111764371,11.3548835574603,13.7107148439421,35.70293
1059,1997,14.0902972960594,9.99697789562347,11.469460397274,13.7586122891305,34.354832
1059,1998,15.0577357469492,11.160114474909,11.8891011278903,14.9213402159601,33.81316
1059,1999,14.407164054133,10.6993718105472,12.035828660358,14.2189471900812,38.254738
1060,1994,11.7161601433444,10.7134395126382,10.8948022654711,11.1613873571943,3.5850127
1060,1995,11.9122651844648,7.69712131728263,10.8094410387152,11.4286958969271,4.0708733
1060,1996,12.532591944152,7.39633529380081,10.7157391176086,12.0501975127364,9.6306772
1060,1997,11.8581167230677,9.250041738827729,10.7906995669096,11.3620225470972,8.6928387
1060,1998,12.1461633927763,8.36915711258883,10.7467881487829,11.7408593799425,9.6264725
1060,1999,12.6692404637666,8.96277604612029,10.7692720486319,12.1629492206906,12.161205
1061,1994,11.976980038309,0,9.442197846542239,11.5979116259269,1.4176453
1061,1995,12.1067445173139,9.174609562020381,9.88996655443135,11.759293000988,-1.8789587
1061,1996,12.1465147683288,8.942068693044231,10.0930950026309,11.724906327508,-.79515243
1061,1997,12.0648651220514,8.434897948689409,10.1457864628901,11.7109493840848,-2.1588259
1061,1998,12.201203156222,8.856376036730421,10.2632646797249,12.0992479326955,-1.3031946
1061,1999,12.3815473590932,8.157370441186769,10.257838297616,12.0212123450423,-.69890368
1062,1994,12.4195921221175,7.03790596344718,10.9350301192791,12.1016866791124,-.067905724
1062,1995,12.5170121845805,7.85321638815607,10.8785527251085,12.3486821318579,1.5398396
1062,1996,12.6813356791497,7.84658997529119,10.823210387999,12.3400055267512,-.70708221
1062,1997,13.0195179669326,8.28197705886776,10.7942984120122,12.9090641666511,3.5833538
1062,1998,13.1022308580929,9.3726292750199,10.8967967313061,12.8747956281509,3.587328
1062,1999,13.2861141206454,9.83750799360215,11.0746824839677,13.1017284556196,2.3184094
1063,1994,12.0445581701347,8.499640032168649,9.511540660228871,11.8013473961382,-4.4143467
1063,1995,12.1381145498441,8.445052513638551,9.689470973406371,11.810411476214,-2.2082453
1063,1996,12.3834083599353,8.61250337122056,9.859159418686589,12.0350619078307,-2.1281252
1063,1997,12.6455708023447,0,9.74572201363806,12.405711972145,3.182863
1063,1998,12.7307523396282,9.166910814048849,10.0551737694965,12.4522382484992,-.5111379
1063,1999,13.09297390958,10.1611484658759,10.6542359655441,12.8546007444645,10.814564
1064,1994,11.8243820213441,4.77912349311153,8.37168175231588,11.459420794103,9.1766253
1064,1995,12.1860035347304,7.40853056689463,8.569064318826131,12.0295074555566,8.0713253
1064,1996,12.184965651918,7.70930833338587,8.78905071352105,11.9434581605359,6.5044827
1064,1997,12.2325835390048,7.71110125184016,8.94705168035755,12.0533475027174,4.0289435
1064,1998,12.6097777962354,8.09620827165004,9.16417077112933,12.452589640026,7.1879315
1064,1999,12.9550489463168,9.44762348684411,9.853882306277519,12.7174268017497,8.6749992
1065,1994,12.5966320802642,8.22147894726719,9.07410819265127,12.3845996142436,11.293723
1065,1995,12.885986115467,10.1519869111126,10.3160209546273,12.6067529327722,12.874044
1065,1996,12.8411732933611,9.934647014785231,10.6995703109674,12.6303823347043,14.474883
1065,1997,13.1009712664802,10.0605340354754,10.9837304862823,12.8152698305137,13.539731
1065,1998,13.9581882850161,9.54158468105309,11.061355683532,13.8596247362042,17.48694
1065,1999,14.2958751499279,12.5807520323727,12.6094261925281,14.138825746352,22.903046
1066,1994,11.8254928143782,0,11.0694219844684,11.1606806453751,4.3060985
1066,1995,12.3458693699091,3.36729582998647,10.9454413024059,12.0356167331005,3.434149
1066,1996,12.6523373479077,8.35208267135264,10.9010245751793,12.2591289563348,4.7085314
1066,1997,12.9844039095954,8.785692444451239,10.8964892942912,12.5987317399548,.74125844
1066,1998,13.2451313011686,9.328567753340829,10.9624490355744,12.8313111928595,-2.7541499
1066,1999,13.3995253066907,10.2031846545661,11.212039267146,12.7968721511421,-.55076319
1067,1994,11.5563079133054,0,10.4232184067726,11.0082711674884,4.3340616
1067,1995,12.3618630411041,0,10.3081890358237,12.0193813845295,10.566826
1067,1996,12.2018673633401,9.26823185039196,10.4902792782059,11.7422211979241,12.39929
1067,1997,12.4052120813761,5.64544689764324,10.3875512491564,11.7754001759906,13.702893
1067,1998,12.9655750068927,11.9839785433515,12.006897054065,12.6513483408681,13.895267
1067,1999,12.908042730485,8.722905701000769,11.9315351368673,12.2800820565109,16.883101
1068,1995,15.5993960961947,12.8821499613945,14.4112858949509,15.3555682476301,32.52998
1068,1996,15.6575303106617,12.8116282808354,14.4782319325435,15.3544960172124,34.919643
1068,1997,15.7357126531645,12.632019888579,14.5074558165052,15.412356196623,34.77235
1068,1998,15.9211095339141,12.7277076370121,14.5447460990562,15.5541116707095,35.673088
1068,1999,15.9074471937928,13.5398282000921,14.7288058479786,15.4397602260181,37.673851
1069,1990,14.8334976255086,10.7180555883004,14.4188960374036,14.2763775936967,27.679977
1069,1991,14.7343397527335,11.581891669435,14.3782353935128,14.2373260974501,31.510586
1069,1992,14.6213559038453,11.1654367693832,14.3179748429602,14.0998869282148,37.402149
1069,1993,14.6552951917306,0,14.21660586572,13.9391400521973,36.866558
1069,1994,14.7139911637526,0,14.1152371530567,13.9509922613099,35.864544
1070,1990,14.4144712140408,11.9705528231479,13.3356198118673,13.2825380792282,27.750916
1070,1991,14.238273939945,11.1082000831971,13.3353615580463,13.2536990105256,26.352943
1070,1992,14.213501741862,11.9583353829847,13.460630145747,13.2637535087472,32.708263
1070,1993,13.9011837372023,11.8582300102366,13.5406840310835,12.8567289844054,40.315731
1070,1994,14.0267660649991,11.3996671771853,13.5438673065419,13.2808323069302,36.193249
1071,1995,12.2656771728449,0,9.41010065313697,11.8015962040678,-3.03774
1071,1996,12.0285179298105,0,9.28419474054666,11.4285192349621,-.15783814
1071,1997,12.0648916547607,7.0833878476253,9.259349559777229,11.5387552127627,1.7083346
1071,1998,12.1685481417391,10.0215816509186,10.2472935455909,11.8083480170674,1.9544442
1071,1999,12.0085463500797,8.85366542803745,10.3327440542507,11.6624579448771,.93520015
1072,1995,11.6711967539269,8.385716828627849,8.773802466113439,11.4630230704464,-9.4505825
1072,1996,12.1287492957493,8.562166557058969,9.24907058023622,11.8759001215128,1.8176599
1072,1997,11.7736723215095,8.29729437026692,9.46516086903082,11.6872128923045,-.23508544
1072,1998,11.8101437623696,9.14782646658694,9.88859724004093,11.4771568849492,-1.9351151
1072,1999,11.7092210150906,9.46234345197094,10.2672066282214,11.2223925532124,-4.0248184
1073,1994,11.7030096982764,4.60517018598809,8.85650425190415,11.3272477337562,2.2154756
1073,1995,12.5509992536831,0,8.739632494806081,11.4491064798398,9.1906748
1073,1996,11.9417308894245,0,8.622759685858981,11.0333807131699,3.4764526
1073,1997,11.8454751407595,0,8.505889545244839,10.9172654143525,8.224515
1073,1998,11.7351416297532,0,8.389018852692731,11.2476959227263,5.5393066
1074,1994,14.7868739380462,11.8866040245851,13.1972197979721,14.7768638267981,14.376051
1074,1995,15.6316392457156,12.7044116347423,13.5530039733698,15.2143827794969,17.392815
1074,1996,15.4185239165675,12.6033678036329,13.7540256099233,14.9984093698398,18.560572
1074,1997,15.6479361180898,11.9894825731858,13.7892273610651,15.3156702790753,19.311764
1074,1998,15.7889797952221,13.2258563502892,14.1040541342151,15.2334189471795,20.781162
1075,1991,11.4381300771133,9.033125752550371,8.91004576147356,10.8042732362781,-1.9279914
1075,1992,11.2068802619828,6.48768401848461,8.890121333619289,10.738620888805,1.2264048
1075,1993,11.2432714614675,3.80666248977032,8.789279276243461,10.7255679597394,-4.1959558
1075,1994,11.4332080831604,6.01615715969835,8.75959019965233,10.7019719313686,.89371639
1075,1995,11.2720676043052,0,8.64639522587953,10.5507347561513,10.205558
1076,1995,13.1939036355642,9.10364563330522,10.6096077188445,12.9574196635179,11.664123
1076,1996,13.4053276407609,10.4633890139487,11.0986637801785,13.2056711380471,12.637211
1076,1997,13.2693974691848,9.349667437197279,11.1349962405966,13.0811428761719,12.687577
1076,1998,13.6695896914309,10.5507216760817,11.4417516455157,13.3270706327673,13.967023
1076,1999,13.8078537483755,10.5570099383128,11.6527204502777,13.5410442878442,14.216839
1077,1995,13.618914575528,0,10.816332354006,13.5629117332431,13.819954
1077,1996,13.6088678788886,0,10.7096374724313,13.4400509042981,15.037159
1077,1997,13.8180975976683,8.049427057110689,10.6667506404088,13.636607722736,12.167178
1077,1998,13.9763136888284,0,10.5600563259755,13.7040105021007,14.708821
1077,1999,13.8427497317616,9.56366972566382,10.748617350087,13.7084618268279,16.855761
1078,1990,11.8132628081098,9.011889433252341,10.5182136265831,11.2795421959436,3.2762098
1078,1991,11.5901192567956,7.69621263934641,10.455399455896,9.803309198821291,-1.9151145
1078,1992,12.1411266701944,9.47270463644367,10.665967213576,11.3491692469316,1.6498539
1078,1993,11.7564404722431,7.67786350067821,10.5919261651683,10.7958543778099,-2.8702137
1078,1994,12.1419771386892,0,10.4660418758871,11.190791515111,4.9891405
1079,1990,12.527827464297,0,10.7189187352992,11.5031532499551,.94683009
1079,1991,12.5413096685231,7.82404601085629,10.6603041266517,11.7090513312972,5.5938845
1079,1992,12.2585455092898,0,10.5434396314189,12.1133744065752,-2.4641297
1079,1993,12.5602651173988,7.71154897962915,10.4864180006371,12.079594055596,3.4840386
1079,1994,12.4566209079553,0,10.3695396346932,11.9137934306262,4.1681948
1080,1995,12.2544879298508,5.41610040220442,10.4060067734585,11.8458213512987,.47894621
1080,1996,12.149543682451,0,10.3456188316802,11.8186204804133,2.6885467
1080,1997,12.081359331516,8.131824785007201,10.3790009749555,11.7042748425649,1.2862519
1080,1998,12.2036941721917,6.90775527898214,10.3460236288534,11.9847558713465,4.1873002
1080,1999,12.1823838242135,5.25227342804663,10.2910703882857,11.5786707842756,5.1298437
1081,1992,12.3236859355217,8.60098271714592,9.7223852521469,11.5669218354992,-2.643044
1081,1993,12.1794592537805,8.41183267575841,9.858160634401081,11.6500714292157,2.6419725
1081,1994,12.4640644007278,5.7037824746562,9.76226379222557,11.9628937004431,-1.8032941
1081,1995,12.3863110581304,8.832003931256271,9.97786191777549,11.9671009018112,.31466901
1081,1996,11.1815885349139,0,9.866034875485481,9.904427717295009,1.984839
1082,1995,14.1505289938978,11.1288793242354,12.8667519014523,13.6415652930755,24.576019
1082,1996,14.0971567036317,11.4039919069256,12.9623835745356,13.5844594541457,26.255981
1082,1997,14.0915133900543,9.430519533826381,12.8860094520661,13.563301187966,27.349579
1082,1998,14.0923254012928,10.3414521187349,12.8532664594032,13.6497471132503,27.670406
1082,1999,14.0895531286301,8.49678638163858,12.7616138579314,13.6504869195442,29.095966
1083,1990,15.7077556776702,13.699837045698,13.8501757180169,15.3277237062442,31.101675
1083,1991,15.5696854281763,11.398434504483,13.8150000276659,15.270020050305,36.217918
1083,1992,15.2201137795104,10.7612377393963,13.7389348665714,14.9176323466427,48.320164
1083,1993,15.0158749797416,10.3660258856706,13.6492792165732,14.916400784666,49.079266
1083,1994,15.2823491702354,0,13.5240565808155,14.7769096311633,42.910126
1084,1995,15.5113249554571,12.8935085477447,13.9118631034076,15.0348862480588,41.579586
1084,1996,15.5721467365727,12.6356448289816,14.0571720686048,15.1309133463095,44.259899
1084,1997,15.6423889848797,11.9559753334057,14.0771247719835,15.2122240704301,49.646587
1084,1998,15.6476308907977,12.8610557544945,14.2311609528197,15.2477976367531,51.225952
1084,1999,15.6722560646536,12.6500498824717,14.31671078588,15.2510938075713,51.563026
1085,1990,16.9129132443638,13.1780686247981,13.8860044357108,16.380868530233,59.199348
1085,1991,17.0087187420153,13.6813263808938,14.4196018001153,16.4422554439122,64.283691
1085,1992,17.138973833537,13.3081871276865,14.6255443280484,16.6365582758369,70.401337
1085,1993,17.4327409907323,13.8262516651803,15.5553359837093,16.9365776629439,80.790184
1085,1994,17.4638675423437,13.6656801987641,15.6105871195534,16.899656835169,85.845512
1086,1990,15.4834117013516,11.3229023269892,14.0823241402899,15.0669381314608,24.67382
1086,1991,15.5086545310832,11.5324829641858,14.0529648208295,15.2755828592045,29.487967
1086,1992,15.5501943840426,10.2308469646407,13.9655719738512,15.0912023951973,33.976448
1086,1993,15.4201643248967,10.6596095322575,13.8928483799614,15.3596737682393,46.674931
1086,1994,15.2694849312785,0,13.7826987915672,14.8663161202719,40.92704
1087,1993,15.361099532122,12.3494844408204,14.3531570645314,14.9111537307534,57.081528
1087,1994,15.5009632474345,11.3658397692651,14.287884687852,15.048636790951,59.174328
1087,1995,15.5079184715863,11.1320602822303,14.2132841621478,15.0058347481004,50.881512
1087,1996,16.9861822150652,10.9976901327155,14.144093469828,16.6418919440996,68.955521
1087,1997,16.9879923425533,12.2774067741345,14.0496581422183,16.5754067892916,68.517952
1088,1995,15.4571706607561,12.8880805136784,14.1329673559464,15.1266688673814,15.220246
1088,1996,15.2488342418034,13.1134235358349,14.3089728070371,14.762452976883,33.301113
1088,1997,15.4592005962066,13.189666822614,14.4569516220953,14.9221500493831,36.029518
1088,1998,15.6195301138557,13.8133041255816,14.7385567403139,15.1133607576726,35.460926
1088,1999,15.6182718202706,14.3126805667825,15.0956440832556,15.1276648137548,35.24371
1089,1990,19.0048405359658,15.4496383512777,17.6931259319558,18.721417456413,42.960495
1089,1991,18.9563242435636,15.3718710591045,17.6705972147765,18.7035883012911,49.1395
1089,1992,18.9905103335335,16.213181623812,17.7680753823472,18.935267068734,58.018555
1089,1993,19.0159688316671,16.7756221305381,17.9737312626246,18.9805431387601,74.751122
1089,1994,19.48243840377,15.9134211174901,17.9740571331489,19.1124200883572,80.952347
1090,1995,15.9021463044762,11.6945134194104,13.7225629051939,15.7376197378966,38.882511
1090,1996,15.9921228643448,10.9198588858203,13.6605781893646,15.7206991930136,41.595715
1090,1997,16.2263916429378,12.0878407591554,13.7227503242822,15.9040461751487,45.609005
1090,1998,16.2595912889609,12.0249283954386,13.7644389232189,15.957561169922,45.329422
1090,1999,16.3169055782479,11.8839992463101,13.7797210873596,15.9908627068961,48.725452
1091,1990,12.7445290004104,9.867860374892979,9.129889247578561,12.6776941171875,14.011875
1091,1991,12.6106096537535,9.39266192877014,9.89585348706793,11.9732014338403,14.75678
1091,1992,12.5576187498278,9.21034037197618,10.2111964918464,11.9026793325197,20.817856
1091,1993,12.2835896209951,8.987196820661969,10.3681582368759,11.8063624685318,17.227125
1091,1994,12.4268116052728,7.09007683577609,10.2960970468742,11.6278618723899,20.043688
1092,1990,16.4747436733111,12.6514857663477,14.2581295011143,16.2921020664913,38.854721
1092,1991,16.5538257849921,12.3069672036284,14.2855959338687,16.3456420144453,40.755257
1092,1992,16.6310412037813,11.5072795567834,14.2335158417007,16.4510578273291,48.727814
1092,1993,15.9856232841794,11.8168892677463,14.1243699006928,15.7929337206021,54.868183
1092,1994,15.536433374981,12.2697608052129,14.1576457298574,15.2067245905621,34.032352
1093,1991,12.4328381492784,7.60090245954208,9.823209817245759,11.7359383642693,18.415585
1093,1992,12.2797157471767,0,9.72379254334405,10.8283615448301,16.759729
1093,1993,11.7680904432402,7.82404601085629,9.767616281673281,11.1148240223072,18.432518
1093,1994,11.9747793564824,8.41183267575841,9.899625102871831,11.1536594532365,19.513266
1093,1995,12.1598700982631,7.74066440191724,9.906383355648151,11.4058413959431,19.957264
1094,1993,14.8041321065808,10.9335354493354,12.5821927018839,14.0524084695098,32.374302
1094,1994,14.4646962371448,11.188551745247,12.6865141105416,14.1302763230137,28.002789
1094,1995,14.606029031771,12.7958046392748,13.308497988591,14.2101539531334,29.835068
1094,1996,14.4580665469345,14.232962206272,14.421997445352,14.2193673972419,26.211969
1094,1997,14.6979742512709,12.413875122005,14.4225140032065,14.4154084833528,31.560913
1095,1992,13.9714445990381,8.61250337122056,13.8561293318366,13.836660669153,34.608227
1095,1993,13.6358491708904,9.615805480084351,13.8303180834267,13.0898147562591,26.562181
1095,1994,13.9275788688635,0,13.7365566323524,13.4250034313723,32.232601
1095,1995,14.0402000501828,10.1735146897492,13.6697745915892,13.4796671649996,24.475559
1095,1996,13.6900854407233,0,13.5760132601214,12.3780661497486,26.178738
1096,1995,14.9454246186299,10.2240844399991,13.4515066800217,14.3522701517084,40.650738
1096,1996,14.9651820633283,10.5386082955737,13.416078265773,14.3733201626675,43.420685
1096,1997,14.9063034091507,10.4776822639188,13.3788321436774,14.2039621396714,47.531666
1096,1998,14.8564542482661,10.8192581491634,13.3624002299877,14.1329189515207,45.178219
1096,1999,15.5210088060201,11.1936288787491,13.3764857707698,14.4230751370272,45.725182
1097,1995,13.2627571920005,8.41249912030157,10.3893583793444,13.1184710071132,19.703957
1097,1996,13.1626587764461,7.10906213568717,10.3141458194889,12.9057460763759,19.653708
1097,1997,12.902951606709,8.912607963670901,10.4111451634444,12.5802791127762,15.768399
1097,1998,13.2119361370782,8.43315919580623,10.4214238355372,12.9731405918528,15.791857
1097,1999,13.4224361551353,9.140561477368269,10.5392042234179,13.1321204749539,19.194935
1098,1993,14.9805623443182,10.3136416501304,13.129399763872,14.8246575996321,43.6049
1098,1994,15.049808828837,9.78098087804333,13.0648997169814,14.7282385808362,45.480343
1098,1995,15.1678194218993,10.3685728566253,13.0288962980464,14.8922214869423,45.786366
1098,1996,15.2875055357076,10.3318550538616,12.9914197194189,14.9391529926593,49.471256
1098,1997,15.3138517425978,10.1093628622838,12.9431089521498,15.2554554312224,49.557327
1099,1995,15.8615590932619,13.4784211309202,14.7551224648771,15.3811273846864,40.877224
1099,1996,16.0231011644802,11.2592453835944,14.6935758380482,15.5168095716211,42.300346
1099,1997,16.1469636447833,12.9862389113834,14.7592391259741,15.5784420834155,44.680935
1099,1998,16.1489983336001,11.3029449001823,14.6982735027868,15.5161819638042,46.591671
1099,1999,16.2675413632419,12.7010432399721,14.7256671946859,15.8570097206381,50.258724
1100,1991,14.2263633571559,11.0951347071714,13.5519860606869,13.4079970736264,26.399334
1100,1992,13.9674827728682,11.305642959587,13.5305322935935,13.3935299916079,24.833366
1100,1993,14.0692905412892,11.9119901338974,13.5923233806985,13.5184839704913,23.489792
1100,1994,14.3937114159168,10.9827471126884,13.5372094133624,13.7676472063796,27.616856
1100,1995,14.6422274624521,13.4604471719111,14.0633625656458,13.923818415032,25.34486
1101,1992,14.0860307033998,9.072915696064509,9.938386440040389,13.8648505366597,17.299088
1101,1993,13.9674674045267,8.01102337918644,9.96432862151442,13.8079248812816,18.578377
1101,1994,14.1429658351485,9.05543941075822,10.1948279252401,13.9205561445845,17.416433
1101,1995,14.2907069315461,8.168202930236051,10.2012375231872,13.9913643200767,18.706949
1101,1996,14.3366337790121,9.03085479000144,10.346909755255,13.9825464435506,24.044937
1102,1990,16.3100960868783,13.5576202703202,14.5663510093027,15.7668830459332,32.629055
1102,1991,16.2843729014605,13.5965034398025,14.8060781391602,15.7881087518687,37.679024
1102,1992,16.2766503365676,13.6257389180911,14.9837476917153,15.804371476614,37.095524
1102,1993,16.1821480086794,13.5817824372101,15.1097549515078,15.8024033311225,38.422581
1102,1994,16.267719490256,13.6171510784725,15.2146304936478,15.9024651745391,43.206795
1103,1994,15.9196070242199,12.7611208751778,13.3423807673641,15.7266992922406,5.5058718
1103,1995,15.9843312630804,12.2511559477683,13.5244554699527,15.822849724751,13.890797
1103,1996,15.987287005373,12.7336049325671,13.7820068237005,15.8181456933162,12.652861
1103,1997,15.9899078816772,12.2821165996038,13.8716366057644,15.8359092249357,14.063921
1103,1998,15.9835744631407,12.3840347135467,13.9623661503717,15.7634237584885,16.24593
1104,1991,13.5631817657914,8.268731832117741,13.2619792221512,13.1783953258421,16.211483
1104,1992,13.6481591803111,7.58273848891441,13.1615163959587,13.3190446718239,15.685751
1104,1993,13.6661768358812,8.89850220964664,13.07193812721,13.2148114246577,15.592005
1104,1994,13.6482539048844,8.73391617492752,13.0191722846239,13.1359777263056,15.166968
1104,1995,13.8076005408802,9.431000842996591,12.9417310330873,13.4411755595537,22.32905
1105,1995,14.3479364550797,10.0425100911849,13.3117424710933,14.0024582668674,24.287832
1105,1996,14.4944727476701,9.53162645184174,13.2292019402121,14.0279242766099,25.692234
1105,1997,14.5632517010451,12.3054653894082,13.4422229562194,14.072674780135,24.9181
1105,1998,14.554551375881,11.915954274378,13.5230281824712,14.0184315307372,26.570686
1105,1999,14.5261388327453,0,13.4190001862597,13.8739258696373,27.684971
1106,1995,12.3823458646177,9.54309140779554,9.569670787028571,12.124736779801,1.6035138
1106,1996,12.0840792901539,0,9.4536864706079,11.9201672861936,9.8445139
1106,1997,12.6239458011042,0,9.33537703634387,12.3284523915052,3.4454675
1106,1998,13.1683220378036,0,9.224844674178989,12.8625325949069,6.423336
1106,1999,13.5232435961301,0,9.115073191247379,13.0338594526505,6.3861752
1107,1995,12.939982201395,11.1194679759863,11.3025364772874,12.6310205596057,21.334696
1107,1996,13.153804267295,0,11.2011678894768,12.7961706868653,23.574734
1107,1997,13.2108923972706,0,11.0997995879604,12.7290533237405,27.154188
1107,1998,13.761373839031,9.03121370607875,11.1097217978757,13.3409618641314,32.502869
1107,1999,13.9594275296127,9.6476270924073,11.2026432558393,13.8994724470269,35.137066
1108,1990,15.1120779474819,11.7193215572054,12.8752779940935,14.9866761171016,13.200186
1108,1991,15.0677920147314,11.2834871430933,12.9719245999357,14.9365806881543,20.828753
1108,1992,15.1259180548797,11.2834871430933,13.0485405030679,14.8983662472237,21.546286
1108,1993,14.8774086564517,10.1572766939647,13.0038255319507,14.577721351009,21.661407
1108,1994,14.9774840670827,12.4489521552516,13.6702106442944,14.6588925863129,25.316212
1109,1990,12.9851374621265,9.305650551780509,12.342127725974,12.511795225705,18.801979
1109,1991,12.8165000368117,4.04305126783455,12.2498363888613,12.0859117155822,15.574407
1109,1992,12.7391236700743,6.5191472879404,12.1606274806077,12.0544432651852,17.659327
1109,1993,12.6325231034646,0,12.0680741473729,11.8747236494683,24.7152
1109,1994,12.462013813641,5.67675380226828,11.9772039870202,11.6125916365439,18.170412
1110,1994,11.4366170053057,7.37775890822787,9.46159702081011,11.1083136169536,3.1297476
1110,1995,11.4914134012493,7.43070708254597,9.481138204493719,11.0761327502648,.83944011
1110,1996,11.4749007621963,8.779557455883729,9.76614892156865,10.4893189960812,-.86417478
1110,1997,11.3034404731665,0,9.665775899858991,11.0722859580285,.1612066
1110,1998,11.3575047943974,0,9.56540301685904,10.7399737907982,-.21481603
1111,1990,12.8767779197591,0,9.42133036711782,11.8890880276736,5.1411848
1111,1991,13.1940290382498,0,9.328896442097751,13.0962980363041,.40211982
1111,1992,13.0396862486449,0,9.236466103502339,12.8717630350014,1.6826205
1111,1993,12.7800410157729,0,9.14402961468876,12.4611392892859,6.7614388
1111,1994,13.6126244735794,0,9.813732414875441,13.3521440969367,6.1890349
1112,1990,15.1637022881867,11.4654459415359,12.4749808363455,14.5932120219828,33.071854
1112,1991,15.3811670037072,11.4184059724903,12.6942025590685,14.9103177568884,36.887787
1112,1992,15.4901494597011,11.4535257176886,12.8614805750298,15.0367349215826,35.692688
1112,1993,15.6612815096966,0,12.7667301763773,15.0718156633866,42.702179
1112,1994,15.7996088897026,11.079662553152,12.8426187863002,15.5163303443228,44.529301
1113,1990,15.0732947146514,9.55343349919151,13.080878663334,14.5282316222824,5.9738679
1113,1991,15.1323610055094,10.0940252641014,13.0390317672153,14.49791197283,15.235067
1113,1992,15.1327378895718,9.758924101344769,12.9837089415174,14.2184873437541,23.533968
1113,1993,15.0922984274163,10.6236417385826,12.98264166422,14.4617479489123,16.378504
1113,1994,14.6375271352909,0,12.8886173176154,13.5052921323234,19.62764
1114,1990,12.0676120117216,0,9.956032563199891,11.7056546752077,4.8129311
1114,1991,11.8327087145202,0,9.844215141071061,11.3829952038046,6.2222419
1114,1992,12.1081406996346,6.52502965784346,9.769801862294051,11.7545689244795,6.6231899
1114,1993,12.0725066124639,6.45204895443723,9.69503554996491,11.5099635430814,4.1246104
1114,1994,11.904971116344,8.467582690862899,9.845339237140561,11.4016709447407,3.3858719
1115,1995,12.6286757126113,0,10.9839749057957,12.2547411884258,14.474556
1115,1996,12.4584710336025,0,10.8717006808716,12.0346841740304,10.219254
1115,1997,12.7475705601661,9.74096862303835,11.0262638588284,12.3821369099779,14.562292
1115,1998,12.8778928747309,8.914088348841331,11.0218893965196,12.4955598181392,16.584986
1115,1999,13.0983918270662,10.6401730351106,11.4034855286681,12.5751735559755,19.792191
1116,1995,12.1035832482302,0,9.59684010219704,11.8808721280576,2.4560423
1116,1996,12.1591758270173,0,9.485909376544161,12.0025515433282,8.0370579
1116,1997,12.8754366459543,10.6468762245328,10.7665315042639,12.5477531372077,6.9301085
1116,1998,13.0731888527675,9.411892497046921,10.8728867304129,12.7698702698008,10.864444
1116,1999,13.0795136349588,9.353401214816831,10.9479621544884,12.7025802046128,12.255717
1117,1994,10.6903428741886,0,9.84896800676032,9.96275978678525,9.7871647
1117,1995,11.0901846386973,0,9.749922534508849,10.3296258292021,7.5563827
1117,1996,11.3334517154436,5.8348107370626,9.669580026950699,10.6554345693663,8.4126854
1117,1997,10.9348209907114,0,9.570536110636811,10.2818701219414,7.5758662
1117,1998,11.3484556119983,5.49306144334055,9.48712326355896,10.7070420048054,9.7681179
1118,1994,17.7692297877734,13.7334324469287,15.8777758030203,17.496425292408,54.447662
1118,1995,17.7943496386013,13.6873225781337,15.8808118838442,17.5747790692027,61.759193
1118,1996,17.8283535559012,15.1918992697328,16.1701171031746,17.5993654600294,58.906757
1118,1997,17.7973050788474,14.4547177869326,15.7612312890811,17.4814577261522,59.940094
1118,1998,17.7108900809719,13.8419353280399,15.7891379672289,17.4940680950549,61.335728
1119,1995,14.1262069655955,10.8073007628992,11.7125088422434,13.417457269411,11.690042
1119,1996,14.1440205073766,10.0306046675956,11.7746002610398,13.568052037367,12.68118
1119,1997,14.2976764056785,8.53817159780143,11.7103638512358,13.7513414796932,12.322212
1119,1998,14.3493725621629,10.596259662766,11.8765430528864,13.6323861410932,15.169905
1119,1999,14.3354963764038,10.6854236959101,12.0237422886975,13.7010658831577,16.181646
1120,1993,12.1789032469364,5.19849703126583,11.2999042594167,11.5817417142036,8.2760601
1120,1994,11.8209688401126,9.55364634817596,11.3514636236167,11.558766406039,9.3686304
1120,1995,12.4194633663707,0,11.2387425343977,11.5576776790357,2.857116
1120,1996,12.4270264943703,9.45493225449626,11.2755574743005,11.6612725893674,9.0585833
1120,1997,12.4329691285925,9.92059046043579,11.3815722697789,11.5766443792741,12.089826
1121,1991,10.5659770523086,0,8.43706714693695,9.88567971463165,-10.041062
1121,1992,10.7201277321359,0,8.342958844804899,9.93925156312379,-5.8518462
1121,1993,10.6948680653766,0,8.2486860983505,9.807373518905649,-6.2969489
1121,1994,10.7560787964215,0,8.154183942344471,9.868339481867091,-7.7864728
1121,1995,10.7135191820027,0,8.05990833457828,9.88041206310136,-12.482513
1122,1995,15.351885774662,11.9088653518533,13.7601003797753,14.8830842760318,39.041168
1122,1996,15.3050658952038,11.7945794046837,13.8006253204648,14.8082369021039,37.139297
1122,1997,15.501551163832,9.69301340432258,13.7335529346762,14.9580459395746,41.157459
1122,1998,15.6340502228222,11.5104223347521,13.7458180846702,15.1112835231457,40.637905
1122,1999,15.706224922447,10.998593701875,13.7202959535925,15.1611443567136,45.989651
1123,1990,15.0192997000253,10.8549523594179,12.8112543577364,14.4107919471247,23.306717
1123,1991,15.1317882183879,12.3859746108054,13.2320452425673,14.5403622559123,30.425905
1123,1992,15.2662645790873,12.0854179907193,13.4074716404485,14.7766943175515,30.723829
1123,1993,15.6929982383144,12.8145085291599,13.7491513937949,15.2301805127187,33.333424
1123,1994,16.4000332245543,14.23406561761,14.6152498554498,15.5517068690844,36.345989
1124,1991,11.0264213693364,0,8.40585931515403,10.2314524306856,5.0675216
1124,1992,10.8818024865811,0,8.305928802632099,10.2187169760615,-5.2884021
1124,1993,11.0599194120931,0,8.205846644325749,10.2179307808101,4.9783654
1124,1994,11.0583576438543,7.24064969425547,8.43143920539733,9.21778778182439,4.7759967
1124,1995,11.1899314323437,7.02553831463852,8.544847268198049,9.815477414083929,6.524509
1125,1995,16.3531669159349,11.5121651760238,13.6134904524578,16.2768764602614,19.829432
1125,1996,16.4462450872582,12.1572762313412,13.7131169699539,16.3421852035337,29.58733
1125,1997,16.5081154267206,11.3809699728192,13.7000461696663,16.3666332094971,29.013
1125,1998,16.5083393134793,12.4539361261348,13.8371243871808,16.4457365383382,29.486757
1125,1999,16.5106125678674,13.5134387818764,14.2490516218676,16.3992414590023,32.026726
1126,1993,18.3847014670341,11.1506635141627,15.4164072376999,18.1514935031146,79.716942
1126,1994,18.567595991017,11.2317422292583,15.3250873608042,18.434075869191,76.712303
1126,1995,18.5537795135966,15.6939527946402,16.0992420637811,18.4640901181594,77.733932
1126,1996,18.6677296621853,12.7885368378381,16.0267788699126,18.5084698969742,79.97229
1126,1997,18.7811851351638,16.6817760244058,16.9546117089014,18.6761441364211,83.396355
1127,1990,11.9236246394236,0,8.858510813033931,11.7497053794197,-5.4668417
1127,1991,11.814167989286,9.615805480084351,9.940590640487629,11.6354324706663,-9.7712393
1127,1992,11.9989375695769,8.12029131396856,9.985007629899901,11.5508766703166,-8.6744947
1127,1993,11.4064361858319,4.9416424226093,9.878328706275729,11.2421199405926,-9.642993
1127,1994,10.3017181707143,8.27969713387763,9.95315828127571,9.480584767395561,-4.502212
1128,1995,11.8564651738807,6.3491389913798,9.42167041780484,11.0054070393341,11.582187
1128,1996,11.9705186644538,7.97728198675515,9.52236621569247,11.094635508426,9.1549397
1128,1997,12.0021751828429,9.111182800442959,9.904162324826091,11.2505987072663,9.6288042
1128,1998,12.0687342925246,8.33014046024638,9.979299785897069,11.1803720840207,7.9927402
1128,1999,12.2272228374094,8.0519780789023,10.0042736213476,11.233530694317,11.512312
1129,1994,12.2293897185656,8.10167774745457,10.3705744322005,11.8745549636508,6.0834532
1129,1995,12.2915780623582,9.145375093123819,10.5121818984256,11.8428383876416,7.2848625
1129,1996,12.2091961362515,11.2245898456699,11.4841267338015,11.5466954347039,10.245377
1129,1997,12.3369289456262,9.961992281908691,11.5601725344192,11.8231174987243,10.00873
1129,1998,12.4113945100893,8.36776467792431,11.4862837040238,11.7383139640296,11.141366
1130,1995,12.8061866342365,0,9.609539221362819,12.4770836401746,11.976101
1130,1996,12.7620582182292,6.74405918631135,9.58057891303234,12.487313049677,11.983187
1130,1997,12.6101935009442,0,9.500020447090639,12.3579439144045,13.193468
1130,1998,12.2086985209047,0,9.419458018557259,11.8390674739035,12.732707
1130,1999,11.2460791792724,0,9.33890067920426,11.0583944268554,10.784229
1131,1995,12.4547593055152,8.46800294722547,10.6177771487494,12.0798417580055,4.757906
1131,1996,12.4857385760127,8.35514473946184,10.588320263492,12.0957225702902,6.121438
1131,1997,12.3591599300248,6.90073066404517,10.4861751280393,11.8519827814457,5.3537822
1131,1998,12.3646196636898,10.3064161129923,10.946756250165,11.8807324985095,5.5288005
1131,1999,12.4678584508591,10.2422072616978,11.205288273596,12.3108229848869,8.9718008
1132,1995,16.4474181821382,11.2443006440519,13.4162959248741,16.2954619078537,20.719788
1132,1996,16.5174103409529,10.6689553946757,13.3752454429663,16.3499456385986,22.122829
1132,1997,16.5540398600396,12.2643604214007,13.5438284670705,16.3897716400098,28.256975
1132,1998,16.6435669315542,12.8588664717409,13.8283726850252,16.4713195212965,29.97213
1132,1999,16.5720346822732,12.32769275464,13.9156873312149,16.4167838169438,35.950314
1133,1995,16.2099040351423,11.7840207338176,13.261816576471,16.149400862776,23.704441
1133,1996,16.2503117162626,10.7353744140096,13.2348274032868,16.2081810071525,25.585989
1133,1997,16.2601795801065,10.4281273201355,13.1897784448128,16.2363438341862,26.810221
1133,1998,16.4175073508316,10.980484572065,13.186985082582,16.3658683266638,28.034479
1133,1999,16.4592514769227,11.4526976394197,13.2380576553466,16.4181885100797,28.198952
1134,1991,12.6110104207805,8.574518258035511,9.85855294614225,12.4376411148467,-7.4680853
1134,1992,12.6127041996598,0,9.79153312250763,12.4490636982504,-2.1544719
1134,1993,12.5933730470841,0,9.72454627615156,12.4489764162786,-6.0746055
1134,1994,12.5913790831749,0,9.65753586189591,12.3917237238287,2.1732342
1134,1995,12.4715539103921,8.04109100370863,9.76154949413705,12.3308236609133,.43050057
1135,1995,11.8807906879965,0,9.65521848244118,11.6524209009197,9.6364937
1135,1996,12.338541276662,0,9.5307848475202,12.1623427597924,6.6026754
1135,1997,12.7824994672519,8.398184404834041,9.67560780312148,12.6826193768934,10.256227
1135,1998,13.1889010276062,8.93813787037279,9.926871992768859,12.8723175555031,6.0334563
1135,1999,13.401018741409,9.897922094063251,10.4547168433356,13.2560345616382,3.2696075
1136,1995,16.9539806553682,12.4392932523409,15.9333568790524,16.6935779083928,42.11837
1136,1996,16.9722562268715,12.0791195682658,15.8596841838835,16.814043921973,42.005299
1136,1997,16.9507774077125,13.1567474126661,15.8266890912066,16.816430682452,40.805279
1136,1998,17.0567701315401,14.3414945115416,15.9232994402069,16.9489260852769,41.631618
1136,1999,17.230725006736,13.7883901005423,15.932930262305,17.1281793759472,48.162231
1137,1991,16.3941028875043,13.4815332065272,14.8080298776109,15.6944962178738,15.100257
1137,1992,16.2513251687113,13.558243878704,14.9514795800646,15.5791612390381,30.834438
1137,1993,15.8390853447062,13.2970827775582,15.0123733962789,15.078363942327,34.490211
1137,1994,16.0590573728589,12.2844493508075,14.9551852282573,15.5031510891694,38.9366
1137,1995,16.8473818522458,13.4202640615504,15.5001768261165,16.4375287703681,52.569557
1138,1994,13.7840765435337,10.3089526606443,13.0945487112727,13.2943949800249,23.16828
1138,1995,13.9809578159598,10.7144177687525,13.071246488509,13.4663991522138,22.743479
1138,1996,14.1434248497332,11.4831979484972,13.1278731705779,13.6536957372402,27.553183
1138,1997,14.3295657886404,11.7743893241946,13.2247851190929,13.7669512654578,31.093763
1138,1998,14.3996345539934,11.5743591711543,13.273502269205,13.8008909767115,33.305771
1139,1994,16.239064656777,12.3092743325935,14.2414223996131,15.8142326076413,51.969921
1139,1995,16.3550542981128,12.4333715513879,14.2755353134495,15.9875902669765,45.371292
1139,1996,16.5558658047809,12.5016931252835,14.3111381951853,16.14137185579,46.928406
1139,1997,16.6861184749098,13.1499376875715,14.5673139772864,16.3800779246218,46.119991
1139,1998,16.7099820343458,11.9618012141601,14.5190469334585,16.4330488493719,49.616837
1140,1995,14.0255426146867,10.1842205358997,12.4574129068107,13.3147248120387,32.261646
1140,1996,14.1873067301504,11.9832103046726,12.8277018048086,13.3238730843994,35.165855
1140,1997,14.6417135232937,10.7973077012829,12.8528548936673,13.9368147371722,38.246899
1140,1998,14.685066580856,11.5072393294992,12.9781525333257,13.9825034657689,40.009033
1140,1999,14.6660639478543,11.9081853430745,13.1613992657863,13.900502009617,40.456867
1141,1992,13.0604230662078,0,12.2892729780396,12.0263609860725,24.747084
1141,1993,13.0611025674456,0,12.1857990173305,11.852458991982,23.162041
1141,1994,12.9852074617057,0,12.0823241015591,12.0174905380308,26.033087
1141,1995,12.9941521532901,11.0790608823404,12.2842186324888,11.9206373768624,27.508722
1141,1996,12.9126217016088,0,12.1807450939087,11.9172971108147,27.046059
1142,1992,15.1557756954519,0,11.9799383764747,14.4907212299882,25.522955
1142,1993,15.7321431325736,12.292346667407,12.7542374057013,15.3353284109688,15.658413
1142,1994,15.9233775385528,12.8556544887102,13.4002605333212,15.3774288285184,38.775497
1142,1995,15.9915093166332,13.2456070322604,14.7969599561462,15.4594649536543,39.346306
1142,1996,16.0239851516602,12.8681753958496,14.8172211209906,15.6093160470749,44.76704
1143,1995,11.9785782811248,10.630407943203,11.1325021767651,10.4403803861721,22.869648
1143,1996,12.0343851034906,0,11.0223517139798,11.0853372969734,17.724239
1143,1997,12.2108941798984,10.0894275548528,11.228419676118,11.0596587366095,16.734089
1143,1998,12.2776611150524,9.305650551780509,11.247016625914,10.6040063997881,27.838409
1143,1999,12.315963114722,9.68408698750075,11.3155044834632,9.55834238746646,27.158878
1144,1995,14.970753162598,10.2198299654811,11.3140146644286,14.5232202453538,41.540966
1144,1996,14.9065212469417,9.717157974344641,11.3884942540886,14.3901959045978,44.397423
1144,1997,14.7944366776408,10.0073970159266,11.4986084640754,14.1931728290091,44.757027
1144,1998,15.0498119646836,11.6648393593428,12.1392130327423,14.6160422194748,47.449841
1144,1999,14.9115735110113,9.34013980951103,12.0926373945452,14.3669906489915,43.828983
1145,1995,14.7605108471492,11.0424097046077,12.4862466024916,14.5531862251248,20.752253
1145,1996,15.043034762685,11.6027570281604,12.7055780365557,14.6902800572259,22.01309
1145,1997,15.1778556899217,11.1969536513448,12.7807096198593,14.9308653413581,18.871811
1145,1998,15.2042401865378,10.7581794381913,12.7827938691857,14.9068113332288,16.055437
1145,1999,15.4020117556657,11.7801318336607,12.9630123659278,15.0289736103192,17.989065
1146,1991,10.5451045685517,8.244334047856089,9.19381457001885,9.725761639850919,.97486198
1146,1992,10.5834735028183,5.98393628068719,9.125218118559349,9.464853509605041,2.728092
1146,1993,10.5660982030344,0,9.015115929826701,9.242300907690939,3.3429861
1146,1994,10.8122903194444,0,8.904942293718619,9.52757945381539,7.5720768
1146,1995,10.5201585743855,0,8.794794624525069,9.330944762010031,7.3417444
1147,1995,13.5000024197271,9.94994165690801,11.1157960185016,13.1452605803995,17.57947
1147,1996,13.7615226081452,9.73737393458638,11.2218068276211,13.3135620105997,23.343386
1147,1997,13.7406213984035,10.4125315902197,11.462933428842,13.2535752649409,18.633795
1147,1998,13.9329510725601,11.2873790290397,11.9341602423194,13.4523366089101,21.566978
1147,1999,13.9066570799125,10.5818763621205,12.0402889808145,13.3926927001118,17.410769
1148,1992,16.8769081543869,14.2049092902877,16.870759310159,15.8066092052237,54.289711
1148,1993,16.8757202727003,14.2068767416929,17.3404196356231,16.0159352664001,56.324341
1148,1994,17.1250939919012,14.4719937541526,17.3131862490229,16.1469123274893,65.285446
1148,1995,17.1212407257263,11.6998862439126,17.4314166763657,16.0878745932652,67.365639
1148,1996,17.0699303156145,15.7627061661771,17.5110398105778,16.0453205135556,72.573982
1149,1990,11.4963650958698,0,9.246575864558279,10.7863886513371,-5.4281411
1149,1991,11.5054149313897,0,9.132724716626919,11.0663292895837,.76033914
1149,1992,11.5353044415754,0,9.018901377377331,11.0603251634727,3.0791969
1149,1993,11.4903614665567,0,8.905078001025309,11.0538369527469,1.9773432
1149,1994,11.6000204649834,5.60947179518496,8.82849412946665,11.0842577031569,-3.7135394
1150,1991,18.3203452162905,15.6200919735824,17.214308082271,18.1700787575699,82.932945
1150,1992,18.4049203391032,16.1551771545566,17.4176786618942,18.1710979974527,80.391479
1150,1993,18.3527849460857,14.6848061137136,17.3762180520037,18.1595135886057,86.586273
1150,1994,18.5622929296104,14.368919120877,17.3185892127332,18.274004511226,92.433876
1150,1995,18.6118090826063,15.883396085371,17.4210306365876,18.3851915670767,96.19754
1151,1990,16.4849381281702,14.5737518865226,15.6857929652162,15.9917504678721,48.112881
1151,1991,16.4845750395877,14.0897342209442,15.7701491318193,15.9337763901352,51.913719
1151,1992,16.4965720377207,14.2463652714792,15.8633658655509,15.804726616587,58.906406
1151,1993,16.4781630939848,13.8104980161407,15.8858630188086,15.7024350219858,63.459721
1151,1994,16.594037481866,13.5873544648265,15.8699630837556,15.6942625124073,61.198521
1152,1990,15.7633786713238,11.7769498890713,13.7567420250486,15.0586192439531,48.577812
1152,1991,15.9177402045471,11.6563589199563,13.7928179165975,15.2151658542625,52.785576
1152,1992,15.8178842313562,11.7570630903886,13.8336132117121,15.3527755063474,56.366764
1152,1993,15.9606485609899,11.5059008500333,13.8430223149814,15.5400138706454,67.254715
1152,1994,16.1771103977319,10.4499891527546,13.7910274784203,15.7898876872208,68.208565
1153,1994,16.1445522224718,10.3693576505003,13.4551076738835,15.9343908916679,52.791302
1153,1995,16.2417875016513,10.9227138622816,13.4434289673753,16.1358400469052,57.926056
1153,1996,16.3822006728476,11.9084479755287,13.5418367105789,16.1608576406494,63.401772
1153,1997,16.5158667169651,11.9368000735611,13.6268290595489,16.3497379216583,65.084267
1153,1998,16.6492599938492,11.5802008624427,13.653796363404,16.3701815583718,66.855583
1154,1990,16.3766481960449,14.1694816497872,13.3427174417148,16.0710596978231,50.440945
1154,1991,16.6452126851422,14.3528421735445,14.6149080382068,16.322642488203,57.489124
1154,1992,16.9798371472164,14.4947291850263,15.1768855445352,16.7227538377212,64.135834
1154,1993,17.1300825820674,13.9427500731764,15.3506623285272,16.5511286207764,65.016106
1154,1994,17.2076224390132,13.670157564753,15.4358827328736,16.6636892634367,65.819283
1155,1994,15.5618322134599,11.2657069227981,13.7632878844693,15.1060418298071,56.920658
1155,1995,15.6527485016384,12.1435534175805,13.8517022652306,15.1919770556855,57.431599
1155,1996,15.7052532401085,12.2721740072959,13.9427855576136,15.294514702227,58.377388
1155,1997,15.6802424915617,12.1493065076811,14.0005753486492,15.2931302693588,60.258923
1155,1998,15.7775266545928,11.361136992932,13.9790505909584,15.3561691181817,65.471497
1156,1994,17.8735836791862,14.3374529607311,15.840088122159,17.6860098179428,58.300335
1156,1995,17.9174968773033,13.8946405415396,15.8770130400764,17.7162422898247,59.188988
1156,1996,17.9751953070949,14.4422176772713,15.9871108872058,17.7468136975856,62.682041
1156,1997,17.9464986721051,14.844457606299,15.5440212517529,17.7937154648855,59.762199
1156,1998,18.051485834623,14.8171232071611,15.8209165037173,17.7807280548227,62.545074
1157,1995,15.0082683050337,12.2655153927373,13.1743324833798,14.6227409212091,27.725689
1157,1996,15.2918936850094,10.9349445660168,13.156241575474,14.6914464765098,30.20318
1157,1997,15.0035675157448,11.6765907371661,13.2364683684509,14.5143230233821,28.539232
1157,1998,15.0236398842748,11.9947156095373,13.3621094607752,14.6069241668201,27.295002
1157,1999,14.9813449629429,12.0928815507572,13.4805095984839,14.6061480875948,27.802158
1158,1995,16.7399249429777,12.5178349479824,15.2037675917814,16.4107652514908,60.323872
1158,1996,16.4668247773882,12.0175599632084,15.1327545280859,16.1816624770744,60.857189
1158,1997,16.5413862010154,13.7465312578138,15.2350558291385,16.3102547512206,63.204914
1158,1998,16.4719062514191,14.3516155489757,15.4533576217533,16.1384981785894,67.721146
1158,1999,16.6420601319244,14.4253500398972,15.6315884559635,16.3055544811353,67.878418
1159,1990,15.081608960359,10.0843497115937,12.0776197639817,14.8320171774293,28.305861
1159,1991,15.242174979583,11.1958557756239,12.3438160302488,14.976209449143,34.441795
1159,1992,15.4164782862535,10.4911353189034,12.3956093603566,15.1289441889608,38.900429
1159,1993,15.3933188723955,11.2464698422995,12.578469992194,15.07677746395,37.896595
1159,1994,15.406560371958,11.8730165671901,12.8857408920327,15.1338914276131,41.524075
1160,1994,12.6075055228861,5.59842195899838,8.59960232765695,12.0733449404116,.83581442
1160,1995,12.5819672772385,0,8.49923286603924,11.9880735171864,7.645196
1160,1996,12.1227763335691,0,8.39886000445437,11.965555305672,9.4366722
1160,1997,12.1699618122376,5.27299955856375,8.33876006486908,11.7868758163666,10.505113
1160,1998,12.2386584140638,8.3380665255188,8.895917256999921,11.8364313738157,12.816631
1161,1995,12.0168495286121,9.86646043169905,10.9609288274505,10.9916786689886,17.658659
1161,1996,12.0663160109219,9.57574708283836,11.0642777658249,10.8228259779607,19.499418
1161,1997,12.1345773281551,9.38965741974984,11.1158019686778,10.9196542988841,22.180964
1161,1998,12.269702146782,9.851509813443419,11.239748351788,11.0997475646688,20.211845
1161,1999,12.2869897383045,10.0822193404795,11.3855488073325,10.9674595217225,22.018087
1162,1994,11.3765409775674,8.36637030168165,10.7750737626258,10.538685514147,11.035777
1162,1995,11.2443003170108,7.3132203870903,10.6935912841599,10.0770528275289,12.953688
1162,1996,11.1812905993811,0,10.5817672578789,10.0106348046134,13.429746
1162,1997,11.2234452277692,0,10.4699399177305,10.3396507647201,6.6968865
1162,1998,11.2778694023677,8.748146169621929,10.5136389192937,10.4133120737313,10.431536
1163,1990,11.5437002363594,10.6068078114164,9.91482306219987,11.2663773505113,6.610075
1163,1991,11.8926426726176,9.75301343918129,10.4543133932557,11.4807467629955,13.738722
1163,1992,11.8839818837557,8.973478148521041,10.5573298163978,11.236503588909,14.670954
1163,1993,11.7957586539479,10.4931058722672,11.1271129729071,10.4467815100162,17.117502
1163,1994,11.7826850981182,6.70196036600254,11.0274572734035,10.3529386819058,18.259489
1164,1994,13.0173409823551,10.4584927279139,11.5151020943928,12.164729702255,23.751871
1164,1995,13.2137292735875,10.6919449129004,11.7617804267971,11.9242990913374,24.289698
1164,1996,13.4402204311524,11.276088586524,12.1138126093049,12.2637513613443,26.575994
1164,1997,13.5118337809975,0,12.0019869589512,12.5719236974079,23.22156
1164,1998,13.6526187754603,0,11.890161180114,12.7104022474515,29.826855
1165,1991,14.6314544286361,8.815370000960661,11.1943043448429,14.3897195936318,28.530607
1165,1992,14.7987973151533,7.17011954344963,11.1011394217768,14.4241049244812,32.453625
1165,1993,14.8071253248027,9.14995322196109,11.1273865059409,14.6447626555021,35.171696
1165,1994,14.7661359009626,10.1313001866986,11.3359854019287,14.6902182845358,37.015598
1165,1995,14.952979316936,9.43492288748465,11.3610799595191,14.8281660154199,39.848289
1166,1991,12.642283824907,9.0811424335045,9.392886903461431,12.5119142824711,7.8306594
1166,1992,13.052706853606,8.79406706515142,9.736570731179199,12.7390864130087,13.91919
1166,1993,13.1290551057647,9.076008659180889,10.0540303030354,12.7439224001006,15.33963
1166,1994,13.2370457120331,7.50604217851812,10.0173205749295,12.8530092622846,13.277216
1166,1995,13.361680556488,8.648747631156541,10.1269590500701,13.0799291393758,15.507644
1167,1995,14.572693190859,12.307220299535,13.5495295710338,13.8900790886755,25.985521
1167,1996,14.9923810634827,12.6922141066701,13.7670949086554,14.3176922062928,30.741373
1167,1997,15.1149277358746,12.2398651912649,13.8281644585997,14.3551846015885,30.12867
1167,1998,15.2336618343428,12.5788320383893,13.9418850257915,14.2155062648253,27.738085
1167,1999,15.3350220323284,12.7001558946466,14.0557904400652,14.2049907803542,27.434175
1168,1995,16.0830341164177,11.2834242464513,13.5090667802689,15.3080462927473,73.224091
1168,1996,16.1288850356479,12.6830332686766,13.7668911592136,15.4332376114024,76.144333
1168,1997,15.5446782321755,12.7567716540284,13.9714526322859,15.3485237464197,71.142624
1168,1998,15.7207607529415,13.1925832291763,14.2375942099431,15.1400064890201,71.981583
1168,1999,15.5640173030633,13.1846957167114,14.4285022244883,15.1825030162226,75.085213
1169,1990,14.4525829750055,11.6029855233379,13.0250415756446,13.884603473138,20.024574
1169,1991,14.5965004415416,11.2121176252995,13.0721078601293,14.0037000141014,22.511986
1169,1992,14.4967795905121,11.1550927081676,13.1009538196868,13.8735304875184,27.243441
1169,1993,14.33516855243,10.3975128376238,13.0529262643996,13.6882075511399,25.398233
1169,1994,14.1730311563933,9.619598278323039,12.9697908183558,13.6270835429201,32.431297
1170,1990,11.8302476183975,4.23410650459726,8.75856951099151,11.4769535315807,-8.4677658
1170,1991,11.4934013445941,0,8.65844966859159,11.0083251931637,-5.7073588
1170,1992,11.3609904520377,7.02464903045364,8.743467835738651,10.9844234254229,2.8296676
1170,1993,11.296249486713,5.52146091786225,8.683673265212841,10.8767137106399,-3.7138705
1170,1994,11.4046452867807,0,8.58365486211566,11.0945327107014,-2.7451241
1171,1993,14.960999419787,12.3343559158204,13.5164297662511,14.859265461505,15.340265
1171,1994,14.8119623236861,10.6457105707427,13.4720758595601,14.604907507038,12.475031
1171,1995,14.8505674494779,10.5047935294305,13.4207585095596,14.6334914305169,22.907351
1171,1996,14.9883488510651,10.6208394217929,13.3767695989406,14.5801470031484,20.949297
1171,1997,15.0736917872631,11.7121041388306,13.4398024848754,14.6577856919923,21.323534
1172,1995,16.5873949070811,12.6507584667916,14.3919224412982,16.1834542794189,28.753441
1172,1996,16.5399445662885,12.0528806726632,14.3762046214944,16.1014914885648,31.909967
1172,1997,16.5574666121004,12.3805426258777,14.3928663432348,16.08423607999,34.45612
1172,1998,16.5770908971983,13.1448036993938,14.5268250588463,16.127457706228,33.433201
1172,1999,16.6655309499635,12.6645222837468,14.5579010381075,16.2237149492182,32.931519
1173,1995,14.6092898664572,12.2137332281968,13.456394064439,14.0292847396455,26.069063
1173,1996,14.6471231741786,11.5906362249969,13.4895898179945,13.991690771282,30.108671
1173,1997,14.7072015171002,11.9915357008939,13.5776488490031,14.0815728808022,28.248285
1173,1998,14.7525720228419,12.8931514506885,13.8607875104071,14.0954039026679,35.810135
1173,1999,14.8990043972677,12.7952416878415,14.0355905413427,14.2298732187655,36.29845
1174,1994,14.9303397476333,9.658992675310881,12.7380479301117,14.8308113954306,.11460914
1174,1995,15.0613317965205,10.9546587666041,12.7845466373433,14.8187917076808,5.742712
1174,1996,14.978164952926,10.9867831370923,12.8257885480042,14.7000210915755,19.137268
1174,1997,15.1054018421452,11.4957386135474,12.94263820708,15.0281193056678,16.378616
1174,1998,15.2836861645125,11.1232992566061,12.9784708358382,15.0312278153355,22.656385
1175,1993,11.8743259111041,9.29053691397046,9.54972977808942,11.5582439045087,4.2501726
1175,1994,12.0117730626347,7.46851327149634,9.54553321909899,11.7595853046251,10.529999
1175,1995,12.2365058040587,6.23244801655052,9.455245415071911,11.8527214058709,13.238367
1175,1996,12.2707259347445,6.5510803350434,9.381280741396511,11.8357679934037,14.124844
1175,1997,12.534047319813,0,9.25538065698588,12.0738101188423,12.87973
1176,1992,12.6556402334779,6.21460809842219,10.3964047738288,12.2147270591046,19.159653
1176,1993,12.4080568688459,8.764053269347761,10.4786391748584,11.9480562741673,16.55817
1176,1994,12.7229852062505,10.9004915364495,11.310705236268,12.1491366874734,14.478806
1176,1995,12.8558256200183,8.760923376338839,11.2824979498846,12.2864517224915,18.809357
1176,1996,13.0355400462811,9.42133036711782,11.3188041642125,12.2783171745146,21.756752
1177,1995,13.0020387956073,9.74096862303835,10.6819152379905,12.492835554311,18.577927
1177,1996,13.0575559752408,0,10.582094534899,12.519660802389,23.116329
1177,1997,13.1249972560363,6.90775527898214,10.5057303335727,12.4723546849921,25.68622
1177,1998,13.0143527122319,8.72631895096224,10.5542098922036,12.5829919117299,14.546588
1177,1999,12.4819568955305,7.60090245954208,10.5014637935974,12.1264959723625,26.16848
1178,1995,12.295803836666,10.9685602929629,12.1169151490909,11.7419993392937,3.8647273
1178,1996,11.9331606852045,11.289781913656,12.3434120908098,11.5289131324992,6.4908943
1178,1997,12.007897844411,10.0518644532771,12.3074954686426,11.7147602731492,9.6307669
1178,1998,12.2696258500588,11.3431449396706,12.4898317833259,11.9808011067511,14.551683
1178,1999,12.704098295728,10.3113165311662,12.4632395810982,12.1782705532434,13.973002
1179,1994,11.479441274726,8.50572771330696,9.24160645385018,10.6051908994841,4.6608191
1179,1995,11.5162949206149,0,9.12978086411777,10.6287752725996,6.9201736
1179,1996,11.4526397990136,0,9.01795635804314,10.7825470229849,11.577292
1179,1997,11.6346154189912,9.096051225574049,9.6111680772676,11.1435617444764,10.804811
1179,1998,11.6813232995044,7.70436116791031,9.63023421673647,11.1853156059182,14.397229
1180,1991,14.6870791464907,10.2190279531163,11.8147056898012,14.4983272321835,11.203336
1180,1992,14.6436927952353,9.74501923176433,11.8242981847982,14.421334862275,11.011023
1180,1993,14.1066428127575,8.385716828627849,11.6909444456108,13.8232169215711,15.627857
1180,1994,13.6124685255149,7.74975340627444,11.5949505141981,13.318877553976,13.006109
1180,1995,13.8465118633173,8.237743803890931,11.5129694640023,13.5922578943758,16.70665
1181,1993,17.3402983362733,13.6341169704736,15.3315111017879,17.0646122264935,25.446503
1181,1994,17.4443973986274,13.7711395648588,15.4240015422034,17.1602874839749,32.044792
1181,1995,17.481940838229,13.1879806914355,15.4226652257781,17.2049592292749,33.489773
1181,1996,17.5594830156234,14.240686785914,15.5778297162637,17.2401124342953,35.507141
1181,1997,17.6140889283428,13.6156464260312,15.6013704086154,17.2535991901784,36.736023
1182,1995,13.6826632552437,10.0100073959138,11.1072403326585,13.2099897609343,8.9249516
1182,1996,13.6771203473563,10.9010264191108,11.5751939114369,13.1478942153987,6.9071894
1182,1997,13.8542066682108,11.2987416550275,12.0076765833494,13.4243461085465,8.8339252
1182,1998,13.9773089689768,10.7333049444709,12.1335782938673,13.3966706202482,13.354363
1182,1999,13.9880986365035,9.836920308264011,12.1163410265804,13.3722276334097,15.252895
1183,1990,12.8179288162615,9.181426361811541,11.1844908400315,12.6035669056873,-2.6573088
1183,1991,12.9322315791767,9.30955202204713,11.2252620590109,12.5431057917632,.49477556
1183,1992,12.9738835985873,10.1332094192105,11.4156091742704,12.4940767307573,2.4253607
1183,1993,12.9149632344901,10.4043840452242,11.624380073864,12.4884903750197,12.398501
1183,1994,13.0309034551952,10.7285836242254,11.8610135471093,12.6434244764968,13.373561
1184,1990,16.6497885868484,13.8022287438783,13.6279235630496,16.5039968979152,39.274841
1184,1991,16.58075820979,10.0168162378431,13.546797693716,16.3387027485774,42.495934
1184,1992,16.5983967578916,12.6201802990197,13.7850442370522,16.1735183920803,47.288204
1184,1993,16.4592954969263,12.1593321293964,13.8613771192353,16.1993936296884,50.140076
1184,1994,16.5260927358884,12.3473421466196,13.9541510021301,16.3539746891501,47.716499
1185,1995,15.6774219163932,11.5504331733066,13.5503403806025,15.2739205577739,30.956106
1185,1996,15.8409778999283,12.6205107093262,13.7566953606515,15.361565833926,32.071136
1185,1997,15.9832989401931,12.8313049447915,13.960741863891,15.5299755486021,30.243364
1185,1998,16.0552437722155,12.3211408883578,14.0133877461247,15.5552765354894,30.375919
1185,1999,16.3395704803897,13.244313717772,14.2588404603831,15.9366105228803,33.693836
1186,1990,12.1754119435406,0,10.2186631892968,11.6024800287671,-8.9927902
1186,1991,11.903991700145,0,10.1133999570012,11.2336481152545,-9.9479351
1186,1992,11.8311326050054,0,10.0027399515731,11.1348134895247,-3.4558494
1186,1993,11.37997451795,4.76217393479776,9.90025232482609,10.9840689432823,.56663495
1186,1994,11.3283288215932,0,9.792298975562771,10.6787555528751,1.4519769
1187,1991,11.5306315154874,10.5938308057633,9.20649298024729,10.9289132230806,5.5475326
1187,1992,11.4267379968329,7.79152281915073,9.322605992429921,10.8084748435497,7.7404923
1187,1993,11.4222975952958,4.8283137373023,9.222318348735589,10.6663387230304,8.7850704
1187,1994,11.2770482891421,6.69826805411541,9.18930057970692,10.2326083158719,9.3839188
1187,1995,11.1939902248232,8.85366542803745,9.609331233975499,10.2970212258464,10.682723
1188,1995,15.1818931351647,10.6968872249852,12.1556589641696,14.8096867468076,38.510723
1188,1996,15.0742143743964,10.8207977645637,12.2645651135684,14.596160774583,39.536743
1188,1997,15.0622412159523,10.2815814638482,12.271908137737,14.6098812912318,40.067616
1188,1998,15.3323602107191,11.27832907961,12.4562884149508,14.9239266108113,42.399914
1188,1999,15.1533858115681,11.5800045062519,12.6705167869222,14.6407990488186,41.559902
1189,1994,12.5693589393805,7.51479976048867,12.4058112248889,12.5555118564968,28.433695
1189,1995,14.2939331781474,9.19766031881881,12.3379509851151,14.0840544102721,32.942638
1189,1996,14.5413486597762,8.4320709379994,12.2530487843978,14.0476306836337,38.83271
1189,1997,14.8822322461829,11.9842906668551,12.6905235953334,14.6245773125135,35.422657
1189,1998,14.716732128209,12.2021499618567,13.0386649791624,14.3729788236989,38.654282
1190,1991,13.8393299795593,10.6212785640088,13.7968672464018,13.802052881152,23.548555
1190,1992,14.0344623635317,9.854769885738699,13.7245687031204,13.8013539857631,27.315031
1190,1993,14.1544162409074,10.2042585895296,13.6621978269598,13.781041640526,28.899025
1190,1994,14.2245824194242,10.1215783602137,13.5987086061351,13.858369087797,30.815697
1190,1995,14.3751705986441,10.3725845208891,13.5439443249507,13.996389555014,37.419468
1191,1995,15.1457988878769,11.0020998412042,12.642443867912,14.9395351255673,26.40913
1191,1996,15.3400194305256,10.9475380532116,12.6881805342584,15.0420148417892,32.354813
1191,1997,15.5707964040753,10.6689553946757,12.6898999731592,14.9381850929915,30.98769
1191,1998,15.718448289005,11.4197350369039,12.808272440444,15.1293023441532,29.002535
1191,1999,15.4233646446569,8.274866820685251,12.701002701493,14.9614679915999,31.633057
1192,1994,13.5364201920469,8.84793475332846,10.5392651204846,13.4541486749859,7.5249605
1192,1995,13.6033802988193,10.038499099192,10.901854001043,13.3304124116186,8.2438984
1192,1996,13.5548494484357,8.575084669832011,10.8903150301765,13.2003727025013,14.244452
1192,1997,13.5052896797527,0,10.7902732607226,13.1882420175062,10.403992
1192,1998,13.5695499126456,0,10.6902320832084,13.2432079301583,11.789868
1193,1995,15.5065815508973,12.1335019526953,13.1929910718397,15.1790714537635,24.446663
1193,1996,15.5307497192641,12.9022153350699,13.6267402928748,15.2899198472507,26.75742
1193,1997,15.7094440783043,13.5948638868487,14.1701924170282,15.4674771268836,34.794018
1193,1998,15.6170984603275,12.8218473003058,14.2837784316576,15.4021647101131,33.122765
1193,1999,15.6848163376791,12.4286720488227,14.3157631638478,15.4440691066293,33.308739
1194,1992,12.4620330799464,0,10.6740447475027,11.6892610879907,9.8744383
1194,1993,12.3773467954864,8.131824785007201,10.692894461936,11.9057144496812,12.814692
1194,1994,12.6422557252074,8.652423140676341,10.755448808088,12.1141102570081,13.794344
1194,1995,12.6895881394946,9.30127736696828,10.8959427120378,12.2374996446635,16.806658
1194,1996,12.6471686368246,9.46537011215271,11.0364449056247,11.8890826673488,17.90793
1195,1990,11.6784399034478,10.8356516335666,10.9846654075226,11.3344406638469,-14.995458
1195,1991,12.2006680670713,6.80239476332431,10.8842092997693,11.588597312613,1.4697267
1195,1992,12.1524608760815,0,10.7673327474988,11.6760288338036,-.24775881
1195,1993,12.4562708955603,8.961750799330501,10.8092834053176,12.1611961278593,.66860807
1195,1994,12.1600025286756,4.65396035015752,10.6945891411183,11.638786866192,-3.7839942
1196,1995,13.9607848607767,9.015784277513889,11.8775435782456,13.6054106924417,8.1621056
1196,1996,13.8232777987557,11.8914714837271,12.44840373305,13.5558796383969,13.171911
1196,1997,13.9465883620113,10.9054053703777,12.5262870076461,13.5150913787481,14.775107
1196,1998,14.1276902669565,11.0311568994703,12.6113140619546,13.7322388114136,19.713697
1196,1999,14.155155371009,11.0866554274289,12.690145894351,13.6426564476721,19.223177
1197,1995,16.1304968385943,10.658505636804,13.9272488721584,15.8077042424242,50.69252
1197,1996,15.4101405491217,10.7918930809207,13.8612148227831,14.827349123034,43.821423
1197,1997,15.6644931452287,10.4825137339914,13.7861346809909,15.3336855575806,37.86161
1197,1998,16.1274527816524,12.303022389605,13.8721550342054,15.6673698491539,35.195667
1197,1999,16.1606573107805,12.8362294393072,14.0507548392366,15.6738108328895,34.075329
1198,1995,13.0925426031597,10.7411678838284,11.6248334987724,12.7350291631258,7.0521679
1198,1996,12.8643182224012,0,11.5352367077636,12.4603502676358,10.41206
1198,1997,13.0072532727345,0,11.4456407765646,12.7163808898271,10.24617
1198,1998,13.2439151223064,0,11.3560435587375,12.892896107328,9.2211037
1198,1999,13.2877875059313,7.5847730776122,11.2872837959567,12.8210263899318,8.5651855
1199,1991,12.3691179364755,8.537191877922931,9.707192824104551,12.0748235652802,-1.1760292
1199,1992,12.5307903532828,0,9.59334171510006,12.3237567496239,-1.6280036
1199,1993,12.5511116537818,0,9.47950454151988,12.3656245649833,.50231934
1199,1994,13.1046901213871,0,9.36565894098387,12.7341382299293,14.385502
1199,1995,12.9154449834334,0,9.251818151422491,12.5946584802519,15.752936
1200,1992,11.0904982930506,8.606485298895,10.0545334174099,10.5769524030767,-.95809788
1200,1993,11.3038544809486,8.87206651340834,10.2261795621774,10.5539097633159,.1510561
1200,1994,11.1643816812674,8.18952211074809,10.2469886005141,10.5920539226609,-2.0566919
1200,1995,11.181660198253,8.674538762140021,10.3276075707415,10.6279217535232,.25425813
1200,1996,11.2499970577548,7.71333788887187,10.2914673463033,10.5170293974068,.56030977
1201,1990,14.0346788659158,9.69214904667168,12.3249173396499,13.5949423043032,14.439461
1201,1991,14.1854026989959,9.40096073158483,12.2863296379354,13.932650141358,20.723169
1201,1992,14.1806562303221,0,12.192567865099,13.8697310020521,20.144335
1201,1993,13.873735262478,0,12.0988053130521,13.64101837621,27.925756
1201,1994,13.7745899868897,9.305650551780509,12.0647256476179,13.5600787586984,24.288652
1202,1990,14.0775670824693,10.3569488589125,12.4428113623587,12.786869703711,13.333855
1202,1991,14.124779055798,9.439625028047161,12.3809335238795,12.8168586891598,14.861114
1202,1992,14.011057682141,0,12.2667565597064,12.7491886436031,16.785528
1202,1993,13.4543806859193,8.75447630628417,12.1832527408273,12.3036105976072,23.38216
1202,1994,13.6300899833466,10.0616871672097,12.1849521702537,12.7731868957325,25.684498
1203,1994,11.1101115393699,0,9.060284629769139,10.3440156279776,-.89429307
1203,1995,11.6765332532979,0,8.94453720124284,10.926722166993,-.064494535
1203,1996,11.8706163879977,6.09582456243222,8.883057780920829,11.1196538320172,8.489151
1203,1997,11.3420415995402,0,8.767313573774629,11.0006291295829,7.0498209
1203,1998,11.6417437253918,8.987696695703621,9.43002193752721,10.6760645008227,5.7986164
1204,1990,13.626293847025,13.6646876682297,12.0115833612753,12.6535248445135,-20.184143
1204,1991,14.1435963944576,13.6270522095243,13.7625031637677,12.9111655774246,16.58423
1204,1992,13.0010662923398,8.92239159729586,13.6712098409172,12.4234372699851,22.426348
1204,1993,13.1867697667411,9.29035230994557,13.5845169000312,11.6447752060705,30.649858
1204,1994,12.6211116973247,8.639410824140491,13.4921937085313,12.2842844494578,23.35841
1205,1990,11.5792936674945,7.79358680337158,8.68744216697592,10.5171759449875,-14.452946
1205,1991,11.8229873649124,0,8.57404600300902,11.5094069023685,-2.5317671
1205,1992,11.7319302311799,7.72665366484764,8.833797941495099,11.41839807434,3.4464538
1205,1993,11.6581478117026,7.66715825531915,9.001765184837369,11.6381766519,-2.5983922
1205,1994,11.1065377823085,7.90100705199242,9.18161162514331,10.9560954319045,-15.772743
1206,1995,12.455749908348,6.15060276844628,9.25350521987091,12.2757410005994,1.1500866
1206,1996,12.5364472578536,0,9.137866448652581,12.1954921254357,5.5026636
1206,1997,12.3033502016496,5.92692602597041,8.71555212590782,11.8030863680271,9.1573591
1206,1998,11.4691583598917,7.44249272279444,8.834657342152489,10.6923471665422,7.8243132
1206,1999,11.5921680891308,8.874587876279319,9.400539155130661,10.8564835771813,8.4345465
1207,1992,15.1599842755998,12.3592828832804,11.9852638665127,14.3732123610411,23.095926
1207,1993,14.9662710883935,11.2521579250593,12.2708776936463,14.550597738366,25.619181
1207,1994,15.1541078999738,12.227354570283,12.8353802606261,14.5729286128635,25.684891
1207,1995,15.2454065354947,12.0981978606337,13.100190362959,14.5111481553126,32.346859
1207,1996,15.3200760752204,11.962637097198,13.2468843730494,14.5103912328636,37.986404
1208,1995,12.6148363457581,8.514389264083499,10.2861308802888,12.2932335493714,15.296962
1208,1996,12.637615522779,6.22653666928747,10.1739687851056,12.0892495919693,15.669265
1208,1997,12.7925103240361,8.02289686960146,10.1513510331408,12.3110552855701,14.571409
1208,1998,12.904491913796,11.0508900053737,11.2326889388514,12.4273138038662,17.100521
1208,1999,13.0837053858935,9.76766782939359,11.3025031544652,12.408584346283,17.72419
1209,1990,11.7612800505686,8.38708450606922,9.00208543315572,10.6215776265587,5.4957733
1209,1991,11.593516593662,0,8.888715367682231,10.9461890789753,4.1770201
1209,1992,11.2389867407994,6.66185474054531,8.88308552440458,10.6841274577114,5.1287956
1209,1993,10.52784592242,6.32076829425058,8.847187347653639,10.1240074896456,6.1569438
1209,1994,10.3736554540027,0,8.73370681323834,9.94226679426975,2.68101
1210,1990,13.3427553412002,9.67237483157224,12.4254972902756,13.1889298662391,-2.9469211
1210,1991,13.2846516725885,9.76065590342859,12.4340405409599,13.0457628600138,2.8006699
1210,1992,13.4158802283789,8.72696777499149,12.3979257161127,13.2511299167244,5.3718209
1210,1993,13.3228127341048,10.2048506120438,12.4422753536529,13.2265324329992,7.2427258
1210,1994,13.4691701565928,8.618666160346869,12.4028898804864,13.2224858092429,8.6040535
1211,1992,12.4057534202176,9.463508636396091,9.187266199005579,12.0482531230139,-2.2082071
1211,1993,12.0557374233897,8.292298107063219,9.428993858017529,11.9216982129816,2.6214311
1211,1994,11.8739241494192,4.86753445045558,9.3262104680186,11.7476256454237,3.0868521
1211,1995,11.8917677462943,5.7037824746562,9.238762606238881,11.6071016378045,8.463953
1211,1996,11.7561579711346,6.3818160174061,9.17908703482097,11.6754004920979,7.758615
1212,1995,11.9068065681857,5.7037824746562,9.71125504411363,11.8132773330199,3.4106326
1212,1996,12.0737761151042,0,9.65044520368853,11.7928453723374,5.1870661
1212,1997,12.0259594382163,8.374707543119481,9.81379804710526,11.6724109253234,7.4086103
1212,1998,11.8753424235356,5.93489419561959,9.771309529408111,11.5845842779201,8.4532928
1212,1999,11.8907297437683,5.79301360838414,9.72698900904496,11.5379180206939,8.1047506
1213,1990,15.0718455440826,11.9597244365714,13.2493853798433,14.9123194719183,-12.675382
1213,1991,15.1947081783349,12.1478925334637,13.4502570661335,14.9780126918097,-2.5677321
1213,1992,15.2859396791055,11.9018884929789,13.5473964447534,15.0580923608934,-4.4542875
1213,1993,15.5079471139708,11.0735363911421,13.527397192519,15.2543132536136,5.6429729
1213,1994,15.6869481786935,12.0850851059311,13.6388273159571,15.4007936112812,7.2527461
1214,1990,12.5534273385537,9.25979698068878,10.4677781109711,12.2837466705588,-4.2890143
1214,1991,12.6580145201562,10.4865966278871,11.1226065716415,12.3821719900594,-5.5977564
1214,1992,12.5709174054528,0,11.062231792659,12.1875480169189,-2.4055536
1214,1993,12.4186213528099,0,11.0018364731926,12.1367204370027,-.6641047
1214,1994,12.3623485904273,4.66343909411207,10.943161609133,11.9916102916242,.17947152
1215,1991,15.0362574588396,10.7426164231111,12.8917819837925,14.7483420953898,11.291916
1215,1992,15.1017171747829,11.3654574066068,12.9700190983856,14.735555711581,15.128091
1215,1993,15.1923659694877,12.2804191606588,13.2657271731367,14.765987711431,17.789032
1215,1994,15.2169012549922,12.3315857272485,13.4775569847055,14.802095192664,20.839338
1215,1995,14.1618348742857,0,12.6169039962357,13.1545142481023,18.640474
1216,1995,14.5250477682057,11.5347847993231,13.7295921471059,13.9851095634721,45.263355
1216,1996,14.6974367418321,10.8696345467617,13.6712476162722,13.7444225970916,44.632332
1216,1997,14.7073570729678,11.4461444312799,13.6568473620335,13.7897349941054,46.64859
1216,1998,14.805707796829,11.3338825276249,13.6332524391581,13.9942807086573,49.358067
1216,1999,14.8603351228352,10.9248407556573,13.5818771802954,14.0676434242113,51.390163
1217,1990,18.4306297809685,16.606626768876,18.2976030123491,18.247591779862,59.011234
1217,1991,18.4500904696334,16.1117081945235,18.3020463252222,18.20922680277,61.181561
1217,1992,18.428279385961,15.2707382221303,18.2417283977886,18.0705605417823,69.235374
1217,1993,18.4582352460063,14.0167045710173,18.1470059117919,18.0868374716236,62.70919
1217,1994,18.3876707518292,11.6866266394706,18.2440765578018,17.9725473257104,69.329132
1218,1990,14.7803890839692,11.7509576287782,12.6142274664488,14.2934212913401,28.074677
1218,1991,14.5016240657014,8.802221746402459,12.5221486429883,13.95104332653,27.603428
1218,1992,12.5643418848101,10.4741563163706,12.5343175589248,11.8920410221815,-31.68005
1218,1993,14.0177033197742,10.5372031493266,12.5513212568609,13.3230672999332,30.388723
1218,1994,14.1412956156649,9.72555634404347,12.4946416994975,13.4483247540043,28.118919
1219,1990,14.3864323025324,9.249561085129461,9.888424674859079,13.6173035741258,17.188108
1219,1991,14.3613696964913,10.4036565961136,10.811598924462,13.587381376155,22.326691
1219,1992,14.298907922108,10.7232673840294,11.3793369278558,13.6226316478274,26.579901
1219,1993,14.5285682327498,11.1406871809603,11.8713199296854,13.5521423451967,27.842775
1219,1994,14.1592373105396,11.67760904991,12.3752219951303,13.5655850274192,29.287157
1220,1992,13.5344148770908,10.6964800680658,10.5211323276335,13.3436785495145,18.8405
1220,1993,13.2292184584614,10.1585172927127,10.9575033711941,12.9981852731044,20.472956
1220,1994,13.7567313557109,10.0519075576544,11.19536545936,13.5369442888346,20.591211
1220,1995,14.1021259903799,9.952277716705559,11.3369982209145,13.9298076414442,24.680464
1220,1996,14.0864562047588,11.6018516741646,12.0384436228946,13.890976605899,24.432148
1221,1990,12.8295583597148,7.9373746961633,10.8720860640336,12.2190527581932,9.3621521
1221,1991,12.586452345675,7.98241634682773,10.8283871218039,12.0200620755437,12.584082
1221,1992,12.7036111397814,8.772610303280739,10.8523093640847,12.0580271508637,15.571885
1221,1993,12.3861750752152,0,10.7509361158528,11.5728815674724,13.817394
1221,1994,12.174821293999,7.89020821310996,10.7058657486958,11.248532287538,20.936857
1222,1994,13.3664554330644,8.256607344626159,10.6605597848498,11.6156348985403,19.951263
1222,1995,13.4857295796759,10.1691923849344,11.0258098573837,11.8771130650387,18.087561
1222,1996,13.4010020731999,0,10.924440956632,11.7311205548507,16.021727
1222,1997,13.5082116610325,0,10.8230728513597,11.7665409618496,21.5432
1222,1998,13.5767508910768,6.5206211275587,10.7342334678586,11.870235822942,22.943922
1223,1995,16.3617448782576,10.4590379450816,12.0892146194205,16.2120225969292,27.173492
1223,1996,16.4787254020615,10.9894704248041,12.2635006341427,16.3091254017508,26.590874
1223,1997,16.3939899710474,9.17388383496557,12.2051787461211,16.296782725709,28.786463
1223,1998,16.3559802085284,9.81142708668691,12.1866527949656,16.2058528219028,26.784538
1223,1999,16.2284609905122,9.92235837328638,12.1782948912806,16.1374078821111,33.636257
1224,1990,12.0140917587884,8.091015041710531,10.1596789578965,11.3337208494389,4.3343549
1224,1991,11.8914361531834,6.99576615630485,10.113752529875,11.118866392985,2.2428482
1224,1992,11.7661545104692,5.18178355029209,10.0315464986022,10.9176985716762,1.7242124
1224,1993,11.8351476564683,5.09375020080676,9.949225444209979,10.6768550933134,11.386238
1224,1994,11.8604989068556,10.9787459155059,11.1947374485464,10.8462070157792,8.2966967
1225,1995,15.0386584030038,12.7349493635535,14.2263410466411,14.5468098455659,33.519104
1225,1996,15.087468550671,11.7337383022795,14.190850560845,14.2587620564681,35.493706
1225,1997,15.1182627677067,11.0108448254569,14.1176504851224,14.3390081382744,37.544312
1225,1998,15.2220067313791,13.9747340635123,14.6024743944859,14.627941847397,38.47414
1225,1999,15.2525995528329,13.2643662852006,14.710030006009,14.6926992607901,42.062721
1226,1994,14.4369461360481,11.8501688327648,12.9962024701824,14.0242571800953,27.93733
1226,1995,14.5672333736275,10.9015794450987,12.9859714401776,14.2315076823139,28.850529
1226,1996,14.7049431366861,10.4271800420089,12.9326645150866,14.2774612329463,31.741081
1226,1997,14.8159455774508,0,12.8067610023038,14.3308631760242,30.754278
1226,1998,15.0611824583916,10.2862979700795,12.7548348891236,14.548929206477,28.861732
1227,1995,16.4588693957938,12.5362572995244,14.8481242378632,16.099911122087,53.311565
1227,1996,16.4735529966117,13.4451437351604,14.9470323719682,16.1542898473081,55.361637
1227,1997,16.5188093683384,12.8382907829422,14.9428993040871,16.1502199254871,58.097881
1227,1998,16.5583891040158,13.5296654639007,14.399286858762,16.2801049359396,62.451473
1227,1999,16.92670813707,13.0084799782721,14.4950446494545,16.6943624767213,64.922142
1228,1992,16.3139711335604,12.3202581065572,14.0956969075463,16.0436130462317,48.235073
1228,1993,16.360618357126,12.5909267997342,14.2139148638409,16.17277824327,50.94397
1228,1994,16.3446282441797,12.8697266466953,14.3597997775173,16.2612229300156,57.124512
1228,1995,16.4591626898597,11.984371803011,14.3600500677979,16.4180727117562,57.66415
1228,1996,16.5890176309424,12.215314804897,14.3789137361028,16.472572854937,56.464481
1229,1995,17.2422416502516,12.5507964583492,13.8883098956579,16.8554492644617,61.170113
1229,1996,17.2505064654108,13.7956261673256,14.3984760083556,16.7046088666331,57.450562
1229,1997,17.3590658193913,13.0467342488787,15.0230773362219,16.7802003571865,58.717045
1229,1998,17.1404725473193,12.9423296016425,15.0125565371336,16.7975425238722,61.460789
1229,1999,17.1325813749815,12.615479972871,14.9714912236137,16.8767025678818,58.238876
1230,1991,15.5594107276949,12.0100516788607,13.4827951356707,14.8782168185568,36.341518
1230,1992,15.5274721607238,12.0425649921118,13.5959525708251,14.7498318649951,44.807102
1230,1993,15.3218416020397,11.816284016807,13.6487003162963,14.7390657344102,53.971752
1230,1994,15.4946521880175,11.6745339801666,13.6745434746985,14.9689183480642,42.177055
1230,1995,15.6357161764995,11.6241716261856,13.6861585338851,15.086300882891,51.26086
1231,1992,15.9319140444917,12.6767010795448,14.3374279203356,15.659135779845,41.632008
1231,1993,15.7105398683622,12.3757352481272,14.3714510861131,15.2671780182312,61.693043
1231,1994,15.9424270634516,11.6314992989743,14.3333898857641,15.6491425261187,45.539989
1231,1995,16.2274251455885,13.3990795434807,14.5554180820962,15.9491016352344,46.319466
1231,1996,16.5151889737146,13.5576073282683,14.7541405012049,16.30137399495,46.065006
1232,1995,15.7705129116955,10.5842078380879,14.6859477834655,14.9765412032682,55.726959
1232,1996,15.4965402020912,13.3774504580523,14.8260474856306,14.8187772227219,50.506069
1232,1997,16.2850190772204,13.6365035021381,14.9056545919615,15.7179157576592,63.175167
1232,1998,16.5345893270534,13.296652762501,14.9891057597232,16.014710320234,62.472752
1232,1999,16.545750331868,13.7501183391972,15.1382231401228,16.1665419196738,63.334438
1233,1995,15.9744352370682,11.6550585071087,13.1058355421187,15.4287291023642,51.247318
1233,1996,15.905441631765,12.3976966335667,13.3714235333883,15.5192880798763,52.750725
1233,1997,16.1268410494006,11.4871357507839,13.3817319284305,15.6403781687871,53.957062
1233,1998,15.9582645041777,10.5633881393024,13.31126556759,15.4123942380625,58.60944
1233,1999,15.7028000055597,10.765575498396,13.2570932016227,15.0668970949455,58.254456
1234,1995,15.8553846230776,11.3388220465807,14.9377607568783,15.2737455782283,60.335274
1234,1996,15.8922932131381,12.1410433373097,14.8828101134862,15.1681405231705,61.178699
1234,1997,15.9294282785853,12.4485402782832,14.8507338156889,15.3353815244908,61.958565
1234,1998,15.9840366183017,12.0487929086393,14.7944705775472,15.2867723561218,54.839943
1234,1999,16.111862256633,13.3240740773289,14.8773146609929,15.377095728493,53.387165
1235,1994,16.2571262780461,12.4865714801931,15.5928325397597,16.1967759813149,42.236359
1235,1995,16.2947433371979,11.9789336229405,15.5186093818161,16.1678697480881,42.503601
1235,1996,16.2609845457253,12.2630624340426,15.4544707088647,16.0707779152223,44.122471
1235,1997,16.3061201929898,12.5858267059523,15.4062025993386,15.9800611112439,43.526848
1235,1998,16.4181959047683,12.2276971416268,15.3441770823017,15.9689752082845,38.895432
1236,1995,15.4304887255691,12.075901315852,13.2192773613361,15.0643769205818,45.568558
1236,1996,14.6370377992798,10.756156676113,13.1366531899635,14.1695376206981,36.246635
1236,1997,14.663622950147,10.6966158054594,13.1246876741327,14.1537017311261,37.899864
1236,1998,14.7732053286504,10.4606718152801,13.0972609308435,14.2959401627037,41.140976
1236,1999,14.829645186807,10.5980087886492,13.0800999278201,14.3956778570089,42.910343
1237,1995,17.3269292365696,13.4722946337097,15.2339006220294,16.9454329217419,72.580299
1237,1996,17.3086410664782,13.3051248374267,14.8371960849087,16.9101628746653,76.359764
1237,1997,17.3020048274864,13.0168872995139,14.8828980884565,17.0254894539326,75.509674
1237,1998,17.4113653939366,13.4930824394207,14.9956093115866,17.1201551893344,75.294769
1237,1999,17.4898671885805,12.9884410512324,15.0173220984412,17.2574439449244,83.202133
1238,1995,15.5460934518765,13.2986987191788,14.5742843705793,14.8062037053215,24.815878
1238,1996,15.5853308802143,13.6435471696385,14.7709052269429,14.9199138852667,25.46464
1238,1997,15.9677682965213,13.2186785066232,14.8276953355235,15.2401094855103,31.983261
1238,1998,16.2684993975101,14.1082741973573,15.0816258151475,15.6872703870693,27.754553
1238,1999,16.2688371339998,13.7382871224057,15.1744861104327,15.6078266721453,29.827999
1239,1995,14.8041488706837,10.1528834749944,12.7519846787506,14.5757874936796,48.336746
1239,1996,15.0659348499907,10.5312958917877,12.7356482839665,14.7269407008594,51.682404
1239,1997,15.1835674703623,9.120743838164429,12.6451717361873,14.5744789404541,56.146442
1239,1998,15.1835363602536,10.5787762147948,12.6424739240248,14.5921123090209,47.645462
1239,1999,15.4902801843115,9.022443300849041,12.5515566538838,15.0150093049966,60.153645
1240,1991,15.1501022725024,11.7360690162844,12.8291747047539,14.4950521103041,5.4210329
1240,1992,15.260577888827,11.7519423654407,13.0326589957122,14.7329100728061,15.251781
1240,1993,16.1008287136323,13.2730876222737,13.5830638663239,16.0835028348289,24.109539
1240,1994,16.7255884943641,12.3714302920555,13.5772612368294,16.5991718003637,20.040222
1240,1995,16.6084028139003,12.0795452390584,13.6736625061752,16.4398960505158,26.910406
1241,1994,14.7048866589718,10.0127454634726,12.5205395306385,13.3276876486701,9.4441347
1241,1995,14.8298810860964,9.45626251017973,12.4497961689886,13.5400132705769,13.038471
1241,1996,14.8480399422272,7.60290046220476,12.3415825171737,13.7242540686963,19.640133
1241,1997,14.95020617577,11.4350287862617,12.5508198358033,13.8474489005554,21.260294
1241,1998,15.2657597882825,13.2979959460475,13.5320559372334,14.4386381231697,19.721371
1242,1995,13.2841496346526,10.7718267684771,11.5168158874533,12.465336138652,26.272978
1242,1996,13.5872137850211,10.9550606431985,11.8331587027363,12.6164710226522,25.739534
1242,1997,13.7768920216126,11.1149968857487,12.0923982204621,12.8311897411715,25.915445
1242,1998,13.9677357242126,12.4857704282028,12.8487609203456,12.9698789580883,28.926577
1242,1999,13.9309048243265,12.3426250951631,13.1759322008108,12.6949738083546,31.327591
1243,1995,11.6151101343979,4.31748811353631,9.319356198836619,10.8658287875797,-13.287203
1243,1996,11.5191052640789,9.20089591314818,9.830045512446571,10.7644344186503,-9.6226072
1243,1997,11.1013694009106,10.2107516397156,10.5925539178845,10.1423732821711,-11.60639
1243,1998,11.2780933949387,9.10985683339786,10.6838646278756,10.2447029252713,-9.459444
1243,1999,11.4489219445524,11.2240693702906,11.5338470738161,10.58865635371,-5.190207
1244,1991,11.5216869706388,0,8.71213477956629,10.7623462369008,2.4944596
1244,1992,10.7583680207247,0,8.611612065034279,9.604553292038929,1.1512293
1244,1993,9.998683440095061,0,8.511235479441989,9.41270636970799,-3.2772515
1244,1994,9.91812279021679,0,8.41089890659832,7.84915507719534,-1.6365304
1244,1995,10.4535338894554,0,8.310513366132691,8.103854183414549,1.6077693
1245,1995,10.1898687792549,7.14124512235049,8.095751128784929,8.397949184639501,-1.2162304
1245,1996,10.0954706196007,7.0184017990692,8.27522353585198,7.7360366458463,-.19549033
1245,1997,10.3295392942527,0,8.174843717622149,7.81435322583717,-8.4803705
1245,1998,10.3375077230616,7.32646561384032,8.4098084060841,7.74139669369019,-4.961
1245,1999,10.6247604701551,7.18538701558042,8.54981525823349,8.384932017347539,-1.8566629
1246,1995,11.6640102980735,5.54126354515843,10.1602979613208,11.2260708880409,3.5237432
1246,1996,11.674444366857,7.25559127425367,10.0996709222676,11.2675047209297,3.7553277
1246,1997,11.6628673121584,9.480367509189239,10.3998166069494,11.1885707436097,9.6074934
1246,1998,11.6787534078702,7.13089883029635,10.3231809566549,11.211257331952,7.1662021
1246,1999,11.7538234663522,0,10.211354532147,11.287609876394,8.3117266
1247,1995,11.483909298021,8.091015041710531,8.53016864493863,11.1824139465396,3.4256332
1247,1996,11.200233388729,0,8.46978706901897,10.7949287722874,5.4887953
1247,1997,10.8804213702213,0,8.40938523878193,10.7250416807936,6.0968618
1247,1998,11.3759451406703,6.71659477352098,8.501328002226661,11.0786826386676,6.3967476
1247,1999,11.9017963811524,7.81480342948936,8.81045964216192,11.6694437575912,6.8043637
1248,1994,11.9470428156516,0,10.544888704661,11.7487702155631,11.823479
1248,1995,12.1317961976468,0,10.43507416775,11.1154571484648,11.804924
1248,1996,11.8555643628771,0,10.3252589869186,10.9982998670862,13.449426
1248,1997,12.0172520154364,7.8995244720322,10.2956951671524,10.9474024059088,15.478014
1248,1998,11.9347428101742,0,10.1858806630543,11.1282259997746,16.953945
1249,1995,12.752728554451,9.743964132018149,10.1543552143651,12.406290829014,6.0423431
1249,1996,12.8361914211636,10.4181059745408,10.8530525060223,12.3426799570306,7.3676844
1249,1997,12.976434138809,9.975901233045169,11.0735875978753,12.6731012003845,8.5356255
1249,1998,13.2703288247095,11.1810406898387,11.6788787901738,13.1599289133629,12.780338
1249,1999,13.4126880438772,9.76399557371753,11.6964363142754,13.089200818563,15.124499
1250,1995,12.7068479334427,10.6630309027358,11.3023920703707,12.2015632019042,19.166235
1250,1996,12.6709255324483,11.5849111867428,12.0114072156449,11.997871319257,21.205265
1250,1997,12.8150117887967,10.6272609266378,12.1124798401938,12.1680298766667,20.807476
1250,1998,13.0321125773266,10.0158782981152,12.1101111536682,12.3769441962677,19.765366
1250,1999,13.1074365241794,9.852194258148581,12.0915732752388,12.4785499192122,23.203945
1251,1994,11.7081385675554,8.584477938221831,8.613484707734161,10.6761456621149,4.6428967
1251,1995,11.9501153127726,8.651374372882261,9.202832256485859,10.9476487655156,7.1109428
1251,1996,11.9401455416814,0,9.087087403476771,10.9149163662355,14.919909
1251,1997,11.7829526021833,0,8.97133417144844,10.8413183386943,7.6116548
1251,1998,11.805595078933,0,8.855592142159731,10.7248830264512,5.112946
1252,1995,13.1061903136571,12.0260783784953,12.7335639226068,11.7736997379674,17.760607
1252,1996,13.0988890840814,10.0564661171332,12.7121580521979,11.8958217967845,13.737961
1252,1997,12.9900069629366,9.48865369442386,12.6550750982565,12.0523707305045,15.794947
1252,1998,12.8659325280674,9.548382803766909,12.6021693401051,11.9460065427205,13.743532
1252,1999,12.9497946559598,9.10320049641828,12.5361095770648,12.1485224980128,20.09976
1253,1995,12.5710577208445,9.084550365917879,9.73139351589761,12.470344616968,-4.12602
1253,1996,12.828087497838,8.444407421690579,9.895404976342769,12.7341640420483,-2.7457886
1253,1997,13.0352428393211,8.505120610181971,10.0371308139031,12.8950567760171,-5.3595176
1253,1998,13.2407466355734,0,9.976742661105069,13.0628310954773,1.3157722
1253,1999,13.5515802125225,10.1066324573436,10.6151743081756,13.438397668601,4.1240616
1254,1995,15.6582332884122,12.2783933071098,13.5110141807296,15.5239906846675,25.660618
1254,1996,15.4137425457443,10.3013572215225,13.4485302673046,15.2395574695979,31.419228
1254,1997,15.5630213418801,11.2143981279982,13.4440004001061,15.3371932907199,27.556347
1254,1998,15.7531697530169,12.1824661928545,13.57784240852,15.5566255995007,23.271538
1254,1999,16.0910090135032,11.0126935294151,13.5464602315162,15.9554246664986,29.045008
1255,1995,15.8456177357865,14.0120094727284,15.4345226116892,15.5342397862247,57.925415
1255,1996,15.86805251585,13.3641747947696,15.4386473902667,15.4353133418932,60.778858
1255,1997,15.8782985453746,12.8999845336268,15.4007462245586,15.4094837544569,62.054375
1255,1998,16.0442320226915,13.321664954233,15.4019595996153,15.5178069679941,68.067482
1255,1999,16.0301720302185,13.2234730711066,15.3925162249703,15.4586431916054,65.692802
1256,1995,13.9557829427082,0,13.0663370049167,13.4292001940612,9.5974054
1256,1996,14.1273598247423,10.5096324469742,13.0249608902508,13.4730566946371,12.673879
1256,1997,14.1021000521353,10.9272146440124,13.0218933283414,13.4497506595099,12.20914
1256,1998,14.2040464845104,12.1951178603817,13.254250393783,13.4197899984522,15.603009
1256,1999,14.283095387775,12.7293918978776,13.5821790350626,13.500907340891,18.738562
1257,1995,12.6416668961129,7.82244472948932,9.227099155791141,12.515892851154,1.9979284
1257,1996,12.622922728091,8.215276958936631,9.4159307640428,12.2610294709853,-.08175943
1257,1997,12.5376499367945,6.69084227741856,9.366215278755149,12.2386463159617,3.3712263
1257,1998,12.8855877469593,8.08548677210285,9.488328105805991,12.5816660024334,5.0547781
1257,1999,13.0025983202019,7.71154897962915,9.525100015620319,12.6848594643886,7.0807047
1258,1995,12.2183686268433,7.74066440191724,9.14552447904128,11.7613886347701,9.8545742
1258,1996,12.3263929434394,9.96213374796886,10.1911971246098,11.7701512035315,10.954205
1258,1997,12.2911666657804,7.57814547241947,10.1570943513269,11.6769263932071,12.433066
1258,1998,12.5832374045109,9.984053200375699,10.6349006636664,12.1348801056771,11.371042
1258,1999,12.977426353117,9.32563141631092,10.7573580514486,12.3876107068251,18.352121
1259,1994,12.6784930923182,10.9880178199949,12.2323128404848,12.4977136165242,9.1884975
1259,1995,13.3940295104112,10.4397762237386,12.3044966088387,13.2507601116342,7.7794337
1259,1996,13.8304550555115,11.0508900053737,12.4644593947768,13.5452734444111,8.7836456
1259,1997,14.5321837736536,10.1049988037232,12.4730217680699,14.3581057544178,8.8638163
1259,1998,14.838750647791,11.025881469869,12.5922482346796,14.5213846919441,14.297754
1260,1994,11.961025340746,7.60090245954208,9.357164276416979,11.5793934688501,-5.0291705
1260,1995,12.1381286721603,8.931419805192981,9.740050554683711,11.5866566616304,-2.4455996
1260,1996,12.2952141102098,7.13409372119287,9.695189509338411,11.8092849650812,-.90924925
1260,1997,12.5213517521587,9.648917831534551,10.2265922692155,12.1598410845915,-.11094882
1260,1998,12.7951920868031,8.90218344633502,10.3369568570539,12.4501755734278,-.7414974
1261,1995,15.3852881200108,0,14.212130865895,15.2453228274261,43.633907
1261,1996,15.8158114667704,14.0386541092785,14.6847243572493,15.5018080140044,45.716881
1261,1997,16.1127670679228,13.4434202628293,14.8049343469168,15.7507858221035,45.841686
1261,1998,16.199888282097,13.3415503116223,14.8798883429826,15.8426571296452,44.793888
1261,1999,16.1503215779568,13.0081056206441,14.8914596999489,15.808287320234,48.849236
1262,1995,16.0033783860207,12.7754067713567,14.4394414670854,15.8223502509101,61.158974
1262,1996,15.9993724735071,12.9549832395916,14.5198130361825,15.8880111435431,59.090714
1262,1997,15.6754819493733,0,14.4024923990826,15.5367080595103,58.60527
1262,1998,15.929541672912,12.3328682787759,14.3980448421219,15.6212633344024,62.987
1262,1999,15.0525273463599,0,14.2807241708771,15.0248527292347,67.189674
1263,1995,14.3704235958261,8.133880887949211,13.0153376983534,13.9196160594522,33.782616
1263,1996,14.2079392662948,0,12.921576297392,13.7324581892665,29.50737
1263,1997,14.0978195821348,0,12.8278148513913,13.4460793023714,29.163664
1263,1998,14.0642639974147,11.9766594812024,13.0667371303736,13.5113681300301,30.942776
1263,1999,14.0128988781051,9.07153796909572,12.9897351196878,13.3974252968984,35.223072
1264,1995,15.5422803820914,12.3159444699152,14.7706249626432,15.2778018854765,30.300423
1264,1996,15.5661486823157,14.0741000144928,15.0845835912654,15.2610713703621,32.941212
1264,1997,15.7003417945288,13.8855644663524,15.2641548047179,15.3925642885173,34.84824
1264,1998,15.7600623563074,12.6472651929218,15.2670265584059,15.3368068495709,36.136673
1264,1999,15.6965101547823,14.2598296453204,15.4875995176272,15.386498981892,31.435114
1265,1996,15.9284109578506,12.7614078562821,14.3313316038073,15.3495265733107,49.55864
1265,1997,16.0364768031324,13.362695947435,14.5279998676505,15.7005978731832,52.797192
1265,1998,16.0097313068177,13.4590855827807,14.698035756498,15.6707737889934,52.1437
1265,1999,15.9367392101547,12.8565836870043,14.7263825549769,15.5904417600998,51.369831
1266,1996,12.8327524383415,10.8960168423961,11.9087960255935,12.3640815058783,5.228313
1266,1997,12.5946427830082,10.940578984556,12.0943485921125,12.1120789345523,8.9771385
1266,1998,12.8230776258695,9.984929281123369,12.0786426017636,12.3506431067114,9.2036057
1266,1999,12.8054971677152,10.9289555071662,12.2159091085145,12.3685386101635,5.7403026
1267,1990,12.2436408381097,0,9.852194258148581,12.1918536490336,5.5744262
1267,1991,12.4952886731972,0,9.75186201518472,11.8692180759097,-.43310288
1267,1992,12.3000013429074,6.74051935960622,9.70149987912799,11.8659212559618,4.9651608
1267,1993,11.724212823918,0,9.60113167785055,11.4405952668439,.78469509
1268,1992,12.4461453855738,0,10.3645355747768,12.3049429408024,-.23916557
1268,1993,12.0562535047702,0,10.2476409278211,11.6193543125605,.31526908
1268,1994,12.4267263432361,0,10.1307665411301,12.0323996434636,3.8472784
1268,1995,12.3064112883395,0,10.0138968018626,11.8866975655063,6.7129908
1269,1992,11.4552248595329,0,9.204100947186159,10.4534906468289,7.2988615
1269,1993,11.0465761517907,0,9.09265983106703,10.2885212338476,10.564763
1269,1994,11.2314170750152,0,8.975377243856631,10.3349077782287,9.5783405
1269,1995,10.9260163493216,4.86753445045558,8.87990388352431,10.4154159246356,10.382111
1270,1990,12.8133298406934,8.69951474821019,11.7692097452746,12.4018924006689,-13.303525
1270,1991,12.7554962503234,0,11.6581126639905,12.578665242697,2.5252542
1270,1992,12.4487858277801,8.534836626588829,11.5896762988292,12.2321518226122,3.933758
1270,1993,12.160316013555,9.29348595306285,11.5736093791465,11.8034046992448,10.723794
1271,1990,12.661969426937,8.99850761180784,10.261616438988,12.5795017330528,-14.417399
1271,1991,12.6031514320597,0,10.1447421050752,11.9681834597504,-16.772743
1271,1992,13.1848350362302,9.21034037197618,10.3757012378079,12.8858357583915,8.4402351
1271,1993,12.9867653776994,4.969813299576,10.2635263324295,12.6515082518819,-3.8102338
1272,1992,11.9328850192288,10.0982316293286,9.96969187295935,11.3398002779074,-2.2107949
1272,1993,12.4090134895269,8.44376191333035,10.0802101309296,11.9534802795931,2.5360045
1272,1994,12.6823068245265,10.5584135202759,10.9513414914276,12.0728937436758,-7.0080976
1272,1995,12.4760997827432,0,10.8617452232316,12.0381050991422,-3.170718
1273,1990,15.2420678187704,11.7077929909327,13.4076671238797,14.6431571446956,31.276785
1273,1991,15.0379568314764,11.8538876068643,13.485243270766,14.7176960397369,42.576782
1273,1992,14.9502040613317,10.0544474328871,13.3877306667372,14.4163789275505,36.464115
1273,1993,14.9134267917825,11.2610094271872,13.3753321032468,14.4961465146942,63.520496
1274,1993,12.4498930918096,7.16549347506085,8.703672758358859,11.9279054478875,7.6175966
1274,1994,12.5335486183267,5.99146454710798,8.652894727574971,12.1743759047935,4.887145
1274,1995,12.353955420175,0,8.536034572549591,12.0968887055564,5.5869555
1274,1996,12.6076109595365,0,8.41916131114314,12.1337503412737,3.2659144
1275,1990,12.2841377066415,9.39266192877014,10.8166534070628,12.0726524467234,-6.4828019
1275,1991,12.4061728576135,8.6628507638386,10.8341879645002,12.1187854603602,.63627934
1275,1992,12.2125343092876,8.51639287124547,10.8326905610017,11.788815389414,5.3292437
1275,1993,12.2629055701763,0,10.7336407073644,11.8275912845169,5.6827931
1276,1992,15.1022494579614,13.9715086730887,13.8980465855001,14.6246931255064,32.369431
1276,1993,15.2745423841938,11.5832348028682,13.8857027233441,14.8328748349374,33.695507
1276,1994,15.3937136962218,12.6798659598398,14.0423177897975,14.9725935121088,35.81435
1276,1995,15.3726273592932,12.1686511128805,14.0724161818941,15.2772600659034,38.938622
1277,1990,15.7102140170876,13.1305160538406,14.6784157028694,15.1248737446445,31.871058
1277,1991,15.6444943144464,12.306714043648,14.7033650245165,15.1483753744364,34.592113
1277,1992,15.6200413601364,12.5285582377621,14.744762252505,15.1100457348757,38.09724
1277,1993,15.6774297548381,12.2388011761523,14.7559198450064,15.1582972664024,44.798794
1278,1994,14.7151243185654,11.3257400990101,12.9705469710397,14.4506172609291,42.764362
1278,1995,14.8691315771043,11.4220484441796,13.0706419913986,14.4823114360126,42.079533
1278,1996,15.5293657628043,12.4770649656593,13.5106709329198,15.2277414725542,48.988014
1278,1997,15.6759627170886,11.6696813198089,13.562271392851,15.3188602527526,51.791981
1279,1990,11.9522411234535,0,9.551657993593871,11.7654291378194,-3.9406846
1279,1991,12.9031121889245,7.47193207824512,9.575587469795559,12.7495784323785,3.8248086
1279,1992,13.1642053427883,8.290794347381359,9.72773437662021,12.9833619134734,11.240274
1279,1993,12.8391564337921,0,9.626336500390559,12.5314486570594,7.1939106
1280,1992,13.9802975194337,8.859505484519129,11.09874851876,13.454163259702,17.234446
1280,1993,13.6027463387217,0,10.9830053631112,13.4518558084108,18.817173
1280,1994,13.9225979892744,0,10.8672609274798,13.7715766416604,19.997736
1280,1995,14.1267321045494,8.89274876911826,10.8798003717981,14.0056682605233,25.47258
1281,1990,14.5859106715791,12.3004733209517,13.3803256596567,14.0875649548323,14.741819
1281,1991,14.5030275246458,12.1255402346383,13.5271762728681,14.0781122777947,27.957497
1281,1992,14.5582373972652,13.0190540898722,13.8986510778437,13.9923788600629,38.649323
1281,1993,14.2431396427751,13.0623160888989,14.1507152058199,13.914349487507,55.07917
1282,1992,12.6881684055061,9.11701821474481,9.458324817569419,11.921287142932,19.919014
1282,1993,12.5752685382231,9.107975365298151,9.889160407390079,11.9270078211021,18.874344
1282,1994,12.8364305346487,9.56177159159186,10.3219149526352,12.1284148146154,18.201157
1282,1995,13.2911814291523,9.549024446394,10.5730538772751,12.5426533534039,17.673018
1283,1992,16.9573882232282,13.3677536256653,15.3888474188367,16.5635796054402,51.134647
1283,1993,16.7573480671067,13.2655195528475,15.3832876866928,16.2926235588283,58.757057
1283,1994,17.0039778062452,13.7779062976469,15.4478085561561,16.5787912443303,54.616665
1283,1995,17.2103278104083,13.9463072146048,15.5235269942518,16.8148183128311,59.613518
1284,1991,16.0930045208953,13.0506052575684,14.1737249962732,15.7169921018611,21.949993
1284,1992,16.0180788043579,13.1945668228121,14.3811687963281,15.6003086924684,28.358084
1284,1993,16.2100607927085,12.1809394358912,14.3607679847978,15.8517334586735,32.388519
1284,1994,16.5056140412956,13.051294781663,14.4772044804338,16.1318541082981,36.438374
1285,1993,11.9459894496057,7.94803199063728,9.75174563597457,11.0882250603419,13.331444
1285,1994,12.0966023613195,8.84750362592364,9.991818891326091,11.1455082430536,12.288903
1285,1995,12.2872284961497,9.37415845720558,10.3112034590294,11.4886717142866,13.918867
1285,1996,12.0832759239341,8.786303878282579,10.3968872224787,11.2858309872996,19.30051
1286,1991,15.2229808912362,11.1593030003298,13.5017908287556,14.8665994890117,19.241264
1286,1992,15.2375027270071,11.7249918908366,13.5606322437223,14.8246827790497,24.466137
1286,1993,15.388984471955,12.0037299975785,13.6537401717675,14.9741670864512,26.546455
1286,1994,15.6400562576754,12.4180298624535,13.8081644412001,15.0557127734072,32.496666
1287,1992,15.0814318819734,12.9472263499603,14.6009171330483,14.4173504984002,39.094856
1287,1993,15.1294500081052,12.9123161930769,14.589902369752,14.4976933276376,46.959721
1287,1994,15.3119330663456,13.1807851040396,14.7021524755459,14.6512488153549,43.921375
1287,1995,15.3943217262425,13.4878533545243,14.8471824744697,14.7735956232348,46.013496
1288,1992,14.1232757102356,10.6525423650344,10.1559102553428,13.4560796269023,2.7813878
1288,1993,14.1105446653587,10.1961571664989,10.7841904842302,13.3443130904121,-.28273413
1288,1994,14.1074982393343,10.6619541992167,11.3228999084312,13.3081712916423,6.437984
1288,1995,14.1166107193709,10.581521095286,11.6027442308866,13.3547355227836,8.4626665
1289,1990,11.7990598388736,9.903487552536131,9.39207842523172,10.9261719207008,6.9164581
1289,1991,11.9313507082518,8.006367567650249,9.519235840827159,11.2041778811582,8.9641514
1289,1992,11.885638755338,9.10497985631836,9.935882135971999,11.1353699927459,10.870914
1289,1993,11.8256479778951,8.59785109443369,10.0656999350532,11.0620642228215,12.498909
1290,1990,14.7995296294817,0,14.1218909717423,13.8590297118778,7.0708885
1290,1991,14.6457946204491,0,14.0100657280261,13.8771717785915,15.316397
1290,1992,14.5998656885607,0,13.8982400223033,12.7598461578414,25.462767
1290,1993,14.43099021477,0,13.7864135150955,13.8191452338402,23.040415
1291,1990,11.4444930797339,0,9.11526016572591,10.5454866493237,7.2755208
1291,1991,11.4624945665188,0,9.05443481992765,10.5513227169904,9.4116526
1291,1992,11.4082292224613,0,8.99360126833497,10.8038030281603,8.7934046
1291,1993,11.3952035794441,0,8.932885819679839,10.6532945388836,8.4867287
1292,1992,11.7826160789643,6.77650699237218,9.39087700340488,11.2297451887875,4.7238927
1292,1993,11.6671842897354,0,9.2810411175489,10.6178500423539,3.5779912
1292,1994,11.7360508438632,0,9.17120445522758,10.5700924593467,4.4589796
1292,1995,11.7002853802082,0,9.06138782508271,10.7662201323712,-1.1951495
1293,1990,14.7387892173024,11.3160951635236,12.857298268939,14.2855130996025,16.258066
1293,1991,14.7693848944297,11.2848196218262,12.9443774481792,14.1984328400145,23.940874
1293,1992,14.812223740785,13.0952326450139,13.6306800964994,14.2487708101056,24.388958
1293,1993,14.9076536329871,12.6357814850088,13.8419023115625,14.2472727370865,32.067852
1294,1991,15.9928823399316,12.5735866342098,14.7389258497807,15.5841736102799,59.878529
1294,1992,16.0578284043816,11.3804563650558,14.6593186791458,15.4124303772504,39.215157
1294,1993,15.7085752371288,11.5146939003662,14.5793422716777,14.9097082248145,50.350063
1294,1994,15.8763621761957,11.8799407627032,14.5229385801558,15.5843738402879,45.024197
1295,1992,14.0783950175068,10.4458409127064,11.8242014979347,13.6085291519255,31.990789
1295,1993,13.8282549184333,9.49228099379885,11.81825785015,13.3999914981219,30.994591
1295,1994,14.049806821194,9.27369068747694,11.7920129596202,13.678737376195,32.563732
1295,1995,14.1207449413836,10.5715733025007,11.9428073752789,13.7321796732074,33.427223
1296,1996,14.1723972665556,11.7038515629601,13.2144270201785,13.8826335993478,34.069809
1296,1997,14.2312418914005,11.0727291507735,13.195409543184,13.9844779704378,30.794407
1296,1998,14.5935890659557,13.7327472361072,14.0380033375725,14.2435499071976,32.263977
1296,1999,14.4075918773682,11.5035617620173,13.984613549875,13.9824700351988,33.279827
1297,1990,14.0962367318492,0,10.6896695990633,13.7417793054588,.57237822
1297,1991,13.994161433643,10.4631033404715,11.209138400535,13.3874986081167,6.7684155
1297,1992,13.7564620485798,0,11.1166926081756,13.1413277639961,28.766125
1297,1993,13.5270259169392,0,11.0242428648899,12.9265415592004,22.922709
1298,1995,12.1958295516283,0,9.95897429212916,10.5425675967495,18.718479
1298,1996,12.3422496813439,6.05678401322862,9.867984719493469,10.9820732764568,21.294533
1298,1997,12.1772265991873,0,9.75783152411257,10.337692264717,22.643507
1298,1998,12.1707147032683,8.7684187268574,9.94735610159276,10.4003764633214,25.94171
1299,1990,10.9472916047092,0,9.11954000764969,10.6916019904729,-20.643063
1299,1991,10.889863891977,0,9.006141236662909,10.726667887836,-5.1612554
1299,1992,10.6943057602695,8.183397369998429,9.27358743454001,10.2540696804578,-.73539329
1299,1993,10.1781603703943,0,9.160225330544341,9.91433464165215,-.72929633
1300,1990,11.9169137431016,8.827907962978591,9.708749225727081,11.1173990018489,9.3612604
1300,1991,11.9486094739118,8.19257047115217,9.81090066121331,11.107922719765,15.487939
1300,1992,11.8877319826025,0,9.700753062247051,11.434956244799,17.753368
1300,1993,11.7868519422467,0,9.590617578191811,11.5750844217544,18.474693
1301,1992,11.7673541398215,0,10.9139259705988,10.6526793456205,18.432673
1301,1993,11.7912747704666,8.73873546136347,10.9142553900319,10.7120427095857,16.300091
1301,1994,12.0567112339711,9.9281801651265,11.1258531673039,11.1663627675846,15.882189
1301,1995,12.3148191666404,9.952277716705559,11.2795105937914,11.3907070394753,18.577223
1302,1991,15.0870682145832,11.4162273223911,12.7279100168453,14.2964859424046,37.531536
1302,1992,15.1627353738044,11.2469005083376,12.8207349044376,14.3527652248765,43.077656
1302,1993,15.1758414496309,10.9303352749749,12.844150199802,14.5140335135033,46.06488
1302,1994,15.5227921698156,11.9898364335264,13.0848959583323,14.9091750126439,47.961597
1303,1990,16.0674147002375,12.0202369212764,14.2221236735263,15.8534358225216,28.089577
1303,1991,16.0315869083012,12.0856323324373,14.2261688912384,15.8719832524114,30.266144
1303,1992,15.8425340220381,11.7255417990643,14.193012378986,15.5025731891016,37.087315
1303,1993,15.4699092719601,13.0672057841167,14.3691882933676,15.1217527609462,30.510561
1304,1990,13.2611061113998,9.998797732340449,10.9123210019575,12.8960911841152,-22.630476
1304,1991,14.2448985404558,12.9560372095636,13.035138741313,13.9601684716207,17.111813
1304,1992,14.1898490627939,11.6082356447746,13.1584036537105,13.8028910299524,22.268425
1304,1993,13.9666375519148,9.366574594006821,13.0815334661861,13.3384770587305,18.80657
1305,1996,12.3622927447049,0,11.6187366790483,11.9529785618981,25.451067
1305,1997,12.7752171278863,0,11.5064636322257,12.5425543798906,17.817074
1305,1998,12.8619335188973,0,11.3941903512313,12.6443425800753,18.813925
1305,1999,12.7106044902827,0,11.2819173186428,12.3713211427129,19.107962
1306,1996,15.3611321558582,13.1207280409703,13.9250765482045,14.8398334597092,35.287415
1306,1997,15.6852019687246,13.7094664753945,14.3723037375146,14.9835025037142,38.771378
1306,1998,15.7779106360649,13.6293628909368,14.6206096729731,15.1560297786239,43.978634
1306,1999,15.6598696616638,13.6245739983697,14.7947466049971,15.2635952255454,45.790051
1307,1996,17.0982035846512,12.5427769980675,15.7800454419933,16.6480687645456,59.750004
1307,1997,17.2758250061388,13.9483932402217,15.8280880231643,16.9772894001124,57.493122
1307,1998,17.2313077462202,14.4224999970841,15.9414408079708,16.979057102137,59.775471
1307,1999,17.3677169205691,14.1991205739105,15.9997271977285,17.0430209849744,63.639111
1308,1992,12.026861421632,0,9.87867730802739,11.7704344678535,.87368774
1308,1993,11.6503687793749,0,9.7783380761554,10.9068015973287,-6.2520566
1308,1994,12.0867506360823,0,9.67797244129542,11.3137506344806,6.2097263
1308,1995,11.670523257895,0,9.577598119982049,11.0762603675605,7.1512556
1309,1991,11.3923755851823,9.10509096125709,8.482643153656831,10.8523677176469,-5.1204653
1309,1992,11.275196512076,0,8.38833656929123,10.693779825831,-1.2985668
1309,1993,11.1849486444241,0,8.29789224781948,10.9659210638307,-2.396816
1309,1994,11.029218214798,0,8.207429095818251,10.6876926718619,3.9511209
1310,1991,13.8891486969637,10.4041113138175,9.60638794060598,12.9318092957873,20.751223
1310,1992,13.8959346757225,10.6604307911762,10.8824600829047,13.0433869366132,28.301085
1310,1993,13.7851757612969,10.7825332183804,11.4260366259271,12.923243867758,31.019773
1310,1994,13.6756532330403,8.391403185357939,11.3459991903208,13.0040839527821,36.485531
1311,1990,15.9153495142349,15.5431351579097,15.5971435941674,15.5110165907279,43.962208
1311,1991,16.3109840277861,15.8508008714537,16.3591312997861,16.0858397430541,51.699547
1311,1992,16.4301416400384,12.4684292176604,16.273628797595,16.2282809219879,53.657661
1311,1993,16.5389356401246,12.4446406263537,16.1892098641414,16.3157533211904,56.746597
1312,1994,15.2879990550096,13.1388152993126,14.0629083819095,14.7882853051867,44.014305
1312,1995,15.3100516126331,13.1816826770701,14.2908700688357,14.8366046923926,34.149235
1312,1996,15.1097656883067,11.6075353996602,14.2407329328627,14.7335935178855,37.724075
1312,1997,15.1970658265188,12.2663630938698,14.2503646804381,14.7582999782226,38.297222
1313,1991,14.4018866890603,11.2793527181655,12.1808127845849,13.8338746805202,12.284815
1313,1992,14.2802120911462,10.5274186224074,12.2514049333683,13.7264881702474,16.590099
1313,1993,14.1378208891433,9.801177933711561,12.2242170359662,13.4874237095,19.630653
1313,1994,13.6893878389972,10.9525944213004,12.5693857083259,13.6648076729828,21.518314
1314,1990,11.5424842672118,8.294049640102029,9.33406129896594,10.9354034379573,3.0732064
1314,1991,12.0376539939052,8.650849576228911,9.662211852898499,11.8322333023106,-4.9228363
1314,1992,11.9605940129635,8.232971790593441,9.776721792744169,11.6267221898123,-.62548882
1314,1993,10.8854162009912,0,9.675387990463779,10.3016664834283,-.22643161
1315,1993,11.8353860863541,7.9820748750812,10.1668705287098,11.6426490240944,5.7223911
1315,1994,12.0943400935498,5.24174701505964,10.0620072457383,11.7204481963397,2.5245485
1315,1995,11.862321014856,7.27239839257005,10.0083564473682,11.4577204449601,3.608448
1315,1996,11.7149398531362,3.93182563272433,9.89828403770453,11.5730292620694,7.4931054
1316,1990,11.2829217449885,8.74830491237962,11.0598969399305,8.61991750390024,-89.639839
1316,1991,11.3460581659627,8.84375938191798,11.0695653246054,9.363605864055881,6.9464741
1316,1992,11.1152432278509,8.61250337122056,11.0546922913234,9.04311262311341,.24827786
1316,1993,10.4718066506688,0,10.9543161703504,9.541325743228279,-13.186511
1317,1995,16.6046057951543,12.2079808237995,14.4573786019312,16.2816951435099,13.095006
1317,1996,16.72616739891,11.6393995130185,13.3221752496379,16.4433166677127,21.997543
1317,1997,16.8632496615456,11.5986810537879,13.3720179844994,16.5811482595802,29.20443
1317,1998,16.8298926046002,12.5303096214044,13.6053422133953,16.5399552321978,28.287764
1318,1990,15.261308289062,12.8239573415896,12.5276270192298,14.6578671793699,-11.561482
1318,1991,15.1236096294938,10.7363966754712,12.5867743218737,14.7815176944674,9.463275
1318,1992,15.1398528747673,10.9112447228602,12.6603920427359,14.8531566200901,5.5821347
1318,1993,15.073496100638,9.87508807801443,12.6169543904712,14.8014097552237,7.4789009
1319,1996,16.5844722894176,13.5422756212594,15.0587032773663,16.3567672905704,34.848167
1319,1997,16.6614836747268,14.4348109630249,15.3607070144659,16.3889193474918,55.809986
1319,1998,16.7042083467482,12.4268975107683,15.302631175508,16.4576885783138,64.767189
1319,1999,16.4733618231617,12.4012034787985,15.2457868756613,15.7560799758334,60.363899
1320,1991,12.0540155071798,0,9.75516734243817,11.5825465328082,4.4125915
1320,1992,12.1044951699818,0,9.68181791447792,11.5925687888544,8.4588623
1320,1993,11.4015624533286,0,9.604090459748869,11.0240593635571,11.275482
1320,1994,11.4461486517316,0,9.536798347129279,11.1874376621087,9.0821648
1321,1992,10.9855865852525,9.36117126167877,9.025732202875799,10.7291479678756,-6.4927425
1321,1993,10.8567812441296,9.581697010450901,9.952425324858559,10.8010682386339,-1.7961172
1321,1994,10.8508512805243,7.71244383427499,9.951501224837569,10.6925224262421,-.95991361
1321,1995,10.7215203619004,5.03043792139244,9.85510580495329,10.0821870290777,.18063995
1322,1990,12.2897367624769,10.1453350886441,12.3196870043143,11.554294584966,10.198685
1322,1991,12.1297845046413,8.488587934405899,12.2030756590493,10.4836303312702,17.948681
1322,1992,12.1357127849699,7.70975686445416,12.0747160292215,10.420813343919,23.446505
1322,1993,12.1521728422175,5.33753807970132,11.935570810666,10.5131164539574,28.717276
1323,1996,13.0845956736177,7.7397944584087,10.1470609853618,12.8372174204551,20.971483
1323,1997,13.2364576889277,8.25035895147729,10.1686287270483,12.9692924777473,20.366043
1323,1998,13.6139285363993,5.87493073085203,10.0696966649261,13.4346113679942,22.354647
1323,1999,13.1732883737537,0,9.95742160704537,12.8534096339347,22.946566
1324,1996,15.2536961616424,12.9090488624587,13.3019005614277,14.3680580254393,49.338112
1324,1997,15.361166324036,12.9652322604837,13.7043242161997,14.7030223368743,51.080833
1324,1998,15.5678696845659,13.1752138587467,14.0311968529309,14.8449430059661,59.10812
1324,1999,15.4288540242643,13.1742819762483,13.6075973095295,14.6969437027267,51.272827
1325,1990,12.3965943291961,10.4319369610557,10.3832558518368,11.5495015251353,8.7432804
1325,1991,12.6949690176646,0,10.2661182258571,11.8124676158232,8.3128052
1325,1992,12.27301423698,0,10.1487839084915,10.9565784328269,19.711432
1325,1993,11.9643277570817,0,10.0314541151757,10.827143330418,12.356043
1326,1992,16.6393346818966,13.7736578240813,15.7047813130874,16.4983413113637,48.900951
1326,1993,16.6955377613793,13.9915423757559,15.7667775761985,16.6627459410071,51.152668
1326,1994,16.8974434546653,13.8883566628697,15.8019202724223,16.6560136672967,51.833271
1326,1995,17.0375471170297,14.3119382268444,15.8916930572299,16.7253095057156,54.992424
1327,1994,14.4320471759633,0,11.5087949461103,13.766865587506,40.40419
1327,1995,15.0867974654338,11.8334788085409,12.2595840281402,14.64009177255,46.475605
1327,1996,13.8941978859872,10.2522764834507,12.2782481803003,13.4998508226339,52.492809
1327,1997,13.7051855171972,0,12.1768796463745,12.5561593311407,41.071484
1328,1990,13.0437145746236,10.207510384576,11.1432665934732,12.5099032545686,14.271325
1328,1991,13.0370039584233,8.107720061910531,11.0686176522545,12.5232754562411,18.84992
1328,1992,12.8698438255331,8.26821888006751,11.0056518586478,12.3919584985789,17.886662
1328,1993,12.7250738320494,7.94093976232779,10.9278772470971,12.2887377393238,20.387833
1329,1990,11.9409252259628,8.732304571033181,10.424006048273,11.2877668705339,8.0118179
1329,1991,11.8709328541427,8.006367567650249,10.4450091957447,11.4512947121737,7.6640992
1329,1992,12.0052572015263,11.8539871539252,12.0116683859932,11.7034309435041,9.5499506
1329,1993,12.4989186089776,8.350902451694809,11.9699673272874,12.1148508555404,13.568006
1330,1990,16.2523841670359,12.5595881035456,15.5288820885219,16.0728231922845,-24.682783
1330,1991,16.0005273656282,12.7508416200982,15.5264688541789,15.7219273026148,26.124361
1330,1992,16.1625155672457,11.8276048093169,15.4866065909122,15.9207018808134,36.157482
1330,1993,16.2108249450512,11.0696494494655,15.4340977280028,16.0107226103807,40.677814
1331,1991,12.6294019262447,6.21460809842219,10.2009479113393,12.41576964583,-.67525476
1331,1992,12.3286367931047,0,10.100566350305,11.9163665874705,4.9471893
1331,1993,12.0049378917924,0,10.0001922141441,11.6079735465255,4.9060006
1331,1994,12.0006763245009,0,9.8998057831335,11.4915155325353,8.9959621
1332,1994,13.6911661565279,10.4602421081905,11.8963030975033,13.1165169633688,24.673565
1332,1995,13.7833460302712,10.6096743466039,12.021400728803,13.1952208427852,23.180256
1332,1996,13.7805107969745,10.0549202562963,12.0320852628262,12.9579087725892,26.24222
1332,1997,13.6911611055652,7.64012317269536,11.9280359069297,12.8740197415813,35.24897
1333,1996,15.1400644901803,9.51708950714519,12.3929048473852,15.0308624581941,19.635092
1333,1997,15.3439480201527,11.4395049487722,12.6123487580187,15.2563247798578,23.552406
1333,1998,15.5132286617463,11.4088862981686,12.770922710704,15.4113985032406,23.922855
1333,1999,15.786339763259,10.140257836765,12.7515637191273,15.6363773054556,24.902872
1334,1990,13.9117798413181,0,11.8705859231303,13.1022538200339,13.065111
1334,1991,13.5195198867239,0,11.7446822159523,13.2217348484843,10.159617
1334,1992,13.2611788859149,0,11.6187780595374,12.7237946402908,12.952991
1334,1993,13.0735394039677,5.56452040732269,11.4953529690814,12.5243089079263,15.743386
1335,1990,11.8803963821058,0,10.128988323424,11.3370156186592,-6.394279
1335,1991,12.0433764650303,8.6164953924901,10.2585677255034,10.8751122476106,14.776628
1335,1992,11.3964118071363,5.74620319054015,10.1924600420416,10.8086402151961,-.95195419
1335,1993,12.6883706698881,0,10.1152708194797,12.5174011268313,.23330992
1336,1990,16.6355530580003,10.6342676479029,13.0234950749828,16.3237319858041,48.655266
1336,1991,16.4105730798225,10.1295468489312,12.9807809188948,15.8377090345096,43.067669
1336,1992,16.2888707765447,11.5090479571438,13.0950141741998,15.9558859449711,66.092888
1336,1993,16.1533035496678,11.6448918836616,13.2112043130637,16.0339662599162,58.29459
1337,1990,14.375661973854,9.700269170029189,12.7586925909531,13.694558706899,23.670958
1337,1991,14.517852340264,11.128585638477,12.8609492614028,13.9392766613188,20.791672
1337,1992,14.5052275514739,11.0974100210086,12.9380339662192,13.8357816078089,32.766857
1337,1993,13.7318451096753,10.7977780441306,13.0515691702002,13.278396766733,37.435406
1338,1990,11.4043864309485,0,9.16732848138289,10.8735119443446,14.492252
1338,1991,10.9126057311021,8.51719319141624,9.502517327289221,10.0379100182076,2.7086666
1338,1992,10.8052433889346,0,9.39103560702555,9.01727848927421,12.738265
1338,1993,10.6921177575098,0,9.27955855141273,10.2084795658097,11.260992
1339,1991,12.1141031090552,0,8.444988023166999,11.4814280201854,19.15201
1339,1992,11.9479213496754,4.14313472639153,8.342292035225769,11.0961086677869,22.767653
1339,1993,10.5083612783095,0,8.22550309756692,10.0455179520503,14.590268
1339,1994,11.0964610257968,0,8.108472790587401,10.0894268313921,16.204218
1340,1990,11.8615859789898,8.69951474821019,8.662158961666419,11.6173416949306,5.8742051
1340,1991,12.6468995980445,8.51719319141624,9.205619244973651,12.42090416181,-19.253025
1340,1992,12.5027710656027,8.69951474821019,9.580931041514541,11.150608714553,17.406963
1340,1993,12.1690856398886,7.00306545878646,9.532257190588201,10.893556972581,14.214075
1341,1990,17.7048138429412,14.0246314497392,14.9359890296068,17.4853268372059,41.39056
1341,1991,17.6729846068312,14.1188417910582,15.2054567181421,17.524427551221,48.435669
1341,1992,17.4751903056757,10.8199782644129,15.0942314845042,17.0816588562517,57.345818
1341,1993,17.0560639131179,12.7893547356074,15.0698893060987,16.9842765043236,67.269913
1342,1990,16.0486246534445,8.79011689289247,13.7017436966722,15.6649929456077,35.333664
1342,1991,15.8950119714021,12.1797184031974,13.8240028957689,15.488129520313,40.907333
1342,1992,16.166295760333,12.2062476302195,13.9250122869492,15.8398539087915,45.002377
1342,1993,16.1675605533545,12.3060084741428,14.0239119760561,15.7689948562636,45.989868
1343,1990,12.7200990010847,10.6313018250044,11.9455970963166,11.1404919599297,5.7980118
1343,1991,12.717325074202,9.622450022803021,11.9370088391649,11.2759048206539,15.988119
1343,1992,12.5415891747724,7.68294316987829,11.8478829835565,11.6767980903082,21.668468
1343,1993,12.1676673910153,0,11.7414592627686,11.2208923303842,23.086931
1344,1991,11.1283408344414,6.02102334934953,9.137619130175009,9.778967119000169,7.1933827
1344,1992,11.1676323505713,6.77878489768518,9.117182873489931,10.271494361828,11.922466
1344,1993,11.3910109318246,0,9.00143251068863,10.6522179910276,13.05389
1344,1994,11.3673809276201,0,8.8856484738905,11.007723503449,13.468927
1345,1990,14.7438530074687,11.1915073443877,12.1959566509555,14.3255887005918,6.209878
1345,1991,14.806226789018,10.2007733611306,12.2310705773595,14.4834281689687,23.010908
1345,1992,14.6916680399541,10.4232630068217,12.2884315917279,14.3388817853015,28.073399
1345,1993,14.6461457902538,9.134862230800231,12.2311008115723,13.7351666784949,30.836046
1346,1990,12.8973434893708,0,10.5871650367196,12.2147130874176,26.819746
1346,1991,13.0044826072221,9.68831217087109,10.8394828676846,12.3739007334691,31.588404
1346,1992,12.9703500281912,10.4163111789648,11.2524823539052,12.2512105016031,32.73679
1346,1993,13.2224125975267,10.7775177556957,11.640188754014,12.3319449112426,34.472446
1347,1990,16.3086551822707,12.4049235042753,14.0301823248367,15.3273521785501,55.560612
1347,1991,16.1039464640048,12.1034417344432,14.0643301211001,15.7106874251502,72.715645
1347,1992,16.0521083387496,12.0768974651063,14.0873926911652,15.6392246936882,75.579681
1347,1993,16.1364393068337,10.1582460432196,13.9958432215541,15.8177027923246,69.430672
1348,1996,14.6554209168705,10.2018869883291,13.5761560665164,14.1143039846056,39.558876
1348,1997,14.6230369917197,9.8598490955063,13.5134266078774,14.2502518369515,40.515652
1348,1998,14.832692385489,10.6098964070793,13.4775454876211,14.2764906467567,39.243782
1348,1999,14.860495931359,11.276088586524,13.4885956442857,14.424428283651,42.252937
1349,1992,12.3678762005259,8.287528423111761,8.527955074060269,12.3049793488755,-2.7295051
1349,1993,12.6900562600649,0,8.42803405509642,12.5924400256933,1.3126863
1349,1994,12.8161720850633,8.51719319141624,9.07242222875818,12.5955951103006,4.97054
1349,1995,13.0642671137496,9.44216612367323,9.849944360605161,12.9158702839781,4.8049798
1350,1995,11.1977754529522,6.72142570079064,8.10470346837111,10.5373757315713,4.0503879
1350,1996,11.277655705388,6.82979373751242,8.24611910634448,10.4779588219638,2.3395035
1350,1997,11.2877060412415,0,8.15421269491423,10.2929136268236,5.4844103
1350,1998,11.3359081430594,6.93731408122368,8.30392571077223,10.1344432072266,6.2951913
1351,1993,15.1389794388388,9.711115659888669,12.8786563394138,12.8796560926709,49.080753
1351,1994,15.1415850078692,9.10097183492082,12.7733189610861,14.9141710410343,43.503887
1351,1995,13.8917418261959,8.23880116587155,12.6551261581156,13.4787197878228,39.289398
1351,1996,13.5536633481526,7.4500795698075,12.5316110392373,13.0238264783171,42.081284
1352,1994,15.4086459369069,11.2709303339707,12.1879646814807,15.0614847340501,21.101284
1352,1995,15.4613529787157,9.104646467417121,12.1311060741163,15.2035818365819,23.1684
1352,1996,15.3435630919979,9.562896846651171,12.1009215523864,15.0100765250046,25.764732
1352,1997,15.2752555680054,9.06044728240157,12.044338701968,14.934888853264,27.297947
1353,1996,12.2917672355483,9.147932911847571,9.08200687542462,11.6765239043966,21.61808
1353,1997,12.3365647555375,8.414495793177901,9.36356776856576,11.7161578739159,24.941507
1353,1998,12.2601441659176,0,9.24793476338488,11.6149240281673,24.442638
1353,1999,12.0780926320922,8.748146169621929,9.583013657259359,11.3086310276176,24.119524
1354,1991,12.4932327777211,6.39692965521615,9.86959462151294,12.2179615922409,-1.4438639
1354,1992,12.435365966712,8.55756708555451,10.0088650680495,12.1543203014736,.47760308
1354,1993,12.6644665130274,8.43381158247719,10.0937028714492,12.2060713158146,3.2246549
1354,1994,12.7775639748581,0,9.983541029382449,12.3878719905001,2.6813715
1355,1992,19.1619961606022,14.8562698386766,16.585902550409,19.0052427959839,64.163567
1355,1993,18.9929592521148,15.8365084337509,16.8660659701689,18.8717551003353,68.380775
1355,1994,19.1904869583403,15.3692052899372,16.9501304787653,19.0834961151312,65.458412
1355,1995,19.1652455075725,15.6337394343317,17.0620709365632,19.1072758119379,64.066772
1356,1991,11.202924515366,8.64646552712038,8.99662721439106,10.7296969057243,-8.7210608
1356,1992,11.1880060481156,6.90775527898214,9.01478766833308,10.7675793842783,-6.65802
1356,1993,11.1980563839691,8.51719319141624,9.398826223737981,10.6350726127843,-2.2860446
1356,1994,11.1949701449475,0,9.29527876849237,10.4314602041356,2.2607381
1357,1990,15.6895143180725,10.265940770051,13.1302164610663,15.3523021341994,35.039776
1357,1991,15.5787964565182,11.7383384391951,13.2915926024259,15.4012686364196,39.76767
1357,1992,15.6503478816686,11.19072095848,13.3408413417746,15.428595327022,41.408161
1357,1993,15.6379964159521,11.3321826612895,13.3992974464468,15.4352392723303,45.374519
1358,1991,11.637704150477,8.63958779962984,8.399782586398951,11.0462887883898,8.1660128
1358,1992,11.3013373886451,0,8.273999982296321,10.6461653152279,11.372502
1358,1993,10.9773506728813,0,8.14798286396724,10.382625721457,10.281116
1358,1994,11.1448645456898,0,8.022273724667301,10.3821830292396,11.738482
1359,1990,14.0060533687711,0,9.174402265170549,13.417474853787,26.540026
1359,1991,14.1253040932567,10.8293523068446,10.9570798111394,13.7688165367479,28.13829
1359,1992,13.9053771947509,0,10.8470976878652,13.2796641405181,25.320518
1359,1993,13.7269592684527,0,10.7372093886087,12.9448171977337,18.768677
1360,1996,11.4861546121215,9.13776967914135,10.1833289672087,10.4506687474014,9.4652548
1360,1997,11.4570627711727,7.1770187659099,10.1183247010068,10.4537807631331,9.3604107
1360,1998,11.4357726006714,7.69120009752286,10.0863423004917,10.3838890035641,8.5318928
1360,1999,11.6378017632365,6.87212810133899,10.0114042982523,10.6199450101755,9.7541943
1361,1991,12.0528953201625,0,8.96456770260161,11.364568136983,9.6358671
1361,1992,11.9403047010111,0,8.840232755149071,11.5626806828514,9.1281815
1361,1993,12.0626983492252,0,8.71581451562365,11.5936846798273,6.579998
1361,1994,12.2109360717211,0,8.59131687773221,11.7802185546739,9.6752834
1362,1991,10.9928166094798,5.75890177387728,8.843788237366621,10.6310046453676,.11468274
1362,1992,10.9583242421145,0,8.751854161890771,10.3776456015491,2.3396215
1362,1993,10.4677032152126,0,8.660046004299829,10.1872763004021,4.6060081
1362,1994,10.8103390085234,0,8.56811441659462,10.3868949311763,3.3661227
1363,1990,16.1925815839639,10.5708552801086,11.4653935089249,15.8631188660498,15.84906
1363,1991,16.1943671199165,10.878688496289,11.8308954427353,15.9841927380691,17.834633
1363,1992,16.1060319473726,10.1831248524048,11.9132708228282,15.8885677126808,15.506625
1363,1993,16.0910841085814,11.2485952693258,12.2380861993924,15.5498891660729,16.244642
1364,1991,15.1583566836839,11.0882316648335,10.4912325499035,15.0272230007831,-30.010084
1364,1992,14.9613568762582,11.3878949798834,11.6577848281753,14.8387400647821,-19.896866
1364,1993,14.7467173538809,0,11.5536392936408,14.6838315022858,5.3581533
1364,1994,14.4132112686975,10.6689553946757,11.7994501178703,14.3073539310509,-6.0604734
1365,1992,11.6694173326971,0,10.0540432065664,11.5093311632643,-6.8608856
1365,1993,11.5517453180151,0,9.929588928450871,11.1876775522095,1.6609029
1365,1994,12.3424366455601,0,9.805141268428031,12.308076577998,-1.7753206
1365,1995,13.6746973332978,0,9.68071268325035,13.5083043248447,.30884051
1366,1990,13.8045015884151,11.3805362769245,12.1570504544446,13.6007230126003,20.789297
1366,1991,13.4386643105847,9.04746843900354,12.1007521290724,13.0980574711648,26.625473
1366,1992,13.1112526699395,0,11.9984314345964,12.5771433475514,21.809465
1366,1993,13.3152978360464,0,11.8962915109931,12.4194442672192,27.091307
1367,1993,14.0319560315145,10.3288859983517,13.1974211269481,13.3921283925022,2.5182526
1367,1994,13.9888189248794,10.6734337240657,13.1720931000504,13.3288441524026,12.197809
1367,1995,13.9122912746984,10.5865843972426,13.1394450513602,13.2792606522138,10.686747
1367,1996,13.7924493331243,11.6772442737131,13.2351776447068,13.1974343253584,15.024287
1368,1990,15.4490951076286,11.4432323483689,13.4917991544776,15.278287091924,-47.354607
1368,1991,15.6697263316321,12.5205804197727,13.7280564284287,15.5218706216685,-36.01339
1368,1992,15.6990881702028,11.8935922882382,13.7783445803953,15.238957534699,-32.600819
1368,1993,15.5641448143615,11.0303795085493,13.7383340056073,15.3551535040375,10.191984
1369,1990,15.7295309389492,12.2518678531006,14.2455453442774,15.6284396518659,31.993269
1369,1991,15.7904809258975,12.6108008154995,14.3370098548687,15.5553591247655,-6.5111089
1369,1992,15.8675552826023,13.3271571974576,14.5620128010065,15.5365720038279,-2.6005511
1369,1993,15.709404400067,11.7809047051461,14.527387339353,15.3779861209378,5.0118012
1370,1990,11.7334060605638,8.9226582995244,9.19755903761145,10.5499112425289,-2.9005716
1370,1991,11.9356193049649,9.3195534569495,9.890685960698921,11.2233781841362,2.0588901
1370,1992,11.5667243865387,0,9.795896773911959,11.0582391433236,2.3455815
1370,1993,11.7101308747755,6.28785856016178,9.731375698896031,11.2315755578636,11.076018
1371,1991,12.3343357653353,10.2592721001897,9.644302229874651,11.4721432904905,15.289888
1371,1992,12.3909666770054,8.38068594676157,9.79021806547687,11.5736840556276,13.046545
1371,1993,12.0077945389377,6.51619307604296,9.713452321706241,11.4533798860751,12.943416
1371,1994,12.4695058960685,8.32579052588609,9.82596375308124,11.6139138054437,14.360475
1372,1992,16.0227522134712,13.2423643959615,15.0809868824682,15.6190251229165,39.742771
1372,1993,15.8059237031179,13.4156536942137,15.1385012085874,15.4452737914603,43.398666
1372,1994,16.107153206485,13.2617896112618,15.1612471084143,15.7246543161412,44.630188
1372,1995,16.3410083228158,13.5396714137119,15.2162284480739,15.9526650504063,51.762016
1373,1990,16.3978530275358,13.3193748405802,15.6434555297764,15.8780832549818,37.989994
1373,1991,16.3604673491852,13.5663553682775,15.6473659181632,15.8263118652711,40.439102
1373,1992,16.3283812381158,14.0159871436793,15.7174117944282,15.7536165668394,49.016937
1373,1993,16.1754548723228,13.0006408420991,15.6657003373846,15.5826369434107,54.397621
1374,1993,10.5855243736355,0,8.3343514993754,10.0332345772563,-1.42468
1374,1994,10.7661112352264,0,8.24199289646651,10.2147396729486,.2382101
1374,1995,10.8380346097878,0,8.1494284104909,10.3220883912054,2.3480628
1374,1996,10.8828573646149,0,8.056870549823349,10.4156869243634,-1.2935319
1375,1992,14.275522515427,8.987196820661969,12.3801011599095,13.6030852006322,22.190033
1375,1993,13.8444402429485,9.305650551780509,12.307202675288,13.4614375081127,39.450741
1375,1994,14.2552139235764,10.0432494949113,12.2850132076028,13.8230900631252,30.014933
1375,1995,14.8251780715682,9.25913053614561,12.2116316655073,14.4745359840114,32.265114
1376,1991,14.7367600472477,9.964112174352559,13.5215969765947,13.8880336482451,42.189217
1376,1992,14.4495861458667,0,13.3980755455366,14.1536323918792,33.228649
1376,1993,13.8113607289191,0,13.2736453177591,13.251291927901,26.110292
1376,1994,13.9579848692626,6.98749024700099,13.151141097982,13.2378609731961,35.377708
1377,1993,17.3842915364195,10.7724770112923,14.9628578346765,17.2559609727725,25.470411
1377,1994,17.6028132768692,0,14.8686262277832,17.3247428853484,28.750509
1377,1995,17.6670317310776,13.3304793785734,14.9636510875625,17.3548115642928,30.83972
1377,1996,17.7947518895998,13.7253560647378,15.1118236180511,17.4731526968591,32.320671
1378,1990,10.7895477311946,0,8.40469616018909,9.986299480837969,-7.4610114
1378,1991,10.8760201751217,0,8.291471319087229,8.98620821288424,-3.3422823
1378,1992,10.6435046982119,0,8.177965161081231,9.850675499303019,-4.038157
1378,1993,10.5172140644334,0,8.06454213170132,9.75283237480398,.11436719
1379,1991,15.7632912148758,12.1716830437429,14.3052764337889,15.4736426870233,43.988159
1379,1992,15.6377159870717,12.8674117711753,14.4492924796273,15.202671266863,53.316845
1379,1993,15.6687041649723,10.2471836342467,14.3921186975355,15.2962578095779,50.063992
1379,1994,15.8044540183221,11.2422840391205,14.3606023529242,15.4128928158895,52.449158
1380,1990,14.8179943652088,10.2269107336407,12.3776154867884,14.5838390541864,12.08056
1380,1991,14.8551216223273,9.992368015029999,12.3604858623202,14.6233936650721,15.475676
1380,1992,14.9946068371975,11.2196142452224,12.9081857616941,14.6983656643141,14.928992
1380,1993,14.8953481680505,10.574746933338,12.8924476968993,14.4581598985341,11.71853
1381,1991,13.3899867897863,8.51719319141624,8.727567562652229,13.1892064410428,-.15991648
1381,1992,13.2990875989577,7.69621263934641,8.96991077411845,13.0708268534389,.30848292
1381,1993,13.326363297037,8.545002892055511,9.406433332854061,13.0205549674231,2.5465615
1381,1994,13.3571359894945,8.85366542803745,9.78702114973817,13.018519897829,8.8271723
1382,1990,13.3873675888357,8.846640813100491,10.9643979740202,13.1450302224393,3.1642568
1382,1991,13.3642334155833,8.55140136274597,10.9931347748186,13.1099352167649,5.1089392
1382,1992,13.2490218663943,8.281470857895171,10.9979227961522,13.014073876454,6.4445605
1382,1993,13.3141515872948,12.2434358653796,12.4280947682784,13.2266033997545,11.633439
1383,1990,12.7726298857446,5.99146454710798,12.7987197017927,11.8257938854221,4.0574789
1383,1991,12.7611480935812,0,12.7317253035393,12.3188739667006,5.7123976
1383,1992,12.7639815253609,0,12.6647286963518,12.1422579496091,9.5071659
1383,1993,12.9780312019529,10.4981946602828,12.7058167959425,12.368333335096,8.4240303
1384,1990,14.3476611790447,11.7227243712593,11.3951211790881,14.1240167555483,-9.079381
1384,1991,14.9189359848764,10.7443648451204,11.7218581180905,14.5068167186008,11.772289
1384,1992,14.0389853902479,9.740674462130221,11.7347088917343,13.6044315853061,13.807042
1384,1993,14.679222991438,0,12.6266887290847,14.2463222332729,14.845577
1385,1992,12.738671518637,9.43420366421474,10.8629967650624,12.6468750256074,2.4734197
1385,1993,12.802784138103,8.845201135339581,10.8912576619772,12.6903395360868,6.2930202
1385,1994,12.9651421885637,0,10.7912183031809,12.8517898917145,5.1323838
1385,1995,13.2102017784812,0,10.6911764358794,13.0950710540703,9.9304619
1386,1990,11.3844782687449,0,9.38016753118845,11.1354529535107,-6.042665
1386,1991,11.570571537663,0,9.279791804974399,10.8958988489881,-1.9291632
1386,1992,11.6246009988608,7.17011954344963,9.298397035796469,11.1264225076,-1.2082688
1386,1993,11.4941808777522,0,9.19799447404208,10.9535304132528,.37976667
1387,1992,15.1370409000097,11.7227730149121,13.155449156428,14.6891698553648,31.804239
1387,1993,14.9775670862751,11.4864172050894,13.2111192152703,14.5819953678909,37.41
1387,1994,15.4302884997658,11.7813253246867,13.3069726487161,15.0241263306152,40.166119
1387,1995,15.4145225073116,12.2254732312341,13.4720511880803,15.0206478899445,39.601551
1388,1990,13.3460099110017,10.0395906355285,10.8974057700896,13.025239624758,11.788893
1388,1991,13.2703752518218,9.8035014576602,11.0926471815229,12.8646432823592,14.810349
1388,1992,13.2400719768337,6.71659477352098,10.9920074169229,12.7027289833978,17.272367
1388,1993,13.2654378516761,11.1971182287926,11.7030655439734,12.6601077689635,19.813963
1389,1990,14.7934782764128,13.6325680083942,11.2291557293384,14.1162423243149,18.335438
1389,1991,14.7961639459232,11.7694418949038,12.1611469297522,14.2423543018321,18.372669
1389,1992,15.0248037455489,12.0661839451216,12.7149603928259,14.4036585845753,19.770992
1389,1993,15.0982290524393,9.76932739084919,12.6445117530482,14.6274966013058,21.942307
1390,1991,12.704602991202,9.10497985631836,10.6203292868157,12.0103625920164,10.262518
1390,1992,12.7872652003308,7.08924315502751,10.5223502068961,12.224988974085,11.247229
1390,1993,12.8591707619489,8.173575486634149,10.489895489652,12.1461407671804,12.215411
1390,1994,12.7475555802999,8.779557455883729,10.5333860464309,11.8905094311083,9.6038017
1391,1992,12.1750504671684,10.4437166266714,10.4411177035714,11.8846497457414,1.1531531
1391,1993,12.3403787984087,9.526901403978339,10.6683761571826,11.9719000040172,9.9881115
1391,1994,12.112345393616,9.59171768455526,10.8450911923826,11.502238645463,4.4947834
1391,1995,13.0104875315357,10.8838041741748,11.4298535906671,12.2531107443083,6.026969
1392,1994,12.5687515104876,0,10.1822777088163,12.2683098054596,5.2395868
1392,1995,11.8957752597662,0,10.0822360669433,11.4478690758193,2.9113598
1392,1996,10.2923730156708,9.272657678041041,10.3341947157594,9.65943949890382,1.5122977
1392,1997,11.3654590288112,7.82404601085629,10.3074481961716,11.1310472379732,5.6268554
1393,1991,12.9293859939085,12.3518901290941,11.9817346311289,11.9432616958934,10.386703
1393,1992,12.9105224236714,9.920688759855899,11.9950101979139,12.0860589682488,12.133607
1393,1993,12.69144648842,9.738436006907129,11.9859196181385,12.4229806369962,12.628436
1393,1994,12.8219323167244,10.1238672880276,12.0207804808464,12.3358154497767,11.08098
1394,1993,15.2453723405001,0,13.6255111215429,14.8056101409607,26.851097
1394,1994,15.1586639938203,0,13.4996074587169,14.7543863784014,27.343702
1394,1995,15.2154955677371,12.3400745524455,13.6455520231026,14.8937600826697,33.216118
1394,1996,15.042097392679,11.7327354661752,13.6538772362002,14.7358643339016,27.757658
1395,1991,12.2527342119718,9.547383873965691,9.767295480584391,12.1532686756744,4.8284898
1395,1992,12.4720850569739,8.86587628542542,10.0089505629412,11.9508107402508,9.4081392
1395,1993,12.016254904604,8.048468743668881,10.0306751155566,11.3898140705204,6.1524334
1395,1994,12.3489794634286,7.25488481007734,9.97701678582424,11.6940446180295,7.7092466
1396,1996,10.9882395378706,0,8.277869443872991,10.3998160115257,8.6913385
1396,1997,11.0370328371361,0,8.18596319023697,10.4389775616771,9.5686293
1396,1998,11.2981805802429,0,8.09407314806935,10.5404000727171,8.2459888
1396,1999,11.4034499545445,0,8.00219219623977,11.0609670748837,11.333911
1397,1990,14.0632829035835,0,10.0982316293286,13.1540856742506,-2.3629081
1397,1991,13.9725278478158,0,9.9978336313808,13.0368554298705,1.2978551
1397,1992,13.7376530069485,7.61972421378267,9.98968818429398,12.4351808016278,-8.5048847
1397,1993,13.1813813878775,7.58832367733522,9.978516172192419,10.9175296367214,-7.9065294
1398,1992,12.148592254214,10.3649863681651,10.2350836342997,11.6518180433575,-1.0436723
1398,1993,11.8549797382759,6.21460809842219,10.1549891855154,11.1664888572231,-2.6034818
1398,1994,12.3285067441414,0,10.0415872445731,11.3980899185423,4.727109
1398,1995,12.1037827956099,6.07534603108868,9.946657189186849,11.4084088481244,8.4641714
1399,1991,14.79276925814,11.4530799145988,10.9587451281696,14.4301572750937,12.016568
1399,1992,14.6572562697899,11.2213826159693,11.7115180936556,14.291993852873,16.905474
1399,1993,14.6076474898042,10.3596774601359,11.8389663407762,14.1189185659959,15.965814
1399,1994,14.6354968714703,10.7887415906248,12.0342499819728,14.1670197772454,19.511036
1400,1990,16.0430492628926,12.6062705730319,14.3438402870947,15.5865598059109,14.739723
1400,1991,16.0148915533465,10.5713169251118,14.2754452274457,15.4792038895283,23.782478
1400,1992,16.0911024742412,12.2699718998803,14.3132433433685,15.5416365454446,26.123722
1400,1993,15.8930550066201,12.0471531127778,14.3215365217684,15.3570607748883,30.185429
1401,1996,12.2108347761026,6.72503364216684,9.44830947960895,11.8065850933839,12.619744
1401,1997,12.2961791447793,9.836920308264011,10.210600859797,11.9709026679487,10.070785
1401,1998,12.4119538301109,7.91205688817901,10.1890912165928,12.1532137594638,11.840049
1401,1999,12.3736184290135,8.44203851781548,10.2282450097228,12.0518515884729,13.982152
1402,1996,13.7061187287122,10.1932798967973,11.688672959895,13.4306902911302,.29795015
1402,1997,13.7338336790151,9.253208272203359,11.7040969123715,13.1572611180422,5.1491632
1402,1998,13.8096550580441,10.0725549936517,11.8049179840844,13.5268810451401,5.478344
1402,1999,13.7001045411615,7.62364194651157,11.7580097483615,13.3008686666339,7.9970045
1403,1993,10.5840106213507,5.78689738136671,8.74263809259228,9.552191799870039,4.4131303
1403,1994,10.6728988824295,0,8.62848408755481,9.31895663635121,6.3424511
1403,1995,10.7599045234844,0,8.514309036236369,9.895177276902871,3.8964062
1403,1996,10.6630536280793,6.02344759296103,8.476766951907971,9.729060183957751,3.3565383
1404,1996,12.3722438850116,6.91373735065968,9.15136501437553,11.834099488166,4.9247332
1404,1997,12.6550871584855,8.587092318795911,9.467962641706629,12.2061163600664,5.64536
1404,1998,12.8241132796011,8.872487182278039,9.771674682405569,12.1922386081857,8.5055208
1404,1999,13.1134530183273,8.534836626588829,9.897011628933789,12.0972145083903,19.243877
1405,1990,12.7197177159185,12.4684369099977,11.012677038242,12.4507787187838,8.8176203
1405,1991,12.5940431108956,7.87853419614036,10.9582402517491,12.2675106357776,14.19152
1405,1992,12.7267176059714,7.4500795698075,10.8891270925443,12.384936893795,15.660532
1405,1993,12.6958977716579,5.91889385427315,10.7964154872233,12.426897518491,20.060822
1406,1991,15.3423111414949,12.1489095257968,14.0512165503518,15.2417812271186,27.582197
1406,1992,15.2797871580096,10.5429438298982,13.9582434739279,15.137246272485,30.694839
1406,1993,15.0775607124804,0,13.8338139246759,14.78663457515,35.630009
1406,1994,15.0944955922421,0,13.7093839711711,14.7819991053598,37.755939
1407,1991,12.7376787418752,9.82741611558483,11.499458186902,12.1746264774487,15.199022
1407,1992,12.6470941009397,9.23347078936504,11.4879224792191,12.0573223702185,16.521162
1407,1993,12.939604789126,9.24242026543959,11.4773086499677,12.3357592859574,13.658449
1407,1994,13.2722694206779,9.30410390178835,11.4721805508125,12.7578257168968,17.395811
1408,1994,14.1021103252533,7.19368581839511,13.2251793183762,13.2869447330456,36.312313
1408,1995,14.18409216487,11.5454313765265,13.2852912532721,14.0117463875224,35.287754
1408,1996,14.3400598088959,11.3595644732572,13.3135240868655,14.1157829754134,39.669708
1408,1997,14.2976884807262,11.2240827191977,13.3218869606393,14.1016971596171,37.29372
1409,1991,15.8126539595102,10.7895252412393,11.9976465097903,15.6824977540006,41.247982
1409,1992,15.7359959746346,12.7372772010852,13.054213436266,15.4905069674194,31.872423
1409,1993,15.6121958894,11.1939591024787,13.1005855526894,15.2479655120226,39.095146
1409,1994,15.5887271296997,12.2301309106232,13.3516539172141,15.4524800592069,35.09145
1410,1994,16.9306695822013,14.3791741425062,15.8024232520968,16.3664593568526,60.812088
1410,1995,17.0196286613721,14.6579967178081,15.9832640305467,16.5092457644873,63.644753
1410,1996,17.0762847003093,14.5197697705788,16.0940070666561,16.4499774342684,66.006104
1410,1997,17.1576291890019,15.0166788332726,16.2820967330251,16.6267213043992,68.763702
1411,1996,18.3484383094417,14.3310263656021,16.8749162879703,17.8556101336772,70.418999
1411,1997,18.4459100619539,15.0714114551506,16.9239795291351,17.7181422490459,72.370399
1411,1998,18.4899094849235,15.0310364674201,16.9608875260534,18.0732223052655,79.244797
1411,1999,18.5959842242338,15.3668955389498,17.0384316536802,18.1844951991252,84.084679
1412,1996,15.9196848381252,11.679219260687,14.5158810872123,15.4510564446662,47.992786
1412,1997,15.9541303483839,12.145531457733,14.5049542390283,15.5398708402079,51.254963
1412,1998,15.9369375169176,12.0605091566818,14.4878549021857,15.5085094501923,51.495197
1412,1999,15.9785699093208,12.2830568345465,14.4900553316752,15.4725034038969,53.227741
1413,1996,15.5052987338878,11.6848178262736,13.9447675156943,15.2785738537348,27.073618
1413,1997,15.5540591667649,12.6532841207945,14.0724534610653,15.3375564120599,30.415871
1413,1998,15.6572332861929,12.4162971035737,14.1347793749918,15.4671136953821,34.329376
1413,1999,15.801130394235,13.0620038454485,14.3084311999653,15.56302528767,41.643517
1414,1991,15.4056744500934,11.6172764712449,11.4328568402942,14.9308241214318,31.864906
1414,1992,15.1932968623113,12.0556857072666,12.4063634506613,14.3931336849901,34.176834
1414,1993,14.7072312809724,12.6360157090452,13.1304593166684,13.9501041621028,68.735321
1414,1994,15.2645607186708,11.3987147908254,13.1816726875186,14.7989598392,42.688236
1415,1994,16.2100062224485,12.2267817246199,15.3508697162793,15.5103172707588,21.703945
1415,1995,16.2086537917492,12.2823667976786,15.2954680386838,15.5484604086439,26.101536
1415,1996,15.9956724932799,10.6219369159583,15.2044823814805,15.174195877831,37.95797
1415,1997,16.0890021940391,12.5345595123543,15.1667033286844,15.3000610885313,26.767885
1416,1991,15.5435614631382,14.0544841504104,15.5019772684982,15.0397993733653,16.852859
1416,1992,15.5186245639681,11.7704163352578,15.4327040777753,15.1061768471687,27.930727
1416,1993,15.4003454743919,12.696319981253,15.4031461374229,14.9258065073398,36.326256
1416,1994,15.5329489903577,9.985896688776849,15.3138337197285,15.033624239862,35.689262
1417,1992,15.50984767913,11.9699704930516,14.374731925269,15.3601219384319,48.633652
1417,1993,15.8215799059203,11.448578925403,14.3334292662231,15.4833514831218,42.92421
1417,1994,15.8249550969596,11.6525047819747,14.3052811521056,15.472266368812,42.765175
1417,1995,16.0053411905752,11.2250433725158,14.2539370870748,15.672568446921,38.256424
1418,1991,16.7111079202261,14.3517460004814,15.5266824461022,16.2768447975764,38.169346
1418,1992,17.0064339481624,14.0978629528832,15.6759223873786,14.9288016904689,44.925064
1418,1993,16.8604102810095,13.9213460607978,15.7679152716047,16.4664389042221,51.833561
1418,1994,16.8845482476647,13.5168672972484,15.7989186458402,16.6224732500063,50.781113
1419,1991,15.1547942730453,11.2137374523322,13.9026014151286,14.4708163145635,30.36348
1419,1992,15.037878717955,12.5579928033682,14.0315978322089,14.5007581849589,32.670773
1419,1993,15.0016673192306,12.2644830530766,14.0815767311354,14.3485525698927,37.675659
1419,1994,15.0366384127484,12.0009900095336,14.087841451705,14.4328752653092,36.341625
1420,1994,14.219061015957,0,13.372718123115,13.712047842566,16.619205
1420,1995,14.3459549829504,8.706490361946621,13.2717499841782,13.9323973490145,28.401699
1420,1996,14.7839004895766,8.71915396346254,13.1716031547683,14.2376820563282,39.167496
1420,1997,14.8612528029713,9.65226597708712,13.0890318011928,14.3421867027708,36.760727
1421,1992,15.7145373414146,12.143595997271,14.1311998898315,15.2142276034462,34.532261
1421,1993,15.6796410437598,11.6341957464441,14.0980607096078,15.4433752453379,45.773254
1421,1994,15.9655641880136,11.9281032519322,14.0931714608039,15.7059007327395,47.412777
1421,1995,15.8951569705113,13.1010845811066,14.2890162976562,15.7047204534748,46.185978
1422,1991,15.8603116086407,0,13.9524520919417,15.1552882264372,-21.004332
1422,1992,15.2316187664688,10.3293760102852,13.8758493977725,14.9199344212873,-27.641457
1422,1993,14.6845267918511,7.3132203870903,13.7731694935747,14.5719724567805,-1.1787781
1422,1994,12.5509156558572,0,13.6690307813847,12.3835766730465,5.91468
1423,1991,10.8526041130041,0,8.32008281714884,9.864177749370439,-10.652561
1423,1992,10.7726365795408,5.41164605185504,8.27208517772338,9.77215705977631,-8.016448
1423,1993,10.8239464863597,0,8.168543104862311,8.54494820399292,-6.2270489
1423,1994,10.6833907306082,4.40671924726425,8.08843898533012,9.761115362509299,-3.8931386
1424,1996,14.9062169962314,9.6306940925781,10.9314788593503,14.8665608911652,29.248653
1424,1997,15.123108602726,3.85014760171006,10.8281293172659,14.8257779912298,31.463568
1424,1998,15.1513881872546,12.1217068567929,12.2069247823584,14.6661554562204,29.254602
1424,1999,15.101137203713,10.0443358611235,12.2041988911484,14.7464270596707,28.754576
1425,1992,11.8695278050234,8.26924452118306,11.4107365810336,11.6347801449324,-1.5855989
1425,1993,12.295863439148,0,11.2973531791523,11.7755446423728,2.286953
1425,1994,12.6339620224194,8.91865027812686,11.2746428948132,12.2870737928207,1.4486252
1425,1995,12.7556072165637,0,11.1612494341907,12.0180472305391,7.5052676
1426,1996,13.3308979853773,12.1246727673172,12.8203724870121,12.5019037403954,28.686766
1426,1997,13.5307401015658,12.0718724578835,13.0974014035395,12.4521842985103,29.917782
1426,1998,13.4118194158703,11.6348333152036,13.2049936881896,12.3807002144899,29.95627
1426,1999,13.5190568222586,11.2946077505513,13.2464880401479,12.6200782549622,32.66396
1427,1992,12.7972774286712,8.294049640102029,10.1905857045395,12.1002000254359,12.30202
1427,1993,12.3304287488362,7.69621263934641,10.1562170901884,11.4253896959657,8.1153917
1427,1994,12.4590536328726,0,10.0389140233651,11.4825915806641,13.224697
1427,1995,12.834080769476,8.51719319141624,10.1168433597792,12.1124603707549,14.168727
1428,1994,15.2368960616571,10.3992502986251,11.6971344061998,15.0988743993189,17.843185
1428,1995,15.3550080097459,8.689801056022549,11.6439484642049,15.2145604566664,24.830402
1428,1996,15.3334898049348,7.93343838762749,11.5668358318342,15.2155990551654,20.104095
1428,1997,15.1771413270219,9.68034400122192,11.5994755689231,15.0413558623809,18.919256
1429,1996,11.770313831705,8.504715669905121,9.25985408384564,11.4749440483171,7.5070963
1429,1997,11.9402167724858,0,9.148028702895431,11.6641925828264,10.562571
1429,1998,11.9847212373677,0,9.036201247589791,11.6603027283911,12.533719
1429,1999,11.953816106936,7.85360481309784,9.17635950681044,11.5420576775664,18.126816
1430,1996,13.7227401692468,8.79330862749655,9.61638531194936,13.6593319874225,2.0992794
1430,1997,13.8259826264679,8.920255414908089,9.899263644382909,13.7405961846026,5.2614503
1430,1998,13.8853428098983,0,9.79922088285505,13.8085950377541,6.7215753
1430,1999,13.7780379035913,6.60934924316738,9.73652937236489,13.6809088299865,7.2751503
1431,1994,11.997857835728,8.987196820661969,9.941558566577051,11.6693121441264,1.7471387
1431,1995,12.128380083648,9.47270463644367,10.3158819310361,11.6510394045726,-2.8392866
1431,1996,12.4518703398255,8.74512525946224,10.3954483491339,11.9213246503616,-4.6024613
1431,1997,12.6496313564649,8.987196820661969,10.5012520506635,12.3308221896693,-.88030154
1432,1994,11.9908440807616,0,10.2733911112448,11.2876363961162,-8.4281301
1432,1995,12.4014036471526,8.62353322718756,10.3225465108286,12.0371906163041,.93939346
1432,1996,12.5263888534709,7.14124512235049,10.236252927226,12.1794179138149,-.62926537
1432,1997,12.6402966219554,0,10.1103472384438,12.5600127090997,-3.5031281
1433,1996,13.2332008035653,10.0943145023738,10.028480092703,13.1065078477809,8.4380293
1433,1997,13.4999133536974,8.58241897633394,10.1182480641545,13.3803147671147,3.9710433
1433,1998,13.7161098566734,6.11368217983223,10.0237696850692,13.6524860526134,3.1085024
1433,1999,13.69478482455,8.43988008831357,10.0877322588919,13.5223209953555,5.7842984
1434,1994,11.9465695977325,8.40335237499248,9.894285341771329,11.8249550187347,14.990071
1434,1995,12.152723249007,8.88294679928817,10.0775458961598,11.9776420218059,12.299967
1434,1996,11.8371741450452,6.24027584517077,9.97239308687597,11.6826002289108,10.260154
1434,1997,11.6967772040415,0,9.84648853775618,11.1259372325453,12.926426
1435,1996,12.7776417206842,7.15539630189673,8.862936603281289,12.5613075197586,-1.2202133
1435,1997,12.9009971237452,8.69500459273231,9.336435433500331,12.7849903087555,9.5816088
1435,1998,12.9818674854054,0,9.21956766922631,12.9537280199367,4.6478777
1435,1999,13.2450905946019,9.534089150464361,9.929998024014481,13.1294910799363,6.1115127
1436,1996,12.7938878979866,0,8.69438494658066,12.6657983557792,5.5050573
1436,1997,12.3971012551268,7.76514490293613,8.8913877664405,12.2396604774958,7.7466769
1436,1998,12.3934084502226,6.68461172766793,8.86797681555935,12.1095973431721,6.1843405
1436,1999,12.2124123877811,8.91918561004543,9.435801236245551,11.810872381794,7.5986428
1437,1993,13.1329907067651,10.5441828730936,10.4640400444845,12.4874582223429,32.627098
1437,1994,12.9674227189594,5.50938833662798,10.3593890880261,12.1136265530094,33.139244
1437,1995,13.1064108091103,6.68085467879022,10.272070810218,12.3490577387371,35.574135
1437,1996,13.2289029976451,9.63828426184477,10.5716630190605,12.6468175693027,34.254326
1438,1995,12.226423047738,8.77152528418647,9.897424207555989,11.6176174587875,1.7471225
1438,1996,12.1781987739107,8.206583614320749,9.936491868482859,11.7257331994027,8.326972
1438,1997,12.3028074568007,9.90403740134156,10.4679828448746,11.776759164456,9.444849
1438,1998,12.3786091789527,10.1965675300495,10.8889274103555,11.9941547284246,9.4575844
1439,1993,10.7678637444581,8.294049640102029,8.97407358647056,9.22322294897673,-15.879869
1439,1994,11.240062912122,0,8.87367811730268,9.983560479634709,-2.4521449
1439,1995,11.1551756578587,7.83280751652486,9.068119909916661,9.789280831653301,-1.8753736
1439,1996,11.1249413401516,8.481980435660491,9.391519609905639,9.93503122716678,12.397956
1440,1996,12.1728518965385,8.66561319653451,8.92943528380342,11.7455612752225,-.56918019
1440,1997,12.2207198495769,8.36869318309779,9.24061736286045,11.8412390170186,-5.0512552
1440,1998,12.2427805889356,7.98275770201111,9.354830250461131,11.7665649295852,1.3145753
1440,1999,12.3719598958607,0,9.22892657345186,11.7342023284796,4.5840664
1441,1996,17.1981139054176,12.3501729895039,14.8093970924338,16.8381316508779,40.059521
1441,1997,16.8397444118559,12.4536043728547,14.835057994036,16.5277143338255,45.593094
1441,1998,16.9052867333054,12.5267421019336,14.8640324775628,16.7210096124344,57.200256
1441,1999,16.8765380149291,10.9584091525795,14.8258424830015,16.7001940203756,43.922867
1442,1996,14.2028187596538,9.10742131796834,11.4651827020845,13.9333197686492,-10.330244
1442,1997,14.4034076641775,10.0991776837356,11.5789940649399,14.2861872600694,-10.966534
1442,1998,14.6945901825016,11.6489849093773,12.1708407265496,14.439243605603,-7.0558467
1442,1999,14.7175174989479,12.1929874059815,12.7357898935197,14.2801950946525,-2.1464868
1443,1996,11.617183524407,8.583916823459139,8.831697314911221,11.2749819536384,6.8305874
1443,1997,11.7947590960312,6.39692965521615,8.80113829007111,11.3480381897644,7.9353752
1443,1998,11.9206657296001,8.17131687471973,9.09686927652934,11.4914808934104,6.7411785
1443,1999,11.8138566341336,8.34093322600088,9.350215351440671,11.3055716448105,8.3935957
1444,1993,13.7738439553818,10.8967393255464,12.7681200461264,13.5740755644655,-3.8163865
1444,1994,14.3791414451596,11.6446114057956,12.9328245587194,14.2981681928793,2.9044039
1444,1995,14.7786403138542,12.6791465566331,13.3795157759712,14.6653155721834,9.5832157
1444,1996,14.6354863211145,11.0008991206277,13.3399388155084,14.401787813663,8.7370071
1445,1996,14.866427283169,10.6320983973716,13.6211444357379,14.6619977601426,43.555561
1445,1997,15.5065931557586,10.159020846652,13.5487442185667,14.786912714202,46.936508
1445,1998,15.8207755482158,9.30364854910983,13.4606411259646,15.3394361075778,44.519901
1445,1999,16.1227376601431,11.6010095996828,13.4938934160337,15.8235452297743,48.440357
1446,1994,11.6488359080743,8.77740128686726,10.9387055540701,11.0930814420541,14.998108
1446,1995,12.0536825953488,7.19067603433221,10.8599812073453,10.8485519191966,13.732921
1446,1996,11.8565702772837,9.865526046249011,11.0592376066829,11.2408446725525,11.005297
1446,1997,11.610347719077,11.8213949737522,12.0592151390748,10.8940133872697,17.243063
1447,1996,17.9750196084733,15.0712690354394,15.6060494826308,17.8337795117563,65.862701
1447,1997,18.0966426367382,14.7362712845099,15.8298731525027,17.8670513221766,66.290382
1447,1998,18.1337542814538,14.9291667836801,16.0433752189817,17.9431077967175,68.048569
1447,1999,18.2808660985576,13.4985850335428,16.0042474051031,18.0590221735796,69.523766
1448,1996,16.2998805512459,11.8138741455224,13.5333533287539,16.0389475344937,47.039642
1448,1997,16.4390298495327,12.3409968177867,13.6822997996454,16.3609338938241,49.641552
1448,1998,16.6745111638799,12.7481323664763,13.8928455106682,16.5318253907948,51.822803
1448,1999,16.6549813573969,13.6630887161683,14.3416139401718,16.5193333576675,50.4762
1449,1996,17.5637148294988,13.8643378643011,15.2052154715327,17.4192936110947,51.381004
1449,1997,17.6600352698897,14.7977976228517,15.5743192475276,17.4980035936244,60.272411
1449,1998,17.6956702645269,14.6012109395345,15.7575731288605,17.6356758481837,61.290859
1449,1999,17.7594250619721,14.4842984453767,15.8682602070121,17.7020937935258,58.395058
1450,1996,14.3757411587778,11.1577921891931,13.6969915140202,14.1920483773036,8.9193897
1450,1997,14.6715421436764,11.4060415673328,13.6825597967407,14.5024500982572,4.0458245
1450,1998,15.0308996441621,11.1118507051634,13.6463548300316,14.8697622862704,9.5667839
1450,1999,14.9226235784046,12.3288078434095,13.763168081799,14.7580249401009,14.638458
1451,1996,12.9626280580005,9.62714098974809,9.247992547925611,12.7312963368165,1.3336273
1451,1997,12.9245859829214,8.79102985704596,9.60279453699888,12.7551258040297,.28046775
1451,1998,13.1039130359179,9.26473385580652,10.0015892868694,12.7790673014316,3.143383
1451,1999,13.1457390462809,8.28828304520769,10.041221352664,13.0093578677249,3.2975543
1452,1996,13.0013434675935,0,9.84728221378756,12.9528592961682,-7.7588
1452,1997,12.8966673911346,7.24779258176785,9.79875461768604,12.6631544595085,-.37589109
1452,1998,13.1013079738036,0,9.6818803204789,12.8342346949706,1.7672216
1452,1999,13.1451435301879,0,9.5650103072277,12.8097076274372,5.6282578
1453,1996,10.654384638637,7.97315543344413,9.805902286685081,9.740823465444681,.40703553
1453,1997,10.8848541611465,8.012349639327789,9.84712352896701,9.925158286774639,3.8408899
1453,1998,10.8948857568971,0,9.743095770819229,9.81851527698355,1.732156
1453,1999,11.1709420697745,0,9.6390661736589,10.6664888193916,3.5599306
1454,1996,12.772283095489,11.2086396433517,10.8981494419759,11.8883640122189,5.0411167
1454,1997,12.8355437180751,8.961879012677681,10.9151484624147,11.7859585759489,5.7642088
1454,1998,12.9892946566318,11.330323868969,11.6898809836323,11.986672365065,7.9260006
1454,1999,13.2530315409827,10.7380691890837,11.8869122898113,12.5463972093894,10.678556
1455,1996,11.7788449406399,8.741935464094141,9.549060081137871,11.3818470613068,1.3309748
1455,1997,11.6526874073454,8.006367567650249,9.61057850991255,11.2529089650727,-3.1075768
1455,1998,11.6526874073454,8.006367567650249,9.66098277649329,11.1575987852684,-4.4629788
1455,1999,11.8565151693603,7.43838353004431,9.633697787148151,11.2590966084404,-3.5144603
1456,1996,12.7175185718687,0,11.9489818518413,11.7968341270554,.65057886
1456,1997,13.11518836848,11.0325967146462,12.148153766139,12.4128882586181,7.5772405
1456,1998,13.3505827528997,9.21034037197618,12.0715962350884,12.6516777556546,6.814765
1456,1999,13.5569896022884,12.0649985927145,12.6094545853492,13.1397227319922,12.28287
1457,1996,11.9742808053381,7.50659178007084,9.88591403891896,11.6284606679404,2.260937
1457,1997,12.1057958524958,6.83840520084734,9.814421338541511,11.7913949354586,-1.2184204
1457,1998,12.26969596675,9.359966545931989,10.1687092690577,11.9339540175466,2.1171196
1457,1999,12.310539762226,8.38776764397578,10.1998890005065,11.9173225889115,4.4709382
1458,1996,13.166952347953,9.591034531092429,10.4166075422305,12.4741378854349,12.073584
1458,1997,13.3278690925703,11.0780572924927,11.3408171747558,12.6282911680508,18.603004
1458,1998,13.4382509095581,10.6422770909748,11.6014362173346,12.7790445443991,22.268131
1458,1999,13.4305360757211,9.324383088016839,11.5656801410192,12.7560948871365,21.864334
1459,1996,11.5768200879123,8.909235279192259,9.575969110787041,10.4915994978622,12.652832
1459,1997,11.8728983340486,8.66561319653451,9.7868863182773,11.1401040975843,13.607874
1459,1998,11.8958416660363,7.99631723179675,9.82096427078106,10.9774823459568,15.346137
1459,1999,11.7676710020183,8.940760134888381,10.0369295661665,10.8967006589401,17.048048
1460,1996,12.494649754817,9.174816815907141,9.618122793039509,12.1622064872415,9.3392105
1460,1997,12.7636090134945,9.750977193313799,10.2398419250688,12.3719951545818,7.4366527
1460,1998,12.8136262422579,0,10.1289085085944,12.4054333013123,17.940569
1460,1999,12.8128238904754,0,10.0179762790208,12.4204835338002,20.534903
1461,1996,10.913230583641,6.10702288774225,8.963851425166981,8.638698853935679,2.2529356
1461,1997,11.0381094157769,7.04228617193974,8.99191069288819,8.724079897392899,2.964941
1461,1998,11.0249926287468,0,8.891539080465529,8.601529654141199,6.0095663
1461,1999,11.0871071539121,0,8.79116672980774,9.662500286305409,2.3442843
1462,1996,12.20906815451,7.82404601085629,8.83064534456159,10.8151777180147,12.631669
1462,1997,12.3533929082223,9.65502619323763,9.86584279690917,10.6978019880621,17.173679
1462,1998,12.5303096214044,10.0249084077405,10.4924845957459,11.9277607852002,17.588045
1462,1999,12.7222797630486,0,10.3694486467365,12.1565324380126,19.894556
1463,1996,12.8581710350201,0,8.14882153544518,11.6970537220312,19.495567
1463,1997,13.4178339967488,0,8.01997457105646,11.7817075526215,36.091366
1463,1998,13.348423818283,7.3132203870903,8.277945664353471,11.2691199172079,35.045853
1463,1999,12.9232229115097,9.04782144247841,9.26552906942007,10.5584135202759,33.294094
1464,1996,12.670165088086,12.5539086408017,13.2111757649337,11.1429336726691,7.1155252
1464,1997,13.5775540850417,9.243678431586689,13.1032812664739,12.9204479075319,15.209296
1464,1998,14.0772353872674,12.7629790521188,13.4957843801287,13.4312045097227,19.23558
1464,1999,14.2674883180439,10.2729800001855,13.4069687717322,13.614116267437,20.27706
1465,1996,11.6107297138153,8.70979505761775,9.82387600190104,10.5349454822632,8.649765
1465,1997,11.7822078943606,8.71078434046842,9.982940855775761,10.698717382415,16.84255
1465,1998,11.8963482251938,8.627123250788429,10.0883475514247,10.6685599676675,20.891565
1465,1999,11.9494332484079,0,9.97651958893565,10.8552805542528,22.920959
1466,1996,12.1954723352361,0,9.715813697715561,11.9170266921755,5.3066664
1466,1997,12.3480099917368,8.99776577201121,9.98369332383715,11.9691206700009,2.0498126
1466,1998,12.4063073516446,8.450198322591961,10.0567964495922,11.9599955328393,5.6217966
1466,1999,12.405203556176,11.130067870314,11.2627189941063,11.9417122569769,9.8696718
1467,1996,14.828857733631,11.4650998354876,12.8465126378888,14.6510684348808,35.233879
1467,1997,15.0886810396235,11.6006340988198,12.992530280503,14.7748523995909,36.847198
1467,1998,14.9120133257784,10.7767246349328,12.9979265039861,14.6806752026046,37.39677
1467,1999,15.0467700965185,11.1079302464467,13.0370671105902,14.8872756311679,38.023708
1468,1996,12.4326394313705,0,11.3790122851885,12.1657767048069,-4.4524488
1468,1997,12.6186927212905,8.41183267575841,11.347797251898,12.3839248119865,.08104343
1468,1998,12.6853060192753,10.1971641220356,11.5234924373441,12.4295072418653,1.6688819
1468,1999,12.6940394988143,9.47270463644367,11.5562061943231,12.5157130722391,6.6074247
1469,1996,13.4918242309126,11.5502694181107,12.6505494705945,13.225409173665,11.012244
1469,1997,13.8650897700868,11.1201495079781,12.714735832915,13.4601975718541,13.483585
1469,1998,14.1937677094424,12.3014419144978,13.0792533506669,13.8641916923807,15.962006
1469,1999,14.1758062861753,11.3432278893616,13.1091452009551,13.766276598002,15.947489
1470,1996,11.7398139950893,7.21817683840341,8.486053339974839,11.2742587297472,3.3366458
1470,1997,11.8370648204323,8.969541885423251,9.325328394107769,11.4456920090892,.98438072
1470,1998,12.2588500880249,9.04711531087322,9.78196377903588,11.761505171194,-1.5060316
1470,1999,12.0552148714662,8.73182058296211,9.992185007297421,11.6286120036804,1.1883007
1471,1996,12.155820913791,10.4210603627594,11.7256501276752,11.8796571771668,7.4812427
1471,1997,12.5483245760671,8.967504187316241,11.6588639453755,12.1946694544503,8.2399101
1471,1998,12.9179655224825,10.3399020812882,11.7603431998822,12.5112837191023,11.015332
1471,1999,12.9844544171968,10.996165601716,12.0002273627317,12.7506273972339,10.21325
1472,1996,13.8068965638153,10.7440628671625,10.6869278027704,13.6513115608512,7.5966086
1472,1997,13.7099589129313,9.43172237267073,10.8141001945256,13.5713774138765,7.5872335
1472,1998,13.6930366624075,10.4852281992717,11.2193970023024,13.493871358956,12.278763
1472,1999,13.7391984662149,7.91935619066062,11.1416226245484,13.5183343266479,8.0254183
1473,1996,10.5409793068512,6.94215670569947,8.82710142262618,9.74184864117937,3.2576673
1473,1997,10.984970128487,9.10497985631836,9.52566922574719,10.3274105191145,1.901139
1473,1998,11.1953296032765,0,9.41227662991257,10.5794439265092,1.4487659
1473,1999,11.1780669832382,8.92890541228487,9.76569566832142,10.5018136138095,4.3903909
1474,1996,13.3888621239725,0,10.670869840025,13.1082214969298,4.9454575
1474,1997,13.8074388628654,0,10.5695024594513,13.6031837231863,4.6761212
1474,1998,13.968178558747,11.504086516303,11.6836390761598,13.7338667738586,6.3116546
1474,1999,14.0878666865091,12.1020223822278,12.4602577827139,13.5791298403977,7.2652955
1475,1996,11.8902300581723,8.473032295630469,8.62823354620523,11.4940852983601,2.811419
1475,1997,12.0029004726666,7.13727843726039,8.69809707712257,11.5093041157933,7.7140999
1475,1998,12.0047919421815,9.186150133174969,9.5104079267036,11.3479984619187,7.3441272
1475,1999,11.8318542130194,5.54907608489522,9.402397715158139,11.5749024750647,9.5829897
1476,1996,11.7641121073091,4.86753445045558,9.234974446267859,11.3102460867884,12.263021
1476,1997,11.857252486128,9.130430988747881,9.74615514972565,11.2244964469574,10.224473
1476,1998,12.1191848972618,6.37842618365159,9.677352029735861,11.5710434183049,12.907681
1476,1999,12.0368844671262,9.36134324551271,10.0921638749681,11.5414837668782,10.823448
1477,1996,13.0345938949435,7.52886925664225,10.2247119871628,12.4251876224003,14.389731
1477,1997,13.1167476386187,10.9486639021149,11.1957939842932,12.5864644084001,11.836044
1477,1998,12.9876106678472,10.4655574694891,11.457982360226,12.4666059941579,10.621696
1477,1999,13.1897864841217,11.2565094743924,11.9139895695203,12.4504725959341,16.111904
1478,1996,12.2608343163185,7.76514490293613,11.1787707408412,11.9693473036026,5.9958987
1478,1997,12.5098171777972,9.43444346278509,11.2080280552988,12.1784760299031,10.368135
1478,1998,12.8258986726534,10.9387872349925,11.6298886090518,12.4942712500459,13.243115
1478,1999,13.1870036025535,10.9147793255271,11.8850626499498,12.7151642379938,13.44377
1479,1996,11.3022044336546,7.09007683577609,9.28162794196087,10.7407507961021,4.0798631
1479,1997,11.3193407158976,0,9.16795465547975,10.4926102665823,1.150751
1479,1998,11.4616321705827,8.764053269347761,9.54217329216325,11.0772951518883,-2.8969314
1479,1999,11.7464153083386,0,9.427634850768071,11.2282051887916,2.0237672
1480,1996,11.9383565857193,5.62040086571715,8.07548931972063,11.8222108759201,-8.5336523
1480,1997,12.1797800035752,7.99193051985248,8.596318555381741,11.7831812495439,-4.499136
1480,1998,12.2002809057384,6.01126717440416,8.56377138717682,11.7405454002773,.83015454
1480,1999,12.3216309861644,7.79193595693806,8.81913313561472,11.7967136542786,6.347199
1481,1996,13.7582465748858,9.70436565706383,11.4666155225065,13.6433256294413,4.427927
1481,1997,13.8693797601399,9.547954813176171,11.4953142946771,13.7432239959763,7.6498647
1481,1998,13.9411205651723,9.888323152016349,11.5663050814735,13.8083138957959,7.7537227
1481,1999,14.014461326492,9.259035293514939,11.5542554904209,13.8597295938143,8.9272728
1482,1996,14.1430036007275,6.4723462945009,11.103712843698,13.8677053958393,19.996305
1482,1997,14.121066237537,7.68708015578313,11.0339279113688,13.589021416399,17.909628
1482,1998,13.9849408027063,7.87169266432365,10.9725148219524,13.6753722447705,18.460333
1482,1999,13.8995618793488,10.0815918960401,11.1939343394812,13.6196878696795,20.186934
1483,1996,12.0701240882011,10.1745065640914,11.0144235908931,11.6907943624067,-1.518379
1483,1997,12.327975610736,11.3347672295142,11.7411329727862,11.9104748203237,-.46887791
1483,1998,12.9426684585445,10.4414710403444,11.8644059409901,12.356441230093,2.871242
1483,1999,13.0764046289735,9.76388059814971,11.8684339288355,12.4898685664465,7.2042389
1484,1996,12.5131272528016,10.347948989651,10.0331420647621,11.9214640833763,11.431254
1484,1997,12.6135347452507,10.4325852210896,10.8021335272368,12.0400572893644,12.921175
1484,1998,12.6671233383962,9.006386515055111,10.8362833237721,12.086138060922,15.709888
1484,1999,12.6607335402974,9.26150865855058,10.9021892624395,11.9873235059926,16.159292
1485,1996,14.4401666585713,10.6404841403743,13.2737331655627,13.9922180170178,20.646477
1485,1997,14.294903926232,9.99807019502208,13.2185400907509,13.8339982927598,22.643871
1485,1998,13.9405603602469,6.95463886488099,13.1306947747291,13.4097705710769,25.681597
1485,1999,12.8605329491835,6.66695679242921,13.0425228826177,12.1775042843145,17.85125
1486,1996,12.3643287700463,8.563695025067659,9.323677985814751,12.2076237419754,-5.0418906
1486,1997,12.5394349669098,9.62450089845157,10.0340288542912,12.2245233992627,7.2292404
1486,1998,12.7686345497499,8.67846133901236,10.1363318986215,12.570037804483,5.656498
1486,1999,12.870474806291,6.91075078796194,10.0572038523197,12.5489797559981,5.5599737
1487,1996,12.5052578080269,8.66509582133973,9.97896137720277,12.0179572870348,10.366025
1487,1997,12.5361035655308,9.218606116393209,10.2239320280801,12.0694769548933,8.2627888
1487,1998,12.5113943095136,8.596928159435089,10.2699831159456,11.9281746764363,10.061838
1487,1999,12.5298189147956,8.49699048409872,10.293402379296,11.8679490658,12.216125
1488,1996,11.9684434317769,8.85907931788153,9.885634124316541,11.5507770201004,3.0823247
1488,1997,12.1615458801467,9.322060621586591,10.2039291252393,11.7817223801215,-.80375236
1488,1998,12.3078030804101,11.07986302967,11.2734708587205,11.8893248272645,1.5686156
1488,1999,12.5321048599904,8.028781162487149,11.2063826415175,12.1009279562534,6.7204161
1489,1996,11.8337854318709,9.4588397305527,11.4212168915881,11.3770687981441,2.5718381
1489,1997,11.948746591688,8.94858592153432,11.4339742447408,11.4024334451843,6.5440245
1489,1998,12.1081046946716,8.360071435644031,11.414103526152,11.9555384780885,10.57761
1489,1999,12.256248057525,8.59526472683639,11.4053614121956,11.5839953025158,9.7293987
1490,1996,13.6687116379373,0,8.762818131879429,13.5517488762439,22.096821
1490,1997,13.4722638957888,0,8.65133939500576,13.2687387146659,22.55582
1490,1998,13.5878746306596,8.46863300080086,9.118663583404279,13.4203765365474,23.180689
1490,1999,13.4634684115295,0,9.00717100186939,13.1459246998297,27.753471
1491,1996,12.8405952708994,8.603921194926061,9.45982201061266,12.5062161853702,13.867304
1491,1997,13.093792366718,8.845057053500851,9.762609237248549,12.8126309451511,16.097698
1491,1998,12.983181106999,8.76670599775052,9.950457012610279,12.7049276918817,16.68849
1491,1999,11.8975594573065,0,9.84030810743619,10.2862961875554,19.048737
1492,1996,14.1994633408907,12.3124666269782,12.2393299397166,13.6674615326245,24.650743
1492,1997,14.3918977426769,10.2750511089686,12.25399243103,13.7868056165095,32.842442
1492,1998,14.555290571281,11.6125807366302,12.5460985603507,13.9735436924776,34.847588
1492,1999,14.4188845556763,11.4127183145532,12.6989810095771,13.8589593057136,35.712399
1493,1996,12.5350885814749,7.98480338973441,10.9736969373214,12.0426650860236,21.289518
1493,1997,12.3543935078029,5.80814248998044,10.8786564408671,11.5817329859475,17.71977
1493,1998,12.3400920440604,3.43398720448515,10.7788271148806,11.3287982790086,18.448441
1493,1999,12.0967598855895,4.00733318523247,10.6795134155888,11.5216572318937,18.69875
1494,1996,12.9985973609209,8.555066843844321,9.16653476423871,12.8132371895019,13.892321
1494,1997,12.9126046756255,7.36707705988101,9.20925978835594,12.7465846289872,16.168314
1494,1998,13.1486363766545,7.82604401351897,9.31784857969147,12.9908039432896,17.572037
1494,1999,13.2588820419402,8.01135510916129,9.440062238650521,12.9636026008107,17.069923
1495,1996,12.3337516398949,0,8.640896445721779,11.9942062681239,7.048265
1495,1997,12.5885305880696,9.166179476190409,9.48314989430521,12.5247458803742,1.0325791
1495,1998,12.7764956695482,9.01905879381072,9.833059723418319,12.2042139661613,1.1105088
1495,1999,12.4679840437103,8.91704256073877,10.0353838591358,12.2126230405423,2.7742674
1496,1996,12.0980307604344,8.327242607457791,9.609082934323521,11.3821451743063,7.2530298
1496,1997,12.4806352833198,10.3162592358267,10.567761895527,11.9652354272167,4.9370685
1496,1998,12.6378550619557,10.2035921449865,10.9567955941596,11.8031165777402,6.5260673
1496,1999,12.6115377536383,0,10.8410484617789,12.0132611965208,18.10228
1497,1996,12.561706547773,6.10924758276437,9.882743882598181,9.752664662801539,10.484323
1497,1997,12.7218858108072,9.578449693540581,10.2983870405395,9.87816974455184,14.188222
1497,1998,12.4684369099977,5.99146454710798,10.1952911199471,9.87816974455184,12.890676
1497,1999,12.437791325114,0,10.0795436891798,9.976133742520981,11.581512
1498,1992,12.2996205103957,9.292473201514699,12.1231550593507,11.525845807807,17.4613
1498,1993,12.2015279352684,8.94728586934913,12.0542358698939,11.2226447740199,19.62055
1498,1994,12.0670563454132,0,11.9427462183325,11.0286703475003,20.227304
1499,1990,11.6317535839664,10.1694223581052,11.2205390109139,11.5487391307234,-12.208507
1499,1991,11.6113901537086,8.489616423646,11.1623859464709,10.1582199477222,-2.0219991
1499,1992,11.4009258048898,8.141481041457419,11.0917089522702,9.66373051218606,3.7948251
1500,1990,15.2457360365006,9.82590431787775,13.7257597959196,14.4977114011024,31.014606
1500,1991,15.282777231817,9.874316175235849,13.6466407986884,14.5634632249004,38.490093
1500,1992,15.1223653395118,11.5820689917748,13.669780723091,14.4448987392158,37.266064
1501,1996,16.1159593239889,13.0716677990858,15.5301247470852,15.4053765031227,51.687492
1501,1997,16.1656188619257,14.6217435371938,15.7547976514986,15.4064302863794,51.67572
1501,1998,16.2410702874926,13.7619378255254,15.7797250976736,15.4206359944137,53.890411
1502,1990,11.289781913656,8.51719319141624,10.3698595955478,10.6462182332849,-19.006222
1502,1991,11.2822536472352,0,10.2774035123108,10.9445576002107,-4.2495065
1502,1992,11.3144745262464,0,10.1849830273964,10.8300503643842,2.577157
1503,1992,11.7081572585372,9.626349693960019,9.50121733532448,10.871417570911,4.094451
1503,1993,11.7385078867046,9.076008659180889,9.922068846072481,10.9228621736691,7.2000523
1503,1994,12.0133591662556,9.134538658559901,10.2075251413475,11.458699109982,10.260624
1504,1990,11.8449463119839,8.455317787698149,8.131530710604251,11.03183247867,-4.2626033
1504,1991,11.4840191822842,0,8.07096858683477,11.0330005472056,.19671449
1504,1992,11.2730163077118,0,8.01079110271003,11.1194560716194,1.5956727
1505,1990,14.544351283141,9.332558004700431,12.5102946756141,14.3359437084863,28.190088
1505,1991,14.6698237948394,9.29605924737872,12.4218845861486,14.3637139176844,34.633724
1505,1992,14.5129647864591,10.0557364250738,12.3862773801027,14.2397962078008,28.670895
1506,1991,12.7259333299322,7.37775890822787,11.2819651925379,12.3102272343504,13.318708
1506,1992,12.6274826321754,8.006367567650249,11.2298434626206,12.1319498803676,7.4241152
1506,1993,12.3091030649733,0,11.1394777846906,11.7102376698684,-3.0362384
1507,1991,11.844519295782,6.59987049921284,9.63412334553627,11.01413216962,4.1862845
1507,1992,11.8717154547275,7.01121398735037,9.59089784437816,11.1528766091736,-2.0043437
1507,1993,12.0349083071537,0,9.47358117524819,11.4461681647717,5.4963279
1508,1991,12.8154101987512,7.86134179559999,9.50661541884598,12.417973913058,-7.7626572
1508,1992,12.793025247533,8.91193433616143,9.849870507699009,12.3753175776994,-3.487565
1508,1993,13.036911872457,8.51879191277993,9.977262969399471,12.7312193586049,-2.1499596
1509,1992,11.8959177172263,9.784197131344801,9.83004013140131,11.1848979510954,-.74128133
1509,1993,11.6448305358502,0,9.739143428972829,11.3275794992589,-3.0536401
1509,1994,8.424102768350229,7.39633529380081,9.7319991051485,7.72145942208119,0
1510,1992,12.5167489823753,0,10.4195872439248,12.2801847601147,-4.2692013
1510,1993,12.4847250437769,0,10.302723298393,12.2560504793998,-6.1278763
1510,1994,12.4253819623492,9.602450025037189,10.5981485866413,12.2651477863603,5.8082671
1511,1990,12.4757867021137,8.131236549696119,10.5209678541707,12.3734028085959,.43819788
1511,1991,12.3253377569726,4.58496747867057,10.4104165944781,12.2083712975614,-1.644711
1511,1992,12.2022256840247,8.02092771898158,10.3893891369346,12.0627101873642,-1.1642506
1512,1990,11.7360690162844,0,11.0659662615327,10.6179721297434,-8.0946007
1512,1991,11.683469606141,8.52773740529191,11.0830667370689,11.1517206901189,-9.5280275
1512,1992,11.6952470217642,0,11.0222569808169,10.5582188669214,-2.4018273
1513,1997,11.6384635376293,8.80911625812527,9.757657989324199,10.8824743325374,6.6338325
1513,1998,11.6453640195644,8.545780648268151,9.90620884645482,11.2145878154108,8.2026072
1513,1999,11.7695577742504,8.79194198845612,10.0750935691122,11.4281484830635,11.302616
1514,1994,14.3223281603327,10.6608528904226,12.4612445685467,13.5842540499801,45.789482
1514,1995,14.386391794633,10.1279102853487,12.4649979265438,13.7108178003146,45.338501
1514,1996,14.3455380403658,10.4158020673535,12.4936944661669,13.7948388269639,54.729885
1515,1990,11.9121913978356,7.35244110024358,8.49249057877587,11.4137868861895,10.427739
1515,1991,11.9121913978356,8.69951474821019,9.237118613008789,10.5097657130401,12.370411
1515,1992,12.2115317154892,8.52317526309379,9.559235128595949,11.7558716435806,12.404074
1516,1990,15.3571435129008,11.9640138231028,13.7006349167377,14.6993167701124,44.589195
1516,1991,15.5155875268312,12.4588060665645,13.8807611692555,14.7848023400677,48.38105
1516,1992,15.7567032735289,11.8479466493241,13.9219047192264,15.1874756594662,53.114235
1517,1992,12.4615601724917,9.234837843576569,9.23472074070156,11.9392724347234,10.206875
1517,1993,12.6930852306763,7.24494154633701,9.26696642191339,12.3158949714111,15.156416
1517,1994,12.7881987743294,0,9.16757899807488,12.3207217711653,3.895875
1518,1991,10.9703298533727,0,9.96107226438706,10.6975349883647,-2.8909247
1518,1992,11.233447404599,7.77106708606541,9.96819324719943,10.9353970780693,.96839768
1518,1993,11.1682551580583,0,9.864720736356031,10.6663720237306,.46403855
1519,1990,12.2634026224301,0,11.0279462594495,11.9772853230583,2.897814
1519,1991,12.0871663542583,0,10.9239292688801,11.7256261185401,4.979876
1519,1992,12.011406729683,5.40717177146012,10.8240969455543,11.542740842964,7.3795204
1520,1990,14.8523762237943,12.1003842983637,9.98072633287693,14.2848167198695,21.870882
1520,1991,14.7996303179739,12.3845284064212,12.4303959007201,14.0237928067578,28.585333
1520,1992,14.7163496646358,12.477343284084,13.0686777499845,13.9236585966609,32.182022
1521,1990,12.9843127200786,10.7259070688002,11.8693193694211,12.1281366713012,5.4064941
1521,1991,12.9870750485293,10.9553226496453,12.1393653743534,12.0370159205572,7.0375733
1521,1992,12.8731228348117,10.2821979233355,12.2072060030379,12.098272100404,10.640202
1522,1990,11.5461023096648,8.006367567650249,9.03491498187007,11.0413579468208,11.347821
1522,1991,11.2859724402802,0,8.933492727897001,10.6873520131693,10.559406
1522,1992,11.0196271105581,0,8.832149906002901,10.3860588149111,11.884482
1523,1994,15.0453325286894,0,12.290424363761,14.4894651787942,78.889343
1523,1995,15.2100754721483,10.8197782844103,12.3804388925923,14.8083020092994,47.941841
1523,1996,15.2777401494066,11.9183905730784,12.7400561438027,14.8612416032141,49.939388
1524,1994,11.8436704791378,6.92853781816467,9.3484400640132,11.424202105204,9.0615206
1524,1995,12.0959166813752,7.92660259918138,9.45062418610798,11.5629408013904,10.310354
1524,1996,11.929425644342,9.21123996721902,9.902241776879769,11.3603240209266,11.442705
1525,1997,11.9689902143182,0,8.831595088567401,11.3793918242191,15.311568
1525,1998,11.8540294491449,6.25190388316589,8.78711345268926,11.1308026441573,15.891595
1525,1999,12.1838905698889,6.92165818415113,8.80729234038362,11.447329300264,17.905905
1526,1991,16.7331623663157,13.6320611654026,15.295674561813,16.2637126682171,37.99939
1526,1992,16.6954696675508,13.6413940475239,15.3641583073808,16.2877699558011,40.319714
1526,1993,16.501285232065,13.5638736491207,15.4078464814933,15.9598729131956,54.539417
1527,1993,16.1153798117225,12.6863607082264,15.0495765654035,15.7768534565508,48.407459
1527,1994,16.1855466901218,13.7303262381614,15.1684118243292,15.6853111177028,46.390614
1527,1995,16.5642515575005,13.1877840093677,15.1712839055658,16.0746123529465,48.626122
1528,1995,14.6443974887757,12.2060726455302,13.9175913110761,14.3109884175504,38.03117
1528,1996,14.7748719419651,11.719085611244,13.9047942512865,14.470636064479,39.978508
1528,1997,14.6770004386041,12.4916838251629,13.9984672463528,14.3844047759088,37.674419
1529,1991,11.4471469975526,7.80220931624712,9.62172790783611,10.720904255224,10.32522
1529,1992,11.3801909881469,6.05443934626937,9.53956497929666,10.6793600925388,11.041213
1529,1993,10.9417154553304,6.58479139238572,9.48085593950605,10.1222305462269,9.6412439
1530,1990,11.2357216368061,8.29704514908183,9.259035293514939,10.7378752919239,5.7976241
1530,1991,11.2731569821324,5.10594547390058,9.174298600628919,9.91966394288491,8.884882
1530,1992,11.2500400647351,0,9.072984532612161,10.262802342347,9.0652866
1531,1991,12.1461323568121,7.69621263934641,9.258768565880381,11.916230669025,1.5905423
1531,1992,12.3194040780862,5.7037824746562,9.1876549935428,12.1122547742334,5.8615594
1531,1993,12.0013470195896,7.78280726283969,9.312653248295449,11.4748767454018,10.597427
1532,1990,12.6640097980271,7.14519613499717,12.2338823461694,12.294911441938,23.722172
1532,1991,12.4511184470782,8.841014310483891,12.1784095253475,12.0314603278863,16.908829
1532,1992,13.9737350034319,9.738318054559739,12.4678217208076,13.4248184358788,21.220427
1533,1995,11.5184876309358,7.57455848420248,8.226600219738479,11.3747823356329,7.493928
1533,1996,11.1632859191728,5.95583736946483,8.22673393281716,10.6137377287124,5.499197
1533,1997,11.0341273708771,0,8.1341742721379,10.2770797963574,4.0715342
1534,1990,12.871620603555,7.62559507213245,11.1737535875959,11.7970419382217,14.117138
1534,1991,12.7117348187426,0,11.0636087777814,11.6051246056005,10.478264
1534,1992,12.2671331387274,0,10.9534574161208,11.2272925085766,14.376356
1535,1990,12.5658593591378,7.60090245954208,10.8331287687784,12.362325177418,2.1793618
1535,1991,12.6234490382635,0,10.707225298171,12.2271384451305,5.5435843
1535,1992,12.5865104689162,9.539500223874271,10.8683246093295,12.2060216442296,10.089856
1536,1991,14.9433255833866,12.1453986474948,13.1699800914456,14.285587777523,22.972923
1536,1992,15.1597585234131,9.91279411185643,13.0843931460727,14.6379019362932,28.094019
1536,1993,15.3211188713053,11.1369366314264,13.0988740505752,14.9065300367801,32.567562
1537,1991,11.4117593626712,0,11.8022963605571,9.13798291805306,4.0471139
1537,1992,11.3635572608533,0,11.7098482366414,9.31008658546382,9.3732786
1537,1993,11.3630139033849,6.91174730025167,11.6257960096325,9.4135534173419,9.269083
1538,1993,15.8286028202157,11.2018382840721,14.3774516973161,15.4775699018929,53.963463
1538,1994,15.8494675065785,12.1007121298723,14.4173195598687,15.6426721099825,33.205734
1538,1995,15.9078876268271,9.495068084601529,14.3087268027058,15.4478835905979,34.857632
1539,1990,11.5909287098433,0,9.48721424571136,11.0395165052115,8.4329863
1539,1991,11.2051268519872,6.13339804299665,9.412709624073919,10.805672284668,8.4664173
1539,1992,10.9533594781769,5.92157841964382,9.332823456190731,10.3955441109783,9.6953182
1540,1991,10.9486990644771,8.44225410475174,10.3656543035136,10.3080989630148,2.6135969
1540,1992,11.0564025123369,9.441452092939571,10.6090819441478,10.358561341996,-.9432261
1540,1993,11.1173241419827,8.378160982720679,10.6108654937848,10.3769531310322,3.6145008
1541,1990,14.5312721435213,10.5918734159944,11.2072830671415,13.9033310028885,13.098807
1541,1991,14.580432253891,8.8495139654864,11.2031041173858,13.9587665964366,16.342007
1541,1992,14.5143286694393,9.476006870370281,11.2726573720849,13.9212208723947,20.12606
1542,1990,11.16662509003,6.39692965521615,8.875287128108379,10.9136908825977,-14.322179
1542,1991,11.1373880231038,7.56682847920833,9.00850566598322,10.8386657014816,-3.998709
1542,1992,11.3597742854761,0,8.88257214531836,11.0699291001768,-7.0854473
1543,1990,12.0979304869105,8.216088098632319,9.15196945864985,11.1676226129804,5.722609
1543,1991,12.2163199619817,0,9.03622505172933,11.4420956801178,6.082211
1543,1992,12.1610752795994,0,8.920415786971621,11.3461550866151,7.1803837
1544,1990,13.0561174171422,0,8.285513309079739,12.8150019461043,13.799259
1544,1991,13.0432340125063,0,8.18163653552304,12.7049814022536,19.383587
1544,1992,12.9971140768927,0,8.077602368578701,12.6833343631227,17.627628
1545,1990,11.3181620279903,7.17011954344963,10.4106063143708,9.12848151610345,1.4308207
1545,1991,11.2892065847874,0,10.2996629781816,10.8766215226617,-7.2338381
1545,1992,11.444492660706,9.21034037197618,10.4919545415209,9.985639647762939,8.4223166
1546,1990,13.0595667077489,0,8.70251025718999,12.5445200195683,22.857103
1546,1991,13.1511663982367,5.12396397940326,8.630593302743771,12.6662319813065,22.317556
1546,1992,12.6465296494805,6.76272950693188,8.678427295879709,12.2765475047504,27.220676
1547,1990,12.9433487780203,9.14676139033331,11.050572494655,12.6739471504117,14.714538
1547,1991,13.0867757511774,0,10.9337085744312,12.6427081691843,14.291035
1547,1992,13.0133027598046,9.309280319831091,11.0069182141782,12.3555964854327,14.237732
1548,1991,10.5867562385144,0,8.858169554925739,8.96670611269257,-3.048887
1548,1992,11.0102642220775,7.09007683577609,8.908518806370679,9.108269677014359,6.8764319
1548,1993,10.8518655334347,6.10255859461357,8.8542509708595,8.840971036289201,7.3921747
1549,1990,11.9183905730784,10.4631033404715,11.2957391341301,9.63947454463786,7.7803941
1549,1991,11.8493977015914,0,11.1842463826839,8.753643020248409,12.802389
1549,1992,11.9903887020298,0,11.0727648694131,11.5877873033954,11.648408
1550,1990,12.1544223795411,0,9.55307865017604,11.0759779494518,-38.38007
1550,1991,12.6081081832339,9.863238310628439,10.350833294608,11.3930683517977,-22.55551
1550,1992,12.7546992620335,9.279306576440909,10.5555627073206,11.4576434751409,.34209302
1551,1990,13.9776462372906,11.1444815374315,10.9891159136459,12.7764441411842,9.1628122
1551,1991,13.9168272831511,11.9012240681565,12.1810158291256,12.8127737989217,18.193222
1551,1992,14.0072685098526,9.20552881497896,12.1178379751677,12.8487041054582,19.203991
1552,1990,14.6142095839853,12.188305744736,14.165624324376,14.5114503372714,26.507277
1552,1991,13.9583498478074,10.7085561787056,14.0930327431075,13.6866748243734,41.295162
1552,1992,13.5504461810668,9.383873422737061,13.9922425220507,12.9783032045328,50.356098
1553,1990,16.1309617268924,12.2240697222318,14.7170587506755,15.6158920586115,34.06884
1553,1991,16.0504846813479,12.3368947463359,14.6889722408645,15.5495993925916,40.783154
1553,1992,16.1653763908055,12.2349904656876,14.65229377559,15.4820069282352,46.419254
1554,1990,11.1937068580754,8.294049640102029,10.8361239629464,10.4637823013997,-12.38279
1554,1991,11.4167851011347,9.16951837745593,10.9167724999755,11.1274452178675,-18.724257
1554,1992,11.4664721033497,0,10.8133053802942,10.5144805806579,-20.311989
1555,1992,15.5041405959415,11.6162218517791,14.1371959344148,14.7437081267478,32.975281
1555,1993,15.5462592444447,10.5163461618672,14.0505818896296,14.8232510965503,41.216305
1555,1994,15.6428672879449,11.4869202412827,14.0124006431898,15.0187443085707,41.854874
1556,1991,11.4576946039708,6.21460809842219,9.63884469404389,10.7695090269214,.97576642
1556,1992,11.5442626202793,0,9.52199284506654,10.9801080326116,-2.6782031
1556,1993,11.6737206875162,0,9.405133830265459,11.0630612137094,-1.2244893
1557,1992,12.3967338477022,8.9398431242785,8.9304412668395,11.6297824140215,5.4791594
1557,1993,11.5177973588393,0,8.48580571817461,11.3432924581083,6.51122
1557,1994,11.6382291648158,8.831711917821581,9.26664508818665,11.324699278957,8.493557
1558,1991,11.942318399734,9.974830992604261,9.11526016572591,11.4257598327722,4.2218633
1558,1992,11.2565713007815,7.28961052145117,9.169174568360351,10.6380918561547,7.1680126
1558,1993,11.0116970949045,6.68461172766793,9.150282464546811,10.0749945911158,7.1476941
1559,1993,10.8879151581071,0,9.96826823185104,10.3327463172235,-5.0472393
1559,1994,10.8947128829302,0,9.855562264253701,10.393743521201,-13.847089
1559,1995,11.0157509574744,0,9.742843335254999,10.5931885086399,-6.0740948
1560,1991,11.7782402953108,10.7567106809427,11.1502123277792,11.2599974816808,-8.7642117
1560,1992,12.0647278072861,8.575462099540211,11.1252816107691,10.928944814904,-2.131568
1560,1993,11.8159790382325,0,11.0239086247572,10.3650721740073,-1.1755602
1561,1997,16.7932518632904,12.3172561744908,14.2440668670061,16.6977365208845,24.790245
1561,1998,16.8562532925733,13.1242515936016,14.4188255868879,16.7746977697247,25.563612
1561,1999,17.057055133284,12.4715436176417,14.4534735158623,16.9996769666166,29.561943
1562,1994,16.0069139248841,13.4084561876477,14.9241914873184,15.8685807946603,46.508167
1562,1995,17.3739987959347,12.9601620445262,14.9366182829702,17.1177607254172,61.910286
1562,1996,17.5698173463856,11.953905711112,14.8670001764218,17.4020470599952,61.301975
1563,1990,14.0709173418643,11.0020998412042,12.0668163253066,14.0069019700978,-8.4189835
1563,1991,14.0543563151817,9.00417684069666,12.0217464808517,14.0495373487315,1.6617072
1563,1992,14.0367076006746,11.1744973168005,12.2953066755954,14.0209523014074,8.5127783
1564,1990,15.0534789496881,9.735601303538431,12.3684040574476,14.8573301250248,-12.615591
1564,1991,15.1090120308704,11.4364331139817,12.6152840607917,15.0910177770128,10.168429
1564,1992,15.1052319721085,10.7228928645666,12.6564330410259,14.8006227765494,15.374665
1565,1992,15.8969359999298,12.6735010868238,14.171161838138,15.5251214673673,33.649242
1565,1993,15.894033783044,12.8155501321803,14.3327441467978,15.4735747506936,40.01825
1565,1994,15.9093044576401,12.0568415115358,14.3614535260305,15.5638138745544,42.875088
1566,1991,11.6508136830622,6.5510803350434,9.32373155533014,11.3427885549843,2.4641585
1566,1992,11.4829641588768,7.49164547360513,9.376701909191411,10.8047728715358,4.3288078
1566,1993,11.2357387762879,8.3466420902212,9.588769958357901,10.7674518046009,5.7514424
1567,1990,13.4840994919842,9.952277716705559,10.8610929575445,13.1663115140465,10.15868
1567,1991,13.300839408608,8.909235279192259,10.9009342183713,12.4203337597801,19.112375
1567,1992,12.9384076013859,8.1086232683546,10.8614977960415,12.5440809981061,17.635784
1568,1992,16.2478290604394,12.8842812998507,15.0321790005441,15.9269616007245,24.650524
1568,1993,16.2938701720266,13.1039529405611,15.0523415118111,15.999318096314,29.105677
1568,1994,16.4401198654741,13.3827811332679,15.1077911460813,16.2154141228789,38.001133
1569,1991,11.6570861005367,8.57960445153763,8.517793011488211,9.14633504200027,4.6209507
1569,1992,11.460609425535,0,8.404919948933451,9.93479240236454,8.0950422
1569,1993,11.1886416468739,0,8.292298107063219,10.1665730422693,9.6589212
1570,1991,15.4443911904602,11.6914899728865,11.716983235992,15.0521514802888,16.687365
1570,1992,15.4969449757937,11.9067632368374,12.4179720173299,15.1216263125534,19.480089
1570,1993,15.4632980655613,11.6845735962077,12.6986639295939,15.0550153038796,22.72415
1571,1990,16.016931536209,12.3370789778716,13.4210951761526,15.782286923756,41.037296
1571,1991,16.086690726343,12.0402364552961,13.5627564080671,15.7859485468868,42.852615
1571,1992,16.007974829763,10.5556564763675,13.5179455430553,15.7831898788465,60.169342
1572,1990,13.1717133848323,9.21034037197618,10.1964183264236,12.381643691028,8.3825235
1572,1991,13.0984969533884,9.360224821513469,10.462431686391,12.4618537251927,13.778959
1572,1992,13.2175177147801,9.39938924951956,10.6532938556442,12.5062788059674,18.705309
1573,1990,13.8346400438496,11.3007465813807,12.426027117131,13.1916994876848,17.062923
1573,1991,13.9031497794849,11.1437440689393,12.5773882401882,13.4798967853727,22.04524
1573,1992,14.0203322816777,11.4976087608583,12.7727483109237,13.5856657667796,22.601566
1574,1990,15.0047723161882,11.3939392057306,12.6846333087089,12.9825141462671,34.920963
1574,1991,14.8302921426444,9.89090877032927,12.6465756927145,13.4319448000366,40.479553
1574,1992,14.8735424394036,13.5491345572329,13.8181476777054,13.4633540077697,37.537907
1575,1991,13.4996872509636,0,8.935903526274419,11.4647285573421,20.656027
1575,1992,12.8687605222781,0,8.81858584285121,11.9837393766064,67.798889
1575,1993,13.0277601319713,0,8.70134640303916,11.9810676260489,42.776272
1576,1991,15.274181479012,10.3998287821011,13.3225449896484,14.5021361511262,29.738459
1576,1992,15.2931524046126,11.4928349962517,13.365596416827,14.717080090438,42.807362
1576,1993,15.1566176844744,11.1334350740343,13.3583328043953,14.3363842120866,46.995506
1577,1992,11.2743880335361,0,9.795323109545571,10.3304124585293,.84741247
1577,1993,11.2175056357068,9.615805480084351,10.302283806519,10.2732610987827,4.898725
1577,1994,11.2133245135036,0,10.1763770016371,10.2413859798881,6.8330679
1578,1994,12.7079743999417,0,11.109340089058,12.3876754440557,-1.2124026
1578,1995,12.42238049983,9.21034037197618,11.1339187266584,12.3155461445758,3.119616
1578,1996,12.6928533245331,8.15937473677543,11.0690666616352,12.127117270428,5.9362078
1579,1991,10.5833720715274,0,9.144339448716361,9.9492193804736,-4.0306649
1579,1992,10.8205070987606,0,9.04447467181345,10.0933885842264,1.3386849
1579,1993,10.6054100116979,5.7037824746562,8.967440442296301,9.858336559026011,-2.4518771
1580,1991,11.3674928702945,0,10.4633975828923,10.8739065564485,2.0003648
1580,1992,11.3133766771622,4.18965474202643,10.3526696605895,10.5493596705802,5.5524611
1580,1993,11.2921891685308,0,10.2399490748142,10.7267854175611,7.0652099
1581,1990,13.7139895508398,7.1608459066643,9.782787767298339,13.1312002274378,13.996099
1581,1991,13.5940504803128,0,9.658398705049409,13.1041648531536,14.557702
1581,1992,13.7168254331144,7.3790081276283,9.63758001809517,13.0116462974451,22.65889
1582,1990,12.4651558923154,9.463974330288391,12.2992259555077,12.0127791161848,-10.74808
1582,1991,12.965805157332,0,12.1740049285926,12.2256546602579,-2.0730405
1582,1992,12.8035664524809,0,12.0487829608447,12.2072719261057,.027843656
1583,1990,13.6126686554913,8.40065937516029,11.0274588983378,13.4771072279829,-2.2120998
1583,1991,13.642748062855,9.545955098183271,11.1444945466992,13.4806955471111,2.3158042
1583,1992,13.6678102569875,7.77233157516961,11.079560757382,13.5293072055644,4.775074
1584,1990,12.7935636115557,8.38685668968823,10.0588660497156,12.2658764223102,25.096693
1584,1991,12.6988076644202,7.39141523467536,10.0086220426521,11.7725335243353,22.450581
1584,1992,12.1759083678269,7.16857989726403,9.943289827318891,11.5556227938289,21.522055
1585,1991,15.2834475839016,11.4067979886066,13.2517205952704,15.241645585758,28.179714
1585,1992,15.3615942957874,11.2118203721863,13.2792667792991,15.1643678016398,29.147877
1585,1993,15.471288567496,11.6889690229712,13.3703236311704,15.1527246944932,33.306095
1586,1993,12.9464355592534,8.43010908450912,11.2123729222051,12.6923628896184,19.059111
1586,1994,12.9300579247495,10.2750511089686,11.4351055350947,12.4785133916062,25.544739
1586,1995,12.7017590624433,10.1996584923838,11.5804140055186,11.9511857053381,21.309557
1587,1990,16.248043034744,13.0080450825953,14.9414675490775,15.7310211146431,46.035969
1587,1991,16.3203892257156,13.1503948002033,15.0096473671005,15.8982853726855,47.793076
1587,1992,16.3714150588093,13.7346626929052,15.1691211256399,15.8863575692453,55.022778
1588,1990,16.3085830564314,11.8214978083135,13.124648763918,15.9931489401679,43.900902
1588,1991,16.4012974247573,11.973913576289,13.3193577598649,16.1438476400238,51.145935
1588,1992,16.6252485382179,11.8253830734034,13.4336783792293,16.294115694472,53.065914
1589,1991,12.9793772153593,10.2822663953818,10.1302724660366,12.6531270111155,15.567743
1589,1992,12.3887119936093,0,10.0201232636006,11.8113960870602,18.963203
1589,1993,11.8312921602711,0,9.909464654022401,11.0861550410112,16.579794
1590,1997,15.7852952847622,13.1756026770947,15.1564246346612,15.4181498264258,57.438751
1590,1998,16.0000275121639,13.5105616005027,15.219111959502,15.544301193922,59.56488
1590,1999,15.7310405833002,13.4551273182164,15.2636531449329,15.3499810728769,60.918175
1591,1994,12.2060515824081,0,8.14174309215117,11.5487837595445,14.441352
1591,1995,12.3415455956076,7.22766249872865,8.36941218209666,11.712969603589,15.841222
1591,1996,12.379331761054,9.154510487015511,9.39341997471403,11.6191244228053,20.202972
1592,1990,17.0119542404493,12.052921466036,13.7796854332698,16.799225601684,35.101608
1592,1991,17.0959252104836,12.4274466320878,13.9110023576383,16.7873941077025,42.186642
1592,1992,16.9391422374054,11.9848959087675,13.9386147002776,16.7174221203787,53.447701
1593,1990,15.6645602726199,11.7453537791617,13.3065332250559,15.4297440200141,25.665455
1593,1991,15.5255988197617,10.8645604271822,13.2822815077541,15.3093365199557,33.773479
1593,1992,14.7437534431921,10.160568654878,13.2069820608511,14.27310985758,43.625366
1594,1991,17.8664718027847,15.0988218528303,16.6309221037303,17.7191205579211,75.839867
1594,1992,17.8732741257844,15.0559438271531,16.7060796630529,17.828099339689,67.228622
1594,1993,17.9193963194332,15.2328592044749,15.5314009256731,17.8246267596614,68.069778
1595,1990,11.5272112028323,0,9.40771473139643,11.3003411679885,3.4747031
1595,1991,11.8425744762433,0,9.306177685548359,11.7121311867348,6.5283785
1595,1992,11.7603423244232,0,9.20475480168157,11.2927435834497,6.7074394
1596,1990,14.3905091360564,11.2154354515274,12.6512615453546,13.6923450435988,29.142801
1596,1991,15.1511235426998,11.1588186491372,12.7429951637138,14.9499397968137,30.188101
1596,1992,14.7527796962236,10.9348910915108,12.776036139386,14.4851331321533,29.157551
1597,1990,15.2317207862112,15.0958848024345,14.7020544059106,14.1591986830428,30.935844
1597,1991,15.1904893889497,13.6670523121148,14.9147613094383,14.171301254761,41.867443
1597,1992,15.1560332715292,0,14.8029354245175,14.1773179394514,52.947926
1598,1990,12.7871305773642,8.569026340056251,11.2667179740575,12.1322727701405,-16.225664
1598,1991,13.500450290209,0,11.1509752024023,13.3241101500174,11.306383
1598,1992,13.3294713093305,0,11.0352234792725,12.8855479884169,23.148184
1599,1990,16.5478442343131,10.2679570399408,13.7302402099583,16.4782563565813,7.790339
1599,1991,16.6016922826222,10.7527192561283,13.68308666612,16.5200285335203,22.202568
1599,1992,16.5488431827921,11.8505042320179,13.7371561825887,16.502273669794,16.140717
1600,1990,10.9177299723581,8.1786387885907,8.251663923605591,10.0318625050164,-7.3490057
1600,1991,11.0023724904398,0,8.15398265120491,9.94711527800875,-.055534292
1600,1992,10.7943958741533,8.27512163021651,8.83352102805793,10.154525238512,-2.2046173
1601,1991,14.6221268157615,12.3624266106265,13.2131230374624,14.2126854379218,46.920498
1601,1992,14.5927275739052,10.7012649821742,13.18331415779,14.351259023264,54.591774
1601,1993,14.4457102324496,9.28145099943413,13.0923209902544,14.0283850361008,57.959049
1602,1990,12.1913870379295,9.40475517645752,10.4031106617941,11.460136919919,9.8237104
1602,1991,12.3025298562828,9.28924396957165,10.5947930382167,11.7479245741881,15.145169
1602,1992,12.2971032192443,8.970177815492381,10.671795543678,11.5184893294228,9.0943842
1603,1990,14.5631121411638,10.80084008339,11.9984394345791,14.1629208643386,22.390104
1603,1991,14.5652854083008,11.4849785629193,12.3824922366047,14.006662580477,24.512962
1603,1992,14.205960163333,12.9653960679307,12.4462247282091,13.6755793441884,.089650422
1604,1992,11.3629467801641,0,9.844936404586241,11.322340704252,10.50905
1604,1993,12.0431241628847,6.51025834052315,9.75315872677835,10.560350661581,9.6742163
1604,1994,12.0601315145966,7.43779512167193,9.72207358375954,11.1790119186807,-1.3857738
1605,1990,9.510444964426521,7.60090245954208,8.9226582995244,7.2039024214172,-12.214484
1605,1991,9.58190392840867,0,8.822263213469251,6.80295199366356,-8.863245
1605,1992,9.923290179832311,0,8.721895747991759,7.02320498981839,-8.6799412
1606,1991,12.2369849003734,0,10.5101150533853,11.3690505175509,3.1886225
1606,1992,12.0799707287325,0,10.3986196749722,11.6641373430362,.055344239
1606,1993,11.640394770216,0,10.2871330005044,11.1688065792488,5.6035771
1607,1990,15.8564807633646,13.2816755708154,14.6469782076933,15.7004799511491,46.079319
1607,1991,15.7184290068036,12.1466463679124,14.6043762440432,15.5533842908232,62.679474
1607,1992,15.9489928715946,12.1300551591063,14.5619435914478,15.4732613873172,63.590168
1608,1991,11.0469035869103,8.1605182474775,8.65189889426853,10.5517031979366,1.2632521
1608,1992,9.794140618414939,6.90775527898214,8.716207971151849,9.097846873648431,-11.826106
1608,1993,10.8157918659469,0,8.612576095848789,10.7319696826533,-5.9089141
1609,1993,13.1266054392814,0,10.6107964805022,12.8347693356899,1.6247458
1609,1994,12.9846614915011,9.10497985631836,10.7455696918099,12.7029989022184,3.566834
1609,1995,12.9409276047079,8.361941906144949,10.7677057391172,12.4560431412095,6.4341769
1610,1990,10.5365308090264,8.006367567650249,9.245128197461851,9.395989718862809,-1.3792976
1610,1991,10.3823801291991,0,9.13241126241298,8.856993218130119,-2.8434546
1610,1992,10.7008338603176,0,9.019700312173491,9.791837773907931,-1.0132337
1611,1990,11.0588487267545,0,9.33987629332522,10.4255426464024,-14.990973
1611,1991,10.9884906856139,0,9.226440073465611,10.5767900121224,.13667388
1611,1992,11.0880502388877,0,9.11313539818299,10.0399762342475,-3.7999508
1612,1990,16.1180956509583,12.2548628096996,13.95785698377,15.8031820240256,39.81284
1612,1991,16.1973928500401,12.1085535278179,13.9962512825679,15.8929798415755,33.746037
1612,1992,16.248550415613,11.6307262782464,14.2020780251525,15.9531095167978,38.752808
1613,1990,11.3012581513991,7.14991683613211,10.0621565806649,10.9400180305544,8.5977859
1613,1991,11.4759839558464,7.91753635394363,10.0693324448824,10.8925392468136,10.751772
1613,1992,11.5370644391341,6.41836493593621,9.98448672572758,10.8136482470393,11.680247
1614,1990,12.1581945652857,9.21830854162536,10.6900339973546,11.5905500081624,.79088819
1614,1991,12.2307652581205,9.68034400122192,10.9073385107545,11.7004663403561,6.1270332
1614,1992,12.146347916308,9.47270463644367,11.0172429369137,11.6791380372511,11.422494
1615,1990,13.7257711458282,10.1658518170036,11.7462806991208,12.3399517338016,-12.092725
1615,1991,14.0176369708678,10.1658518170036,11.8444892462387,13.5114223533585,1.7427176
1615,1992,13.862982619022,9.305650551780509,11.8231659229496,13.6048816187041,6.5680962
1616,1991,15.0632322692202,11.5636185792857,13.023445176513,14.7427988577838,15.988037
1616,1992,15.1329638217932,11.2239091695053,13.0736839271059,14.7824188469961,16.743639
1616,1993,15.1510904045397,11.136047813714,13.1031436561854,14.8096491623988,23.888906
1617,1993,16.6552437459987,12.2010601037066,16.0582097880673,15.6468563975173,61.731956
1617,1994,16.6000751419666,13.7589402064759,16.0599641343957,15.9828002404945,45.217548
1617,1995,16.4812144894708,13.9900830011145,16.0805796335852,16.2227041925206,47.958408
1618,1990,14.9507761642804,7.97246601597457,11.8769294854928,14.730669983486,14.585886
1618,1991,16.0175568255797,10.0432494949113,11.9209918534796,15.8871940131891,18.37487
1618,1992,15.9491348405575,11.7360690162844,12.436180688374,15.6948184594222,29.15485
1619,1993,11.9272175008733,8.40581460343285,10.0531481670905,10.9724897480989,18.20719
1619,1994,11.9271912715371,0,9.94301110444451,11.050800184297,18.364054
1619,1995,11.9297846441767,8.887376485379759,10.1264070787586,10.8881089454241,17.954142
1620,1995,11.1007680130009,9.13270310224903,9.38708809042069,10.5020109868731,2.5197213
1620,1996,11.09361495004,7.94803199063728,9.47703371398948,10.3608456738825,1.1921085
1620,1997,11.7727480405429,5.98896141688986,9.389924853060251,11.2657348840343,3.9673316
1621,1990,12.4336065451457,9.778491062361439,10.4436292306362,11.5360226592158,6.8649788
1621,1991,11.9977246536667,7.32843735289516,10.3773493544526,11.108683472907,4.5103898
1621,1992,12.0938366963029,7.02908756414966,10.2982118507782,11.4762373523761,4.2624245
1622,1990,11.4927227576527,8.51719319141624,9.38160098141071,11.1941445303265,-9.9374361
1622,1991,11.8775685785581,9.01225522000275,9.856883247634711,11.6410689032559,-4.8296351
1622,1992,12.1709634684166,8.56426759880217,10.0392676648942,12.0336734219423,-5.0545602
1623,1990,13.7906566178597,9.84458644461597,12.6480593145349,13.4152393999142,6.3447485
1623,1991,13.5994111686013,10.6237634004843,12.6650867353825,12.9730068781737,6.3038173
1623,1992,13.584718843588,0,12.5482162693886,13.2577832307694,18.378883
1624,1990,15.172894985457,12.6702436731772,13.1638872055817,14.2303431282221,-2.4576128
1624,1991,15.3982596165817,12.8333257198955,13.6297770671376,15.0810480672111,5.8565192
1624,1992,15.4813300619255,14.1894911909124,14.5655070073616,15.1935028883337,20.147194
1625,1990,12.0957057298502,9.52515111181622,11.8097654752068,11.5049853589273,9.8873987
1625,1991,12.1077177185172,9.017362234993699,11.7622917746776,11.1601283071563,11.70439
1625,1992,12.2486425077178,6.72503364216684,11.6576135149988,10.8669450948306,14.206462
1626,1990,16.1514005439125,13.6631888711757,14.0149858118981,15.7453302381553,38.515694
1626,1991,15.9377715831988,13.7119107136368,14.490309840596,15.5607464460966,39.438461
1626,1992,15.8991689990653,14.1372229737977,14.9333741455044,15.5282460221691,50.012833
1627,1990,13.9024836304703,11.7566007894539,13.3589758146655,13.5419787454035,6.7099791
1627,1991,13.5383511104515,0,13.254947971957,13.3219287691952,11.004575
1627,1992,13.5931160900521,0,13.1509210962047,13.1547130143396,22.554953
1628,1990,15.2675113437849,12.4588177166201,13.4315099308024,14.3920693140357,36.601662
1628,1991,15.1955183010944,11.917076376567,13.5619708126439,14.1277238909655,38.241112
1628,1992,15.1231219177686,11.2916801109391,13.5860929911111,14.167001397332,55.644115
1629,1991,13.0766610273898,0,10.3129845217577,13.0428876443007,-18.099316
1629,1992,13.5232324489897,0,10.2129262243895,13.4924352212274,-14.608857
1629,1993,13.4017775403142,9.2259184019395,10.4376858938239,13.3431771277919,-7.2908869
1630,1991,12.9763549640194,9.923437227843751,11.2376277224874,11.3735370294993,17.143208
1630,1992,12.8409479811257,8.404248432400101,11.1975514865411,10.9795684092565,20.91235
1630,1993,12.6949888994548,7.80791662892641,11.1321700424774,10.8365275865466,21.202211
1631,1990,11.8035211387603,0,9.80983599645467,10.7723478745558,5.4557986
1631,1991,11.4630462646199,0,9.695675865218901,10.7271033078674,9.4932356
1631,1992,11.0648088596332,0,9.581517646915019,10.2168991675048,5.5555611
1632,1992,11.0649282914514,8.9273141110606,9.53692099030633,10.3667522311596,-.44527352
1632,1993,11.1131097758284,0,9.425096849913301,10.2972095826668,2.1819978
1632,1994,11.084972335049,9.10497985631836,9.86862174300979,10.4030254031142,2.529933
1633,1992,12.9049609977413,7.36201055125973,10.5433394360378,12.6998169135111,-6.3081031
1633,1993,12.7777429760283,9.14729407025855,10.6703683494731,12.7108257388737,4.9863915
1633,1994,12.8122876762562,0,10.5703266914024,12.4886177968888,3.2155266
1634,1990,15.208378941466,11.3038080853891,12.0384820533362,15.1670393919352,14.30919
1634,1991,15.3269920176416,11.7552596916704,12.5226023450683,14.959810851622,17.499628
1634,1992,15.254285081669,11.9413841822038,12.8750982254414,14.9845700274437,20.423059
1635,1990,10.7107049588702,7.64108424917491,8.84231554684186,9.156880451446661,-2.2420397
1635,1991,10.6165805185231,0,8.742015333109,9.70792519674559,-8.3348589
1635,1992,10.1653840641567,6.57507584059962,8.75438164965103,9.342511999477409,-4.7888799
1636,1990,13.5983329251156,11.2660781869568,13.4314512032234,12.5463182843823,22.114321
1636,1991,13.6175594942821,9.568923494184221,13.3464698249851,12.1502744948005,18.66778
1636,1992,13.7756589258235,11.391932282301,13.3764814274179,12.6264927705333,19.842543
1637,1990,14.3152133072765,8.92811007820265,12.6800402827049,14.0690011842478,10.888085
1637,1991,14.4096920324176,11.8716483105263,12.9523664395205,14.2157417852853,16.406778
1637,1992,14.2497230749259,12.1951987383116,13.2337052689144,14.0699650666287,20.521301
1638,1991,16.1980380098248,10.9761151442322,16.3880399145084,15.4543666976206,53.279663
1638,1992,16.1050378904534,14.5201306720057,16.4526327879099,15.1019251509473,62.084705
1638,1993,15.7545934998831,13.8824970179532,16.4450989339172,14.7558331082365,57.428154
1639,1992,14.1794758456537,0,12.5617629548753,13.3881145508943,-7.9178395
1639,1993,13.7848271649161,0,12.5013761013172,13.5187939377161,4.9826679
1639,1994,13.8713925033828,6.81563999007433,12.4442801634208,13.6133520097507,10.73134
1640,1990,11.6661133717163,7.81923445385907,8.24800570160062,11.0078100868956,-2.1538546
1640,1991,11.6895046561878,6.96885037834195,8.397395627960639,11.182891151565,8.0732136
1640,1992,11.4915643229594,0,8.271369376378811,11.0538101636221,2.8981857
1641,1990,11.6497680777827,0,9.075207697984689,11.0227732766008,-12.122487
1641,1991,11.7133016395802,6.39692965521615,9.05071138022979,11.4286945326847,-2.1348095
1641,1992,11.7832643689825,7.8935720735049,9.23793608356698,11.5752903954114,-3.2546837
1642,1992,15.1204548043021,10.6426830465879,12.698388923351,14.7584492304571,39.127827
1642,1993,14.899986224773,10.2658015669883,12.66121324008,14.4673243542053,43.233582
1642,1994,15.0174713016365,9.958591078762151,12.6025252628756,14.5929579560404,42.933453
1643,1990,10.6615848908723,5.52146091786225,8.744009988096741,9.844189052393819,1.8558915
1643,1991,10.5503702681158,6.45519856334012,8.747240854407179,10.4893031279416,2.5440474
1643,1992,10.319940597878,5.14166355650266,8.675546456569389,9.628884746804239,-3.3426507
1644,1991,12.4292161968444,6.10924758276437,12.1678826010554,11.4075649493124,8.3446026
1644,1992,12.5245263766487,9.68034400122192,12.1505440792374,11.7519423654407,2.9993789
1644,1993,12.4292161968444,10.0123419574482,12.1647536525266,11.5898865061064,7.1513906
1645,1990,14.6627576970652,10.4840257887134,12.116826045016,14.2097413298139,12.215823
1645,1991,14.7534336408615,10.2947861207267,12.1756129225814,14.2923362479478,12.989064
1645,1992,14.7943576626321,10.3982142817124,12.2374724704955,14.4436643234447,16.925854
1646,1990,11.6886253011495,8.695841342843879,9.57955634740923,11.5009456649717,-1.9542918
1646,1991,11.6805950973465,9.38647616968305,10.1033338173396,11.5239153072638,-13.785526
1646,1992,11.8615887402273,9.877348894926429,10.6007412896389,11.6678528128715,-5.3832664
1647,1992,11.0683844863867,0,9.36288118523478,10.5745568170266,3.0557988
1647,1993,10.8599377537947,5.7037824746562,9.27598765321204,10.2346948850543,1.0706422
1647,1994,10.8609221414866,6.21460809842219,9.20945998454888,10.1692352099384,2.5655482
1648,1994,12.1404989369812,8.014666370464941,8.26742328403432,11.1689734414503,9.7973146
1648,1995,11.924559039635,5.56452040732269,8.217870293363211,10.9560353020273,10.793159
1648,1996,12.0003185042734,0,8.104491965643451,11.0369301212435,13.471305
1649,1990,16.1330290983533,12.3393133709151,13.1667916614387,15.879747852375,14.717467
1649,1991,16.3750381221025,12.3956387305784,13.4587106062124,16.1206132216425,21.717691
1649,1992,16.5889200077881,12.8591163233928,13.8023665527578,16.2391195210817,20.868208
1650,1990,12.2390237456699,9.635608107380531,11.6555702046113,9.896256471170631,3.2379081
1650,1991,12.2437296367073,10.4631033404715,11.8263841963681,11.7730633381678,7.3249102
1650,1992,12.1294615431583,8.61250337122056,11.7551874880309,11.2874625121084,10.196673
1651,1990,15.1979507220331,9.157150543462061,12.8144459440407,15.0884699683575,11.946833
1651,1991,15.3895470065677,12.8541989243176,13.4590967227908,15.230097492223,14.3669
1651,1992,15.6052537055319,12.5037186626038,13.6930189167031,15.5292588127193,17.355618
1652,1997,11.3129232425079,0,8.96264794774056,10.8104940626912,3.2695763
1652,1998,11.372186101255,7.15148546390474,9.011255085755041,10.9243975484366,6.5169911
1652,1999,11.0872889615902,6.16751649088834,8.97133417144844,10.4871060536436,3.8336453
1653,1990,15.4248687380499,13.2613946180994,13.6342476406138,15.1765706425777,6.1455011
1653,1991,15.6867210096989,11.6292674628302,13.6768856439273,15.449115119892,22.356441
1653,1992,15.8154109190888,0,13.5865232149114,15.4160622676738,31.040342
1654,1990,11.9283625104874,8.20794694104862,10.6340027695648,11.3362497195487,2.8592525
1654,1991,12.1301849305734,0,10.5326427292574,11.7189011648042,7.235436
1654,1992,12.093518309937,6.98100574072173,10.4607376873766,11.7513371504368,8.4109163
1655,1990,11.496155464609,5.62401750618734,8.0040315078527,11.1506145329315,.96455026
1655,1991,11.6680694608195,8.006367567650249,8.63093250668893,11.383273990991,1.259055
1655,1992,11.4407896209669,0,8.530563410354411,10.7374352025967,6.868433
1656,1994,17.0291047057713,12.6806875017084,14.6030233814849,16.8834215923042,53.031197
1656,1995,16.9876687625215,13.9817772557967,14.9162519784218,16.8376374863286,53.852924
1656,1996,16.9888745831746,13.7171973736521,15.0600027318241,16.9003559538884,56.986095
1657,1990,13.7032455979986,10.2937374948378,11.4794927688818,13.1383168646985,22.132301
1657,1991,13.2288020589324,9.51745735706657,11.5055140682942,13.0913575903579,14.650137
1657,1992,13.2514099032944,9.10108338603923,11.4810208835388,12.3512414965474,44.403454
1658,1990,15.0898219678707,9.504128762859731,12.0254077157716,13.5383772245101,-3.0780399
1658,1991,15.4855518214004,12.8704164634322,13.1688107994953,14.9242637848163,38.571644
1658,1992,15.3987455528715,12.5550802705596,13.5060460276445,14.6943766900051,40.967766
1659,1990,16.245481674423,11.2502611554937,12.3392739836927,15.9902257718123,42.62603
1659,1991,15.775694774632,9.70467069321298,12.2969301998213,15.4837895963575,33.267963
1659,1992,13.8663481485346,7.02553831463852,12.1850374489324,13.7210658105348,64.286469
1660,1991,11.6439302073632,6.04025471127741,9.176597428411229,10.7141199437469,7.8815498
1660,1992,11.5751474808614,0,9.06484049911859,10.8354345536994,7.5046892
1660,1993,11.3751642008731,0,8.95380806851662,10.9234441496859,9.2381639
1661,1992,11.8208593285349,9.74096862303835,10.7264934522041,9.731900658961569,11.67359
1661,1993,11.7633821921974,0,10.6464791032998,10.1675349605247,17.278675
1661,1994,11.7330352189717,9.324115386235031,10.8007707809194,10.2312459418426,18.229094
1662,1990,14.6178305861399,11.254180642413,12.4513533519108,14.373084296682,9.0155287
1662,1991,14.6433389331302,9.478380804172669,12.4123707049104,14.446951412393,25.950727
1662,1992,14.4870681920959,10.3449952519912,12.4296281119957,14.2828465176523,34.466801
1663,1992,15.0008845851316,12.6299079829932,13.7986180800727,14.3892832311589,41.464809
1663,1993,14.9637995827601,13.1316917326926,14.1292159425987,14.3046111378261,44.954781
1663,1994,14.9639486728085,11.481073535521,14.1073101667166,13.9738718141809,48.482124
1664,1990,12.5598969719835,0,9.81126260849361,12.391803716652,-.95781684
1664,1991,12.6465447787092,0,9.705896000531281,12.433892673633,4.3828359
1664,1992,12.1267098607856,0,9.600515853861999,11.2427651760357,-6.8046827
1665,1990,14.3364526373978,10.7180998703772,13.6707991873518,14.1974216335959,26.315887
1665,1991,14.0989955851305,8.08548677210285,13.5616336636555,14.0459208725725,21.668186
1665,1992,14.3637781985561,10.020559224122,13.4787862695807,13.9123365546463,49.478653
1666,1992,15.6658078296056,13.100117768457,12.7832094683115,15.1588083281527,24.556156
1666,1993,15.8378431283676,12.6267054733193,13.3128837320126,15.4481715934332,24.969427
1666,1994,15.846551902169,14.2136072525336,14.4611396249553,15.3891801906927,29.467779
1667,1990,11.5211899432147,6.77422388635761,9.15925758174687,10.9730443637925,6.2203569
1667,1991,10.863806737219,0,9.09845863932809,10.0974653150628,-2.6587567
1667,1992,11.1562328903854,6.30627528694802,9.09722766334454,10.5031067744632,14.314917
1668,1991,15.9240103721108,11.8844890214027,11.0142046152536,15.539171993314,16.898977
1668,1992,15.6399627390215,11.7597855429018,12.0839089663504,15.1650550789131,53.51421
1668,1993,15.3986634402111,12.5585517994399,12.9702207800293,15.0300804042273,52.217812
1669,1991,16.5401070536429,10.4507126056821,14.7273585153149,16.461653815498,46.072754
1669,1992,16.247855984087,12.3080920860071,14.703318478511,16.1188154599438,51.097431
1669,1993,16.295990907638,10.7261706544451,14.6088517457324,16.0481275865214,55.29578
1670,1992,15.4183302438036,12.4488501824704,13.8923171427282,14.9271128417146,32.852573
1670,1993,14.7603223804498,12.2136141368635,13.9476192890857,14.3490435478918,33.079433
1670,1994,14.9487688263015,12.5918043239479,14.0597922365543,14.6764793098024,34.62508
1671,1997,14.6047115120408,12.1096223160021,14.3421894322594,14.2837106616579,18.062458
1671,1998,14.5944155593967,12.3270018379521,14.3555075497055,14.3370449034133,20.701948
1671,1999,14.6125844299866,12.0227686062583,14.3376793638977,14.1603208270638,20.835886
1672,1997,15.8110312176364,12.5388129270617,14.4668191336808,15.4337938670029,42.570488
1672,1998,15.8670978568569,12.6513544430087,14.5161921831759,15.4789321470984,46.881302
1672,1999,15.7944809787493,14.3846675407343,15.0149577370794,15.3884646235182,47.908401
1673,1991,14.0532183657262,11.4796375181041,12.6449528647988,13.337126847176,49.584064
1673,1992,14.0358239628974,10.2708007094947,12.6282293375031,13.2449733780871,35.076447
1673,1993,14.2018757811919,10.5115124796792,12.6360931210387,13.4236985275234,37.335739
1674,1991,15.1296791232536,12.0900611647434,15.2869570896535,14.6185614593784,55.429253
1674,1992,15.2594579939007,11.8479895677791,15.2046008318748,14.6900687662925,53.564064
1674,1993,15.4640867695052,12.5389132959173,15.159077621042,14.8750889513659,52.551659
1675,1991,15.0891086783759,10.3405805183246,13.5006622694193,14.036081095596,50.892689
1675,1992,15.0959579554272,10.8095663193339,13.4594134470479,14.1048546774108,46.384819
1675,1993,14.9966040676142,10.7392187765519,13.4155240648007,13.8849419031112,56.343037
1676,1991,15.521158458138,13.5918093511892,14.4501251986524,14.9414481004449,36.560699
1676,1992,15.4687037861557,13.1840246381955,14.6115092743228,15.0543868862224,39.647224
1676,1993,15.4341731117341,12.4108933541267,14.6243121101821,14.9521511516693,42.216316
1677,1992,16.2998556887967,11.154491832588,12.1031946015437,16.0526572184646,44.146164
1677,1993,16.3156423044393,11.3816201641922,12.3984476631727,15.8438728217222,45.276134
1677,1994,15.8983784049838,10.7544714682096,12.4636682502995,15.5953857882587,43.906433
1678,1993,11.3515823145615,5.37527840768417,9.119846574757441,10.3428574853226,10.750554
1678,1994,11.0198251489668,5.57215403217776,9.04723303410603,10.167345011433,6.0432076
1678,1995,11.4877102158292,4.71849887129509,8.958591563651639,10.553262500224,5.4296083
1679,1992,12.4451407257933,7.82084087990734,8.220187791503569,11.5650624033901,-3.6736357
1679,1993,12.3245887457624,0,8.103343026773629,12.0425473274403,-2.9230976
1679,1994,12.3919711308145,5.15905529921453,8.03922190452119,12.0792614786638,-2.1189928
1680,1992,11.3945552331979,6.95177216439891,9.42627399410425,10.27987156035,2.6201413
1680,1993,11.3457650690285,0,9.331566362743549,10.5299616729268,.38089493
1680,1994,11.6777474003769,0,9.236816758549031,11.3735137485446,-6.1996489
1681,1992,10.9686436593022,0,8.96367227561502,10.7082545588363,-6.1878862
1681,1993,10.984684545234,0,8.850259634902621,10.8889955185142,-9.1757116
1681,1994,10.8228870520712,0,8.736938976856189,10.5032493245269,-9.7937508
1682,1992,10.4443572976505,0,8.42206899431606,9.23221525589347,-13.083646
1682,1993,10.3722091102793,0,8.3217377616722,8.283248569267069,-6.2821445
1682,1994,10.5351581859943,0,8.221317643935929,8.31526010622531,-5.9425111
1683,1993,11.6149137639163,8.12415060330663,10.3014076014713,10.8456174416836,3.9086218
1683,1994,11.8306504039547,8.89206162554694,10.41885882915,11.5329489766316,4.6307311
1683,1995,11.9040013888813,0,10.3148320100149,11.5272721232875,7.0760345
1684,1993,10.0976965067522,9.655602949958411,9.495180911093311,9.220587688427729,-7.192121
1684,1994,10.3551680844413,0,9.3947514109477,9.67331938628495,-14.803443
1684,1995,10.3284284371449,7.74066440191724,9.464711235706959,9.815038779351021,-14.347548
1685,1995,11.6112945977673,7.0604763659998,8.770904744296869,11.1922966256004,11.63311
1685,1996,11.8561888749973,7.81963630236759,8.971410367730099,11.4279139967368,12.791904
1685,1997,11.5612202683735,8.216088098632319,9.22495308434403,11.0497475263503,14.538274
1686,1994,10.4726009521726,8.087947554642669,8.44959934084299,8.690206960344771,-15.109841
1686,1995,10.249697933427,0,8.34922414284668,8.65275733015228,-10.059924
1686,1996,10.2043696204519,0,8.24884304726395,8.30309319941534,-6.4727182
1687,1993,11.0682727403039,0,8.87766093359367,10.649531681443,-2.2972999
1687,1994,10.9357585532014,0,8.76431885907569,10.3449384857457,-.47736445
1687,1995,10.7716701952671,0,8.65091956503073,10.3713176928243,1.2034011
1688,1995,13.8164319998454,10.0216260805532,11.5284641124509,13.5788639593619,15.80828
1688,1996,13.7212678394562,8.745921121024351,11.4863699682883,13.3293402293174,13.638017
1688,1997,13.4656518900991,0,11.3873225586678,12.9315232477009,22.046406
1689,1993,14.2760621493608,8.788745881938141,11.8007572762106,14.1388078842775,25.390907
1689,1994,14.5920645321297,12.00675547808,12.5035686533951,14.4359075339769,25.835842
1689,1995,14.5987846242499,10.8587682017015,12.5667663036093,14.4612308164803,28.561106
1690,1993,12.789798297894,9.74243813101771,11.8111408666154,12.3601199366559,18.80991
1690,1994,12.8799019312922,0,11.6852354056998,12.4002563153546,18.48551
1690,1995,12.7590550525894,0,11.5593327924379,12.088979895874,27.851871
1691,1995,12.4334145613655,8.67077227934454,9.27337150757881,11.9337976485777,3.2401149
1691,1996,12.6701107799342,5.70044357339069,9.18496102363679,12.1326990529185,.85825014
1691,1997,11.8396727479423,5.04342511691925,9.08466376388818,11.5364335966382,-.035007536
1692,1997,15.5470735755251,12.5097597021748,15.3797856305265,15.0932700225749,23.823963
1692,1998,15.4616029048395,11.7050405746518,15.2778020699013,14.8819082094943,25.300873
1692,1999,15.1982736833253,12.4603271918694,15.2070196735863,14.9210743348169,21.716972
1693,1997,12.3217201345408,6.10924758276437,9.37802195203062,11.5719467414646,16.124481
1693,1998,12.3072352121446,8.006367567650249,9.4711033550767,11.9455467930029,11.363399
1693,1999,12.3306998028175,7.29844510150815,9.45010502430663,11.2041807285418,14.500775
1694,1996,13.8995025481798,10.0690019910137,12.3812525110476,13.817681645682,10.789222
1694,1997,13.7757586192511,4.86753445045558,12.3466216693798,13.7316891483498,5.3818789
1694,1998,13.9003654975568,11.5233113445226,12.6355735652163,13.793939620394,8.9568748
1695,1996,13.5170196128845,9.922407437388641,10.8780698337874,13.3046504336031,28.684097
1695,1997,13.6054966839613,9.724241262259101,11.0356764512032,13.0143260135747,38.032257
1695,1998,13.5540938444286,10.9327140353858,11.5443194753905,13.0377931349247,33.653305
1696,1997,13.7695786550715,8.683046555502891,10.3041076089811,13.6420686600489,4.594439
1696,1998,13.8370968876348,10.2043696204519,10.800988863647,13.670374953293,7.0096197
1696,1999,13.9046096707827,12.0263177919335,12.1171228455575,13.7897608618579,8.6260815
1697,1996,13.0759041127996,7.38647084882989,9.530864685231951,12.7847089342523,-.53082001
1697,1997,12.4920741991179,0,9.41399116797893,12.2011072885231,1.1330786
1697,1998,11.7982273027398,0,9.297123389560451,11.4230661883708,2.6486075
1698,1996,12.7584019514146,0,9.61077283755627,12.5679863432046,12.13728
1698,1997,13.1385634448359,7.24422751560335,9.579424996324869,12.986628415847,13.688103
1698,1998,13.2281763906697,9.188197007290491,9.957137318262911,13.041619590699,13.941959
1699,1996,11.6999028333004,6.85646198459459,8.466804750683011,11.1335914796662,8.1057119
1699,1997,12.2993808226638,10.1695756441756,10.1794777910982,11.965174557273,6.2030687
1699,1998,12.5430590356661,9.23746903936444,10.381394245145,12.2018164444659,10.390326
1700,1996,12.7461327471056,0,8.192487457191939,12.674402827427,-13.226201
1700,1997,13.2540352922712,0,8.075613740387061,13.0911719876866,5.2049704
1700,1998,13.2172953038617,9.615805480084351,9.647782069096539,13.0251610343508,5.7751575
1701,1997,12.1518993897363,7.92153563213355,8.23023085988881,11.9495012342142,-2.0703087
1701,1998,12.1530549657626,7.63046126178363,8.53164821238582,11.5352659707847,-1.8678384
1701,1999,11.9409472857592,8.15392513200786,8.912001719335869,11.4520526244858,-2.188323
1702,1997,12.6271814176264,8.34164861890131,9.331849789373379,12.450647044551,1.4674529
1702,1998,12.2893792516566,7.88532923927319,9.416052881560709,12.1218219040188,3.3390012
1702,1999,13.074334223593,0,9.299184235602789,12.9558803519244,-.91568935
1703,1997,14.1626400890595,10.3591386755575,10.7233026256992,13.8736626988098,6.3967357
1703,1998,14.3498812092675,11.9107212387735,12.0181966915929,14.0786170094904,21.261625
1703,1999,14.0535860705864,12.1178641886899,12.6139870849093,13.6694834294865,24.233553
1704,1996,11.6499925330545,9.25148231530736,10.3933979703197,10.28438169621,20.372549
1704,1997,11.9460598482694,8.99093980694081,10.4909852868129,10.3785874969115,23.093765
1704,1998,11.9370206996828,10.0324522838171,10.8461319557029,10.3724640455471,21.295012
1705,1997,12.3820826597103,0,9.19453614043122,12.1750050055653,8.1512032
1705,1998,12.6386761533393,0,9.09416604165922,12.4016805466499,11.332118
1705,1999,12.6976022936304,7.27862894232068,9.13394517072247,12.4412910020762,15.149422
1706,1996,12.8315624954071,7.78072088611792,10.2349687833546,12.4314498071453,19.270172
1706,1997,12.7746634342106,6.80461452006262,10.1679726433837,12.4760108670659,16.046103
1706,1998,12.7166528972036,0,10.0776089127647,12.4931108569017,18.171566
1707,1997,12.3416912334464,0,9.05503068742903,11.8536813707089,14.465155
1707,1998,12.3049763608446,5.05624580534831,8.95657007337006,11.6480680589125,16.045937
1707,1999,12.7756019885365,0,8.84094196990441,12.2859507242685,10.100159
1708,1997,12.904512462017,8.707152175339401,10.776843643156,12.3797580852677,22.630703
1708,1998,12.9275964058043,11.1163507202075,11.5167282253032,12.5334081090099,18.476931
1708,1999,12.8749966790411,7.34018683532012,11.4403182123273,12.1941113385946,21.137514
1709,1997,13.67499584898,10.6757924338819,11.0298852272122,13.4674484119542,15.537903
1709,1998,13.5998744655175,10.3865924837015,11.3116082272113,13.3402212422323,14.638448
1709,1999,13.5590726284913,10.3189029914975,11.4879522130043,13.2540086846635,15.834299
1710,1997,12.4231609350637,10.4730536713247,10.2634949377195,11.5545447499745,24.51862
1710,1998,12.7777973373323,10.1402972946142,10.7623292401061,12.0830328678624,29.283293
1710,1999,12.8771530384873,8.418477218477079,10.7460284019809,12.1708975726785,30.658176
1711,1997,12.3390318227832,7.64060382639363,9.436830317861171,11.8539076926591,17.611757
1711,1998,12.2852619226794,7.42356844425917,9.444922255431219,11.7676728614706,16.071007
1711,1999,12.1131063601562,6.49526555593701,9.38248532231858,11.6183632925685,18.316418
1712,1996,13.0201202199546,7.38274644973891,10.3587962380331,12.7535953392004,3.1185992
1712,1997,13.3445176395333,9.07176772211224,10.4875366860056,13.1053151399579,3.3760517
1712,1998,13.574983027066,0,10.3861667561792,13.3608738247044,4.5748048
1713,1997,12.8056533751066,9.52697426637773,9.52705440888572,12.6815976490886,-.89330906
1713,1998,13.066681519977,10.0005235150477,10.3354680013,12.8857298438692,-1.4821022
1713,1999,13.0515116364324,8.46653127661401,10.3570409912846,12.7912138926488,.85079718
1714,1997,11.9617501452234,9.42230163388782,9.173500023505641,11.5390551805977,4.8907828
1714,1998,11.913739774863,6.39859493453521,9.16737023852337,11.475317882475,4.6641998
1714,1999,12.0958224169093,10.0502251086477,10.2535738388613,11.61717441372,5.970448
1715,1997,13.2903456273427,8.738254576526121,11.0343701742771,13.161401868828,5.7885733
1715,1998,13.3055672973267,0,10.9343294364859,13.1771443460446,4.8505206
1715,1999,13.3317203533648,10.1699587565855,11.1921649502711,13.1960780866232,7.0314994
1716,1996,11.8345668374302,9.65297280442579,10.1973952057821,11.2275627052765,13.854859
1716,1997,12.040260062612,9.089414904047301,10.3636460016502,11.347341443026,14.301653
1716,1998,12.2569606077818,8.385260520155409,10.3815864514884,11.5321914605076,16.477304
1717,1997,12.5849229253996,10.2539683523115,11.608591036161,11.9803447259098,10.570893
1717,1998,12.7675130678074,9.491148875484789,11.604382777459,12.2523261847597,5.8258891
1717,1999,13.3394629917819,11.5122452336654,12.1094141571662,12.8607744215526,7.5687079
1718,1996,11.7523910836493,7.64969262371151,8.280077482535139,11.3453832733234,7.0409217
1718,1997,11.6184559661797,6.62539236800796,8.32273427396194,11.2697240904338,4.8525763
1718,1998,11.6727457564177,7.75276480885133,8.628573551398061,11.3045493170289,5.4517922
1719,1996,12.5984862858936,8.620291149419799,10.1178204033717,12.3432166837478,11.15
1719,1997,12.8387795622787,10.9153247999215,11.1336338236659,12.4791485821451,14.1009
1719,1998,12.8483843216376,11.0112247489812,11.6200689901215,12.2238389460657,17.262316
1720,1997,12.8921159532288,0,10.6070775169318,12.6857154578052,14.537956
1720,1998,13.0661772113665,8.17779668327778,10.5749283447963,12.8012360353713,13.096693
1720,1999,13.0435556221408,5.99146454710798,10.4726122726497,12.5246557567986,14.105428
1721,1996,11.847036845534,0,8.153292202385771,11.4811905692271,4.4471641
1721,1997,12.2365459324158,0,8.036411688998619,11.8664212582192,4.1268167
1721,1998,12.299904460364,8.05134093329298,8.59269019841423,11.9759324966295,7.9813809
1722,1996,12.896029743182,11.0373704552862,12.7450634795801,12.6385301587019,16.494879
1722,1997,13.2039120275002,10.8498224057587,12.7552715080598,12.8176056760141,15.606602
1722,1998,13.1628141030128,7.86518795418747,12.6379855729193,12.7867731516971,15.047606
1723,1997,12.2202910827677,7.4489161025442,8.74004870125048,11.3365939321085,21.810324
1723,1998,12.2448172838393,8.02387999273488,9.004041646600751,11.4700492787087,23.236603
1723,1999,12.4076411196866,9.00331620254186,9.550043099224791,11.6092351451076,26.328844
1724,1996,13.6619735231517,0,9.30865512443717,13.3433349717267,33.026836
1724,1997,13.7061687943122,9.19309247856663,9.808308364152049,13.3592646556968,35.193905
1724,1998,13.8147392605909,9.356948391612271,10.165678725101,13.6295736737427,4.0768585
1725,1996,12.7007688873663,9.21034037197618,11.2405680347322,11.8908138053082,8.275857
1725,1997,12.4068887849603,0,11.1304182950427,11.8072649355314,14.646999
1725,1998,12.0045682693194,9.305650551780509,11.1613773563233,11.5522969963125,12.419394
1726,1997,13.4181702515831,9.5324238711453,13.2594729357517,13.3732703542063,19.920958
1726,1998,13.6995700965374,0,13.1335695530176,13.4972148265785,32.89703
1726,1999,14.1240475094408,0,13.0076660759694,14.0659118010309,28.389151
1727,1996,12.384986448772,8.34735341212434,8.182838710766029,11.9433108020386,-1.4431741
1727,1997,12.7266684676348,8.77446760144659,9.069007195859539,12.4648805937949,1.1935893
1727,1998,12.8775230847528,9.176369852405029,9.674910516542999,12.794317538763,3.8260534
1728,1996,12.0869299074598,8.7227428743294,10.4793112793158,11.5776550241089,8.5019884
1728,1997,12.4842516199327,0,10.3779437543519,12.1407849767656,9.2638178
1728,1998,12.838109237226,9.986449073250469,10.765034834549,12.3430703164037,9.8356733
1729,1997,11.74263807312,8.92996487470684,8.770081935367211,10.7980765951869,-14.755087
1729,1998,12.2521310785753,9.35712110318438,9.64712971332637,12.0136747775574,-.31886005
1729,1999,12.0807115911082,8.46589989702869,9.78367871633071,11.6285298758708,-4.2543774
1730,1997,13.1848084588253,9.975575628930381,9.964145114986479,12.8666057614541,2.0116355
1730,1998,13.2603602847604,8.725020038618551,10.0894690701616,13.0970475072199,.30153266
1730,1999,12.8996897156747,0,9.972598417061629,12.6652346515321,-4.8385515
1731,1997,12.8082912505226,9.169310022418189,10.9901841302563,12.519434242439,2.0647821
1731,1998,13.3861850869749,10.1208142185288,11.2081894640859,13.1302157039581,6.9890962
1731,1999,13.4765463237491,11.7536652898026,12.0555119307271,13.0947926192314,7.643106
1732,1997,11.4641972988789,9.02220192986066,10.2601054948503,10.5438129026713,10.420018
1732,1998,11.5712509752659,4.53259949315326,10.1530120465066,10.8564970240828,12.874029
1732,1999,11.9595581078927,7.30249642372733,10.095425225924,11.0351632115154,11.565777
1733,1997,12.7962529249316,10.5312692034145,10.1341070889045,12.3452226018395,11.701034
1733,1998,12.8055281770278,10.6596095322575,10.9755333907424,12.3535594755543,11.551993
1733,1999,12.9683094336387,10.6851033810837,11.3949006500876,12.4642876363657,15.779067
1734,1997,13.971887929444,10.6713246787275,9.728348142270381,13.6977751886718,16.658239
1734,1998,14.2898077761854,11.1607546479198,11.2120135967605,14.0529107612077,25.455582
1734,1999,14.5646569933378,10.1638112749746,11.3742356476635,14.5214970807386,25.79237
1735,1997,12.2898759655366,6.62936325343745,10.1162534417042,11.699753518902,11.802509
1735,1998,12.5114190313017,10.7212388963206,11.0013478918945,11.8171548719975,22.863796
1735,1999,12.7321611959621,9.76548905437884,11.1381214639637,12.0877788544604,27.541767
1736,1997,13.7050181112606,9.643939319328121,11.5111789406842,13.5994591131044,8.8111715
1736,1998,13.7961279779461,10.5407255386566,11.7131114975478,13.622034253576,8.0193882
1736,1999,13.7024160242893,10.1022974268349,11.7824478946872,13.5445665145834,3.9761257
1737,1997,11.7273027042043,7.18159194461187,9.471242028892989,11.2981000551267,-12.526603
1737,1998,12.2992214002282,10.3353349019184,10.5323415152025,11.8300575473381,2.1762636
1737,1999,12.6496296247609,0,10.4181657456176,12.1370582401979,14.004198
1738,1997,14.8753456253691,12.0566673551778,12.0592076108185,14.0635847928838,44.551716
1738,1998,14.9044604271671,10.4453175351648,12.1158814911298,14.3425363304431,30.948444
1738,1999,14.7065003597435,10.1892678176983,12.12827919804,13.8197218086224,38.493042
1739,1997,15.3981826401768,12.2314235779658,13.1848591886299,14.9917487325539,33.439053
1739,1998,15.7077016156213,12.1078973652425,13.3416399415519,15.2048814030046,42.886127
1739,1999,15.6760801931007,13.0863257528451,13.7673851877704,15.0471962348162,43.010693
1740,1997,11.7062947700365,7.39141523467536,8.91970728288814,11.103166149939,18.782715
1740,1998,11.8086298838283,8.855663430700121,9.44092020548077,11.1535182202665,18.550549
1740,1999,12.1348239722725,6.45676965557216,9.37563444719251,11.4295764641952,19.877937
1741,1997,10.4332624984605,8.987196820661969,9.780828272299971,8.19891444498699,-3.7083414
1741,1998,10.1401789163956,9.94534900663105,10.4210126843976,9.601774166671371,-6.3551745
1741,1999,11.065856807007,6.57228254269401,10.3401444330711,10.1886289000782,-5.4484963
1742,1997,11.8426807168838,8.600614799555309,8.333799059619309,11.6494386576072,-.2165273
1742,1998,11.9773774377396,8.606302366488009,9.026080938711941,11.7644698668052,2.5661936
1742,1999,11.9515601677595,8.292798858200371,9.284148299120901,11.7300267987982,3.418983
1743,1997,12.9301223852799,10.5928776842184,10.6465147793187,12.8086184126242,1.2499139
1743,1998,12.9190494138072,10.5921496903114,11.1712742405133,12.6113333737798,3.6838348
1743,1999,12.6621738321068,0,11.057881381663,12.5280688127552,7.1351438
1744,1997,11.6031043202,9.277531621516509,8.84911222076107,11.1229300812658,5.1457596
1744,1998,11.9125133359055,0,8.7333685209667,11.3129611866034,6.3920279
1744,1999,11.4979640998301,7.98786409608569,8.98602112980825,10.6991461940492,5.3941813
1745,1997,11.3641068057333,8.006367567650249,8.65846703377267,10.532352978991,7.6256461
1745,1998,11.3158316498919,8.025516386489009,8.949494953477959,10.8518521755914,8.0446005
1745,1999,11.40043619241,7.42177579364465,9.02052279005528,10.8552986432167,9.1866302
1746,1997,12.466878003226,9.348100311680669,9.701450924612841,11.9987191885943,10.216007
1746,1998,12.5686859226154,9.33890947277089,10.0850171291299,11.9434713793826,16.384897
1746,1999,12.9095042595406,9.073374516903019,10.2553830933015,12.3056979243314,13.857919
1747,1997,11.567584090274,0,8.94580174529559,10.8286357476741,5.788033
1747,1998,12.0483188154799,0,8.835661467883529,11.4611667606107,14.461455
1747,1999,12.0466489209397,0,8.725507328484451,11.6502182759155,8.1176691
1748,1997,12.3587937325478,5.63121178182137,8.91371173139949,12.2483114161091,-9.7005854
1748,1998,12.8558450969469,8.847072312567811,9.42451582988404,12.6474229217725,1.1504577
1748,1999,12.7278382093345,9.717157974344641,10.1174046709198,12.2759611840384,2.8672423
1749,1997,11.5927352839888,8.59415423255237,9.034175821855969,10.9898439885659,7.8786421
1749,1998,11.6073635069972,10.1370169834028,10.2695532648616,10.9554213268845,10.458364
1749,1999,11.7948243082817,7.39756153552405,10.2192212240079,11.220535365681,13.029786
1750,1997,12.659950068654,8.958797346140271,9.71949860642089,12.0721902473104,5.2195954
1750,1998,12.8311149530729,10.4576599808055,10.6947749953456,12.4628590497881,6.1147213
1750,1999,13.0038050412802,8.60886037994206,10.6898130967396,11.9845843771698,6.3436465
1751,1997,12.2519824750394,0,9.28116223650184,11.8872786898752,-1.1028613
1751,1998,12.6581604912699,7.89207842124812,9.380159093046361,12.0297894610157,3.1320119
1751,1999,12.7510880794214,7.75491027202143,9.43729266083222,12.1722183628522,5.4259896
1752,1997,12.6262407703662,11.9985009707686,11.8480303386052,12.1539487368043,-1.9652543
1752,1998,13.1392745057755,11.1139393229598,12.1092494717275,12.8034505433894,2.6080844
1752,1999,13.3234096730759,9.4093551517118,12.0586915006097,13.0517608743552,-.28130645
1753,1997,12.4610361551782,9.49401442303042,9.766401277368731,12.0626173790892,6.0443411
1753,1998,12.3556376991348,9.20210656704908,10.0999256668875,12.1510643841986,7.0985117
1753,1999,12.7942219760105,8.006367567650249,10.0957676909743,12.5111372322547,3.8938906
1754,1997,13.6787453708294,11.0419613746294,11.2001457312403,13.673200024869,5.427249
1754,1998,14.1173107491113,10.2682348273657,11.4414423525484,13.8161917016614,8.2730398
1754,1999,14.4495259081899,11.8451458179892,12.2268924024334,13.9991786027368,15.066883
1755,1997,12.694112637262,10.938645176926,11.411176198673,12.3628604325602,9.195775
1755,1998,12.8245124435567,6.66440902035041,11.3091506232941,12.5142822048103,13.961404
1755,1999,12.9079788535637,8.03268487596762,11.2336440083318,12.4703938935465,12.574152
1756,1997,11.6837275938552,7.76641689801966,8.4936379317947,11.2076315039076,-3.2920432
1756,1998,11.7708188782654,9.84654676207332,9.91833675538633,11.036267358927,-.10301922
1756,1999,11.6377189894507,8.03689677268507,9.94537298140958,10.771672596399,-.43404591
1757,1997,13.3182590542254,12.4179530045657,12.2900203342158,13.2878100169734,5.6544766
1757,1998,12.9165684644247,11.9183905730784,12.6831490163673,12.531483934792,1.6404723
1757,1999,13.3770055957779,10.5966347330961,12.6880171973436,12.8950941655282,10.216425
1758,1997,12.711538081121,8.788440957404591,9.018150280983621,12.4761513844653,-4.2358313
1758,1998,12.8463090084274,5.6970934865054,8.95083102834124,12.6825435045901,-3.1842391
1758,1999,13.0890408355578,8.1961611392829,9.21135985212965,12.8735537716986,6.5959797
1759,1997,11.9235572030298,8.041734711487541,8.45248398904679,11.5514155907967,-6.9151487
1759,1998,12.2537288336584,8.49596955496461,9.02346847808341,11.8066358969613,3.2263618
1759,1999,12.3360477219519,6.26149168432104,8.965436778879409,11.8755743706371,2.7693636
1760,1997,13.09123092334,8.42879904065364,10.5469690607812,13.0910975419336,1.9135165
1760,1998,13.1419617244049,0,10.4300989231962,12.8089697420092,7.0924826
1760,1999,12.5745951778047,6.06610809010375,10.3251179619291,12.4371977242347,1.9430642
1761,1997,13.947556491584,10.7537239483388,11.4191640851558,13.254058571865,49.66555
1761,1998,14.0120505779911,12.2720757186877,12.4817490626457,13.3699103938945,32.840801
1761,1999,14.3335760789861,9.43898874392484,12.4393490852903,13.7168724544504,36.745705
1762,1997,15.1565480858388,13.0374654019712,14.1783098199243,14.8663258929161,32.082523
1762,1998,14.9364657980012,6.2363695902037,14.1182405159395,14.57766102065,32.573799
1762,1999,14.954822193912,11.7711890253393,14.1393921497405,14.6595945956024,32.635429
1763,1997,14.8374364210136,11.1595023708891,14.1627246791212,14.7486667493938,38.055843
1763,1998,14.6967283850438,10.000931817197,14.1026718948568,14.6022228666139,37.603241
1763,1999,14.5256155011687,8.248529124800219,14.0311737208047,14.3797201521096,36.414474
1764,1997,13.0392395311112,7.64969262371151,10.9374617595551,12.5145703650885,24.108391
1764,1998,13.1729674110053,0,10.8370876099328,12.8478810732173,5.5341229
1764,1999,13.1997235073149,0,10.7367140164176,12.4967784646126,4.5713634
1765,1997,14.1640475786465,9.79623636178915,11.3228249302292,13.7908306866944,19.024715
1765,1998,14.3576464589524,11.3675065520664,11.9021087405041,13.964045022106,23.099573
1765,1999,14.4631503052928,9.121071904218001,11.8574445246099,14.0413101577986,21.489851
1766,1997,14.2033391281765,10.1656594908178,11.2547374677461,13.8261667047533,26.585943
1766,1998,14.2595296441868,10.3184408385166,11.4654427956567,13.9719698518887,25.623589
1766,1999,14.2203553211929,8.606485298895,11.4167085742278,13.8824554502776,22.787447
1767,1997,14.2148652085271,10.6125818984255,12.5117531451581,13.6852861697964,26.642971
1767,1998,14.1072543404923,10.1379666135141,12.5313539248966,13.6952317821192,26.619419
1767,1999,14.0945689996462,10.1787300735943,12.5520704410478,13.6198016620419,27.331041
1768,1997,14.626275871696,0,13.7990944479399,13.8818862394888,26.877876
1768,1998,14.6829357828308,11.9425497100626,13.812205903604,14.2052908453789,31.518206
1768,1999,14.7054515649956,13.2182606575588,14.1073851544919,14.0611713669161,29.039555
1769,1997,13.9567694918101,9.00724451596575,11.1319095251881,13.331369952824,42.491753
1769,1998,14.0050070530686,10.3643873675324,11.4039227690636,13.3094179412331,43.762417
1769,1999,14.0683712548775,10.4251344149337,11.6158574340947,13.2337025976615,43.122604
1770,1997,15.0581021443193,12.863592648447,13.3611602536713,14.9735174102766,16.109295
1770,1998,15.2451706879533,12.9165684644247,13.7227863117498,15.1567151644095,18.312073
1770,1999,15.2333312261904,12.2690474446916,13.8097569375897,14.8883945486063,20.20507
1771,1997,14.3724157612965,10.2693452060495,11.7363521761909,14.0030139215334,28.049084
1771,1998,14.6426442919224,10.1666591833034,11.7916777856008,14.3421487691981,30.371183
1771,1999,14.6504858464719,10.8896214609521,11.8538804959807,14.350077271465,30.917648
1772,1997,14.5734800356748,11.1017792498901,11.9737281450062,13.915407023301,31.484791
1772,1998,14.636012781222,11.6037528849307,12.3638564319118,13.948817523854,31.948704
1772,1999,14.8486982449196,9.97119292889014,12.3355707905354,14.1816266018767,31.806517
1773,1997,15.1542226583556,11.89964258945,12.549330025203,14.7285235238279,41.313766
1773,1998,14.8721264714696,11.5684642345609,12.747575087102,14.6059355267714,42.928226
1773,1999,15.0415490781983,11.1729109619246,12.8215168998253,14.8380643580731,46.286346
1774,1997,14.8183687592823,11.3829762202148,13.0333966353885,14.0914825846724,37.052155
1774,1998,14.8055938982702,7.5137092478397,12.9253360589984,14.0800593576731,30.706291
1774,1999,14.7569070869053,11.6701514113144,13.0497791360906,14.2248282353879,36.790333
1775,1997,16.9036805397234,15.0465112946779,16.2139595592449,16.5221943503997,72.807945
1775,1998,17.0615410858194,15.4227819251332,16.3756419971049,16.5924504677987,75.32402
1775,1999,17.1137335982432,15.0792439874396,16.4901474536964,16.5765273444014,75.85141
1776,1997,15.36068394692,12.1087519459848,13.4266854342064,14.7318549603981,45.155998
1776,1998,15.48588153029,11.7977359182676,13.5070717471971,14.7503344816769,46.801212
1776,1999,15.8073668518365,13.1123130415508,13.9004798179182,14.9969186740131,51.220463
1777,1997,15.466332610885,11.431183814911,13.593061515423,15.0606213031566,35.624142
1777,1998,15.5880068443698,11.3793140691455,13.56640937864,15.243863878914,36.441814
1777,1999,15.604571890493,11.7718376239259,13.5868631381152,15.3612241878913,38.600655
1778,1997,14.8911312958723,11.937925190607,13.229939836046,14.6167160717973,36.437965
1778,1998,15.08326911406,11.8929496805964,13.3403932360508,14.811553752318,39.130161
1778,1999,15.3106837840804,11.3920225676026,13.355138317626,15.0564162427376,41.723843
1779,1997,14.1414235197207,9.053101595549689,10.8660987346788,13.2767466587492,31.853249
1779,1998,14.0568955734954,10.2569222525499,11.1745870881921,13.5084383821833,32.564423
1779,1999,14.138767415194,9.319912008405471,11.2084647483729,13.6139448339063,29.61043
1780,1997,14.3689505334343,11.9638545767835,12.6587027884763,14.1525444996568,29.080738
1780,1998,14.3649508091597,11.4583003103063,12.7978568651084,14.1531851613998,32.6343
1780,1999,14.3386310072219,10.9155065586191,12.8208655047898,14.0256163742451,31.722507
1781,1997,13.8793747517943,11.8434514864139,13.7309658816201,11.7692188259173,38.604675
1781,1998,14.0168791061273,12.1362562207306,13.8027810808592,11.8852975292704,41.407486
1781,1999,13.9682022468107,11.2311591929478,13.7697311917904,11.7610412900689,42.005306
1782,1997,15.1993283549292,10.7079748353389,12.5375104448979,14.5277835649469,50.838821
1782,1998,15.5168537692598,11.3192072118407,12.6794829654103,15.0581964677864,52.100224
1782,1999,15.6427714927674,11.0660600701631,12.7472928386919,15.1252018485748,53.158527
1783,1997,14.2774627411334,10.4707029614894,12.5148638443776,13.6010454894433,29.633554
1783,1998,14.3330632497853,10.6203268453529,12.5320117457858,13.5266851655045,31.110764
1783,1999,14.2518114703471,10.5400643816077,12.5367736175382,13.5082704682968,33.453903
1784,1997,14.9229133327163,7.09837563859079,11.7577796261453,14.5472665979947,32.379555
1784,1998,14.7156952954878,8.9470256559727,11.6973306827674,14.6086926057046,36.41077
1784,1999,14.3879420863747,9.92216209280094,11.729204710753,14.2206284845338,32.18932
1785,1997,14.5888836737667,11.634992643899,11.7814874071717,14.385162059548,32.114315
1785,1998,15.0273356528098,11.0392671655457,12.0302521112226,14.3507209598187,32.843197
1785,1999,14.8793308742635,9.946355452763299,12.0159019648008,14.1044761241805,32.684452
1786,1997,14.3145264227062,10.7782685534535,12.3823031897127,13.6399793975565,31.243122
1786,1998,14.2704622901835,10.8534451418808,12.4564702091747,13.7557152304121,27.713984
1786,1999,14.2051643399555,11.7704163352578,12.7307201060904,13.7075503076534,27.439142
1787,1997,15.5058727585964,12.3485352855622,13.1083492364489,15.2011851779176,39.641251
1787,1998,15.6091888517371,12.7056077708194,13.4742597621937,15.4346819005026,42.101601
1787,1999,15.8897909286854,12.5408219702192,13.6631164344882,15.6394894419681,40.723392
1788,1997,15.0508476051988,10.9795985758577,12.3681596067431,14.4810077335601,44.6231
1788,1998,14.7893967440734,11.135143614962,12.485417308172,13.9511019027762,48.67123
1788,1999,15.0840511249903,11.0276213784343,12.5565365407781,14.0416605285497,48.38903
1789,1997,14.639526777729,10.9686119970432,11.931926547031,14.4117606414425,34.208263
1789,1998,14.6539227719492,10.6145728782271,12.041828699635,14.4562261739523,40.045559
1789,1999,14.9191972832071,10.4019571540925,11.8097089932312,14.4861849137258,47.67514
1790,1997,13.0434716737381,9.029178142902071,12.3213137866415,11.2451912158091,15.700131
1790,1998,13.2651728452659,8.873187904050109,12.2510775594324,12.2225718041017,10.9873
1790,1999,13.4075618683191,10.0741581665892,12.2512868999389,12.3208880908225,14.235155
1791,1997,15.0405919091688,11.4744860465267,12.7622926743964,14.3759729875879,40.941357
1791,1998,15.0304462918046,11.2479959129644,12.8354162348254,14.2547901364165,41.963871
1791,1999,15.1070713061647,11.5724577256716,12.955128167248,14.2500189869086,43.331558
1792,1997,15.5039586825118,11.2432797550045,12.8600987279751,15.1419819096251,48.045692
1792,1998,15.6204406019556,10.4911631001538,12.8211242215803,15.2566283823147,50.034618
1792,1999,15.6943727073224,10.4678065487421,12.7828795304337,15.3005370547276,79.779732
1793,1997,14.7590770996854,11.5394894960958,13.7007500000168,14.1153851616235,42.240379
1793,1998,14.8493105102331,12.0749440780934,13.7676845088865,14.2152557671181,40.204273
1793,1999,14.8241386916773,11.9548960648907,13.7869534578516,14.169160088933,43.446308
1794,1997,16.1628985890963,12.842816127381,13.6414078536816,15.556834647638,39.406067
1794,1998,16.2429318809733,12.5860318937854,13.8035232969768,15.7901726228886,41.091766
1794,1999,16.2932520106438,12.5881974762304,13.9266331509237,15.7471250185756,44.139515
1795,1997,14.6384034949532,10.176601523625,13.3716358556569,14.2119406843816,37.885998
1795,1998,14.8454969558811,9.820866523847791,13.3135422586967,14.2410674846643,42.224628
1795,1999,15.0807511007656,10.5247089935245,13.2839242481103,14.0576767029251,43.449013
1796,1997,14.8293137700707,11.2829461026467,12.477744993527,14.5046991017841,39.320805
1796,1998,14.9174798721781,9.12150915826957,12.425135080406,14.4948799291519,41.035896
1796,1999,15.0178138694623,8.07184314960916,12.35273248177,14.5743591702372,41.386089
1797,1997,14.1714345199867,8.720786883485729,11.8010047085391,13.4516414486298,40.498104
1797,1998,13.9675266755193,11.2994846891174,12.1482035674635,13.0958995677453,39.985832
1797,1999,14.4927783253495,11.4149377036418,12.4158820914781,13.9063472823688,44.17004
1798,1997,14.5421038294401,11.9602360436683,13.2540940246597,14.0482122832482,50.94883
1798,1998,14.8377990901284,11.9453440426387,13.3787131293604,14.2976998446555,52.548901
1798,1999,15.0104862090189,12.0546565566319,13.4989437080652,14.5394816105238,54.835804
1799,1997,14.2184572742686,10.3245635081584,10.8181810094455,13.7605065516034,25.190971
1799,1998,13.996385227395,9.44430516192198,10.9170102527591,13.2192680438471,27.083509
1799,1999,14.0325018565499,9.62832676063802,11.0314693051341,13.5256641838581,25.513891
1800,1997,13.6545692069643,10.0701877284271,11.9025152239201,13.3381673343385,15.499863
1800,1998,13.7125937207573,9.634954298923111,11.8854168666832,13.3925752204041,14.754402
1800,1999,13.8281009651036,8.15794350710504,11.7973070969553,13.451200490087,17.911299
1801,1997,14.3997448651529,11.4314767693587,13.0077739617106,13.5414298593609,32.56953
1801,1998,14.2316312152691,10.8016754117124,13.0409246624325,13.645205988563,32.280548
1801,1999,14.2479821778283,10.8297484170476,13.0730206005726,13.6301914314625,33.837067
1802,1997,11.4853384175419,6.39024066706535,10.0756325028785,11.0266633397687,5.006762
1802,1998,11.6603622282439,5.48893772615669,9.984694197955861,11.217719962358,4.5686297
1802,1999,11.7313941058992,8.77986510086385,10.1289045176857,11.3839877605049,6.7505612
1803,1997,11.8417902668696,7.43425738213314,9.953781347590599,11.496601934791,6.3751683
1803,1998,12.0967431527817,9.044639916198459,10.1558131360939,11.4609179506761,8.5148249
1803,1999,12.1878781245377,9.119101891541909,10.3223919475108,11.5817622963311,9.9514475
1804,1997,11.0995894624815,7.58832367733522,8.965194024768961,10.3963223067812,12.872433
1804,1998,11.1773548217915,0,8.90480656799296,10.3066834212002,9.2185669
1804,1999,11.2264826243534,0,8.84442284667052,10.4782171211387,10.333352
1805,1997,12.5120083520897,10.055092136668,9.142318457529271,12.1742943553799,9.9039316
1805,1998,12.3962176855808,8.59118687132456,9.46289514182646,12.092720367788,11.080888
1805,1999,11.5470466591894,9.51029680530335,10.0336031178595,10.5974997183656,9.9627323
1806,1997,12.6545365771463,8.682707629893811,9.680856369938651,12.4101031133582,8.3087673
1806,1998,12.8520050453523,11.2446668629764,11.2771765488174,12.6100431740959,9.7198715
1806,1999,13.0362454193789,7.45876269238096,11.2067141141693,12.7839097477854,11.123973
1807,1997,12.5347766205193,9.30792070031505,10.8270358842042,12.1800828374454,10.186816
1807,1998,12.5212987268031,9.497322199313571,10.9491578199922,12.1240535510412,13.552081
1807,1999,12.5066709906902,9.510444964426521,11.0456046338014,12.0666575244248,13.060067
1808,1997,11.8700892893874,0,10.217929611283,11.5402919953888,7.7586112
1808,1998,12.0895388292742,9.255218130754271,10.4296026936445,11.5135295491413,8.2756872
1808,1999,12.1380132667747,7.98888225330923,10.4166464520958,11.7831085621067,14.065496
1809,1997,11.5941607105185,10.3980923267746,9.73081727198198,10.6460016737551,7.3346791
1809,1998,11.6592540193201,10.5452098511039,10.7540977781225,10.9245828208344,4.1118035
1809,1999,11.5956440930914,0,10.6281939603371,10.9934787751217,8.3379669
1810,1997,11.6723280436871,8.261268150577649,10.177609348615,11.1051226264985,12.438444
1810,1998,11.9657447861284,9.690294332075091,10.5223286643994,11.4269208537491,14.212911
1810,1999,12.0854067083035,0,10.41083814537,11.5934542083554,17.037642
1811,1997,12.1582540092746,9.654577374584891,10.6307994168161,11.6534957761794,10.090746
1811,1998,12.3776089775895,9.505916206547059,10.7869678613751,11.4120327316703,10.397265
1811,1999,12.720956930866,9.63639211369274,10.9356448180827,11.8466439133948,10.592116
1812,1997,12.1782965219524,7.86326672400957,8.85686031893397,11.9186572041958,-5.9422126
1812,1998,12.428273690144,7.72223474470961,8.99868062860326,11.9039909498988,4.6778641
1812,1999,12.5235866223853,8.63994165667529,9.381070001234139,12.2163472562322,3.524982
1813,1997,10.9241382997345,7.60090245954208,9.480718592590421,9.70127181225485,7.333694
1813,1998,11.3652951479662,8.820256365906319,9.7537803192951,10.1994064918458,4.400146
1813,1999,11.7068543948059,9.022563964499261,10.0018521537515,9.66858390723719,8.1436996
1814,1997,11.7662178838854,0,9.080983112666139,11.5204296381008,4.2261534
1814,1998,11.6918187073599,0,8.956544295523541,11.4831653257951,2.5049853
1814,1999,12.00241280054,6.04500531403601,8.882336180045799,11.7765502719755,1.9833578
1815,1997,11.4347264178208,9.128153700988239,9.35312383192265,10.518651998609,9.5608959
1815,1998,11.2489866114879,0,9.23973411205203,10.4506118680958,8.8868475
1815,1999,11.4745660442901,0,9.1263390058099,10.9887578480142,8.2643795
1816,1997,11.3758016845835,0,9.248387319613091,10.3199915077595,5.0245628
1816,1998,11.4597868901521,7.39510754656249,9.318782135709791,11.0996045808965,5.8359976
1816,1999,11.2888725197001,5.43372200355424,9.27606256729498,10.7194274216829,7.2486477
1817,1997,11.3059012955359,0,10.4088794402611,10.6705703689722,1.0545862
1817,1998,11.3930151682977,0,10.3085058941924,10.819733174482,-.79864001
1817,1999,11.1490820315529,0,10.2081336684909,10.4886255954809,2.4240441
1818,1997,10.8143234337273,8.55101473989175,8.55217416031148,9.1077279287579,-3.5058877
1818,1998,10.7438686903099,6.55961523749324,8.571264623203961,9.09699647863274,-1.0620022
1818,1999,10.9218835073474,6.46146817635372,8.577139936467301,9.661670735956299,-4.452373
1819,1997,13.2391948671511,8.75699718362355,10.7717197525327,12.8646474665421,21.343969
1819,1998,13.532030325406,8.135053908611569,10.7358573996534,13.2382711713911,20.973986
1819,1999,13.7855405912062,8.603554357064279,10.7394853787732,13.5960883877726,31.551174
1820,1997,12.0584515953624,0,8.926411248393711,11.6753989851037,7.9463568
1820,1998,11.9858097351645,7.0647590277918,8.968536290924019,11.4249989403564,12.326712
1820,1999,12.1740491695853,7.55485852104068,9.07791693676867,11.3768841258312,12.094414
1821,1997,13.2052308066236,9.526026640837561,10.2037625008455,12.9084551219938,-5.6883731
1821,1998,12.9947439499088,9.614671504043139,10.5462541799282,12.8202224848073,-4.2481523
1821,1999,13.1750812296314,9.09627541568821,10.6598113898171,12.9937757706857,1.8274362
1822,1997,13.2381212526959,0,10.259989981595,13.0684965922528,12.115537
1822,1998,13.2620644483616,0,10.1340872376696,13.1270752806315,10.892655
1822,1999,13.2263016821996,9.74096862303835,10.5029200298419,12.7414789009086,11.109132
1823,1997,12.5320665326352,0,10.3507405885007,11.8591367890122,19.816565
1823,1998,12.6486070194723,0,10.2389128126973,12.0318852763497,17.71903
1823,1999,12.658836869932,8.866299565855019,10.3397663386302,12.0289835294572,20.171146
1824,1997,11.9024334437015,6.56385552653213,10.0525108239286,10.8813468997403,7.2350564
1824,1998,11.8973856393014,0,9.940682176093841,10.7843429310673,7.1488194
1824,1999,11.5576010028236,8.349720837472489,10.0032333350393,10.3242479101671,6.0350957
1825,1997,13.5038228419049,11.1642045182446,10.8772770847566,12.9845964523248,6.855689
1825,1998,13.4790087609062,10.8940319602344,11.4298492441781,13.0786788801072,8.1321001
1825,1999,13.6454165649681,11.3592613334258,11.9371776522003,13.3869082148764,9.7981882
1826,1997,12.1061860097076,8.78935545220998,11.1890440304836,11.4796826273293,10.223296
1826,1998,12.1444631638985,4.9416424226093,11.0649869995926,11.6226652177565,10.459688
1826,1999,12.310774944611,9.676586952344209,11.1514332221712,11.8356066713523,9.6771393
1827,1997,12.641323067441,9.05485546913579,10.0559339237113,12.2493428407599,15.068773
1827,1998,12.4587866495035,6.23048144757848,9.974681998777919,11.9654204587075,12.310753
1827,1999,12.4105999854784,7.9536697786498,9.98898152885544,11.926266145848,22.092285
1828,1997,13.614336402454,8.991935575009149,11.4162174085915,12.639010238638,38.97493
1828,1998,13.7218425290918,9.722864552377761,11.472982250876,13.2120157638563,29.519571
1828,1999,13.7476834352995,9.40491982616564,11.4822518015018,13.2354259558795,30.01689
1829,1997,13.7445566434602,10.1527276085716,11.2881242905576,13.2568027626787,25.602901
1829,1998,13.9699282649937,9.810769011532919,11.3569334242113,13.5392695858046,25.597496
1829,1999,13.9937393170193,9.507329003748261,11.3675007694299,13.4975975344106,30.909037
1830,1997,12.6264515874889,8.76467807411661,11.1542757152426,12.0997338922947,25.12772
1830,1998,12.7463641679267,8.808966881771269,11.1132028372156,12.1391871010887,25.188314
1830,1999,12.7810490682204,8.641532465671849,11.061599124182,12.1275579558925,23.983931
1831,1997,12.6514005786279,7.00033446027523,9.95193956430038,12.2455215377768,15.330034
1831,1998,12.7371689663463,8.623353387244631,10.0850254690309,12.3370529765047,15.892012
1831,1999,13.1059818076593,6.89568269774787,10.0377736602915,12.6355418886745,19.365395
1832,1997,13.0522208810662,9.53437848138862,10.9738323881456,12.5486618495867,17.763889
1832,1998,13.3610052994427,0,10.8897986278671,12.9633465436983,18.297697
1832,1999,13.7022348490318,9.56106766364501,11.021544561322,13.6799393720896,17.542149
1833,1997,13.1756197437048,8.775240458738329,11.465978501063,12.6091079150813,30.271252
1833,1998,13.4657615740963,10.782761540731,11.7433051720451,13.0456676146788,32.25536
1833,1999,13.4513534062778,8.76592651372944,11.6783195572234,12.9401379101113,31.701252
1834,1997,12.8386616370223,8.006367567650249,10.3518013999291,12.5226599523256,11.913124
1834,1998,13.2298556961454,8.006367567650249,10.3248916244458,12.4614061469516,13.27646
1834,1999,12.9380402924505,9.908475094047169,10.6924129851557,12.1396911286373,9.293438
1835,1997,12.4698743379414,9.673004633835159,10.6545144145378,11.7362371354849,11.455648
1835,1998,12.6518988419576,10.5526044725899,11.1571258521032,11.9706524211358,11.539478
1835,1999,12.7397081350207,9.678467241209059,11.2372220280066,12.0003636089647,11.985931
1836,1997,12.6205699035853,8.492080490601159,10.2112001674859,11.8101964168209,17.728273
1836,1998,12.7639359840012,8.49105453380654,10.2716487758678,12.0565512340866,21.396276
1836,1999,12.7871331176474,9.968900691084359,10.6964755431687,12.1217286170923,18.334967
1837,1997,11.4357636036711,0,9.68023774557699,9.0916694422585,-1.9523764
1837,1998,11.3372736161412,8.848652886213911,9.92002505117506,8.782936356349261,-4.8773379
1837,1999,11.5613631860865,5.99146454710798,9.837673551653319,9.274066062856731,-5.1902556
1838,1997,13.3613216514844,5.69035945432406,10.5621907929751,12.9578545113346,23.64542
1838,1998,13.3717636087657,7.48941208350872,10.4881889072042,12.5989343955248,28.451717
1838,1999,13.388764690661,8.0149968943483,10.4475748232825,12.7881806956824,19.995291
1839,1997,15.0703237509314,10.2645478666674,13.8882072418619,14.7431062798617,34.43116
1839,1998,15.1322169265702,12.2469554382022,13.9620957774441,14.8167733029607,34.889175
1839,1999,15.2097035251561,11.6784144793958,13.9609041778502,14.9091780503479,34.196835
1840,1997,13.7487380767283,0,12.1074797334514,13.0321514373818,29.301535
1840,1998,13.4270117055095,10.0349543152784,12.107634227888,12.4565573231272,28.548328
1840,1999,13.1868506472286,7.38832785957711,12.004115567477,12.3994494986738,25.9021
1841,1997,14.6621169653529,10.9964338195776,12.1673827514675,14.4451473524968,21.097504
1841,1998,14.7545252259539,10.4032320062913,12.2198103496775,14.5497875365772,22.493315
1841,1999,15.0411353430716,10.6645970737685,12.3024454423752,14.774037483369,22.419456
1842,1997,13.2177314323823,10.0186449219236,11.6487422441084,12.6462074016007,7.6972299
1842,1998,13.3830961832569,9.4240798432151,11.6210639185831,12.6760670183228,10.190144
1842,1999,13.4313404106064,10.6177844918188,11.7935791460429,12.6978689025506,13.001768
1843,1997,13.2299652194126,9.47516315028188,9.546405382835101,12.5890454087327,22.717592
1843,1998,13.3622460105802,9.56120848888113,10.1063549244461,12.7261296859744,26.255955
1843,1999,13.3092556498611,8.03333401588006,10.1100015968788,12.7287230309148,23.956146
1844,1997,13.6352588575389,9.638414622945209,11.5055704832829,13.0881097060176,26.81535
1844,1998,13.805404665012,10.5156957905907,11.6908289430784,13.2971533408398,26.543756
1844,1999,13.9064165079164,10.9476260558165,11.9441960621269,13.3019028566751,29.103367
1845,1997,13.4391706629658,8.176672771948461,11.2562652017131,13.0714089729555,10.133707
1845,1998,13.4334328207451,6.69703424766648,11.1665741909544,13.0871796247498,11.681707
1845,1999,13.1625720638897,0,11.0671960193222,12.7876120591533,12.462123
1846,1997,13.8913028175759,10.3626513929782,12.3843284483364,13.4560824676413,33.428505
1846,1998,14.1426091446502,11.0283846814621,12.4865544833952,13.6186523805499,34.281593
1846,1999,14.2144431373974,11.8298944580469,12.7674406117899,13.7737340738391,36.330872
1847,1997,14.569756045781,9.73654709778048,12.0269388025735,14.3593041499231,30.666737
1847,1998,14.5038325912015,11.185906405939,12.2469059999859,14.2989702482613,29.445333
1847,1999,14.3652414499543,10.7570940430329,12.3159444699152,14.1491795524622,31.95418
1848,1997,14.0873000274894,11.4903526041178,12.3497815709183,13.6878136089666,22.38208
1848,1998,14.234826611923,9.99675018299582,12.3107681901438,13.7388141726037,22.230124
1848,1999,14.2043892980732,11.3422557609167,12.4923697593694,13.7594642177171,21.406416
1849,1997,13.7322614221343,10.8409916808095,12.0719788090495,13.3474783122645,16.057735
1849,1998,13.9515388956253,11.0509217509015,12.2534046041774,13.5933762347081,15.965025
1849,1999,13.9648861323282,10.1540906167465,12.2515630858797,13.6596825125987,18.388659
1850,1997,14.553119979301,10.8751562252596,12.5883602177394,14.0498066791065,23.15976
1850,1998,14.6242160791585,12.8830650373334,13.3014577323798,14.4667977582132,19.05724
1850,1999,14.6774789915943,11.8075334974927,13.3946782773708,14.2417317473851,26.808895
1851,1997,13.9567236208676,12.1367225673954,12.1529128735144,13.5192896437233,17.486746
1851,1998,14.0183077181696,10.4998484644084,12.2250214770739,13.6101030791963,10.879421
1851,1999,14.0678081694288,11.2515477137385,12.431600552009,13.6098571950539,10.935901
1852,1997,14.6386166135502,0,14.183823249851,13.9227657708292,23.751831
1852,1998,14.6182241843444,8.138856750696331,14.095641895229,14.0155208897659,25.549849
1852,1999,14.5487338168229,0,14.0052794808233,13.9879802672446,25.079428
1853,1997,15.1367552261045,0,13.434834009063,14.6477817702312,28.97648
1853,1998,15.2270840654203,11.2405916694652,13.4471696880946,14.7305883247794,30.262072
1853,1999,15.3937351879842,11.6594212060864,13.5040374430523,15.2431404679126,33.150253
1854,1997,12.7553581305751,8.361708288575841,9.90069365323173,12.2899006581963,19.159977
1854,1998,12.8906519826726,7.10332206252611,9.836203933729889,12.5000832795728,19.36059
1854,1999,13.0065501283351,6.54391184556479,9.749875894077411,12.6752940530084,20.71356
1855,1997,14.6889984485961,11.2110362810834,12.7186462407036,14.217159472058,34.272781
1855,1998,14.7945498058599,12.3553069741694,13.1189331007267,14.0363229192396,35.458611
1855,1999,14.9247572630182,12.1260495209982,13.3216857643069,14.6039940964916,34.621071
1856,1997,13.5736693821134,10.4862058393267,12.5308420272389,13.0483375394775,25.138493
1856,1998,13.6072574582226,8.490849216076629,12.4374248137743,13.1266610910801,25.30617
1856,1999,13.6699050644681,8.611411866655221,12.3477462377987,13.2097234608752,30.385611
1857,1997,12.6820769844507,7.54644627374602,9.76872111183933,12.253171601206,20.118824
1857,1998,12.1257840743013,10.0126109795545,10.4507588888541,10.4012553715389,22.427111
1857,1999,13.1929933081782,6.89467003943348,10.3746405210384,12.8551654907487,19.177471
1858,1997,12.7656884334656,8.69951474821019,10.3166992448987,12.3675887056559,9.2303619
1858,1998,13.0225430421221,10.3089526606443,10.8557610688179,12.6157214094344,4.5014062
1858,1999,12.9814908185229,10.7589023810253,11.3492647073642,12.4718351065573,11.572038
1859,1997,14.1586421090531,8.802973456578419,10.5024147088562,13.9726830717916,26.644596
1859,1998,14.1152267862408,8.27995071572253,10.4749415628173,13.8805847543522,25.329447
1859,1999,13.9320340427802,9.00601857490256,10.5464776350981,13.7282362995663,25.61352
1860,1997,14.6602997817523,12.0509790212705,12.8573915963183,14.3700186665333,24.05164
1860,1998,14.733527126782,11.8201527786561,13.0240568129198,14.3971265782874,29.788925
1860,1999,14.7652240160415,11.5787787464315,13.1010739573794,14.3891347859199,31.582825
1861,1997,12.5171661992984,0,10.2000005176227,11.9657035502362,22.079922
1861,1998,12.2833732160273,6.45362499889269,10.1086178346976,11.8020473090391,11.018173
1861,1999,12.2758588530365,4.51085950651685,9.998688635480519,11.6525173979753,7.8475575
1862,1997,13.2583735952016,7.99057688174392,11.6276317723486,12.5970875167106,23.511166
1862,1998,13.2303477899813,6.3919171133926,11.519245451715,12.4624778682416,22.985025
1862,1999,12.8670054059116,0,11.4058534855935,12.2023460960837,21.023272
1863,1997,13.3617195903806,0,11.7457674342221,12.9067437006263,27.700377
1863,1998,13.6552440379835,0,11.6323746673552,13.094930342451,29.196224
1863,1999,13.6030638555278,5.62401750618734,11.5212814562323,13.3339831590086,29.278131
1864,1997,13.5048598397769,9.887967740878089,11.0352718490497,13.2452974454629,14.246189
1864,1998,13.6857432049842,11.2244564162672,11.682327253158,13.2104272629704,11.490348
1864,1999,13.8606461183223,9.293669979563189,11.6513708889413,13.5652219756005,17.661329
1865,1997,13.7636908755852,0,11.5696809643177,13.1527911508483,25.536963
1865,1998,13.7136496047577,11.0794311841406,11.9141750334972,13.2466624016289,24.010508
1865,1999,13.7254317614958,7.7484600238997,11.8184081620475,13.1664074500507,24.834867
1866,1997,11.8516031249993,9.79896002318219,9.53213397405673,9.87363915503259,23.355545
1866,1998,11.3757806948102,0,9.41874381976864,10.010636030375,25.397738
1866,1999,12.0214750459694,0,9.305350506771511,9.870337804915041,21.460674
1867,1997,11.9765975924948,8.10167774745457,9.67783460532001,11.458130326981,10.501923
1867,1998,12.028572288055,5.81413053182507,9.581276145187109,11.4916898434281,8.6340456
1867,1999,12.0341518035882,0,9.46519962106046,11.3860915937934,14.824973
1868,1997,14.3428509888879,10.7606650199178,12.6685432854221,13.9082266964538,26.792809
1868,1998,14.4411122139292,10.493189049643,12.664134315071,13.9449191826762,28.925299
1868,1999,14.4963229270057,10.0943558152985,12.6274790138744,14.0917563677425,27.68457
1869,1997,14.0975869478952,0,12.3978105622574,13.5942066721773,18.140549
1869,1998,14.5001385530937,9.3894902376045,12.3428928740003,13.9930153486736,18.284967
1869,1999,14.5804368581476,10.3530333398795,12.3620207090951,14.0535323333525,21.288223
1870,1997,16.5347362911093,10.7951986654359,13.3793741064701,16.4227210580183,42.806782
1870,1998,16.5765964668595,13.1346002011501,14.197001570287,16.415996895874,46.718838
1870,1999,16.5575357952438,12.851194869075,14.3178648410318,16.4215976390426,45.724903
1871,1997,12.3480842294762,10.2446629974279,10.807928350453,12.0508142108134,1.7332991
1871,1998,12.2346698205078,8.598404446841061,10.8020012043076,11.9112933007561,-2.7282305
1871,1999,12.1685784411026,9.065892467610309,10.8498670432874,11.7958492745443,-2.5899096
1872,1997,12.7417762305621,10.0388048494838,10.1870486454036,11.964828936895,13.166614
1872,1998,12.4464154382704,9.332734980189789,10.418117929042,11.8784906995701,12.990633
1872,1999,12.508862518275,6.61740297797448,10.3351628203643,11.8987570892324,11.071968
1873,1997,12.5960551814521,0,9.37256975956074,11.7423049314203,14.789266
1873,1998,12.6232719709673,9.163667963777749,9.83302216886362,11.7514671517623,14.280818
1873,1999,12.6434400859839,8.32796785830549,9.91674429237777,11.8083407523021,15.950598
1874,1997,11.9508118406814,7.54697411751653,9.559171634516749,11.2316177000514,6.1560121
1874,1998,11.9632955829101,9.16555218918605,9.944154335011619,11.2589323126136,3.4189975
1874,1999,12.040345518937,9.09076823683534,10.1735719400188,11.310828960497,-.92097735
1875,1997,14.6513783085367,10.9404726336333,11.2428645571869,14.2924439131012,52.614357
1875,1998,14.7244041073531,11.248282606478,11.8032610138376,14.5481563760707,46.542419
1875,1999,14.8175030774461,11.1068951971894,12.0821979055618,14.6336318138323,50.064186
1876,1997,12.0317787804234,0,8.972577984275381,11.7019140035247,8.4408121
1876,1998,12.1060147129632,8.006367567650249,9.16543714387376,11.8204492099589,11.315099
1876,1999,12.1898314687336,0,9.051602520479181,11.872482896055,11.246686
1877,1997,13.5741992172778,10.7237958787128,12.4689706137063,13.0444590667293,9.2191343
1877,1998,13.6593992907744,11.0720455918909,12.5556282066982,13.0338206685243,16.390045
1877,1999,13.8663785619287,10.2283931527859,12.5188371326384,13.3311804828397,12.08408
1878,1997,14.3272191917621,9.06612352121577,12.1679366238863,14.1182187628624,38.030579
1878,1998,14.3398247999108,10.1764493108312,12.1736191827985,14.0307567460147,33.840668
1878,1999,14.35928728187,10.1105017219205,12.1706516642437,14.035019118031,35.018871
1879,1997,11.5517387938718,5.06259503302697,9.427039200606369,10.9132561465454,9.4868765
1879,1998,11.7647690206081,8.3354314778808,9.59007049107506,10.9259533821683,14.283132
1879,1999,11.7125175146316,8.222822130813659,9.692223163752001,10.7372261362658,16.657003
1880,1997,12.5427739873334,9.121071904218001,10.3289938215806,12.0383199102008,22.502665
1880,1998,12.0054208598892,8.12266802334641,10.3122405828326,11.7638578906678,18.701111
1880,1999,12.0824387192585,0,10.1964929310193,11.7744466715785,20.230671
1881,1997,12.1630085560591,8.46526811855132,10.0063103509115,11.7389368999719,1.7655919
1881,1998,12.2664242889149,0,9.894487170338831,11.8628919574815,1.8222623
1881,1999,12.3623795704179,7.27309259599952,9.848429284785921,12.0951243249059,2.6922922
1882,1997,13.2134336724962,9.01602720232985,11.5620850846921,12.8278331481619,24.448593
1882,1998,13.3901024027015,8.85879510585745,11.5078264872504,13.0352083688581,25.398624
1882,1999,13.46901222762,8.280204233279971,11.4287337453714,12.9570779785542,28.580362
1883,1997,12.1866147628028,7.1608459066643,8.526588913056599,11.7269622889644,7.9832993
1883,1998,12.4465313407606,9.03693891255679,9.356507842041159,12.0140080995863,8.1557045
1883,1999,12.604332048967,6.74523634948436,9.30753060156068,12.1863426155987,5.8255467
1884,1997,12.5825447559659,0,10.9462911043757,12.1659131918979,2.9887271
1884,1998,12.9460437569018,0,10.8348008780759,12.5024117128366,8.1170645
1884,1999,13.1917672859726,10.0962543671916,11.0925466990547,12.7740147000542,9.1212883
1885,1997,12.5418875232812,0,10.3942859637886,11.9970475727943,19.086309
1885,1998,12.7270723374945,10.4290737017753,10.9681948412467,12.0742284368399,19.407305
1885,1999,12.6940573911868,10.435761507508,11.3007713084556,12.1827297576181,17.654261
1886,1997,13.7249702780783,7.85243908535751,10.151432978764,13.5272053088894,34.077782
1886,1998,13.5498939228901,9.00307016981826,10.3089326604443,13.2665043655455,38.340935
1886,1999,14.4412268988573,6.90775527898214,10.2379434720412,14.1820100809812,32.963284
1887,1997,12.7388324830684,0,9.76856662352435,11.9759471948823,23.622065
1887,1998,12.7246846077262,0,9.644133752071211,11.81075045796,24.184782
1887,1999,12.4796779123113,0,9.519705655259109,11.9879132038863,16.519274
1888,1991,13.0047251312654,10.7579028806922,11.9352260576591,12.5492400053044,23.754353
1888,1992,13.2669347503976,9.39266192877014,11.9001152588456,12.6234793162109,26.059475
1889,1990,12.0750121928177,0,9.398146859000709,11.6525316963605,9.6261768
1889,1991,12.0353150474624,8.372167419365979,9.61221236590746,11.6630929698836,12.530855
1890,1991,11.6824095833079,9.7981270368783,10.2163803959939,11.1084199505975,-1.3606181
1890,1992,11.6649613882593,8.85366542803745,10.3523984101072,11.0756653465828,1.6574597
1891,1991,9.9524288026,9.19786285046507,8.958758765149121,8.79233581322401,-17.60865
1891,1992,9.939609279825961,6.49828214947643,8.92844154428013,8.87717814794861,-9.1350317
1892,1990,12.592949388827,8.13973227971767,9.541656481448021,12.4248183350781,-17.231039
1892,1991,12.6717073699947,0,9.42478217263645,12.5038220019418,-1.7201926
1893,1991,12.6591801666615,8.3584318990313,8.143662701838419,12.5349102408754,-5.6011457
1893,1992,12.0364670772254,0,8.02659494133021,11.8622471145852,1.2637929
1894,1991,12.5609459675223,7.91352101728389,8.96506623577398,12.2969000654907,3.8580317
1894,1992,12.4390200451795,9.998797732340449,10.2355895392255,12.2144821860149,4.4321928
1895,1990,11.3897403643999,9.350102314351339,9.06612352121577,10.8227409962421,-2.0035336
1895,1991,10.9465478503925,8.59433940059289,9.500207555333301,9.805411529485941,3.2649257
1896,1991,12.0837568112447,7.82404601085629,10.6165991120156,11.815039148955,-6.9504113
1896,1992,12.2479849374,7.72046169459972,10.5823709878321,12.0031444037268,.71281976
1897,1991,11.2766543170243,9.503009985939,10.4400540197943,10.9891708204558,-2.2083158
1897,1992,10.8496454353678,0,10.3231973877274,10.1993987495964,2.8676693
1898,1992,11.6100549840051,0,8.40934068443676,11.2167467245852,4.440166
1898,1993,11.5687637737808,6.99301512293296,8.53018838691105,10.9379762834624,4.5852475
1899,1992,11.3749382665695,5.41610040220442,8.15794350710504,10.9049130067367,-.80800635
1899,1993,11.5517646727615,0,8.04112319894052,10.9601820474371,1.066703
1900,1992,11.4143789564034,8.0532511535491,8.636344179887271,10.785880716833,2.7559648
1900,1993,11.2917161877483,8.30449489796357,9.08761891235247,10.7167898391946,6.0585136
1901,1991,11.9774456900785,7.57660976697304,9.70548773155557,11.1981624584909,5.5619521
1901,1992,11.8250119136629,8.070906088787821,9.780568223680721,11.0289154347758,17.305933
1902,1991,17.5631759505388,13.956141687704,16.3458247605116,17.2291955949804,45.583134
1902,1992,17.3078395325957,13.2194900881351,16.2749512520425,16.9967424356678,53.035141
1903,1990,15.8620692126888,12.9718334680026,15.1973485040005,15.5827582949395,12.715137
1903,1991,16.8874920646033,13.7757744320086,15.3384201112823,16.4270406938066,54.482376
1904,1991,11.7725895838269,0,11.0166337109813,11.3807211913336,17.917088
1904,1992,12.2727588587252,0,10.9152629944379,11.4862080766315,20.011604
1905,1991,11.5691064125883,0,8.533302733149309,11.097028514766,6.3588209
1905,1992,10.9401874982696,0,8.42103465185652,10.496249156851,1.3137752
1906,1996,17.039701492973,13.5766935675104,14.8426919341086,16.6829774945243,39.587494
1906,1997,17.0679315344429,13.8460795294247,15.0277435428715,16.8031086068032,36.263981
1907,1997,20.3886840749305,16.8093911181548,18.7746233812386,20.2331837886397,96.565178
1907,1998,20.4838902554969,17.0918367296114,18.813316868767,20.3461234289626,88.814949
1908,1990,15.7580407781298,10.5966347330961,11.8587396437362,15.1612547813783,42.341324
1908,1991,15.7645144476482,10.4613017185249,11.993268582011,15.4301782632716,39.692429
1909,1990,16.7186196638263,11.3396191485032,15.0098732325621,16.6977884488311,25.803308
1909,1991,16.7516934057499,11.7066072493348,14.9890369176107,16.6874500058629,26.750322
1910,1991,14.3749372423065,12.1776114407081,13.7011809398912,13.959989159394,8.4311399
1910,1992,14.1539080149887,8.82541291508557,13.6050973804913,13.7436934921081,15.601109
1911,1991,11.2808347527127,7.00397413672268,8.817268153797979,10.7780965454156,2.2983124
1911,1992,11.2405177104137,8.02027047281924,9.107620810371669,10.7639735513039,1.8766038
1912,1991,11.3191825033946,7.13089883029635,8.090678078359771,10.2177428802335,-.57063353
1912,1992,11.3273740525979,6.62007320653036,8.194505509765641,10.1858023143618,8.421895
1913,1991,13.4067250434028,10.5230151032223,11.6827382792986,13.0456550287388,18.822824
1913,1992,13.4112464426612,10.2495564506876,11.8028270724308,13.0696110286839,22.044924
1914,1991,12.5013915544017,8.097121930918711,11.0159041221806,12.3256566980641,11.334526
1914,1992,12.3267145057137,9.309280319831091,11.0783090565803,12.215455324506,14.080567
1915,1992,14.3367249749856,10.5189164052908,12.7178085548605,13.9104684327705,35.50827
1915,1993,14.1482936446901,8.596928159435089,12.6244013286212,13.8670963973294,41.967579
1916,1990,13.0209506146613,0,9.27030595314362,12.8846410705857,-5.3372021
1916,1991,12.3681914950066,0,9.16988289434491,12.1818990425067,-3.8602879
1917,1990,15.0200756956559,12.0610468734799,12.991819517656,14.7621981300037,28.268839
1917,1991,15.2220039956994,12.3673407931263,13.3272500820876,15.0033050919196,26.982828
1918,1992,10.9456335001104,7.98684490116138,8.0129789972379,10.0645396566271,-1.234606
1918,1993,11.1136453711303,5.85793315448346,8.02204404703525,10.2379451288349,1.0887731
1919,1994,16.9605344789863,12.8346813049525,15.0873131456523,16.655067000035,68.55024
1919,1995,16.9438674774897,13.1062339954744,15.0999960333598,16.6513512884744,66.571785
1920,1990,15.5386294150833,11.2747571043879,13.540294461357,15.4032281111315,27.608011
1920,1991,15.6070655062794,10.3355945915907,13.4675663896423,15.2459555198883,27.392672
1921,1993,12.1800150990631,0,10.833355692824,10.93393098467,.42068949
1921,1994,12.3570767686907,8.033982734683221,10.7926845414122,11.3108273303233,3.3738155
1922,1992,11.9581496587387,6.08449941307517,9.15612702891953,11.4104062724956,1.3929373
1922,1993,11.3917981481457,0,9.063741108301761,10.9402490050479,6.6885657
1923,1991,13.3142483144544,10.2095005816726,11.9179458075182,13.0615363601073,2.5703278
1923,1992,13.5983176585689,9.10642325855641,11.8840054562281,13.3076505324616,9.1382771
1924,1992,12.5149599461369,8.54090971803355,11.0329733128697,11.970950778656,8.5236368
1924,1993,12.5208118707328,0,10.9172171061389,12.0426728909638,9.2170773
1925,1990,10.8198831798686,0,8.840435439266569,9.904049031677211,2.1025598
1925,1991,10.7631077927778,0,8.736906867427249,9.83650159935209,1.2797818
1926,1990,15.4626788187018,12.6507584667916,12.9466042407518,15.0703504310565,16.38019
1926,1991,15.4714136039117,11.4947614943426,13.0569478851733,15.0559511148962,23.550032
1927,1991,11.3217551855851,9.291920358968611,9.27618429071144,9.854272678092009,4.447793
1927,1992,11.3731425633457,7.09007683577609,9.27658680879509,10.8457385467792,14.021683
1928,1991,11.2941904439408,0,11.3090476321366,10.3090120003402,11.638901
1928,1992,11.2185235650154,9.98916053427428,11.4348125606944,10.1791975309414,10.82055
1929,1991,12.8526639383833,13.0216830038869,9.68185535854585,12.2874739031874,2.2137363
1929,1992,12.9218242369248,9.03741453682259,10.0157129508744,12.3637842545169,8.9600019
1930,1992,11.9522550870311,7.94979721616185,8.76017074208354,10.9987658372034,19.097366
1930,1993,12.0017058687077,8.149312843635339,9.08571774958128,11.1424969893901,21.071386
1931,1991,11.7544158078953,8.237743803890931,10.2280643177443,10.9834092553607,-1.2099869
1931,1992,11.5221018943596,6.13122648948314,10.129841943583,10.7188330893706,.28555191
1932,1991,14.2667878783191,8.974618038455111,10.6790761001462,12.8103596357806,36.12727
1932,1992,14.5018769387069,10.8058618991504,11.3522225326099,13.249264066554,31.055239
1933,1998,10.6896061046587,8.839276690585351,9.270494294795929,9.657020562170811,4.1100135
1933,1999,10.9179304883439,5.06890420222023,9.17257619755517,9.91759549798684,4.5810466
1934,1997,16.511211365814,11.6960133946921,14.1814986000636,16.1872240257027,70.831139
1934,1998,16.4981071914754,12.0490444964228,14.1594061021054,16.1324246879138,65.814919
1935,1991,11.8782142034309,6.95939851213398,9.52192694165895,11.4127399801561,6.7582774
1935,1992,11.959583698721,5.66296048013595,9.432026862292391,11.1350549671901,13.065252
1936,1990,15.3440944830523,10.6135164319646,14.0038150147986,14.9500787809383,19.617565
1936,1991,15.2905591773914,11.7109317048302,14.0096739723779,14.835158514767,23.636782
1937,1992,15.8491530052259,9.698797679880171,11.9844117445466,14.6763825094697,37.094025
1937,1993,15.5696464913008,8.97765140781844,11.8956560920964,14.7644159452468,46.927208
1938,1992,12.5475711578092,9.20381915498592,10.949259737088,12.2530350510044,2.3981545
1938,1993,12.6528388333789,0,10.8240292362978,12.1582427479028,8.5457916
1939,1994,10.133579185065,6.93342302573071,8.021683018428019,7.58480558071006,-5.7894006
1939,1995,10.2069623169107,5.71373280550937,8.01347557910962,7.74592492985341,-5.568624
1940,1990,10.3534797826944,6.89264164117209,8.75004942158424,7.5125097944677,-19.546057
1940,1991,10.6085880072135,0,8.649711571116381,8.86188735190853,-10.058616
1941,1991,12.0244480957704,0,8.433920272222419,11.512934521533,-9.9022264
1941,1992,12.0999132658919,9.54438108340598,9.75973264889099,11.6942597421111,-12.746097
1942,1991,11.5635492644627,8.242756345714479,8.13464350787881,11.3384061458756,-11.931072
1942,1992,11.3723887590016,0,8.019185071360861,10.8333074100084,-6.748301
1943,1992,12.0558609705344,0,8.001355025826699,11.8966786786604,5.8427277
1943,1993,11.3461525638127,6.12249280951439,8.033917881737249,10.8772473951099,6.2296147
1944,1991,15.6071690386031,12.0081154873157,14.14550874019,15.4169444273378,26.808064
1944,1992,15.6633033106001,10.9340351102901,14.071506433374,15.2915026447829,27.600994
1945,1992,12.1307940227401,8.22523532410167,8.17717868837061,11.23192588342,-10.418
1945,1993,12.3587352021155,0,8.05984514142839,11.6351901532084,8.7989817
1946,1991,11.1990080561499,8.839276690585351,9.881011855770939,10.756610864812,-14.468906
1946,1992,11.3210582664005,6.61472560020376,9.81661616574741,10.6995483725152,-5.3038306
1947,1992,11.631474201254,9.76709492763057,9.810999387100971,10.6073661813667,3.1560676
1947,1993,11.6514045967851,0,9.69915348845891,11.1674468177907,9.2967939
1948,1991,11.4335927565103,7.82404601085629,8.95464780217662,10.7614497745102,3.2851007
1948,1992,11.4167882614923,9.06357899058078,9.619843981017381,10.7950153752315,7.211668
1949,1992,13.4073472315484,9.26605886073253,10.608338476318,13.0624878032431,25.132116
1949,1993,13.5849495400031,7.89655270164304,10.5597528826697,12.7794760402798,19.869062
1950,1992,14.8176927995188,10.2721503541202,12.478221956819,14.3444148295209,45.862972
1950,1993,14.7334026986512,0,12.3624715105798,14.3111426842438,40.536648
1951,1992,14.4773028448968,10.8626845054207,12.3065539773061,13.6141177963195,47.439301
1951,1993,14.0504802644288,9.21522840604896,12.2509733507894,13.0725623024367,53.547264
1952,1991,11.6965899597927,0,9.782821615309491,11.21783541765,13.139112
1952,1992,11.8395665264189,8.04910772132641,9.843084468678351,11.3828429268069,14.422811
1953,1991,16.5993938105137,13.484148243425,15.362424771476,16.2852821136424,37.412434
1953,1992,16.5574885285076,13.7056142154237,15.430483324793,16.2239150673251,44.194599
1954,1991,13.9732055208219,10.748239317228,12.1505218799075,13.5503069657378,11.463348
1954,1992,13.5196605519118,8.63710728808157,12.0696101041404,13.0240713959004,8.2432356
1955,1992,16.2011045221621,9.414097209490199,14.3636895370711,15.9314192576679,46.687733
1955,1993,16.1529096817538,11.1378101083567,14.3191161398437,15.8063207173307,52.637356
1956,1992,16.2672745117007,11.6377061818675,13.4076304360564,15.6806884024429,70.507706
1956,1993,16.4710692061632,12.06432473242,13.5575525815356,15.916184960007,75.026276
1957,1992,12.1607091037786,10.9272326065247,10.5515301438439,11.2288322030725,9.5132399
1957,1993,12.3673407931263,0,10.4397031066855,11.1587400301272,9.7097569
1958,1993,12.515918684153,0,9.218169643090519,12.2699468699738,8.1597357
1958,1994,10.9761827409875,0,9.089290756853719,10.4675787965005,2.0731733
1959,1991,12.003956461408,0,9.93868576318609,11.0840231384346,14.375719
1959,1992,12.0313025048891,6.39692965521615,9.84323848519028,11.0436472902364,15.110473
1960,1991,15.0871475934162,10.4117198164495,11.9493917003647,14.489552056805,30.013447
1960,1992,15.080849015933,8.554874258383929,11.8833808213689,14.7405925239273,43.292446
1961,1990,10.6236417385826,9.525224101853111,8.604654467186229,8.785996740656101,-10.663483
1961,1991,10.4128921671467,0,8.49279803458152,9.39188397827002,-5.0587325
1962,1993,16.3003200283435,13.1825719126688,14.571916206368,13.7710425370784,49.639866
1962,1994,16.3753512262178,13.3806516540003,14.7306837456184,14.6948743182264,43.117973
1963,1991,12.2060726455302,10.8371662340115,10.9099169330512,11.7727820323341,7.960063
1963,1992,12.4684369099977,0,10.8032219820946,12.2641764619457,8.9966259
1964,1991,13.7231810003165,10.5966347330961,10.3334078466772,13.4346998283603,22.450165
1964,1992,13.5439182180289,8.006367567650249,10.3040037683864,13.0860996240485,23.60033
1965,1990,14.8191115476787,10.8902181085561,13.3506297844573,14.4130936263216,-7.211194
1965,1991,14.7032016594393,9.720585827477111,13.2476982703143,14.3689428381788,19.80345
1966,1991,12.4685651069083,6.59987049921284,10.6454344210297,12.1571318450157,1.6206808
1966,1992,12.3889701167005,5.41610040220442,10.5572049980992,11.9198272633168,7.0255017
1967,1991,13.2822178283297,9.580247384683631,9.490627670356121,12.8000746219716,22.699871
1967,1992,13.3551023451119,4.77912349311153,9.39856116070113,12.7123992750931,22.449081
1968,1990,11.2477691062328,0,9.59287797544064,10.8422525796213,-11.686063
1968,1991,10.9493537376143,0,9.481031410895129,10.3187110936983,-8.995698
1969,1991,11.9685486078705,8.62047154086974,8.265984471833679,11.1802291572152,11.132818
1969,1992,12.1932528591318,0,8.13722037606901,11.0171932218174,8.3203917
1970,1991,12.0962718530846,7.90691548867859,10.2489832408028,11.5752265093977,9.708847
1970,1992,11.8819355433611,9.64723954557388,10.5941290966091,11.354829592,10.480824
1971,1992,11.8425097482984,9.195632743103911,10.1566402900907,11.7366777979644,8.9959192
1971,1993,11.6977272767207,10.1102577897324,10.7352851884331,11.4166197390081,12.104154
1972,1990,12.0879998616258,10.6145237659318,10.2537217996449,11.8800491005094,-.79342103
1972,1991,12.1501505565144,9.966462351697521,10.7416415924675,11.0523903505303,3.1471252
1973,1991,13.3864024286871,8.494947582468919,10.6951216798107,13.1321007449884,15.85584
1973,1992,13.1827683178249,8.012349639327789,10.6635454383787,12.9193278036782,4.6510592
1974,1990,12.7037404840564,8.930229565020721,8.595449689382001,12.5055093606791,-.64602429
1974,1991,12.0626025029378,7.50328963067508,8.78353415371377,11.927550913003,5.9639769
1975,1990,11.7293191739331,10.7988610361549,10.2482467855269,11.2640828435243,-13.574056
1975,1991,11.8734802268388,0,10.1616970440292,11.5854561408048,-9.0312634
1976,1990,13.6769682315551,11.0466429039549,12.9745128101255,13.4801493865481,-49.761177
1976,1991,14.0753716922136,0,12.8703732351659,13.8296238289075,-11.144287
1977,1990,11.3548554478986,0,9.70984212201073,10.6127787149194,-13.589138
1977,1991,10.8436315204324,8.61250337122056,9.895319282868281,10.484719140646,-13.382868
1978,1991,11.6097721155995,6.14418563412565,9.09792167250645,11.2439320438875,4.5643463
1978,1992,11.4760102886808,5.66296048013595,9.01571138856017,10.7152341568311,7.6510372
1979,1990,11.9277427052444,0,9.422058905620929,10.9034819748089,-4.4297347
1979,1991,10.8732258928675,0,9.3093256086606,10.4336574132786,-5.5918508
1980,1991,11.3364706988309,9.23190614989074,8.208518984485041,10.6998914372937,-1.9765912
1980,1992,11.472162882248,9.190137664658661,9.4348110422783,10.7331627184052,-1.653263
1981,1991,14.1591110227378,8.294049640102029,11.785206548686,13.9477196347411,39.257
1981,1992,14.2981672746742,9.145375093123819,11.7556237697252,14.0244323132337,31.979328
1982,1994,16.9319457971266,13.1444085862729,13.643963705006,16.4412885441548,82.477837
1982,1995,16.9460783193935,13.6058963213328,15.3408981161599,16.3050303780374,86.84359
1983,1991,11.0996748667503,9.853509182729891,9.52770987917269,10.1829946899642,3.5013218
1983,1992,11.078061707216,0,9.41589005488934,10.2263602662787,8.8042107
1984,1992,13.5116505739208,10.1512066364164,8.34160094196025,12.9739563506634,4.8175812
1984,1993,13.5995046309589,9.9335801928433,10.0541894349496,13.4238866970782,7.411798
1985,1992,13.5695883102713,4.88280192258637,9.981702436911821,13.3129126161049,9.1665535
1985,1993,13.8967518050543,3.17805383034795,9.925038650366419,13.7581672745877,9.7080135
1986,1998,11.9107551198328,9.41426032832263,10.3343312167834,11.4051532502918,3.8832877
1986,1999,12.312676298749,9.2277872855799,10.481726000171,11.6056664497118,6.5432343
1987,1998,11.4690479416913,9.55314963005328,10.0517437511354,10.992251708557,4.4737854
1987,1999,11.7269745321501,4.74493212836325,9.94075443512806,11.3581700496128,1.5574926
1988,1990,9.661794900433,0,8.211482916445069,7.84745428684426,-22.956535
1988,1991,9.50812307901646,6.63463335786169,8.31039039969008,6.38746095694695,-11.21569
1989,1991,10.9136619625831,5.90263333340137,8.21924527167454,10.724114176684,-1.3231192
1989,1992,11.078100705458,6.47697236288968,8.273540763470489,10.685352970223,1.7386851
1990,1991,14.8782359922134,12.6079111855826,12.5446979198443,14.4299467185618,30.334101
1990,1992,14.8372820915949,11.6246546574847,12.8045063182417,14.1100837306141,28.064058
1991,1991,11.8465686070851,4.85981240436167,10.0438319339564,11.4393093872012,-4.9760494
1991,1992,11.9774368822901,8.987196820661969,10.2453452614337,11.5621624947332,-3.5494909
1992,1991,12.0828912560071,10.391453882156,10.1370961536981,11.6054210670736,4.7047653
1992,1992,12.2725191684568,9.239899174217729,10.3798645784722,11.4576243865748,11.008937
1993,1993,14.6503499271154,9.9134378833893,14.4283180742634,14.0796677714584,42.540634
1993,1994,14.4324702672199,7.76937860951398,14.35388835067,14.0397480825758,57.579979
1994,1992,11.5571825074663,0,9.137242658569971,11.2420968783667,-.12895001
1994,1993,11.5383094092675,0,9.011255085755041,11.341458986058,3.2748804
1995,1990,11.229998818582,0,8.72534492491121,10.6498488822474,1.6422557
1995,1991,11.0520954772856,5.09375020080676,8.644442392331699,10.403334446949,4.1485515
1996,1994,14.322970915118,9.873079890114701,13.0737811416163,13.8798488060676,4.8063359
1996,1995,14.285916694347,10.3182757321051,13.0397332251814,13.8072332888356,5.0880065
1997,1993,11.593891965274,0,10.5154301006493,10.8300038677119,-9.3028612
1997,1994,10.9985384728572,0,10.4550394862448,10.67665404873,4.0522604
1998,1992,12.9384807307434,10.770735088231,11.5868708524792,12.3170929026862,10.502427
1998,1993,13.0806407806132,10.3152328986014,11.7377979208672,12.3015449287751,12.102194
1999,1991,14.9550537856453,9.38202219366579,12.6123953857667,14.6268634768699,42.387577
1999,1992,15.0050392066049,12.1511992660684,13.0112429720514,14.6741893498013,49.069237
2000,1991,12.6267463302836,0,10.7269675783174,12.4131892219196,5.247088
2000,1992,12.5315302695424,0,10.6151350421556,12.3013323022963,10.633694
2001,1991,13.8387026827365,0,11.071924366771,13.6517569384458,29.479713
2001,1992,13.3403726027126,0,10.9705541330385,13.1064977940027,21.552237
2002,1990,15.3882084256652,11.8591146247262,13.4507357557058,15.173008403707,53.748016
2002,1991,13.5775602591793,9.059517482241599,13.3379631861075,13.2530570353626,54.342449
2003,1991,11.6462612533591,9.9134378833893,9.77774857715578,10.9569861705733,13.158421
2003,1992,11.673002220612,7.09007683577609,9.731601357463701,10.8106901073948,11.956646
2004,1991,11.3204290709787,0,8.31937619804804,10.9747861449027,-3.1250606
2004,1992,11.4134342805736,0,8.20229064736233,10.7361367570313,.043105241
2005,1990,12.4039360963092,8.51719319141624,10.0434668625896,12.2184871172988,-19.971506
2005,1991,12.5047614568016,7.82404601085629,10.0494346750127,12.4154922228678,-8.0523949
2006,1993,15.2435287017418,11.7739041545875,12.4755763633404,14.9450642567063,33.112289
2006,1994,15.5455768104086,11.0888584084624,12.5882213602904,15.2245632647774,30.309912
2007,1991,12.2538156850561,7.29979736675816,10.0439970415156,12.238693259462,13.227219
2007,1992,12.153485625331,4.81218435537242,9.94974116905356,11.9266557921565,13.947672
2008,1991,16.2930938253408,11.7955221286221,11.8304252867164,15.6228334722443,25.388521
2008,1992,16.1773217625593,11.0359052771498,12.1168134714091,15.4048605727881,28.406424
2009,1994,15.5285055360743,12.5821775983319,13.4568764103245,15.2370781831518,28.596172
2009,1995,15.6920930270907,12.323086496551,13.6167090700004,15.3979832120975,31.000896
2010,1993,16.9583961547607,0,12.6414812715113,16.8408829745707,52.528801
2010,1994,17.0270931119206,12.2426408053107,13.0593575477615,16.8405945343273,57.638817
2011,1992,16.186941736206,12.4297960287094,13.7246212715941,15.7626281206594,56.760372
2011,1993,16.1933811339624,11.6069074904407,13.7460723730543,15.8501067880521,64.658173
2012,1991,16.0485639206908,14.0090028227604,14.9130549766621,15.447696996154,46.462337
2012,1992,16.0837053095444,13.360261542087,15.0393613102791,15.5063861405645,47.460155
2013,1991,16.0276237477942,12.5461099483159,14.848497406123,15.2499401068986,31.657475
2013,1992,15.6560601913618,11.6172854802945,14.773695464568,15.1965671693869,38.683945
2014,1991,10.2130289593408,8.42002127966396,8.90298606372688,9.311847673530311,4.0420723
2014,1992,12.1530515435529,7.28756064030972,8.98004631663313,11.0518773883705,15.369579
2015,1991,11.1117843283421,0,8.193704305153149,10.201076720583,-15.544858
2015,1992,10.3738633347466,0,8.093278939639539,9.119584782040301,-9.3904724
2016,1991,12.8121777577204,0,10.0457550490395,12.6135522232313,4.7367773
2016,1992,12.7851372353345,0,9.98535781997375,12.6686170131111,-.89566445
2017,1992,11.4804022732647,0,9.07870432490609,10.8393373978779,11.72481
2017,1993,11.4804022732647,0,8.96685379737818,10.8001166847246,8.9313879
2018,1991,10.5388731962375,7.02197642307216,8.610574238913539,8.783499675116349,-.81971771
2018,1992,10.0495340534654,0,8.494804422937831,7.26412295349623,-.039527006
2019,1992,13.2692304532139,0,12.7131775560193,13.0346301399361,21.523077
2019,1993,13.731834340415,11.2855103033051,12.8389043752254,13.3000815951335,15.135515
2020,1992,12.6885075910321,9.635608107380531,10.0503891640988,11.5259708617556,15.222314
2020,1993,11.9533253588997,7.9373746961633,10.0537894065552,11.5371441623537,7.7970557
2021,1992,11.6576836012092,9.12260145766818,9.12552295014226,10.3934596960533,-1.9939936
2021,1993,11.4014127298272,0,8.999582302937609,10.2397712989755,.96710759
2022,1992,10.3089526606443,7.43838353004431,8.781801090897419,7.92693467400234,13.231804
2022,1993,9.729134165391351,0,8.68146957568529,8.716485314706651,-19.213673
2023,1992,10.851805881329,7.60090245954208,9.03081889130755,10.3292950986435,3.6971617
2023,1993,11.0691054732562,0,8.926344829249031,10.5638155752516,.96929836
2024,1993,10.6317973434696,0,8.513486329484911,9.47453334794645,4.1143069
2024,1994,10.9626009623823,7.24136628332232,8.642785653964101,10.1515377481105,2.0663679
2025,1993,12.4538307576083,9.903487552536131,11.2490133031275,11.842624817304,13.718554
2025,1994,12.8074395305603,9.90323752128092,11.3833542205973,12.3281206401877,13.977713
2026,1995,12.0107601453325,8.006367567650249,8.344932850416599,11.632417234665,5.7877169
2026,1996,11.7156258805226,5.87211778947542,8.31090675716845,11.110532905024,8.8078117
2027,1993,11.518644333582,9.49205467264817,9.194505662073389,11.2909075783125,-1.0494583
2027,1994,11.1409856900823,0,9.081096915855021,10.6644143502537,.24254189
2028,1993,11.3741839517801,0,10.0086985570177,11.1293495557529,-4.9793053
2028,1994,11.8443831957681,8.294049640102029,10.0645429115369,11.4727199728664,-3.7008183
2029,1993,11.6395493052921,0,9.412080495396349,11.2605728908595,3.4394155
2029,1994,11.6287599367418,9.006141236662909,9.81767908812061,11.1348813398967,.23680268
2030,1995,10.9438203798935,6.81673588059497,9.333504459325781,10.4959802759137,-2.2365327
2030,1996,10.770700951097,9.76932739084919,10.1255905626751,10.1073527375417,3.9774272
2031,1993,13.5067210833677,8.86389860431748,12.8128031813031,12.6022749863592,12.628188
2031,1994,13.172459960564,0,12.7113239616716,12.536399312626,14.21058
2032,1994,14.70997224943,10.047111592619,10.5199993389312,14.2069813480779,22.838074
2032,1995,14.9319071755328,10.3970856306355,11.0271939991807,14.5199628877184,38.661842
2033,1994,11.7310895593407,0,8.814865197897371,11.1087245574237,4.1012092
2033,1995,11.8297508631304,5.85793315448346,8.76372509050298,11.2996827383333,7.2695065
2034,1994,12.1020818143062,8.82261694534418,10.171914172964,11.8892879033276,7.2225318
2034,1995,12.7072019781496,9.99583881360032,10.673123440478,12.2876083479529,15.544496
2035,1996,11.2378436744942,7.6586995582683,9.15802550332771,10.857923266502,-10.236154
2035,1997,11.3177739551882,0,9.054551684680209,10.7375289607334,-4.5790443
2036,1994,15.6766087277624,12.0413689782888,14.9223878968113,15.3817104860773,49.886402
2036,1995,15.5950270535744,11.8244021859877,14.8376379081414,15.3295873729728,50.885773
2037,1994,12.2833372516969,0,10.602340921791,11.5286883257394,10.234432
2037,1995,10.5671663113855,0,10.4850213757725,10.0233604663671,9.7757111
2038,1994,11.3765557624381,8.895629627136479,10.8745069710746,10.8565773176624,-29.985561
2038,1995,13.1545846515374,11.3736633976367,11.7449994212494,12.9511083034402,1.005558
2039,1995,14.8517308009672,9.78001963853588,12.1327414485316,14.7688658317851,25.084236
2039,1996,14.5411340368003,9.83113189034399,12.0997627905034,14.3154606325341,28.410975
2040,1996,11.7006406996961,7.81480342948936,10.5192243910394,11.5941633658081,3.5474401
2040,1997,12.6538148443323,9.77758413564697,10.7945527798582,12.3565135534955,5.5594325
2041,1996,11.22033070995,8.55178783618074,8.92924986070712,10.398651925229,.0806868
2041,1997,11.4291565025703,7.95682712209011,9.11981373277662,10.943667825221,-2.0357804
2042,1996,13.0077703731829,8.39886000445437,9.66779686408397,12.8522553069163,4.3765945
2042,1997,12.4964212331976,7.96901178110648,9.71141864428729,12.4380813563681,5.7432466
2043,1996,13.4083436676458,9.89166797573079,9.659898917594861,13.2589439340996,3.4300542
2043,1997,13.7382297320391,9.03967066792268,9.95639304663105,13.5162062377849,2.9593322
2044,1997,11.6701257756569,9.10497985631836,10.1508045573107,11.263348098552,-5.0051079
2044,1998,11.8365078402631,0,10.0473324526315,11.4666511334382,-8.6280727
2045,1997,11.9047065235951,8.006367567650249,9.89342206505269,11.6993375168195,-7.0503001
2045,1998,12.3292321783192,7.76726399675731,9.934394959564409,12.176589130341,-8.5246744
2046,1996,12.4332082181139,8.294049640102029,11.4644345560195,11.908474908291,3.4504046
2046,1997,12.4195253923113,0,11.3385316008158,11.8482175522263,10.598688
2047,1996,13.5617855048535,10.0012039260422,10.5310983809574,13.2924338113854,5.3768682
2047,1997,13.6998302823014,7.59034694560257,10.5167280578364,13.4072305266747,6.6869783
2048,1996,11.4907309794605,8.928640371201951,9.905071297749339,11.0760161283209,2.1567161
2048,1997,11.5401709138604,8.74353163362697,10.0668089100025,11.1739500981309,4.6611509
2049,1996,11.34805082178,7.78322401633604,8.5830371101515,10.4602421081905,3.4489131
2049,1997,10.9955282958212,0,8.483553674372001,9.38999170021426,-10.053451
2050,1997,14.9600743825315,11.7781318406568,12.0146639252469,14.758858713813,26.976425
2050,1998,15.9774872754597,11.3055076141175,12.274881566766,15.8738787328003,21.96496
2051,1997,14.5983045535277,10.085434039,10.933653249051,14.4507950311396,17.814728
2051,1998,14.4948952810159,9.28683834294891,10.995014801481,14.1938080734028,19.915239
2052,1997,11.8016355040289,6.39692965521615,8.0022591396057,11.392711873493,-3.4919252
2052,1998,11.8114845271341,7.94873845481361,8.52700489880023,11.348269844531,-3.2038126
2053,1997,17.598361115652,13.023691553601,13.7871119064875,17.3826167373398,70.176315
2053,1998,17.5694709897751,12.2823667976786,13.8669718182448,17.3755885275632,63.819382
2054,1996,12.7007140078116,12.0783983522758,11.7849071793019,11.6157076596133,19.181208
2054,1997,12.8116091786647,9.36486241141235,11.7423087088504,11.8562740055309,27.17618
2055,1998,13.662543056239,13.4703561400482,14.0094341336287,13.2155641885996,7.5847483
2055,1999,14.2939311829113,13.7122988430906,14.4237272676741,13.6086901915465,18.125282
2056,1997,12.6022043324573,7.29165620917446,9.633933503399261,12.4979359643752,-1.2159666
2056,1998,12.7505022767099,0,9.5170600733051,12.6662752765221,5.5513005
2057,1998,11.2338595003585,0,9.009349625303109,11.0053109578242,-5.9936571
2057,1999,11.389943940555,0,8.88683766620963,10.8597148494297,-2.8594933
2058,1998,13.919680465129,12.1776165850454,11.5882295786043,13.7889938354907,1.485063
2058,1999,13.9838624923637,12.2740816998944,12.5211074478576,13.7965026086143,1.5615824
2059,1997,12.5405961274189,9.21034037197618,8.79279256112504,12.1605730614588,16.655275
2059,1998,12.6705147597501,10.1266311038503,10.201534473877,12.1730534630729,20.194418
2060,1998,11.6452774123225,7.20785987143248,8.10061657855336,11.1199865751875,2.0143936
2060,1999,11.7475864354448,7.82404601085629,8.516572999136759,11.3052614845044,3.2074013
2061,1997,12.305406537518,0,8.77585831479753,11.5926029521127,15.737955
2061,1998,12.3977296577115,0,8.664042998901939,11.8084449745162,13.763423
2062,1997,12.7721475285263,0,9.02514268307673,12.562280280297,3.8812988
2062,1998,12.8339610456281,0,8.9247760554954,12.3582076176724,.59241349
2063,1997,11.987238545179,7.95402108727804,9.200613216217601,11.8975209767732,20.90517
2063,1998,12.5263320182236,9.917291833512531,10.1635491679409,11.9384415355499,8.7305784
2064,1998,15.5223923068187,12.9324684146318,13.531169697442,15.3138177837216,21.851439
2064,1999,15.8931550928976,12.2136439110265,13.6315707725444,15.5913349014612,22.080206
2065,1997,13.3737553582335,9.164924508445701,11.4362474237858,12.9142685242916,19.47423
2065,1998,13.4504231857081,9.854874872615429,11.4921082831877,12.8881234888224,27.607853
2066,1997,11.5212374743093,9.04923221158143,9.03837698365041,10.7556515184899,4.1151123
2066,1998,11.7868209324701,7.74283595543075,9.14672942051282,11.132294205554,2.2479558
2067,1997,13.3180173282018,9.73269923155585,11.4949233956961,12.9798154577961,17.553469
2067,1998,13.1111102983431,8.40088406901585,11.4226199409584,12.9899148268661,24.185078
2068,1997,13.0161158017584,9.2369823029226,9.910756072725791,12.4842388983401,16.098898
2068,1998,13.1325908975598,10.5448676422742,10.8150049099638,12.5555581493733,23.575647
2069,1997,12.255077072458,8.070906088787821,10.4105099532091,11.6172854802945,12.959765
2069,1998,12.6479088277892,0,10.2948740200347,12.2421055908385,14.493871
2070,1997,12.3037978159866,11.8922382289315,12.3320068146965,12.275459519388,-1.888725
2070,1998,13.8903406761955,0,12.2278678940805,13.8244297704103,-.58512884
2071,1998,13.570368619186,8.776938645175001,10.7690784980725,13.2475125939573,8.7767038
2071,1999,13.6721829671845,9.45720044990771,10.8818569074779,13.2201437185138,6.7109628
2072,1997,15.7530875107563,13.0516275592966,13.7904814262577,15.0640937634077,46.967876
2072,1998,15.7200786368072,10.7314496766166,13.7333902185078,15.3770871834389,40.974037
2073,1997,12.0451876745125,8.363342466597979,8.107569448159211,11.7696121037195,-3.2343841
2073,1998,12.2521687076731,9.016634256315591,9.202620651460959,11.6857184352977,1.9798309
2074,1997,11.330311865536,7.45240245122364,8.35507418193979,10.8809396092347,-4.8239808
2074,1998,11.5117647916495,8.724695046740489,9.10735481165576,11.0500444484226,6.2827559
2075,1997,12.3812395017193,10.7824916996243,10.8293760778819,12.0450584656815,-8.608119
2075,1998,12.4225339200805,9.352447388601011,10.9191384338232,12.0746647110575,-4.0554395
2076,1998,17.696185205878,13.8214985938387,15.204743148258,17.3679575582993,61.260654
2076,1999,17.8796181311213,13.9631207525158,15.3360975625088,17.4538158274903,64.239616
2077,1998,14.1810053920686,12.0416342279344,12.8311724895869,13.6907916496568,40.587036
2077,1999,14.5481264978346,12.5739570283029,13.2763711898837,14.1079435767765,37.698883
2078,1998,14.9460464979045,10.3453488758356,14.9090735872168,14.1979362861395,33.485573
2078,1999,14.8803744863852,10.7975531251516,14.8000377526538,14.1329717967252,33.755688
2079,1998,12.133155082507,8.021256180144,8.09672611438973,11.8497206018345,7.3006949
2079,1999,12.1437054608078,7.07242190053737,8.271522805520419,11.8351672431833,3.5654411
2080,1997,15.7548187570272,11.7580809659355,11.5046069619615,15.7494486369282,21.612219
2080,1998,16.056259427427,9.355392643675319,11.5075349622812,16.0522636318653,28.501217
2081,1998,15.9133685485356,13.0898401856988,14.4608358853903,15.5299299142175,43.033272
2081,1999,15.8524179760095,12.8404380364649,14.5339972150237,15.410536268855,49.481953
2082,1997,13.7851571386982,8.41183267575841,9.31914993283346,13.1580393538568,7.7600265
2082,1998,13.7510951061764,8.070906088787821,9.454289968562961,13.4813817272675,8.5475254
2083,1998,14.6675712011307,11.2606620150822,11.2419956204395,14.185831694637,39.32605
2083,1999,14.5419614615359,10.3868391993014,11.4724232109942,13.9857229531214,38.755161
2084,1998,14.3212637805864,11.0897901543312,12.265058277878,13.8716444040274,22.337143
2084,1999,14.0540339588092,10.4341158035983,12.2896083226001,13.4107274788516,22.221214
2085,1997,13.1006288852583,8.49739856408806,11.6138028463823,12.3311206274416,18.326822
2085,1998,13.0609580759368,10.5841825251568,11.7920666678115,12.3337158207361,20.129807
2086,1998,15.7968633871656,12.571548745422,13.8028228077953,15.4993620952949,56.108471
2086,1999,15.943517219351,12.4922097751722,13.9371621012866,15.5536341596803,57.053299
2087,1997,14.3808243670143,9.64212278840172,12.6687951440614,13.9162604610644,27.104219
2087,1998,14.1254253907808,0,12.5435722114108,13.6266476531269,29.304947
2088,1998,14.7227075547856,11.1762492075382,13.3250619063308,13.941986303208,41.45396
2088,1999,14.6809059730284,10.4270319487099,13.2734501683139,13.9744317567165,42.729488
2089,1997,16.222423954068,10.6727157575014,13.4217180591123,15.9078743817778,59.833206
2089,1998,16.4972692806377,11.2349428668272,13.4068226622505,16.3018314353536,63.165768
2090,1997,15.2624427172844,10.9967019655176,12.324830761197,14.7539477767236,44.77993
2090,1998,15.4952809242441,11.1082000831971,12.4590301121729,14.9346687417862,46.721401
2091,1997,13.9618132677341,10.8389728837577,12.638609322884,13.2717954419418,27.395834
2091,1998,13.9805303007114,11.4936305087873,12.7757456892952,13.3280684212258,28.772745
2092,1997,13.9215115684615,11.7960572003232,11.3813418884055,13.2618267882669,13.705031
2092,1998,13.9280648363528,10.7754501505607,11.6922558861082,12.9540474470378,14.039673
2093,1998,15.1613276232138,13.5928094087758,13.8943848602411,14.5081316701745,22.64591
2093,1999,15.5453608053025,13.2328738094494,14.1648734236988,15.1912949289947,31.778639
2094,1997,12.9711370923633,4.74493212836325,9.9615536098986,12.7555884426997,14.380783
2094,1998,12.7595234143059,6.55819780281227,9.891662916269469,12.7390845850896,13.759035
2095,1998,10.3510584320774,7.3132203870903,8.09404261325203,8.71233512744373,-9.7771568
2095,1999,10.3692436115226,6.21260609575152,8.12545345792655,8.60256536156245,-11.8105
2096,1998,11.6073170411692,8.53109609658523,8.57014610786891,10.9791797699817,-1.0440439
2096,1999,11.2612924145061,0,8.444235326865909,10.3772605112332,9.0542994
2097,1998,11.1846713667534,4.97673374242057,8.39989503818537,10.4940204431063,6.6724215
2097,1999,11.2685582772044,8.49699048409872,9.005245459639211,10.6978818001124,6.0702038
2098,1997,12.0207482848298,10.5446306598493,10.3505423604035,11.6255485889274,4.3001595
2098,1998,12.2472629414499,10.8401297806582,11.1689594197728,12.1347580274763,3.8284023
2099,1997,12.5751434424452,8.884056061742459,11.2767853226602,12.088303234781,22.110931
2099,1998,12.5235549959203,8.069655306886171,11.2039666392322,12.125931995969,24.239527
2100,1998,12.2855952179568,8.419359831067471,9.35060653503681,11.7957536764753,17.031975
2100,1999,12.3060763390012,0,9.226174350278709,11.6732854524213,16.986784
2101,1998,12.7834273080385,8.459987717645459,10.0722256031478,12.3152050387058,24.282059
2101,1999,12.5323646677342,8.898638793680179,10.2360270661296,11.9465179305796,25.427675
2102,1998,13.364401431376,8.876684166614449,10.4216918865399,13.1030300879519,18.215073
2102,1999,13.395551320377,10.0236677127922,10.8104751440841,13.1195624584907,17.335962
2103,1997,13.2934621941758,11.5521461781235,11.8575841013949,12.9115065343975,12.643023
2103,1998,13.3949338425009,9.7060117479705,11.8496540972907,13.031407503834,16.910694
2104,1997,12.1746143514958,9.803998654035389,9.88809468792865,11.5351565138116,9.2114096
2104,1998,12.4089973927892,8.758726607842039,10.0288991940236,11.9340670524634,4.8550353
2105,1997,12.9168878237435,0,8.99487973137472,12.6307568773961,19.576597
2105,1998,12.9080655867341,0,8.879138224010481,12.5341267882245,18.143999
2106,1997,11.4031440805454,6.49223983502047,9.818038590703649,10.2268973457014,11.129434
2106,1998,11.0448080556926,0,9.718662865524051,9.40611917509608,10.345624
2107,1998,12.8893996316896,0,9.871320702292079,12.3955351893393,20.182381
2107,1999,12.8944597476694,9.332558004700431,10.2093312006127,12.1570700176154,22.307867
2108,1998,14.6228950564436,11.5179130064813,12.9006343252144,14.3880451712084,32.484131
2108,1999,14.5951046009372,11.8918686216008,13.1104998836215,14.1826047398961,32.283478
2109,1997,14.1623604315844,10.3411939459513,12.1777930197934,13.5521286698935,40.016529
2109,1998,14.2015882464118,9.554355517768119,12.1336057107531,13.6834128943405,39.199959
2110,1997,14.278840719073,8.91126025457203,11.5646437190496,13.8688000326575,35.738426
2110,1998,14.4441138840391,9.9265202516467,11.6064549694037,13.9857940980347,38.078419
2111,1997,14.6976540445343,9.60555310362,11.3404108624149,14.2403808810775,39.411701
2111,1998,14.7009428115376,9.443909388773969,11.3607493344368,14.2693582746749,41.93327
2112,1998,13.7037457451709,7.72312009226633,12.394212244645,13.1605161487158,18.503241
2112,1999,13.7447726420453,0,12.2814912940865,13.1735896695473,22.327982
2113,1997,13.7218512780079,9.407550541263889,10.5188029129419,13.4826396674112,10.442733
2113,1998,13.6998224692305,8.999866223762639,10.593389472931,13.4064538549498,17.706217
2114,1997,14.7596335718216,11.2102109696845,13.089493018005,14.620236142983,27.250559
2114,1998,14.8174700987112,11.0289040439563,13.1014479671948,14.5973853091207,20.720049
2115,1998,12.6293332263345,8.577723691156271,9.43631192073344,12.4625216109525,5.4322238
2115,1999,12.8155748974613,9.027978814382211,9.814973228505391,12.6822067911062,4.8172703
2116,1998,11.6490425991817,8.38753998318937,8.602912066818771,11.2949747896596,1.0386925
2116,1999,11.6433268708349,9.075894275423259,9.4099204729563,11.3552320901879,3.8389554
2117,1998,11.5348043666887,7.90100705199242,8.09526327927683,10.9745571142489,13.752789
2117,1999,11.4598200032831,5.77455154554441,8.072841714255571,10.8254458534867,11.857308
2118,1997,13.3235475773641,9.10497985631836,10.7407545573996,13.0157798920015,24.591717
2118,1998,13.7257145588476,8.69951474821019,10.7330454140886,13.3047829686084,28.705084
2119,1998,17.3971783674712,12.2059626394797,14.4949342000681,17.1816175981718,64.185722
2119,1999,17.2245999489681,12.9817509734893,14.5657871769444,17.1056295689318,68.335258
2120,1998,16.1622173363379,9.952277716705559,13.2416065021672,15.902947545707,54.235497
2120,1999,18.137296710238,13.5875830819077,16.3352140474269,18.0441799738989,78.109894
2121,1998,15.8882398855525,12.6495429848028,13.1406715552336,15.7373411379618,57.067326
2121,1999,16.0058641022435,10.6283029594229,13.0982757867513,15.6461670708014,63.176003
2122,1998,15.7667396790315,11.8499404114407,14.307340867669,15.2840043317044,46.496838
2122,1999,15.7618470446962,11.6653804221579,14.2481753771657,15.3205180346269,48.988098
