firm_id,year,v_production,v_investment,v_capital,v_material,v_labor
1,1997,15.2436676874641,12.2967174137522,13.6469111799501,.0199931462467459,27.407509
1,1998,15.4398920066508,12.6583131911957,13.841185809558,.0199931462467459,20.842457
1,1999,15.3679367100336,12.3586993074891,13.9283382249254,.0199931462467459,25.953587
2,1997,14.8474470017139,12.3571786951712,13.6883098272041,-.009118774710475,43.536949
2,1998,14.7600539157302,11.5890713591495,13.6968350116387,-.0191691105639765,41.272972
2,1999,14.7037951740429,12.6856923913699,13.8871149630935,-.0292194464174779,42.817913
3,1998,13.9123585566409,12.1450957741812,12.0143163209576,.145002606615699,17.486481
3,1999,13.6600445262409,9.89272989588317,12.0051784806561,.18422331976898,17.494886
4,1995,17.6699183565901,14.5626202174671,17.1751309448874,.0532712335745513,71.618164
4,1996,17.606478686395,15.2652350136439,17.2278471542362,.0828300358160957,78.801003
5,1998,16.0787049125008,13.4246108574154,15.1471543902231,.0829571938046844,52.999359
5,1999,16.0031070250352,14.0183811954149,15.3130338568205,.102759821100864,51.999664
6,1998,10.6063385401654,8.14351740579748,8.54161259595698,.027269790394629,-5.1722155
6,1999,11.0108343027462,8.070906088787821,8.89698487275969,.027269790394629,-4.8469191
7,1996,12.1015451161762,9.269363712425641,9.18124106415091,0,14.10842
7,1997,12.501302412339,8.658692753689939,9.516184020052769,0,16.51829
8,1998,13.6316826596517,9.269080866998779,10.3672844598723,-.0222506089348197,3.326771
8,1999,13.5453339433579,9.033125752550371,10.4715730849913,.0639270873062326,4.8234453
9,1998,14.1118044506364,10.7105212984733,11.8987829267722,0,49.914024
9,1999,14.2857413812271,10.7748018387628,12.0523018102195,0,48.434391
10,1998,10.8036895520607,9.471396088360249,9.77077296908929,.0043316601319866,.55440885
10,1999,10.8567079134952,7.96450336355155,9.81865380279427,.0626005682559624,3.8511147
11,1998,12.8619358362769,8.36637030168165,8.684976241089069,0,3.4742906
11,1999,12.6408894146865,7.96137020171951,8.943649762359151,0,4.0309782
12,1998,15.8533596499094,13.3422632737531,14.3642164776949,-.153692282933778,30.106453
12,1999,15.6710380931154,13.3423916813704,14.5340521048278,.353125319434674,29.72872
13,1998,13.3383810114043,6.21460809842219,11.2180925527642,.0096850737645765,26.352236
13,1999,13.3871432468299,0,11.1066024889986,.0196354046177446,26.287792
14,1998,10.6649193294145,7.64012317269536,9.699619528841151,.0073727913664508,-4.9576974
14,1999,10.5785960197768,8.85580599253656,9.93175911887792,.0369315936079953,-7.6103768
15,1996,10.5548226652816,7.42595365707754,8.225476323446779,.0145404078452116,-5.8981638
15,1997,10.6250521074576,4.83628190695148,8.156194628378341,.0440992100867559,-4.0073729
16,1996,10.7539510869265,0,8.738382835095569,.0167901146043063,-12.23293
16,1997,11.1080766056886,0,8.64648310165839,.0655802787737384,-15.482066
17,1994,10.6919449129004,8.85366542803745,8.699548080987981,0,6.2231612
17,1995,10.8589989975636,0,8.58806163624868,0,10.570187
18,1994,12.3056496619059,7.16394668434255,9.22552450730122,-.0542014171792375,-.10847558
18,1995,12.3695208377319,8.21959545417708,9.43413171342905,-.024642614937693,3.3930233
19,1994,9.89123757375873,6.44094654063292,8.831434426053271,.219195425232986,-13.360915
19,1995,11.2032820353312,0,8.71961144990931,.219195425232986,-1.1070378
20,1995,11.3728239649519,0,9.641414745590771,.0164975071116043,-3.3556206
20,1996,11.5233212411523,0,9.581027682548401,.0460563093531488,1.5949277
21,1998,16.2075628197933,13.4274157095786,12.9272643756334,.0115759375723958,48.766651
21,1999,16.3347176437601,13.117163883433,13.5727922908801,.0313785648685754,44.073963
22,1993,16.1434839565558,10.6681178347179,13.1182286411515,.0186491507942246,38.025013
22,1994,16.1251771785364,12.2116321627354,13.3642856594625,.0578698639475057,31.078365
23,1992,12.1333245175998,0,8.863955163803929,.0338382991399114,-.64908165
23,1993,11.982929094216,0,8.750635527717909,.0826284633093435,.23285662
24,1998,11.5918388078787,7.8578675593318,9.35986321701875,.160790338969988,-3.1699188
24,1999,11.4453600013802,8.793156870913821,9.681162416228981,.20958050313942,.45705652
25,1993,11.8239998776275,11.3437965019623,11.7102423609106,-.0928971613171556,15.166368
25,1994,11.7588335156945,9.204020443231361,11.6788576128053,-.0159361201810272,18.348186
26,1998,11.9333424783222,5.52146091786225,9.22914249893878,.160110964190129,10.516911
26,1999,12.2233976776015,10.0815500524097,10.2766980279149,.160110964190129,3.9212577
27,1994,15.541016327533,11.5604576954155,13.284393957679,.0447347234613565,37.883335
27,1995,15.6797537776946,10.5159668300286,13.2422338328832,.0742935257029008,39.549519
28,1994,14.5404434466594,11.9183905730784,13.0967203883493,-.0199948673333519,13.569333
28,1995,14.5976113521975,12.6362336182559,13.4783183021915,.102222765390897,18.041718
29,1997,17.1504633979282,14.0828072533542,15.6280860460625,.0409973839406111,67.581421
29,1998,17.6118994836001,13.943555427107,15.7009453713808,.0509477147937792,71.421509
30,1998,15.5288572089699,12.3084577390065,14.8314897980318,.0242544422900465,40.131618
30,1999,15.67775743227,15.7783746026589,15.9618191966059,.0440570695862263,33.888432
31,1995,15.99028094317,0,12.6955157846824,.281029952034791,25.87323
31,1996,16.3828342779167,0,12.6377807085422,-.0474741149372452,29.22517
32,1998,11.0978717333348,7.9035962896143,8.493945035096431,.130321971886125,-5.4482341
32,1999,11.1874240087009,5.45958551414416,8.42461727011783,.169542685039406,-4.4570217
33,1992,13.8623772081786,9.921278353544681,12.3703634543223,.221003162538218,12.596059
33,1993,13.8429544838068,11.2596705837992,12.5583546044241,.0817410952047109,-4.493535
34,1998,10.5644801960458,9.17305378719017,9.08856814004627,.149635309306629,3.4704595
34,1999,10.5273542828022,9.00981411052738,9.59665663902336,.159585640159797,3.7714641
35,1993,10.9497950243893,10.1658518170036,10.4729093893466,-.0724596037514119,2.6926546
35,1994,11.1842567391029,0,10.3694266828859,-.0236694395819799,5.6099896
36,1992,11.6583256206153,8.34283980427146,8.977083351502481,-.131189800388566,8.4498796
36,1993,11.1965545696574,6.68461172766793,8.965309020903939,-.121239469535398,8.4974794
37,1996,17.4018872342708,13.8116330501378,15.7590736691655,.0379659806594322,85.881409
37,1997,17.4035668144721,13.518283072669,15.7432274953476,-.0673945349983941,87.469322
38,1993,15.7274440176443,0,13.483680549509,.0558515182912839,52.267353
38,1994,15.0446401980338,8.549466751966531,13.3622817611804,.123510166765099,59.249596
39,1995,17.0625655173096,13.1346989800454,14.9611130744275,.0588449721058457,59.982613
39,1996,17.0942550565292,12.8076526325646,14.9642781737808,.0786475994020254,60.919888
40,1994,17.1644200783788,13.8912198901135,17.1712016157467,-.0124760049123354,51.723061
40,1995,17.2272818177317,13.4174033142593,17.1084481362038,.017082797329209,55.3731
41,1995,13.2630825880278,8.919453168575449,11.416459717755,.013351494560073,5.8747172
41,1996,13.1071425515752,7.60090245954208,11.3370840665236,-.0068512127574465,8.6860209
42,1994,16.3131163590286,11.486324783173,15.2642961741269,.0176060917897465,48.415855
42,1995,16.2716673061202,12.1620685100321,15.2386441208043,.0663962559591785,51.739967
43,1996,15.4768754898428,12.449677430741,13.8120996474172,-.0024958851609327,28.106941
43,1997,15.524631571895,12.0717237760053,13.8526428418665,-.0125462210144341,30.55106
44,1998,15.3638341858885,11.9399302529164,13.8101562492023,-.0054923791461137,36.952187
44,1999,15.1113405610308,11.5549691129679,13.7915766125132,-.0780630719809492,36.108727
45,1995,16.8927079665567,12.9684333399004,14.0323908559931,.0758680456429648,23.208429
45,1996,16.8164292087291,8.911125383710679,13.9093409160997,.0245747512554142,24.579306
46,1995,11.5550074653496,0,8.46356032024674,.0361078555823137,-3.4072084
46,1996,11.7704163352578,0,8.35693053814123,.0361078555823137,-6.3141499
47,1994,10.910022928753,0,8.58621539580631,-.0087182952350257,-7.3830214
47,1995,10.6157795810777,0,8.52581590870712,.0110843320611541,-.6453566
48,1998,14.9319922338746,10.8780471925343,12.1546998743002,.0443393542569478,49.358963
48,1999,14.503910488141,11.3025994173666,12.3859913177078,.0443393542569478,51.81881
49,1995,16.6328342706265,12.8883282273833,14.355741496465,.0667816397325146,41.790905
49,1996,16.6727578540707,12.4784976688738,14.3803894429031,.0767319705856828,44.246689
50,1995,16.2045988889051,11.6701172302917,14.2475324911579,.0523572411032262,50.106071
50,1996,16.1012494768149,12.0796757418063,14.2164798416487,.0523572411032262,47.987991
51,1998,17.5215920471425,13.231531634405,15.0494507412471,.101371690168242,65.962326
51,1999,17.5988216294564,13.2315280480804,15.0741989932974,.11132202102141,68.356483
52,1997,15.8969787054107,13.2516374705762,14.2191717733692,.0810148729621824,38.384525
52,1998,15.8808292132791,11.5909785022541,14.1732719914594,.0401928784419273,42.834061
53,1997,11.8304518305276,7.96554557312999,8.37914877325159,.0761206557987884,1.1020395
53,1998,12.4205512405533,10.0562086395538,10.0668471285916,.124910819968221,7.7010474
54,1993,11.1509658289131,0,8.5918738566928,-.0195306953582642,-.55048394
54,1994,11.4523495896659,0,8.49699048409872,.0666470008827882,-2.3888297
55,1993,14.0812857519354,12.9159417324427,13.6640229124448,-.0861776962410522,36.940063
55,1994,14.140217286008,13.1820143489065,14.0331392503601,.0793367422365212,43.547955
56,1994,10.9508470479856,8.45914025996762,8.788593431293741,-.0123458485811505,9.7016211
56,1995,11.073214800659,0,8.676757761087581,.272833093652512,10.679798
57,1992,12.6074404425403,7.56112158953024,11.367377012994,0,14.233866
57,1993,12.6689663492299,7.88004820097158,11.3077249698839,0,13.088757
58,1992,11.5445401469202,7.60090245954208,8.317521996287169,.0018084879114478,5.5225716
58,1993,11.745998448396,7.82404601085629,8.705679043178041,.0600773960354234,6.8320694
59,1997,14.7898891494847,11.6151300057743,12.7305032010814,-.184107469084484,33.825382
59,1998,14.8418745238818,11.9073431072594,12.9618393978465,-.164304841788304,35.619225
60,1997,13.7586743416234,0,12.6073091590542,.0476918094511585,13.014774
60,1998,13.8030654274433,8.93748122841604,12.5371543076477,.0068698149309033,13.093259
61,1993,12.5540255414023,9.054504940418051,9.272761027017751,-.0198804771297147,9.4316587
61,1994,12.5579472250805,6.96979066990159,9.269316577076481,.0934482081772887,6.2487164
62,1992,12.8990074317263,0,8.981115869095969,.0149847165310441,-3.4165847
62,1993,12.9595208150832,0,8.864181369765429,.101162412772097,2.5157111
63,1996,15.3925878279131,11.5744155944797,12.9332847227576,.0851104484478987,35.20232
63,1997,15.5492491774986,11.9260941574634,13.1091618190342,.104913075744078,36.899994
64,1997,11.944899342994,10.2383155810449,11.2832279834986,.0269469558156076,11.779204
64,1998,12.1108598341827,9.257891673834409,11.2884885776575,.0467495831117871,14.875664
64,1999,12.0647362521202,7.83002808253384,11.2056717785366,.0763083853533316,17.892584
65,1996,13.0880057898656,8.69951474821019,9.586397266503759,.0372275564395388,6.0484476
65,1997,13.02909760704,9.635608107380531,10.1625733718473,.0570301837357185,6.9030938
65,1998,13.2012169896767,8.78996465113226,10.2606513769533,.0669805145888867,9.0793724
66,1997,14.1462216016501,0,11.9456937588952,.0435106834261831,-3.4141374
66,1998,15.1237980600351,10.5134976594732,12.0353578687019,.0435106834261831,10.688643
66,1999,15.2969048060309,10.7452271371459,12.1513022604315,.0435106834261831,6.3749676
67,1997,11.346644553989,0,9.98656411495322,.0621709368495087,-3.2649052
67,1998,11.523903086963,9.47270463644367,10.320423287407,.0819735641456883,-1.6588424
67,1999,11.5892668638412,9.31695010703444,10.5021866815524,.111532366387233,-6.1097374
68,1994,15.7745354542779,11.9194033933361,15.1933738523146,.0310066915054438,54.977108
68,1995,15.9031132055279,11.7931296475661,15.1426080260153,.0702274046587251,51.470497
68,1996,15.7557564140951,11.4411179217229,15.0832562935636,.0900300319549048,46.37188
69,1996,13.8791638783959,0,12.7399353659344,.147115263346533,17.602489
69,1997,13.9589462947136,0,12.635907061939,.147115263346533,19.41309
69,1998,13.745827236341,0,12.5318789167214,.147115263346533,18.938486
70,1997,16.0296936755982,11.088506868945,13.851697539388,-.013963882034637,29.274265
70,1998,16.3289120672429,12.0715693521917,13.8725195217482,-.0444230895193457,35.991104
70,1999,16.2325383095786,12.3825228328522,13.9378787988156,-.0748822970040544,39.185371
71,1995,14.1562377646453,10.9441882025852,11.941405030386,.0942619371136851,27.891752
71,1996,14.0952592631344,10.4718365235458,12.0303367555496,.12382073935523,26.568695
71,1997,14.0542039370087,11.1152797059142,12.2412790621658,.153379541596774,25.497992
72,1997,13.0672576295842,8.145549631783579,12.7006896159317,-.0137110926964796,37.424034
72,1998,13.2285275415843,6.97354301952014,12.5881268443153,.0060915345997002,38.38961
72,1999,13.0355806864522,8.37839078853578,12.4863342543145,-.0039588012538012,37.339039
73,1995,15.1757719836623,11.0821425488778,13.1907843520561,.210345131740625,8.7241468
73,1996,15.1353405123732,11.5525787768469,13.2576148149032,.210345131740625,13.53533
73,1997,15.1552449607815,11.7449573973298,13.3429255197475,.220295462593793,12.792477
74,1997,14.3764789202557,10.7228267583338,12.8860684749336,.159290915845717,19.52825
74,1998,14.4525731220757,11.0113238357318,12.9158468281865,.236251956981846,21.792248
74,1999,14.5323756315767,10.5588809434842,12.8959379466102,.340611972306089,18.275681
75,1997,12.5058838862759,8.987196820661969,10.4335450525156,.120601903703959,8.8117542
75,1998,12.4430532555492,0,10.3076418018442,.0372202947649075,11.658107
75,1999,12.4827704861553,10.3851726865557,10.8871939127029,.0667790970064519,10.799399
76,1995,13.2953492062345,9.18296917518005,12.0044600065785,.240140790357825,21.007248
76,1996,13.3049443082246,7.41397029019044,11.9532769063641,.30779943883164,19.14852
76,1997,13.3972986621409,8.807621489536039,12.2548532858447,.30779943883164,22.680799
77,1995,14.0066923264709,6.82979373751242,12.982542763308,-.0199333377074502,31.93795
77,1996,14.0811731909067,4.36944785246702,12.8574963837211,-.0001307104112705,25.726223
77,1997,13.9750181111225,0,12.7322731674747,.0196719168849092,26.79846
78,1994,14.199853030237,7.4500795698075,13.4039468410884,.0336089845221993,24.729675
78,1995,14.0912961271977,7.91571319938212,13.2946133859986,.053411611818379,42.225037
78,1996,13.2431205036306,9.81640344562901,13.2104409191716,.0732142391145589,32.725517
79,1994,14.7428856911586,12.1504172192853,15.1735188126217,.0842856111981403,41.47702
79,1995,14.8354352650005,10.1115174660403,15.0756430192051,.161246652334269,33.773701
79,1996,14.5217164755139,0,14.9716149436828,.161246652334269,30.418768
80,1993,11.5744306661668,8.493105395887151,9.556869015861039,.000838947288278,-2.4523554
80,1994,11.7238457052656,8.012349639327789,9.65882665463454,.0496291114577102,-3.4186082
80,1995,11.6343931807795,7.10496544826984,9.639137818327431,.117287759931525,.23197725
81,1996,12.5940301160191,9.104535313079211,10.3993447056198,.129872559310038,7.060204
81,1997,12.0527107939502,0,10.3642359842675,.17866272347947,10.837681
81,1998,12.0065315929843,8.69951474821019,10.4818437791953,.15846001616195,8.2106295
82,1995,12.2591465131762,6.19236248947487,12.3610264313529,.0370770627656981,85.091476
82,1996,15.2172487854063,12.9588156836159,13.2566192325425,.0568796900618777,56.069405
82,1997,15.8493413626915,12.6399664677326,13.554026306172,.0668300209150459,36.106148
83,1997,11.0991025112991,8.69533937679971,9.86530789729396,.0994843346044652,6.8367758
83,1998,11.1930356175256,5.97635090929793,9.7807604400491,.109434665457633,2.8690524
83,1999,11.2984953981007,9.081256218564651,10.0562086395538,.109434665457633,6.021297
84,1994,16.5742016785286,13.3384049694008,15.4068644762059,-.0253233807763378,57.977482
84,1995,16.4836671144326,13.1254785203045,15.4250005490423,.205788340187049,55.012012
84,1996,16.3553976271356,12.7663710575676,15.4136169707706,.111477660715807,59.552631
85,1993,15.2121553715284,13.2073127966862,15.1631820931607,-.0932571856105009,46.538761
85,1994,15.2355269819055,12.4849611678,15.153045044456,-.0349882774865251,47.891495
85,1995,15.1795414633325,12.8558581509762,15.1683230293381,.0419727636496033,48.812473
86,1996,11.8996199048723,0,9.559221019148969,.0837488308277287,-18.41889
86,1997,12.1503968988604,0,9.45884753022589,.142017738951705,-15.701037
86,1998,12.1356216341474,0,9.35847585386294,.190807903121137,-9.5032539
87,1994,11.196732313686,9.759155181646211,9.43019853229886,.0165221380674891,-11.167975
87,1995,11.2378354565739,0,9.32672687738242,.026472468920657,-.12186236
87,1996,11.6157020793741,9.266626182986769,9.86288428409358,.0462750962168368,-.18481815
88,1997,11.2110976607224,8.1789193328484,8.860045035001489,.104886866206397,3.7733085
88,1998,11.2313323436456,0,8.76967804559256,.104886866206397,4.3093004
88,1999,11.2681128341089,8.330863613224739,9.143131622282731,.124689493502577,6.9476981
89,1997,16.6017880381349,12.3236156523819,14.298976598433,.0717067797574481,49.513428
89,1998,16.6428872169489,12.616382664746,14.3470827163469,.0816571106106163,51.829021
89,1999,16.8549152892887,12.8974257176396,14.432342193011,.101459737906796,52.674896
90,1994,12.8139254919928,6.5510803350434,8.256114100758991,-.0116599688679509,9.6931334
90,1995,12.9520963567758,0,8.154730099852619,.046608939256025,9.6369438
90,1996,12.7330046594968,0,8.053378371919599,.046608939256025,9.7655687
91,1994,16.8688283720777,11.5642077592973,14.652170593943,-.0407393075129071,62.067162
91,1995,17.0829341822041,12.7963811279758,14.668426208975,-.0209366802167274,67.246155
91,1996,17.3030603852513,13.2643836374248,14.7543903842679,.0086221220248171,72.330025
92,1993,16.785576675363,13.0794558763931,15.9318707178937,-.107671720316556,66.557816
92,1994,17.0004139941774,13.9708034423703,15.951065998724,.123440000646831,58.239067
92,1995,17.2357430246942,13.9708034423703,15.9629160052605,.26320194302199,62.324635
93,1996,15.5779621136065,11.4954333663457,13.0782802377928,.0874014925254476,49.447121
93,1997,15.2699116887404,11.044824025414,13.0681614359486,.0874014925254476,50.418362
93,1998,15.269480403495,10.9659198337495,13.0499488014149,.107204119821628,51.895927
94,1996,17.9186536564968,14.158978978404,15.7924174762778,.0724099548822028,71.986839
94,1997,17.9262436851401,14.2596269863831,15.8808433628432,.0922125821783827,72.993584
94,1998,17.9392851929739,13.7915077823816,15.8945374011686,.102162913031551,71.089165
95,1997,11.6331195719605,8.3170334764924,8.518712037385511,.251618620638777,.62834209
95,1998,11.5722592281385,3.71357206670431,8.414052432496719,.33779631687983,-.93230873
95,1999,11.472051800395,7.4301141385618,8.599473394029969,.423974013120882,-3.7801139
96,1997,16.7985770792734,13.9639771137232,15.3003983168613,.0811228755471716,74.345398
96,1998,16.9517692068762,13.8184223146832,15.3809719639664,.110681677788716,63.256805
96,1999,16.9936228534023,9.776165413960779,15.2708481693021,.130484305084896,63.256947
97,1997,16.6123029273126,12.5426341638799,14.1731053487142,.0708702911550572,15.172121
97,1998,16.6820124720739,13.3042431699682,14.3987036329129,.385681030995091,15.744803
97,1999,16.6185079248498,12.7448353689391,14.4569344043144,.424901744148372,11.615309
98,1997,12.9289851157763,10.0087930666814,10.7774697688983,.272717331983892,2.319386
98,1998,13.4221938870368,8.415160465851089,10.7975653947641,.330986240107868,7.449471
98,1999,13.7372267440176,9.52281261323518,10.9585780248872,.350788867404047,7.0766282
99,1996,16.2666762802723,13.2766129094884,13.8634226224313,-.0026498725623039,42.434277
99,1997,16.458551144856,13.7259862079193,14.3521067302121,.0269089296792404,48.509754
99,1998,16.6700942759234,14.5243809779894,14.9898224752382,.0269089296792404,45.915966
100,1995,18.9626182893588,16.3345546704876,17.0208244623136,.168484139220433,64.562943
100,1996,19.1962625882006,14.9785435483295,17.0280772379683,.0406507677105486,63.629784
100,1997,19.460676329598,14.5327740875457,16.9933175828583,.0989196758345244,67.164558
101,1997,15.9555252516623,12.6796511273694,14.7261780289006,.0621658227240233,45.640068
101,1998,16.1235416943569,12.8603334570376,14.7437925464859,.0721161535771915,46.498661
101,1999,16.3211177051096,13.6022987729745,14.6221178884037,.101674955818736,47.447083
102,1993,11.4556464955535,0,8.57934135793117,-.0331515471028817,4.3988276
102,1994,11.1460321731894,0,8.47795327807863,.071208468221361,3.8344736
102,1995,11.3515783242659,0,8.37659690106959,.119998632390793,-.74252498
103,1997,16.283467310974,14.0895456829871,15.2978657261882,.0390634605608535,24.634468
103,1998,16.476917029752,13.9919054198807,15.4220367755261,-.0017585339594016,27.772949
103,1999,16.838872850977,14.6985691692162,15.6913165243775,-.0017585339594016,28.783512
104,1996,16.4460091247302,15.6748317862373,16.4845019661368,.0677021321702302,47.965946
104,1997,16.690862915806,12.4799093111599,16.4327305651229,.0677021321702302,54.638233
104,1998,16.6664785999318,13.2780705595389,16.377117366096,.0875047594664098,53.184845
105,1994,15.3997343047877,14.3989985523626,13.4730358826981,.164578960597287,27.124046
105,1995,15.3937448850194,11.6692110072133,13.4990069740719,.113285666209737,25.714586
105,1996,15.3829870565793,11.5005289446337,13.4969667227865,-.0145477053001481,39.522335
106,1997,16.5181525426587,11.7564910595461,14.3155987614034,.0011097653786068,38.855484
106,1998,16.713715824851,11.8574367304081,14.2655162420905,-.0607656383394806,38.998051
106,1999,16.7071765467136,12.1772049544163,14.248058590322,-.133336331174316,44.845592
107,1997,15.302480883081,9.00773447187952,14.5205623466518,.0623332587744003,51.93755
107,1998,15.0354865535857,8.595449689382001,14.4216795064398,.0821358860705801,49.640144
107,1999,15.1700535607677,9.6274046159277,14.3279408735234,.10193851336676,45.931423
108,1997,11.5168432021337,0,9.508992057616551,.0388942715240837,3.1109033
108,1998,11.5250961839271,5.72031177660741,9.468217661935761,.0488446023772519,5.4584918
108,1999,11.7770792481698,9.81623978397185,10.2220758200588,.0587949332304199,8.6624336
109,1995,16.244328286957,11.3328653491899,13.8628193397141,-.0052387657066787,33.807518
109,1996,16.2780116007053,11.2582396456461,13.8361746768151,.0339819474466025,35.582951
109,1997,16.3468480319492,8.44741429680832,13.7464220747638,.0537845747427823,37.193909
110,1995,17.2786697573488,12.8013892226851,15.0196416797573,-.0069063866343664,91.198433
110,1996,16.9638361568743,12.778951517199,14.8876817755456,.0030439442188016,86.518982
110,1997,16.7355270894885,12.6836041193216,14.8865283635188,.0030439442188016,60.522202
111,1993,15.2559123581052,10.2076948285701,13.009250444821,-.0051797647721884,47.423508
111,1994,15.2671486956908,10.616951933859,12.9883386059456,.0146228625239914,46.421547
111,1995,15.2875820676853,9.897720957641789,12.9218090085093,.0344254898201712,46.169247
112,1997,12.7488979095566,8.558335134747409,9.77397094700054,.0348135475839516,4.9268608
112,1998,12.974772288445,9.42432208149801,10.1681108020361,.0836037117533837,7.1148343
112,1999,13.1151898262251,9.721425961948031,10.5220108586569,.113162513994928,9.357811
113,1997,17.7976651090564,14.5801389781203,16.9964725887283,.321776397280926,61.512909
113,1998,17.823528166634,14.8056066161995,16.9864012945025,.2164158816231,70.074333
113,1999,17.6656433429088,14.9695575535205,16.9934945192048,.236218508919279,72.259735
114,1996,10.4590215154918,7.76259604854007,8.422156974080769,.0392701829466406,-8.5524473
114,1997,10.9625700561506,0,8.310660905907231,.078490896099922,-.9293794
114,1998,10.7347641096884,0,8.199161871069711,.0982935233961017,.8420102
114,1999,10.7277578014057,5.99146454710798,8.185517433278569,.137514236549383,1.3210469
115,1996,12.096048832456,8.85366542803745,10.7008325731084,.0217997892770135,8.5416622
115,1997,11.9828820227479,0,10.6017864402357,.0513585915185579,8.287322
115,1998,11.9068593100099,8.366835309827669,10.597546817021,.0513585915185579,3.3919597
115,1999,11.8964995045107,7.99023818572036,10.5643516985009,.10014875568799,10.407652
116,1996,15.5364114542766,10.0647557001323,12.0214380156441,.0295996466346921,36.839622
116,1997,15.1263874526669,9.980448593672261,12.0207383550081,.0688203597879733,33.587704
116,1998,15.5546699247817,12.0844811167619,12.6018351687603,.0886229870841532,38.53899
116,1999,15.6861524771834,10.4968143978139,12.5921255501169,.0886229870841532,44.233273
117,1996,14.3279080407187,9.474856166396121,13.1686192854386,.0313049986356128,30.224604
117,1997,14.2880261094241,11.6332120308446,13.231453449612,.0800951628050447,31.342812
117,1998,14.3093517115902,11.4328210887286,13.2530299954779,.0998977901012245,31.173635
117,1999,14.8737865485609,11.2829461026467,13.2519242479282,.129456592342769,32.261738
118,1996,16.1321982680154,13.6126719587404,14.9228556379051,.0812254759910984,39.074154
118,1997,16.2103436325637,13.1868262706822,14.9661291984008,.12044618914438,40.097637
118,1998,16.1981674661712,13.1460779508947,14.99703199598,.159666902297661,39.411087
118,1999,16.1471424401022,13.2417220599658,15.0357996251568,.169617233150829,39.054268
119,1996,16.7250690970627,14.0959217615961,16.6901210346465,.031086005405544,59.165195
119,1997,16.7047823919066,14.8882517232042,16.7249351414284,.0508886327017237,61.029415
119,1998,16.6971369254561,13.4192405450956,16.6485094025465,.0706912599979035,61.233154
119,1999,16.6719925291971,13.8916620122141,16.595654393327,.0806415908510718,68.309196
120,1995,10.8724053644385,7.41818082272679,9.116194514085951,.0482569907960616,4.9240856
120,1996,11.0996779911348,9.9446294958673,10.1669243185912,.087477703949343,4.9048328
120,1997,11.0894494282084,8.35279013512463,10.2000822889381,.117036506190888,6.2592692
120,1998,11.3298585380011,9.579625472629591,10.4989502368319,.136839133487067,7.9060192
121,1995,15.3034774815251,9.10164095505284,14.2969261350241,.0285055342592659,26.211515
121,1996,15.2964122640505,9.27284557732758,14.2048949279459,.038455865112434,24.227022
121,1997,15.4696938372132,8.96162256954254,13.2543042057519,.0284055292589325,40.752102
121,1998,15.4873167233092,11.2336083088501,13.2745674209068,-.088128286997019,27.324417
122,1996,11.8220429767124,7.11232744471091,9.607349831636689,-.0208053592442672,12.793967
122,1997,11.9083857124784,8.271036865792951,9.718747072504859,.0745048205600577,16.298573
122,1998,12.0793411049937,6.69950034016168,9.652715834104439,.0943074478562376,20.273918
122,1999,12.14937427164,8.07961802938984,9.717302542207451,.123866250097782,16.862946
123,1996,11.501559636136,0,10.463828791554,.0110166425048239,3.8572295
123,1997,11.5797985968503,9.462576597493671,10.6406635801638,.0110166425048239,7.9210744
123,1998,11.6123959045006,9.580454602781421,10.8009807118773,.020966973357992,6.7615914
123,1999,11.7887506119901,0,10.6757577872487,.0309173042111601,9.206212
124,1996,11.8456198977449,0,8.76422512957895,.0204344704396633,-.54243493
124,1997,11.8896432171749,10.2312433396166,10.2854247029134,.0692246346090953,.01265551
124,1998,12.0169101553645,9.55506418479516,10.5563828885095,.118014798778527,2.4482405
124,1999,12.0312585631508,4.74493212836325,10.4600959657071,.157235511931809,2.0839996
125,1994,13.9419960172749,8.22657347497711,11.7324890157227,-.0357807372808379,-2.6441638
125,1995,14.615988560964,10.2685819531676,12.3404759079657,-.0357807372808379,29.341558
125,1996,14.5589546124736,9.13658618338752,12.2729763361978,.0595294425234872,12.41671
125,1997,14.5527957325853,9.56766510475641,12.2286630500287,.108319606692919,13.748237
126,1996,15.9703827790015,13.4394809435246,14.1783421010933,.0840303105326755,25.754831
126,1997,16.0649255559337,11.7170818963717,14.1258438436948,.0739799746791741,32.812565
126,1998,16.0263139014339,12.9590582565862,14.2557363841145,.0639296388256726,37.438538
126,1999,16.0356714829267,12.2207099949329,14.2414990792917,.0437269315081531,29.878407
127,1996,14.1206979007976,9.992779660014889,13.4988529877825,.0856203713208598,29.008348
127,1997,14.3464928772478,10.8696726006841,13.464144354835,.095570702174028,28.136599
127,1998,14.3752832126398,10.6513359638662,13.4184542962026,.095570702174028,28.856249
127,1999,14.4684523061384,11.1353332727761,13.4084612957463,.095570702174028,28.818317
128,1995,11.2743294722163,5.82008293035236,8.67051495635989,-.0417242920892479,3.185394
128,1996,11.5025650290646,0,8.560367616800031,-.0025035789359666,5.2087941
128,1997,11.7398639832989,8.827028068509151,9.254165851516211,.0928066008683583,6.102324
128,1998,11.8369485344555,0,9.144008243285841,.112609228164538,5.3456602
129,1994,15.6495234964306,11.6227211307931,13.5592235296321,-.0248501523029776,26.789818
129,1995,15.9604437122699,9.64859530290734,13.5039100398442,.0047086499385667,27.812546
129,1996,15.5919031754712,12.3842188309136,13.6925960915078,.0047086499385667,35.096756
129,1997,15.7812791815785,0,13.6175557156764,.259350868312148,39.165913
130,1995,17.5322910517047,13.9315142337206,16.1718483480342,.125591175398307,45.47987
130,1996,17.7137479192997,13.7642172635767,16.1312581637613,.0847691808780523,50.538002
130,1997,17.7446525289862,13.7610543721682,16.1516074550256,.0747188450245508,52.740726
130,1998,17.800507316846,14.9549448411526,16.2803444409717,.0646685091710494,54.783939
131,1996,16.9281810659861,13.6060233330975,15.9863204980987,-.0137799136279365,66.372513
131,1997,17.0934486742579,13.6921320216521,15.9766689436306,.0157788886136078,71.178566
131,1998,17.1304791290791,13.7245152556723,15.970181457096,.0453376908551523,73.077873
131,1999,17.1863739820296,13.407509236384,15.9391702088332,.0748964930966965,72.858223
132,1996,13.6117638568712,10.6689553946757,11.7597449170765,.211815883276124,12.810271
132,1997,13.7275664724342,10.375520371583,11.8604407873628,.231618510572304,13.86969
132,1998,13.7253136785347,10.8556665279728,12.0444309781842,.308579551708432,18.697977
132,1999,13.7878182014934,9.52879410309472,12.0050342157954,.366848459832408,20.164854
133,1996,15.0986289331828,10.2553057214135,12.4651750574747,.0407558471965653,45.791286
133,1997,14.9793735092135,11.6928608437712,12.7235134407226,.0605584744927451,46.588398
133,1998,15.5949343290018,10.1697672187275,12.6921083219689,.0705088053459133,53.013981
133,1999,15.1162865802685,10.6311810768487,12.7021277198327,.100067607587458,48.003563
134,1996,11.6736920481008,8.1605182474775,8.109585790236039,.0067761861611999,6.0979586
134,1997,11.8179723918414,8.039157390473241,8.63387339695675,.111136201485443,6.4088426
134,1998,12.1308661728097,7.65349490966125,8.83223748062383,.111136201485443,11.454842
134,1999,12.6567729442389,8.51719319141624,9.242749477174121,.111136201485443,10.552044
135,1995,16.7579472416658,13.0639203741267,14.6549300078738,.0174381767891313,55.427036
135,1996,16.8695409602632,13.7410789949992,14.7173175449747,-.002764530528388,69.028961
135,1997,16.7920732178059,12.9527605930181,14.7524208382656,.0170380967677919,68.755432
135,1998,16.9542207096287,12.5075503688787,14.7378721846089,.0465968990093363,63.342392
136,1996,16.8710627823365,12.9054975796956,14.6245145646741,.0564940923966097,43.354191
136,1997,16.6847973863776,13.0538853733504,14.7186090942156,.0762967196927893,53.745247
136,1998,16.6409981970233,12.2356217389867,14.7114678801022,.0862470505459573,46.935139
136,1999,16.8508312218702,12.6582495690603,14.7409235948044,.0961973813991254,51.064171
137,1996,14.1391763092899,0,12.7607812701527,.0519350515448527,28.405451
137,1997,13.9738651187145,0,12.6450337786548,.0717376788410324,24.546631
137,1998,14.3378974121077,0,12.5292859410216,.0816880096942004,26.560558
137,1999,14.5652633190567,0,12.4135383389784,.10149063699038,31.263281
138,1994,12.7423809436892,8.661639795781269,8.792898831857419,.0392344657067917,5.4035292
138,1995,12.9572685484133,8.38320455141292,9.17972651335835,.0784551788600732,14.322328
138,1996,11.9568005403955,8.53973715585113,9.963655599549909,.127245343029505,11.536502
138,1997,11.6941835361838,7.69302574841789,9.940113556186461,.127245343029505,9.3443556
139,1996,14.4645541655165,7.50823877467866,11.8213553061666,.0446381514145652,14.243963
139,1997,14.5113341315295,10.1370961536981,11.8811814885761,.0644407787107451,15.033082
139,1998,14.5333600576569,10.4786391748584,11.9869429030968,.0543904428572436,15.644986
139,1999,14.7088156491768,9.615805480084351,11.9693631160307,.083949245098788,16.339722
140,1995,11.7261435725378,8.781862489558939,10.3432091493224,.0339132435989961,12.541678
140,1996,11.8537883537595,8.242756345714479,10.3585805690461,.0634720458405404,9.9200354
140,1997,11.8830651196971,7.88532923927319,10.3403091987408,.0930308480820849,8.0952263
140,1998,11.8344179981657,8.118505067587099,10.3420714616061,.112833475378265,11.288736
141,1994,15.3375734197868,9.952277716705559,12.0705862001778,.0910990050362817,20.588778
141,1995,15.2704714643112,10.896035374127,12.2207513837851,.0910990050362817,22.147911
141,1996,15.3090491948302,10.4458118433615,12.2562004860401,.120657807277826,22.305956
141,1997,15.3389362401524,8.413608875159669,12.1606295735927,.120657807277826,25.304291
142,1996,15.2855324635699,10.1510895426827,12.7555613269885,.0591080622643313,40.84494
142,1997,15.5452789462479,11.9260147682312,12.9969516168809,.078910689560511,42.535179
142,1998,15.7101105754203,12.0571549165679,13.2059919558439,.078910689560511,44.346161
142,1999,15.848224892456,11.4397524402323,13.2514986211107,.0987133168566906,47.124733
143,1996,12.486102255452,8.891649112650059,9.615892142995669,.0511176917563622,12.293283
143,1997,12.5810023548529,6.50578406012823,9.555467900400711,.0903384049096435,12.91735
143,1998,12.7208140417259,8.931684110731711,9.859070562088011,.129559118062925,12.015927
143,1999,12.7171263889332,7.18159194461187,9.819361101053341,.168779831216206,18.276287
144,1996,16.0057413794591,12.3134685883001,13.4500456668097,.0355245523223481,20.750572
144,1997,16.0331272674854,11.2852466448543,13.4517348920348,.0747452654756295,24.547632
144,1998,15.9060968093987,11.2384886192685,13.4482750470162,.0945478927718092,22.724228
144,1999,15.89243442949,7.49776170062257,13.3503067511189,.124106695013354,24.945637
145,1996,14.2490404985373,10.6466384463312,12.3881333349679,-.0038059131783284,33.522507
145,1997,14.2727189741026,10.1993237892438,12.3866172077374,.0257528890632162,31.175615
145,1998,14.3795059315018,10.4959300289744,12.4168399257763,.0257528890632162,32.533451
145,1999,14.3483086957828,10.5338280448033,12.4471771292612,.0257528890632162,34.238239
146,1996,11.6131497411362,8.878915376576479,11.0956099169445,.113322970281244,1.8456632
146,1997,11.6861438429886,0,11.0060138381816,.152543683434526,1.7296379
146,1998,11.7424681387954,0,10.9164166726642,.18210248567607,3.6671851
146,1999,11.6658723998942,7.92226105835325,10.8716000391381,.221323198829351,4.0870395
147,1996,12.0172104808752,0,10.0459155031684,.101415184048551,5.2847729
147,1997,12.0677573543037,6.10924758276437,9.948661662846661,.140635897201833,4.0299578
147,1998,12.3223673976654,0,9.83302753388636,.160438524498012,4.9605832
147,1999,12.2633350892732,5.63835466933375,9.73144102634992,.189997326739557,8.1012478
148,1995,14.6757957162716,0,14.5341559289886,-.0722090274417911,3.919466
148,1996,14.4703642128274,0,14.4416019183129,-.0045503789679761,-7.0012665
148,1997,15.7704766200962,12.6515209965047,14.4932184639439,-.0453723734882313,-9.5208635
148,1998,15.7949319795227,12.2394832433744,14.4932120659013,-.0453723734882313,-20.586803
149,1996,11.8424695117234,7.11476944836646,9.383873422737061,.0612814425239498,12.087357
149,1997,11.9509414809994,7.25770767716004,9.394435355319279,.0612814425239498,11.074
149,1998,12.053967150676,9.483111831692209,9.998447671076161,.0612814425239498,14.410446
149,1999,12.1812107677984,8.18952211074809,10.0439796630562,.0612814425239498,16.118492
150,1995,13.1542112786596,7.18311170174328,9.37669344175505,.0139796553187479,1.4084477
150,1996,13.0086496404898,4.90527477843843,9.287106949761091,.0435384575602925,5.364356
150,1997,13.2521231306807,5.605802066296,9.21004032696718,.0633410848564722,5.4825063
150,1998,13.3903958697169,0,9.109668845804491,.0831437121526519,5.1889076
150,1999,13.5548816285839,0,9.00928849276162,.102946339448832,7.6793904
151,1995,14.1592405665647,0,13.2702694573822,.0088950928118272,36.313713
151,1996,14.0024430494166,0,13.1601197497029,.0384538950533715,29.666788
151,1997,14.1016104296802,0,13.0499700881874,.0384538950533715,35.097221
151,1998,14.2441895112456,0,12.9398203560889,.0384538950533715,32.683823
151,1999,14.306520458134,0,12.8296703711679,.0384538950533715,33.757736
152,1995,16.5506238757267,13.793421378499,15.0763105429452,.0668306262330413,59.902088
152,1996,16.5236590500254,13.345918044199,15.132036184193,.0963894284745857,60.93877
152,1997,16.7995686302196,14.2118474638456,15.3493271506347,.12594823071613,62.524937
152,1998,17.1097475736429,14.4331644996391,15.5660988918684,.12594823071613,64.641518
152,1999,17.311253200311,14.8220890602511,15.830487975739,.12594823071613,66.318184
153,1995,15.3719658340201,9.691345759329691,12.7441501407733,.0720221424429156,20.012909
153,1996,15.3978485411494,10.9364940841062,12.7750722672559,.429696586714731,19.619156
153,1997,15.4965419857061,12.3907248176624,13.1584877634189,.534056602038974,25.280916
153,1998,15.3044649008572,11.230177864628,13.1714942454324,.118541158077308,29.38703
153,1999,14.9855911177012,0,13.055746751836,.15776187123059,27.844515
154,1995,11.7936136652512,7.9291264873068,8.794521851788531,.0027984341662856,6.4331799
154,1996,11.9700060425593,0,8.70074732161274,.0610673422902617,7.2928624
154,1997,12.3431777149199,10.5342804913491,10.5266011416765,.100288055443543,12.824704
154,1998,12.7321425778692,10.9340172695544,11.3039313367604,.120090682739723,1.6995528
154,1999,12.8999388883783,10.784358339179,11.6459683633008,.159311395893004,2.674428
155,1995,11.2666542488895,8.01002752848173,8.89604050162011,-.0034540094334378,1.8805426
155,1996,11.3299617071293,6.87832646829133,8.914411050936319,.0261047928081065,3.4790869
155,1997,11.32443227557,6.49978704065585,8.89442342050962,.0360551236612748,1.5675578
155,1998,11.3505553283238,7.24992553671799,8.95932447056027,.0558577509574545,4.0021691
155,1999,11.3346649530727,7.9976631270201,9.161549207806249,.0756603782536343,3.8957791
156,1995,14.602260690998,0,12.3951248340523,.0176491907582761,34.660839
156,1996,14.526059127172,0,12.2809477162457,.0472079929998207,27.838591
156,1997,14.6657397662757,0,12.1667708490897,.0670106202960003,24.239771
156,1998,14.2887682757438,0,12.0525933236251,.0868132475921801,30.707289
156,1999,14.4091356977209,0,11.9384167048074,.10661587488836,31.242701
157,1995,16.5581761137477,13.8579098678683,15.0658760548199,.0447243980426354,53.333054
157,1996,16.776636270697,13.3211847275174,15.0981975324639,.034674062189134,57.203011
157,1997,17.0082068922204,13.1425561246722,15.1009947570685,.0446243930423022,54.006817
157,1998,17.1732043555456,13.9507466218109,15.2403015239805,.0244216857247828,60.472061
157,1999,17.1762549252611,13.3367793539943,15.2478924105121,.0042189784072633,65.2668
158,1995,15.9075564808445,12.1976018695956,14.0337228505835,.0612396308503253,46.635612
158,1996,16.024550337609,12.9612387695059,14.2158539725634,.0612396308503253,51.177555
158,1997,16.0213492230739,12.7322114222018,14.3071259613265,.0612396308503253,52.573502
158,1998,15.9249800343744,12.1987307597243,14.3132484497773,.0511892949968238,58.590275
158,1999,15.8244559731725,11.5504909628564,14.267106806105,.061139625849992,50.449474
159,1995,11.0190457230407,7.9973268229981,9.107033302110249,-.0902518957770281,1.6095055
159,1996,11.3012986737837,7.28619171470238,9.13626316857987,-.0510311826237468,1.645424
159,1997,11.2728529154348,8.025516386489009,9.292979705496981,.0533288327004962,1.8863721
159,1998,11.3725001597614,8.19533366716287,9.45141028169051,.139506528941548,3.6979144
159,1999,11.4389150948909,8.740336742730451,9.71488430718397,.252835214248552,4.3212104
160,1995,15.0037623517325,12.2649969991802,13.9857579309586,.001628085412197,37.772472
160,1996,14.9036014698763,12.2019893200925,14.0118219655228,.0311868876537416,37.016438
160,1997,14.8972940955993,11.1394966700615,13.939468092111,.0411372185069097,41.593086
160,1998,14.8062216257261,11.8010849234552,13.9207961808177,.0609398458030895,42.424519
160,1999,14.7935168216781,11.6924932335676,13.8927679440748,.0807424730992693,41.751438
161,1995,11.6696607662131,8.206583614320749,8.56342771175577,.0181082390729806,11.895196
161,1996,11.4970011203308,8.006367567650249,8.8963143241848,.047667041314525,15.057441
161,1997,11.5996507205635,0,8.79494613279013,.0772258435560695,15.909136
161,1998,11.6738784470146,0,8.693580508722,.0970284708522493,18.632277
161,1999,11.8482386092501,0,8.59220789522168,.126587273093794,17.267427
162,1995,13.0651546823252,9.387481868728599,11.6794140051279,.065770850855125,20.033922
162,1996,13.0125408335046,9.84686428959504,11.7118279617264,.0953296530966694,21.517071
162,1997,13.0381361314582,9.28859686994195,11.682149117495,.134550366249951,21.259596
162,1998,13.2084413805127,11.1504911102775,12.0117139319757,.114347658932431,23.397488
162,1999,13.2357202392091,10.8650957591007,12.1612949207485,.124297989785599,24.437292
163,1995,15.5301246016535,0,15.136102067043,.217970457193829,31.20476
163,1996,15.4871106819443,13.3829630088994,15.1824024017333,-.017751876327241,45.711098
163,1997,15.9713930433552,14.5490676481492,15.4812482712913,.0020507509689388,40.827019
163,1998,16.0452125448919,14.6984033354743,15.7426636015464,-.0387712435513164,40.122898
163,1999,16.3801301802837,13.5491084523775,15.746073931085,.0834463891729327,42.863285
164,1995,15.3366914115037,11.6712958009417,13.9628992556057,.0273232253045446,42.265404
164,1996,15.3016913975416,12.4883036378035,14.0511998019379,.0665439384578257,43.663342
164,1997,15.4225299672323,12.6919342448769,14.1587099734356,.0863465657540055,44.916382
164,1998,15.5643015411132,13.6016673738474,14.4795349057342,.106149193050185,46.684387
164,1999,15.7030008235421,12.7045908426741,14.516559834562,.125951820346365,45.203983
165,1995,15.0807009086258,11.8913619006905,13.2936563422305,.085179959252117,43.815945
165,1996,15.1752009084101,11.3496062153017,13.3119529580089,.114738761493661,45.005737
165,1997,15.366962446452,11.4367353266122,13.3371664837035,.134541388789841,45.993919
165,1998,15.4565957555697,10.645948569649,13.288787063408,.134541388789841,54.296631
165,1999,15.5159268944424,12.9560797231561,13.6910414074751,.154344016086021,47.823921
166,1995,14.4779582580089,8.796943893541741,12.4415348102103,-.0196381709925507,-.82024455
166,1996,14.442064905489,8.89192414015454,12.3680482024278,.000164456303629,6.0195184
166,1997,14.4049926777146,8.836228571526011,12.2946927694589,.0393851694569103,7.9051318
166,1998,14.2134389731569,6.51025834052315,12.1971777025592,.0976540775808861,12.990994
166,1999,14.185229489294,7.58426481838906,12.105935685542,.136874790734167,17.11965
167,1995,16.8936971713765,13.1579061814881,15.2059362981728,.130253111272341,72.706833
167,1996,16.9141356693428,13.5261484083062,15.2603276864926,.0359424318011001,76.775322
167,1997,16.923870818216,14.102479626289,15.4105001543599,.112903472937229,78.336189
167,1998,16.9514767886875,14.6178560304887,15.6550409737232,.08244426545252,76.627083
167,1999,16.7541889158253,15.2551461400379,16.0311024301675,-.0568178018809877,73.652
168,1990,13.5035734971547,11.0526345145783,11.6891534938756,-.235295376289841,17.176661
168,1991,13.5014695323542,9.700759185964509,11.7154392790271,-.177026468165865,17.455805
168,1992,13.4723762580601,10.4516089610458,11.864500928633,-.128236303996433,25.755148
168,1993,13.3666928451251,8.69951474821019,11.7960443920922,-.0699673958724573,23.485531
168,1994,13.3904207216471,8.10591119798651,11.7097578946146,-.0211772317030252,24.186083
168,1995,13.5806873068578,9.19248185367487,11.6744956945946,.0276129324664069,30.376822
168,1996,13.4931483652403,10.1644277265449,11.755130192303,.0571717347079513,30.12097
168,1997,13.7881436384875,7.97143099776935,11.6649372876439,.0769743620041312,28.745384
168,1998,14.004600158685,9.39307850865535,11.6460664063786,.106533164245676,30.479168
168,1999,13.9475020705576,9.25894004181225,11.6169827317681,.26353691305534,33.125183
169,1990,15.0025883315082,13.0103138735957,12.8540864676492,-.0655216883244236,19.87122
169,1991,14.9345141569026,11.6837562550487,13.0323421663141,-.0755720241779251,25.077915
169,1992,14.9415845301072,10.9522441095193,13.0456555362104,-.0755720241779251,30.552423
169,1993,14.7056720607533,10.6764389507947,13.0283660554249,-.0755720241779251,31.953882
169,1994,14.7653715998598,10.4573726657626,12.9933848049475,-.0079133757041104,34.626259
169,1995,14.9086826491233,11.3715462154587,13.060272418541,.0503555324198654,37.650475
169,1996,14.8924145384542,11.8814291724221,13.2083269222762,.040305196566364,40.191746
169,1997,14.8723600250398,12.1078035925749,13.3716615744564,.0502555274195322,42.505974
169,1998,15.2583479948847,11.492528861305,13.4769341290825,.0602058582727001,46.028782
169,1999,15.1414972640529,10.9768162206697,13.4406082139786,.08000848556888,48.414928
170,1990,15.7606879009331,13.0110160878357,13.8028831669811,-.156503800703455,25.859091
170,1991,15.3072934528262,11.9465957087175,13.8522196581181,-.12694499846191,31.002808
170,1992,14.9672375465794,11.1762632102967,13.8160817947775,-.0877242853086291,33.630665
170,1993,14.8683138047481,11.2189570078757,13.7861429194498,-.0485035721553478,41.698277
170,1994,15.0961321699181,11.2393698098533,13.7564465178066,-.0092828590020666,34.828011
170,1995,15.4860733739187,11.5025316357862,13.7485963103554,.0299378541512148,38.115517
170,1996,15.6067031796454,11.2025341450917,13.7157408291363,.0594966563927591,40.287971
170,1997,15.5802284070671,11.7937339684788,13.7390106504897,.0792992836889388,41.729305
170,1998,15.718488968597,12.0613069552627,13.7947896551822,.0991019109851187,45.466309
170,1999,15.6454331734842,13.5132669795136,14.2195631355875,.118904538281298,46.145752
171,1990,13.1125851470948,11.792827350103,12.9357759346433,-.0875775556692946,12.131593
171,1991,13.5033353872989,11.9977622864548,13.1735624473529,-.0677749283731149,15.067582
171,1992,13.8607009735219,11.745718311732,13.2839160802554,-.0578245975199469,14.920436
171,1993,13.8188213966345,12.3680426744096,13.5178122231526,.0191364436161815,19.439285
171,1994,14.2068926265362,11.7604493850098,13.5651297936835,.0191364436161815,20.856405
171,1995,14.1124908248048,10.4889938415787,13.4938674837938,.0290867744693497,23.266027
171,1996,14.2359167143758,10.6818257041518,13.4343679939796,.0488894017655294,27.124916
171,1997,14.4541749439086,12.5182485303251,13.6409604848114,.0488894017655294,25.757816
171,1998,14.7418468205498,11.8074739098393,13.6659116862558,.018430194280821,28.000181
171,1999,14.700366032492,12.9799884240877,13.937310581378,.018430194280821,26.876534
172,1990,16.2280131186798,12.9631308066153,12.5244354634253,-.164246597338304,35.266972
172,1991,16.1464268280768,12.906309633902,13.3595185459269,-.125025884185022,39.455585
172,1992,16.2771405605755,13.4237205184214,13.9990548668921,-.0954670819434781,43.837013
172,1993,15.8330594093836,11.7629679735931,13.4189123226934,-.0185060408073497,40.913437
172,1994,15.8057428757545,12.462442053623,13.635716683887,.0012965864888302,39.155094
172,1995,15.810440406661,12.3913107783118,13.7700027061092,.0689552349626451,43.249161
172,1996,15.8885130019692,12.7315730658295,13.9476092122092,.0887578622588247,47.869217
172,1997,15.9943196000107,12.7673869901012,14.0881086622166,.0887578622588247,48.105068
172,1998,16.1047822666699,13.1997521048474,14.3007621563097,.0582986547741162,51.265965
172,1999,16.1057750903872,12.8055957240575,14.3760279964335,.0582986547741162,52.391022
173,1990,11.665807205942,7.48773376143644,10.627454875436,-.201899113391787,5.830544
173,1991,11.6032567476996,7.61775957660851,10.5677953470127,-.182096486095607,11.501277
173,1992,11.7183148950612,8.553525120663631,10.5878033509862,-.105135444959479,10.58983
173,1993,11.7628308688506,7.28824440102012,10.5140137044077,-.0755766427179344,11.969716
173,1994,11.9741476029929,9.39623885726048,10.6909557875135,-.0267864785485024,12.480445
173,1995,12.1821657728764,9.715771471424871,10.8944589496868,.0220036856209298,12.932698
173,1996,12.3439626732347,10.2876609251767,11.2034557563952,.0612243987742111,17.575758
173,1997,12.4352056270938,10.3492305071429,11.4305216387154,.100445111927492,17.970604
173,1998,12.56345968267,8.770594329891139,11.3827871664285,.139665825080774,20.054672
173,1999,12.5002424810476,10.2756026809627,11.5405017207403,.188455989250206,19.73348
174,1990,12.2739128324899,0,11.2257366042029,-.146720557972133,15.442044
174,1991,12.1415309386828,0,11.0998207492305,-.126917930675954,17.107616
174,1992,12.2135913530891,7.68156036255954,11.0083403287937,-.0876972175226724,18.158146
174,1993,12.2132344565547,0,10.8824412978824,-.0484765043693911,21.984701
174,1994,12.3058566167845,0,10.7565402506057,-.0092557912161098,21.761929
174,1995,12.3917486293202,7.24422751560335,10.6599146500236,.0203030110254345,25.469406
174,1996,12.5231719296827,10.2831903094209,11.0453205564921,.049861813266979,25.679834
174,1997,12.4408675342741,0,10.9194172632484,.0696644405631587,25.750435
174,1998,12.6040678826156,8.9782822032724,10.9219467107677,.10888515371644,26.858601
174,1999,12.6073095699551,0,10.7960428136135,.12868778101262,29.632748
175,1990,11.2128217858109,10.7212609672345,11.5818543344091,-.138314168610707,-8.6466799
175,1991,11.2293249937863,9.768812649209529,11.6342506641959,-.108755366369162,-1.7122381
175,1992,11.5168654816817,9.203718495667299,11.6102663088527,-.0599652021997302,-5.6225324
175,1993,11.5648277039776,7.24422751560335,11.5107090104487,-.0304063999581858,1.6588131
175,1994,11.7401348487053,7.32909373624659,11.4228311588161,-.0008475977166414,4.0775981
175,1995,12.0459377779341,8.85366542803745,11.3903543597819,.0383731154366401,5.3104267
175,1996,12.0573319474328,8.92478936053336,11.3560494080076,.0383731154366401,6.6661916
175,1997,12.1174749270381,6.90274273715859,11.2543010983584,.0679319176781844,8.3425713
175,1998,12.1709469612083,10.7715119830008,11.5999010079845,.0679319176781844,11.074585
175,1999,12.3410793232189,10.8736981263997,11.860627976757,.097490719919729,18.097225
176,1990,11.8377319965685,8.17723488551019,10.026943356463,-.21314128150007,1.5298811
176,1991,11.7445976497174,8.509564164251749,10.1413660099506,-.145482633026255,.67704481
176,1992,11.7865225859136,7.34536484041687,10.1079659893411,-.106261919872974,-10.144439
176,1993,11.8652622028457,7.02908756414966,10.0592640528578,-.057471755703542,1.9872661
176,1994,11.8523763604715,8.56541176368671,10.1680263740167,-.0279129534619976,5.0541506
176,1995,12.0017300515703,7.63964228785801,10.1474841596454,.0016458487795469,7.4479122
176,1996,12.0106572765008,7.26822302115957,10.1043527745313,.0504360129489788,6.1387649
176,1997,11.8212260250685,7.94093976232779,10.111253471806,.0992261771184108,3.0319026
176,1998,11.76448471391,6.95749737087695,10.0552553956616,.148016341287843,7.2139521
176,1999,11.9120277930151,8.50451313825886,10.1387809940962,.177575143529387,5.8962784
177,1990,13.4387476225792,8.18227973925902,11.5774483609857,-.253618543170306,3.1737893
177,1991,13.5647204235553,7.87131120332341,11.4934245521537,-.224059740928762,5.3272982
177,1992,13.6532942636589,9.6782793713397,11.5413710264299,-.18483902777548,9.4736176
177,1993,13.4438899680156,8.8446246833853,11.4989969114723,-.136048863606048,14.980714
177,1994,13.6080427077732,9.31892568238962,11.4980666170335,-.0407386838017233,15.698051
177,1995,13.6559140143165,9.883080742758469,11.5660689966127,.07259000150528,14.73158
177,1996,13.5518123270228,9.580178302441199,11.5758166925645,.121380165674712,16.030663
177,1997,13.6704713565533,11.1615223149606,11.9509074554307,.170170329844144,19.764227
177,1998,13.6933732261696,10.4421131511598,12.0296122783563,.160119993990642,23.377523
177,1999,13.7254353500038,11.055182367295,12.2212759868167,.179922621286822,17.330322
178,1990,14.448068225779,11.6655607113938,13.6288062107605,-.0790170665358672,-4.4097729
178,1991,14.5523894487752,10.6415602964491,13.5773715090693,-.162398675474918,6.5748672
178,1992,14.5701452543123,12.4209743257424,13.7577274078408,-.15244834462175,5.1155477
178,1993,14.7575893675364,13.0711795507092,14.072617333719,-.0847896961479352,8.5745096
178,1994,14.9674136784671,12.4698397716808,14.1544982709774,.0013880000931172,7.9587336
178,1995,14.9465713794974,12.7268139460835,14.2605219672418,.0501781642625492,10.396856
178,1996,14.8842722308959,12.8887729469773,14.3727621820368,.0893988774158304,15.408904
178,1997,15.057482006006,11.6416352523155,14.3281476400485,.0993492082689984,12.121275
178,1998,15.0176689743151,12.6849802663278,14.3901592970261,.089298872415497,13.885355
178,1999,15.0011600716753,11.6505634141375,14.3443365977836,.0992492032686651,13.827705
179,1990,11.835912960484,8.69951474821019,10.0515626706015,-.0891394745872746,1.1895199
179,1991,11.7736362211342,6.2709884318583,9.95030911361072,-.0891394745872746,1.4655889
179,1992,11.8899012783892,8.41183267575841,10.0309656609476,-.0791891437341066,1.0676283
179,1993,12.0194476703769,8.00936307663004,10.0360365878056,-.0692388128809385,1.7814184
179,1994,12.2899212116817,8.04269949689764,10.042344737916,.0440898724260648,1.688889
179,1995,12.3331381273261,10.0499660189149,10.6114125020085,.0928800365954968,4.585886
179,1996,12.1853238500477,9.312806703520669,10.7209762150497,.0520580420752417,3.3023922
179,1997,12.2448117424478,9.41531995266272,10.8264003103192,.0318553347577221,1.4342045
179,1998,12.3469584414688,10.3506063092444,11.1662828852949,.0418056656108902,6.0531836
179,1999,12.2946499468923,9.58314453784479,11.2182899398698,.0418056656108902,8.6405363
180,1990,12.0791242612808,0,9.65713934357732,-.0993655818975625,15.933512
180,1991,12.1329575343653,7.45587668749182,9.653640618387371,-.0993655818975625,20.39892
180,1992,11.9376544513538,9.21034037197618,10.055461579458,-.0505754177281305,16.878891
180,1993,11.8900695903321,0,9.93857956200233,.0263856234079979,11.841799
180,1994,11.9806663213879,0,9.82170249451808,.0263856234079979,2.4848499
180,1995,12.1985729147224,10.0748324186165,10.5252300269012,.0263856234079979,17.949959
180,1996,12.2096083784531,9.700697947102309,10.7609153598935,.0263856234079979,11.823437
180,1997,12.3237222392739,9.408289184655841,10.8640592497874,.0263856234079979,18.809946
180,1998,12.4526442750835,9.666942095531731,10.9985686137529,.0263856234079979,23.930725
180,1999,12.6002525919943,7.66199755890189,10.9145683289677,.0751757875774299,25.816656
181,1990,12.866366525133,7.40671073017764,11.1496142639928,-.306912463179953,13.701301
181,1991,12.7088562195822,6.06842558824411,11.0394518221852,-.229951422043825,15.152531
181,1992,12.8065663476609,10.0530706740756,11.2554375915582,-.190730708890543,17.531965
181,1993,12.7604808806401,7.82963038915019,11.1720605948451,-.0954205290862185,20.982012
181,1994,12.9226975963129,10.0878902755339,11.3535251968007,-.0184594879500902,15.913269
181,1995,13.057918016238,9.87302834505142,11.4392552431437,.0491991605237247,21.910755
181,1996,13.0928172316039,0,11.3223834122955,.11685780899754,25.624899
181,1997,13.0161994657682,8.58223158759546,11.2651472056391,.146416611239084,25.324343
181,1998,13.0598393839685,10.0026992026071,11.385499964815,.175975413480629,23.553602
181,1999,13.0279020132093,0,11.2686284994579,.205534215722173,23.865017
182,1990,13.5983689588457,8.006367567650249,11.1119851047335,-.203129820051149,4.8840451
182,1991,13.7072233637578,8.294049640102029,11.0494127242549,-.154339655881717,16.186655
182,1992,13.7623992456674,7.00306545878646,10.9420330845854,-.115118942728436,19.793287
182,1993,14.0203633689051,5.77765232322266,10.8221534614427,-.0663287785590037,22.814852
182,1994,14.254592785301,7.96032362914884,10.7538478616937,.0198489176820486,26.851137
182,1995,14.1903136338965,7.30854279753919,10.6592197849543,.0396515449782283,24.651606
182,1996,14.1671365178014,10.8948857568971,11.3359364647896,.0692103472197729,20.272179
182,1997,14.3527230028688,8.656955133791399,11.2738684636957,.0890129745159526,23.648052
182,1998,14.2722877516725,10.4364659809433,11.4938527312369,.108815601812132,21.36665
182,1999,14.2492829529095,9.379829949954759,11.4763652096584,.148036314965414,19.461948
183,1990,11.6981921805233,0,9.58781744354418,0,.066536218
183,1991,11.7128413301651,0,9.47097236770138,0,-.60613757
183,1992,12.1776514115125,0,9.354102996591511,0,-.12296721
183,1993,12.3172807804873,0,9.237215965981539,0,4.2237277
183,1994,12.4620659441391,0,9.120382841152409,0,4.8267422
183,1995,12.6484534771781,0,9.00351298514691,0,9.671073
183,1996,12.967788007409,0,8.88664417310568,0,9.806325
183,1997,13.098546332821,9.39266192877014,9.717061584157079,0,7.1567435
183,1998,13.2724122276476,0,9.600190870785349,0,11.799915
183,1999,13.3412839444591,0,9.48331735259327,0,8.2955313
184,1990,12.5686477510787,0,9.615938804529581,-.34182715013968,-4.2683897
184,1991,12.5106342721183,8.674367865788239,9.85186788910652,-.246516970335355,-1.9649464
184,1992,12.5855594935653,8.006367567650249,9.88967763304383,-.15120679053103,2.3372655
184,1993,12.4800990062529,8.32142158689788,9.970187797963201,-.102416626361598,-1.6023619
184,1994,12.6762206372765,6.85751406254539,9.8980628654909,-.0071064465572728,-5.9362769
184,1995,12.7519170038977,7.90248743716286,9.90710101610596,.0605522019165422,-3.8190093
184,1996,12.8835212304152,6.62804137617953,9.82589351109757,.109342366085974,2.5546186
184,1997,12.7256993748539,0,9.70902256179548,.138901168327519,4.0597882
184,1998,11.9733764104787,0,9.59215465797511,.1781218814808,2.8348053
184,1999,12.123384688708,8.236950048061461,9.69230345105707,.207680683722344,2.4613364
185,1990,12.324087160454,9.521274996238111,10.8220357344515,-.274384266938721,.081165008
185,1991,12.3359220437652,0,10.7316572010151,-.244825464697177,1.9691509
185,1992,12.2710816561545,6.74523634948436,10.660257209793,-.244825464697177,.95388275
185,1993,12.161146909806,0,10.5698979701532,-.244825464697177,1.0152643
185,1994,12.2753842600857,8.344267356262639,10.5822036034411,.0098167536764039,7.015183
185,1995,12.4677789264055,9.305650551780509,10.7294289790948,.0867777948125323,5.4565105
185,1996,12.3619778667435,0,10.6390666310261,.172955491053585,6.7467718
185,1997,12.5175449235046,9.43659906619054,10.7943804732258,.172955491053585,7.0529079
185,1998,12.4581775042459,11.0064404073027,11.4643841698303,.172955491053585,8.5105581
185,1999,12.557559702187,10.6213273456864,11.7061267885447,.202514293295129,8.8469601
186,1990,13.1588032988912,8.70748291785937,11.082127164144,-.289943298324277,5.4788351
186,1991,13.1893381825776,8.966228514225779,11.0841774002397,-.212982257188148,11.197021
186,1992,13.2374809443075,9.49439085819391,11.1591876320663,-.145323608714333,23.83914
186,1993,12.5884968909113,9.977806216778429,10.9263376811229,-.0870547005903575,13.831982
186,1994,12.650633294815,10.7918519489694,11.4496096626739,-.0100936594542292,17.8613
186,1995,12.5978247287683,9.631219406136699,11.479770875628,.0668673816818993,20.473129
186,1996,12.5508059733404,9.64594663699633,11.5046301538161,.115657545851331,20.485222
186,1997,12.5887068513277,10.4032320062913,11.6612782264484,.145216348092876,21.765083
186,1998,12.6568338609971,10.1529224378044,11.7330099420844,.145216348092876,22.60054
186,1999,12.5344069971473,10.6481117606037,11.8894834251307,.155166678946044,23.439692
187,1990,15.1055607755115,12.2118608614408,14.4702526126892,.0043048798733271,21.721447
187,1991,15.2760632932374,11.6699292137799,14.4472580195226,.0241075071695068,31.069614
187,1992,15.3420404808948,13.7068111410409,14.7605732972011,-.0271857872180437,31.000221
187,1993,15.5622537388617,13.142362063911,14.8588805722946,-.0271857872180437,36.043579
187,1994,15.7957639796954,12.5296043708757,14.8664950716268,-.0271857872180437,37.882217
187,1995,15.8798865111067,13.5463230681487,15.0089990838124,-.0073831599218641,39.135628
187,1996,16.2083607741182,14.1033768634441,15.2443742980386,.0124194673743157,43.002899
187,1997,16.9260518229664,14.2484377734027,15.4525194341198,.0322220946704953,44.01112
187,1998,16.9934218064057,15.394285737049,15.9906330402536,.0322220946704953,46.222977
187,1999,16.9258825966266,13.7576526053865,15.9988399314352,-.0190711997170553,48.534657
188,1990,11.5099555591627,6.68461172766793,8.77353938355817,-.011928570865274,-30.585707
188,1991,10.1324811967348,6.89770494312864,8.82453082152646,-.011928570865274,-11.212005
188,1992,9.730709737584309,0,8.724207360800561,-.011928570865274,-13.069757
188,1993,9.280952820129411,0,8.62387483400145,-.011928570865274,-28.302908
188,1994,9.133211431031381,0,8.523334296172999,-.011928570865274,-28.464674
188,1995,8.862372310841479,0,8.422948443837379,-.011928570865274,-39.631428
188,1996,9.00626213138916,0,8.322588504908451,-.011928570865274,-28.897058
188,1997,8.89849830697155,0,8.22220449044868,.0272921422880073,-32.569424
188,1998,8.99792772844528,0,8.12183681745636,.0272921422880073,-34.557461
188,1999,9.039630565678889,0,8.021453205068291,.0272921422880073,-32.300045
189,1990,11.4257319528665,7.37775890822787,9.90708108804626,-.191301605307567,-11.608251
189,1991,11.4065721095946,9.067393362656251,10.1835594912362,-.123642956833752,6.9980288
189,1992,11.4358074670727,6.74405918631135,10.1130594238202,-.0940841545922071,6.594738
189,1993,11.4070987350025,7.15383380157884,10.0617725315018,-.0452939904227751,7.4455547
189,1994,11.3969448686481,7.76641689801966,10.0555904227461,.0316670507133534,13.163627
189,1995,11.4661277983244,6.83410873881384,9.99023389440705,.0416173815665215,14.470081
189,1996,11.4168235298578,0,9.88676348161867,.0614200088627011,6.5808425
189,1997,11.2806939202639,6.63068338564237,9.81884427846702,.081222636158881,5.9231539
189,1998,11.2774117377252,5.29831736654804,9.725478682724439,.091172967012049,6.1910915
189,1999,11.2844424815015,7.66152708135852,9.733298103204721,.101123297865217,9.7485313
190,1990,12.9000197886597,0,9.20633235057864,-.249645745112728,14.51444
190,1991,12.9877699293605,8.57130251706327,9.552141243315461,-.181987096638914,13.774628
190,1992,12.4739387527229,0,9.448648359810161,-.123718188514938,21.49659
190,1993,12.9531104945625,8.987196820661969,9.84673729068494,-.0844974753616565,19.904013
190,1994,13.0025023670785,9.083869707922229,10.1305474250435,-.0168388268878416,23.117224
190,1995,12.9976610121826,9.16083495207234,10.3413811278636,.0319513372815906,26.010496
190,1996,13.0192824322113,8.444837529224101,10.3713670524156,.0807415014510226,23.96855
190,1997,13.1024175245636,10.5928525898006,11.0435232548358,.119962214604304,25.193653
190,1998,13.0656820142443,9.534089150464361,11.1276496740899,.149521016845848,19.33568
190,1999,13.1372346401056,9.34320904505061,11.1688677310714,.179079819087393,25.416241
191,1990,14.2090269104681,10.1654671276355,12.1641563024289,-.127265174963708,.72340912
191,1991,13.8724599186651,8.294049640102029,12.0708930382029,-.11731484411054,7.2939191
191,1992,13.6780360546483,0,11.955290646912,-.107364513257372,15.386353
191,1993,13.5214971992146,7.79358680337158,11.8561207653521,-.0681438001040911,14.320266
191,1994,13.5103213252761,9.75045291636707,11.8582979763782,-.0193536359346589,5.9196825
191,1995,13.529927852223,8.80642406385787,11.7889612317162,.0198670772186226,9.3621635
191,1996,13.4626819552055,10.795465099828,11.979218468351,.0396697045148022,11.834398
191,1997,13.5966687367668,10.2050355472245,12.0135352846481,.0692285067563467,12.403938
191,1998,13.7404434177135,10.0364875539974,12.0220187891714,.108449219909628,11.900973
191,1999,13.7298884529413,10.0022916215947,12.0249128136724,.15723938407906,19.914927
192,1990,12.3764059500401,8.15765701519647,11.7626018857824,-.205081819861746,1.4427513
192,1991,12.514024613105,5.96100533962327,11.6623604720411,-.128120778725618,2.4583814
192,1992,12.5169325826221,9.16523839806376,11.641404867757,-.0511597375894894,2.7076325
192,1993,12.5343135087298,6.97541392745595,11.5476109093217,-.021600935347945,4.3871574
192,1994,12.5351129537953,9.65175160685782,11.5859203178365,.0079578668935995,6.9532104
192,1995,12.394156268925,9.11569996782206,11.5615927644492,.0471785800468808,7.4527054
192,1996,12.2990581982243,9.139273923542319,11.5391388717861,.057128910900049,13.762707
192,1997,12.3454161630736,10.4689718016059,11.7148674429193,.067079241753217,13.948753
192,1998,12.3629742556339,8.933927891782631,11.6676445546506,.0868818690493968,13.869893
192,1999,12.442213713811,6.7696419768525,11.571066062976,.0968321999025648,14.807555
193,1990,12.6467120745107,8.7662383802531,9.58596463807333,-.126748210423512,7.3701177
193,1991,12.4983045125167,9.539859923169541,10.1806002150448,-.126748210423512,.69949836
193,1992,12.7269429719338,0,10.0649684434582,-.0779580462540796,9.930418
193,1993,12.8957325225092,0,9.94935917619218,-.0779580462540796,13.127926
193,1994,12.8278797387325,7.96311205897929,9.965480649328111,-.0102993977802647,17.682077
193,1995,12.480107239415,8.290041618704491,10.019232958078,.0666616433558636,16.60597
193,1996,12.4209285282655,6.59850902861452,9.93458885383448,.0666616433558636,15.630445
193,1997,12.6269244687512,7.54960916515453,9.902872363346059,.0666616433558636,14.334293
193,1998,12.5114996015047,8.824383730256059,10.0659294790693,.0864642706520432,9.8324251
193,1999,12.6399558935168,10.6819864001956,10.9575155698545,.0964146015052115,11.067014
194,1990,13.5213773854169,9.585071320714491,10.965556873023,-.170894460904249,9.2816076
194,1991,13.5847387035168,10.4631033404715,11.3539613859683,-.131673747750967,11.121662
194,1992,13.3651356460502,9.77741399528076,11.4359526237645,-.0924530345976859,13.330459
194,1993,13.2449150269026,9.615805480084351,11.4767395820576,-.0726504073015061,14.574091
194,1994,13.3707415301432,8.99961934066053,11.4436975658665,-.0334296941482247,17.117882
194,1995,13.4309641286449,8.961879012677681,11.4071470842412,.0342289543255902,17.955059
194,1996,13.2906411103747,9.41735454136051,11.4150921046215,.0637877565671347,18.540174
194,1997,13.3720623270055,9.90063348355322,11.4892125223465,.0933465588086791,19.581123
194,1998,13.2919451290025,10.6517619187214,11.7163788306665,.113149186104859,20.533106
194,1999,13.3236109080677,9.381516717665139,11.6876272314239,.142707988346403,21.132553
195,1990,15.5107865020522,11.5195137147137,14.8171445095604,-.055085839163163,32.983543
195,1991,15.518621999647,13.508812828474,14.9752872756679,-.045135508309995,39.213844
195,1992,15.5209058218237,11.9432847913612,14.9302205144594,-.045135508309995,45.377708
195,1993,15.3577438781838,12.7427940602161,14.9451442357301,-.045135508309995,50.914089
195,1994,15.5407126994025,13.2094104204246,15.0143937019152,-.0059147951567136,51.56089
195,1995,15.6804059837789,12.9616945002098,15.03737769937,.013887832139466,46.089783
195,1996,15.6328711811857,14.4468238233072,15.3635944839102,.0336904594356458,49.557533
195,1997,15.7105520237506,13.2929530506555,15.3807334343511,.0436407902888138,53.725658
195,1998,15.5961098638377,13.7522693283134,15.4536918334636,.0634434175849936,50.526978
195,1999,15.7858313952397,12.8676027320185,15.4268062636314,.0329842101002852,55.287159
196,1990,15.5999616944303,11.946699403492,14.7850398310061,-.340116591183116,51.415009
196,1991,15.7320317775134,12.2764612092521,14.7821781183994,-.300895878029834,57.815083
196,1992,15.9087466637509,12.3223478783563,14.7812909045734,-.252105713860402,61.586716
196,1993,15.9347913661651,11.7990363036805,14.7465076591259,-.222546911618858,64.521408
196,1994,15.9219582586768,11.8573942155101,14.7155025033165,-.0236960528736926,62.163155
196,1995,15.9781288098736,11.646546853545,14.674065349262,.0624816433673598,65.438713
196,1996,15.9656568028103,12.314478519374,14.6736885007272,.139442684503488,62.733589
196,1997,15.9695922696495,12.052315221701,14.653654650158,.178663397656769,63.004986
196,1998,16.0676620318544,12.2806140951475,14.6507028550811,.246322046130585,70.065987
196,1999,16.0255851441791,11.8836679947974,14.6214279643503,.266124673426764,69.820442
197,1990,14.4083414117281,10.7157058277371,12.0725583956159,-.252589399505473,11.299592
197,1991,14.3960997299288,11.0768980512794,12.3038107845455,-.194320491381497,21.938372
197,1992,14.2350618440546,11.3307558966254,12.5346804671195,-.126661842907682,23.787647
197,1993,14.163352984216,11.2333306027011,12.679820817716,-.0971030406661376,30.028639
197,1994,14.3060575053495,11.6619831977315,12.8894025438856,-.0201419995300093,30.379051
197,1995,14.3404064267523,10.934159986529,12.9161750209426,.0381269085939665,33.977829
197,1996,14.4276321509876,10.1807025356381,12.8741245574447,.105785557067782,34.482265
197,1997,14.4840106996021,10.66225860253,12.8700227084328,.135344359309326,34.352924
197,1998,14.6511290786481,11.2931013980664,12.9443016944504,.145294690162494,39.153282
197,1999,14.7731730431066,11.8893873498076,13.1218920663547,.165097317458674,40.303947
198,1990,16.5929977219452,12.604563489901,13.6634438717797,-.0012519872023896,24.526922
198,1991,16.7529282701975,12.9072574377726,13.9589163750958,-.0113023230558911,31.181234
198,1992,16.9188904777848,13.263862939678,14.2670773942373,-.0213526589093926,38.411278
198,1993,16.7201046041669,13.2097201947226,14.4612692315742,-.0015500316132128,45.020805
198,1994,16.8482314810406,13.0523035083064,14.5694110108883,-.0217527389307323,47.961266
198,1995,17.2311091272152,13.2581731724976,14.5649259673782,.017467974222549,54.9786
198,1996,17.2223230224694,13.8487102967602,14.8347996217357,.0372706015187286,56.232632
198,1997,17.7568470404254,13.9565126006623,15.1917218049157,.0170678942012092,62.459347
198,1998,17.9308878720269,14.6790521994518,15.5245055647357,.0070175583477079,59.012321
198,1999,18.0517886431957,14.358314966073,15.6647480880879,-.0234416491370007,60.795204
199,1990,15.7619558941057,11.59659543233,13.0175871354698,-.0876391724161916,42.426449
199,1991,15.8046629273822,10.4452302789368,12.9813254813464,-.0580803701746472,36.578522
199,1992,15.8721176087636,10.7150842132956,12.969670134999,-.0382777428784675,42.487942
199,1993,15.8630731526455,10.7091595239379,12.9574634980466,-.0087189406369231,46.901073
199,1994,15.9467057540842,10.1849754808246,12.9039187687466,.0208398616046212,43.942226
199,1995,15.9981403572615,11.0346154328809,12.9297284198553,.0307901924577893,48.803406
199,1996,16.0667217738835,9.94975071700577,12.86173756096,.0105874851402699,49.428566
199,1997,15.9211109724752,10.556879877314,12.8366130379544,.0303901124364496,50.686489
199,1998,15.9155857549354,10.1348770127042,12.7823418494942,.0403404432896176,49.158222
199,1999,16.0687959230329,10.3682587665417,12.9796007073458,.0502907741427858,49.16925
200,1990,13.9135968727972,11.0348896640272,10.6352061970712,-.145053872932352,19.220797
200,1991,13.7985073019412,10.6689553946757,11.2740056197897,-.0867849648083762,23.543446
200,1992,13.8605720610302,11.0877575245862,11.7916808125055,-.127606959328631,27.527746
200,1993,13.7608402063462,10.7313404359484,11.9894372451834,-.127606959328631,31.770155
200,1994,13.6018980515436,9.779340559793249,11.9857445022328,.012154983046527,31.636936
200,1995,13.844943676987,9.10308918122921,11.9293502953147,.0513756961998084,29.102968
200,1996,13.9030536659886,10.5624831501652,12.0378876944058,.0711783234959882,31.608185
200,1997,14.3316526769708,10.0756325028785,12.0527874244188,.0711783234959882,35.95499
200,1998,14.1459521266153,10.0582666063237,12.0632825228415,.090980950792168,32.97155
200,1999,14.0587869509223,11.2467308741599,12.2987753378828,.1397711149616,33.834015
201,1990,16.1364836642965,13.2979959460475,15.2118270295393,-.160730478067,35.14032
201,1991,16.3147336963004,13.0080742310022,15.2527133144076,-.160730478067,35.73579
201,1992,16.2978601994688,12.8428716721362,15.2723593939669,-.121509764913719,44.351173
201,1993,16.2923003395636,13.0306295946612,15.3059977357468,-.101707137617539,48.844738
201,1994,16.3253716697248,12.2240206128308,15.2828802626365,-.0340484891437244,48.803516
201,1995,16.3509205227085,13.1402032955327,15.3204151236531,.079280196163279,49.355675
201,1996,16.2781951405156,0,15.2534202553607,.108838998404823,47.697475
201,1997,16.3484453991189,14.4156615793079,15.5170118030765,.128641625701003,54.868729
201,1998,16.465339626459,14.1977882367918,15.6656450932034,.118591289847502,59.525677
201,1999,16.7632382757145,13.6303224966691,15.7091175344556,.0777692953272464,61.215824
202,1990,14.4392142379277,10.2303061999863,12.0098995982455,-.14700462935064,28.957758
202,1991,14.4747918639811,11.5435031654344,12.4219119859258,-.0982144651812084,28.572906
202,1992,14.5559246641243,9.802561633946169,12.3946889322098,-.118417172498728,32.331211
202,1993,14.5183808730605,11.1737255115097,12.5595986367172,-.118417172498728,35.144806
202,1994,14.6574841230396,9.62032856881193,12.5113320770867,-.0050884871917246,36.702457
202,1995,14.7482699216343,9.540291391607131,12.4595203523091,.0437016769777076,40.580421
202,1996,14.7474120768788,9.4425625872236,12.4045226042535,.0635043042738873,42.860153
202,1997,14.7771445033067,10.0299880361455,12.387683533192,.083306931570067,45.155392
202,1998,14.8956776822306,10.9584613841744,12.4885290881301,.103109558866247,46.701645
202,1999,15.0781501704059,10.2693798855245,12.4839073918236,.142330272019528,27.253685
203,1990,15.763391055156,12.6690925703818,14.5515112680791,-.171557571971607,23.79607
203,1991,15.7377144218332,11.9786072685669,14.526038563073,-.122767407802175,36.124435
203,1992,15.7299947312154,11.4546075556457,14.4693380004681,-.0739772436327431,34.983677
203,1993,15.6517548563781,10.8473934514433,14.3925687109756,-.0941799509502624,36.356499
203,1994,15.7393447279243,11.0800480492517,14.3248367581564,-.0453897867808304,43.195839
203,1995,15.7483797863357,11.4837540876699,14.2761231667886,.0034003773886016,41.72044
203,1996,15.785458773304,11.1110439281934,14.2114851061751,.042621090541883,45.642475
203,1997,15.7755107342804,11.8537098196041,14.1926425816651,.091411254711315,48.397076
203,1998,15.6912131059649,11.6012110298376,14.1562493939774,.130631967864596,51.436523
203,1999,15.5815273114931,11.0998615589867,14.0949549688572,.179422132034029,53.282295
204,1990,12.4026151812945,7.60090245954208,9.00270100719794,-.177645474381949,3.4480736
204,1991,12.4329965536393,7.60837447438078,9.136478523377731,-.119376566257973,8.7280779
204,1992,12.4682781744138,8.006367567650249,9.325292738399281,-.0705864020885408,3.8232248
204,1993,12.3084301071351,0,9.22489395298369,-.0217962379191087,5.3968778
204,1994,12.4583045423183,0,9.124477426196011,.0174244752341727,3.5594218
204,1995,12.4311312975373,0,9.02314294743544,.0372271025303524,4.0005765
204,1996,12.4333085034302,10.2337620513684,10.353275719281,.0570297298265321,3.2342992
204,1997,12.5785959256362,9.32259705432185,10.5398924091493,.0669800606797001,6.6776299
204,1998,12.7007452339969,8.915969311373599,10.6067805893874,.0769303915328682,7.8821673
204,1999,12.6470147426351,8.53817159780143,10.6157999023571,.0967330188290479,8.9920759
205,1990,11.7773082672035,9.638414622945209,8.53188474015923,-.058460053978971,-2.1222694
205,1991,11.7799017238994,4.02535169073515,8.453038596569529,-.0485097231258031,3.2157145
205,1992,11.9889048052247,8.845633256340189,9.28981676547796,-.199332612860387,6.2891402
205,1993,11.961663513844,8.33038156934942,9.52928125714319,-.293643292331628,10.764322
205,1994,11.9981804058242,8.03592636989179,9.64168113244453,.0064613001187101,12.220718
205,1995,12.1379118083328,9.568853625188559,10.1898725341292,.0834223412548384,9.0762749
205,1996,12.1658920691133,7.40245152081824,10.1557160074119,.0834223412548384,13.622032
205,1997,12.3123318997693,6.289715570909,10.0845791866185,.112981143496383,13.713006
205,1998,12.4649812594016,9.91398228962877,10.5690810941702,.112981143496383,14.00679
205,1999,12.5255698755121,7.44307837434852,10.5181027586902,.112981143496383,16.396332
206,1990,12.0700103094217,8.39434736141739,10.0479341569012,-.235316539149859,6.0677595
206,1991,12.5693317399424,0,9.93611929834948,-.235316539149859,6.4205465
206,1992,12.5540148756655,5.4553211153577,9.836155800625811,-.235316539149859,4.7764192
206,1993,12.4947185707604,7.38585107812521,9.810390422130549,-.167657890676045,8.0037651
206,1994,12.7161274550253,9.325453179076691,10.1869733328565,-.0454402579517953,13.261101
206,1995,12.6240552381886,9.07073341758977,10.3540279968686,.102979747166478,10.167882
206,1996,12.4641740263781,6.77878489768518,10.2687138293846,.0929294113129762,15.907337
206,1997,12.5286764950411,7.59488438721652,10.2201724474586,.132150124466258,13.564894
206,1998,12.5774562995808,7.57660976697304,10.1731443921899,.171370837619539,15.950437
206,1999,12.5026437034323,8.51418868239594,10.225118050565,.257548533860591,20.816885
207,1990,11.7177416181016,8.27461194620955,9.72256501665588,-.229887615115779,6.054018
207,1991,11.792153940298,10.3937532623368,10.7459939521872,-.171618706991803,11.847084
207,1992,11.7615909009947,0,10.6345107926077,-.0854410107507504,15.091621
207,1993,11.7842835929153,6.57088296233958,10.5407466884659,-.0271721026267746,15.577463
207,1994,11.9606692567994,9.483568487457809,10.7332198957151,.0023866996147698,15.826056
207,1995,11.9790242924523,6.84268328223842,10.6415937582918,.041607412768051,15.893498
207,1996,11.9679464906414,7.7367436824535,10.5812799494614,.0614100400642306,15.858873
207,1997,12.0239466760865,7.62217459481762,10.5177213874531,.0812126673604105,17.24773
207,1998,12.1015467667688,0,10.4062306001088,.110771469601955,17.36784
207,1999,11.9330791630512,8.35537989525363,10.4082759891057,.149992182755236,14.059535
208,1990,15.1200338856146,11.8694103908567,13.7505655542238,-.48208079527039,24.443331
208,1991,15.1546007881063,9.973526543316099,13.6819567650889,-.308127488146952,30.184404
208,1992,14.7503222893928,10.4452302789368,13.6292123045834,-.203767472822709,32.351856
208,1993,14.9022406001543,10.0422489945777,13.5645567360856,-.0994074574984661,37.433022
208,1994,15.0224846252203,10.1394683526518,13.5041313805732,.031620804907938,39.221035
208,1995,15.0589374149969,10.3358542138418,13.4513118096315,.162649067314342,40.584103
208,1996,15.0697368112918,11.28370096209,13.4610354782632,.152598731460841,42.661167
208,1997,15.1974389290584,12.1103378756002,13.5841145485948,.162549062314009,46.628277
208,1998,15.4079832557346,13.0907117066405,13.9386743800783,.172499393167177,48.476227
208,1999,15.5072227624725,12.3681277174627,14.0206770051006,.172499393167177,49.833363
209,1990,14.3547789861306,10.8130960076464,12.6343195987853,-.127813275307958,10.773608
209,1991,14.4326875689119,9.74384682996523,12.5784996222115,-.0695443671839819,9.8509073
209,1992,14.5139413819416,12.5769394075337,13.1843809110215,-.011275459060006,16.066401
209,1993,14.5306599224148,8.906528917594519,13.0845877795687,.0279452540932753,16.890081
209,1994,13.9706136248972,9.445096238618561,12.9969804102908,.0279452540932753,20.891335
209,1995,14.0541257369529,9.528430400599349,12.9130189290277,.0279452540932753,23.668627
209,1996,14.0689203092558,11.1934086689984,12.9577582733569,.0279452540932753,26.146914
209,1997,14.2178044051177,10.6455677442053,12.9334362115338,.0279452540932753,27.069502
209,1998,14.1990912092879,11.0412083685778,12.952246479842,.0279452540932753,29.323046
209,1999,14.4649615409447,11.4885303081355,13.0343429824363,.0279452540932753,30.395397
210,1990,13.8243360418161,10.4487146030195,10.5674118744192,-.24093160981246,8.8797522
210,1991,13.7517183452321,8.768263145371289,10.6181589168788,-.173272961338646,9.6794577
210,1992,13.7485542475609,8.67470962929122,10.64513676052,-.11500405321467,10.431521
210,1993,13.631954343652,9.403601868808471,10.7949260090745,-.0473454047408549,14.121017
210,1994,13.7741999042405,10.0711183939201,11.084498233611,.0479647750634701,16.919617
210,1995,13.7831274856877,9.45477563742468,11.1470151488202,.152324790387713,16.889196
210,1996,13.8317749239319,9.12314716027381,11.1527458152902,.0357909741317613,18.197872
210,1997,14.0353254723203,11.3934434869282,11.8306050783551,.0653497763733058,18.310629
210,1998,14.0284529914407,9.23092700558457,11.7845010210844,.0851524036694853,17.553406
210,1999,14.0665918156437,9.194617411510951,11.7385978161731,.11471120591103,17.640902
211,1990,15.3462743394782,11.8716413248225,14.169547625765,-.247447545712544,28.261497
211,1991,15.256095624914,12.0248624709222,14.1782259814175,-.227644918416365,33.289726
211,1992,15.3179705565104,12.1801854447033,14.2014223396982,-.237695254269866,37.686581
211,1993,15.1584513832397,11.9670219944901,14.1968509238798,-.188905090100434,46.621838
211,1994,15.3239424768692,12.2660664802069,14.2247940998994,-.0491431477252753,40.23624
211,1995,15.3784737231206,12.1969461252519,14.2360181583517,.0730744849989737,39.192509
211,1996,15.4139554718352,12.6830084416897,14.3103928800474,.140733133472789,45.003769
211,1997,15.43130615135,13.0951607172787,14.447454024066,.17995384662607,42.17952
211,1998,15.4158727665182,12.3980020653009,14.4515731278431,.189904177479238,43.294857
211,1999,15.3005372619794,11.8924229813808,14.4111595116899,.199854508332406,47.19416
212,1990,13.2920944225415,9.746131741759919,11.7354608313775,-.155761946749385,8.9953461
212,1991,13.4998979572692,10.0788264539022,11.8122475291029,-.145811615896217,12.161424
212,1992,13.4968739141252,10.3272181594511,11.9158119178697,-.116252813654673,17.855652
212,1993,13.5346080744114,10.8846105124118,12.1211229599753,-.0964501863584932,17.748222
212,1994,13.661836349429,10.3734911817819,12.1746578269554,-.0011400065541682,16.780388
212,1995,13.8672532974827,10.8552033416285,12.2972524890453,.112188678752835,18.302799
212,1996,14.0186240631926,10.2920777434194,12.3083760429604,.102138342899334,22.435122
212,1997,14.1979609648883,11.4449998808723,12.5337805156216,.0920880070458324,24.313847
212,1998,14.4268138941063,10.906469610189,12.5930645023302,.0920880070458324,24.249376
212,1999,14.5456731125391,11.7790901908346,12.8290736111868,.0616287995611237,24.596344
213,1990,12.4610653852667,7.56475701290573,11.5444241320296,-.050089656606136,8.8716955
213,1991,12.3512358586513,8.613593685702551,11.5096190046501,-.050089656606136,8.2599049
213,1992,12.3368759782229,10.1808162129084,11.6613084004359,-.050089656606136,7.0243607
213,1993,12.3908527206621,9.7553934942914,11.7127856502395,-.0302870293099563,10.522799
213,1994,12.5936560748458,9.481664377815139,11.7252304911034,-.0007282270684118,11.183265
213,1995,12.5610044256738,10.3913310999102,11.8612112178427,.0288305751731326,12.429247
213,1996,12.6051227800618,10.1492923863934,11.9280675992605,.0288305751731326,15.541122
213,1997,12.7739238708466,9.32053916427426,11.9045160995052,.0288305751731326,13.634953
213,1998,13.0293900060593,10.2265488343895,11.9735830557414,.0288305751731326,14.468135
213,1999,13.2021003173235,9.833547804331451,11.9861750703307,.058389377414677,19.859821
214,1990,11.9575660762248,0,10.4178668545014,-.165569019643004,-3.4420414
214,1991,12.0622405550806,7.64969262371151,10.3794204439139,-.116778855473572,1.1913018
214,1992,11.9315718185214,10.0097826313537,10.8194702369685,-.06798869130414,8.3560658
214,1993,11.9587014198959,6.76503897678054,10.7337627750162,-.0481860640079603,8.7608089
214,1994,11.9004256630901,9.10497985631836,10.8109353002224,-.0089653508546791,10.682116
214,1995,11.9099386922285,0,10.7074625259197,.0302553622986022,10.405594
214,1996,11.8671317020228,0,10.6039876341413,.0598141645401467,12.21393
214,1997,11.832581536736,0,10.5005147254697,.0796167918363266,13.179514
214,1998,11.8492534880399,7.94307271727793,10.4668961387102,.0895671226894947,10.295572
214,1999,11.9021755359579,8.87416809036397,10.5361838461869,.109369749985674,10.370914
215,1990,13.3006523632539,9.324739912284681,11.5885708261641,-.0869114034671105,5.6295471
215,1991,13.2783904128906,9.444621667700851,11.5958510899644,-.0381212392976783,13.660846
215,1992,13.1303300112398,9.45774717542607,11.6011029950723,-.0381212392976783,14.569178
215,1993,12.9963644679905,9.4678467019179,11.6056459307216,-.0999966430157658,14.634709
215,1994,12.8472962949044,7.90875473878325,11.5188637981167,.0133320422912374,17.983541
215,1995,12.7402639575721,7.45529848568329,11.4237772611368,.0428908445327817,19.836384
215,1996,12.6289630146278,8.66198593631778,11.3707891560164,.05284117538595,19.610615
215,1997,12.5331466209857,8.71440336070394,11.3233279021266,.05284117538595,20.300734
215,1998,12.6122141789107,8.04076899436758,11.2462244102072,.0427908395324484,19.566765
215,1999,12.4672296884726,8.632662441222349,11.2006692395781,.0427908395324484,16.040277
216,1990,14.031564742849,0,12.538959892319,-.217742102802988,24.155087
216,1991,14.0707389331965,10.2035921449865,12.5264764739723,-.140781061666859,23.294624
216,1992,13.8820777185582,13.543680837073,13.7792125854403,-.0825121535428834,31.370186
216,1993,14.0095159524352,13.3978534282907,14.2047759564664,-.0337219893734514,35.283348
216,1994,14.3551086369218,0,14.0929504579813,-.004163187131907,35.850426
216,1995,14.5079818087945,9.185535253057211,13.9883577073022,.0350575260213744,36.643753
216,1996,14.3866342008337,9.778887584302799,13.8906801806533,.0646163282629189,37.517246
216,1997,14.291616145598,6.21060007702465,13.779291806412,.0844189555590986,39.393188
216,1998,14.1582448962084,9.341894811716481,13.6785379368132,.104221582855278,40.813412
216,1999,14.3491573734198,8.849227021438519,13.5741574647193,.133780385096823,41.679161
217,1990,13.223659638402,6.53233429222235,11.4778370022977,-.165165821016671,15.825477
217,1991,13.424941804228,6.80793494369993,11.4134531354253,-.106896912892696,15.432396
217,1992,13.239791631928,9.030615441029489,11.4288958200142,-.0486280047687197,18.903198
217,1993,13.0042837714016,8.721602344674199,11.4196033077389,-.0190692025271753,18.984724
217,1994,12.9284240617335,9.60817645291986,11.4947665859793,.010489599714369,15.705067
217,1995,12.893490032152,8.919051803930291,11.4901858690007,.0400484019559136,18.50662
217,1996,12.9511922576608,8.87416809036397,11.4814440857614,.0499987328090817,21.599852
217,1997,12.8519011334679,9.25922576970599,11.5016076595498,.0499987328090817,18.593323
217,1998,12.9203910071797,10.63974211413,11.3141708215962,.0698013601052613,20.605043
217,1999,12.888391272445,9.6900467766833,11.372901038149,.0896039874014412,19.163013
218,1990,16.1079558809877,13.0136305151056,14.7967995802659,-.195921600827084,47.185364
218,1991,15.9863683582468,13.0755421735597,14.8864543463105,-.137652692703108,49.118675
218,1992,15.8589307884106,13.7452500977117,15.0865618144453,-.0984319795498269,54.732197
218,1993,15.6487726849341,13.5641449855184,15.2038742265898,-.0214709384136985,55.402534
218,1994,15.8337339209081,12.4909470301127,15.1849193315875,.0177497747395829,56.207294
218,1995,15.9072149498783,12.9735361693902,15.201750767618,.0277001055927511,58.657917
218,1996,15.8954659092017,13.4650264114333,15.2710884849821,.0572589078342954,62.617882
218,1997,15.9751740547727,13.4221034589842,15.323513705554,.0770615351304752,57.242905
218,1998,16.1699767292687,13.4423272404268,15.3714130432561,.0968641624266549,58.028419
218,1999,16.1774360399555,13.0143794235398,15.3713635838971,.126422964668199,58.511673
219,1990,12.3082252957851,10.0051412062626,9.26832622117484,-.070878240293675,2.5539284
219,1991,12.4951637744008,8.866158492284921,9.69804884146536,-.14344893312851,2.8740065
219,1992,12.6906658734873,10.2162158335924,10.6035532449043,-.123646305832331,4.4267211
219,1993,12.5434041741537,10.3235456629472,11.0707128627796,-.0748561416628985,11.678585
219,1994,12.8260852023997,10.0024727892205,11.2576821859959,.0021048994732297,12.331651
219,1995,13.0421286270283,10.0531567770548,11.4015871176259,.0508950636426618,15.027666
219,1996,13.274646126872,10.313110670793,11.5673492542415,.0508950636426618,18.190166
219,1997,13.4804124270953,9.488880786510681,11.5646456182406,.0804538658842064,21.161913
219,1998,13.6984024321291,11.3387744383016,12.0110481469231,.0904041967373744,22.388645
219,1999,13.7161053803926,9.89485035914046,12.0028395588347,.100354527590543,26.259844
220,1990,12.9363183081339,7.97728198675515,9.17243079890296,-.193881987133479,14.42812
220,1991,12.8871975472344,7.70975686445416,9.28060310351613,-.135613079009503,17.786306
220,1992,12.857624355431,6.63725803128446,9.2388500804219,-.0773441708855274,20.25699
220,1993,12.5302874166109,7.26961674960817,9.26016809293546,-.0285540067160955,20.236397
220,1994,12.7653788617437,8.090708716084,9.42205081366393,.010666706437186,20.445213
220,1995,12.8744787748266,8.47031120551611,9.629925324245029,.0402255086787303,13.115376
220,1996,12.8214159298514,8.63533171943328,9.82021463334231,.0697843109202748,17.669025
220,1997,12.9448601736805,8.645938147306801,9.963989813925661,.0797346417734429,18.185991
220,1998,12.9821621719006,8.71686338654481,10.0906764114402,.0896849726266109,18.139187
220,1999,12.9058597537319,8.645234541297119,10.1766091336565,.0996353034797792,21.475023
221,1990,13.5409913663414,6.39692965521615,11.4917018285186,-.078808872174446,5.9877782
221,1991,13.8764332070027,10.7057805753568,11.7719171255204,-.0888592080279474,15.645931
221,1992,14.0535205753109,10.5627676635845,11.9242904677546,-.0690565807317677,17.471361
221,1993,13.830837840672,10.2055531838552,11.9731179974193,-.0202664165623356,22.466223
221,1994,14.0334818388208,10.56421484184,12.0743384940427,.0189542965909456,21.641136
221,1995,14.4565380384021,11.6747041205329,12.4608857795294,.0387569238871255,20.526423
221,1996,14.781579449451,11.5118548921116,12.6556726544196,.0487072547402935,22.193596
221,1997,14.8396784600199,11.1941241734596,12.7320368012963,.0586575855934615,25.812361
221,1998,14.9922818429907,10.7792895676801,12.7344704698625,.0486072497399602,28.097569
221,1999,14.9009553349332,12.5171171780188,13.1764552720544,.0284045424224407,30.945402
222,1990,16.3888335356937,12.2821583036303,13.993893535394,-.147888979921428,29.672626
222,1991,16.3778967602988,11.7073402694516,13.9973558346882,-.118330177679883,36.207798
222,1992,16.328861985927,11.7363169855375,14.0009696874252,-.0791094645266022,40.128532
222,1993,16.2479367840592,11.9323460738399,14.0238287547839,-.0398887513733209,42.04549
222,1994,16.3313466928855,11.6342223199264,14.0130005731489,-.0006680382200396,45.191395
222,1995,16.3555936891102,11.1164696510197,13.9657928796183,.0385526749332417,49.061481
222,1996,16.341521249675,11.4981670939947,13.9436759543478,.0583553022294215,51.82085
222,1997,16.3129741001292,12.5184241595722,14.0471467445461,.0781579295256013,55.055817
222,1998,16.3790809478427,12.0309153639202,14.0644856632727,.0881082603787694,53.080814
222,1999,16.375017346509,10.3761439101846,13.9879443077837,.0881082603787694,52.900837
223,1990,16.5165953034418,13.6360824112194,14.9028771838656,-.145646333080353,39.032757
223,1991,16.6003869244218,13.0749216037477,14.9608435057734,-.106425619927071,45.85754
223,1992,16.6171617876958,13.0716762150711,15.0068134468169,-.0768668176855268,52.794247
223,1993,16.596818499792,12.9356505932687,14.969637998093,-.0473080154439823,57.10252
223,1994,16.5606661896774,12.2809528194593,14.935989681854,.0014821487254498,57.773449
223,1995,16.5954401143918,12.8220930712242,14.9467371379216,.0407028618787312,65.483582
223,1996,16.6894252380829,13.3275384583277,15.0184106671585,.060505489174911,62.489548
223,1997,16.8126734386991,12.6775938726415,15.0044446353799,.0704558200280791,64.024277
223,1998,16.7495703698159,12.9820893039124,15.020717330638,.0804061508812473,66.666626
223,1999,16.7280893571155,13.1470989159026,15.0535742480411,.0903564817344153,66.007378
224,1990,14.6580373481381,12.4490188241406,13.114393703754,-.170240048549672,17.587208
224,1991,14.7327726812071,11.8349364977456,13.2543070102051,-.0840623523086195,20.617825
224,1992,14.7658636973362,11.407998188784,13.2842558407131,-.0941126881621211,23.805262
224,1993,14.734615797214,11.5384664980379,13.3275829292955,-.0743100608659414,27.709728
224,1994,14.7738903271881,11.3702091627686,13.3383819260641,-.0066514123921266,28.674208
224,1995,14.8430322280122,12.0725412529057,13.4600277602796,.0421387517773053,30.719431
224,1996,14.9493876285271,12.7632024889215,13.7292948279999,.0619413790734852,32.055138
224,1997,15.0778500742866,12.4912515877638,13.8490608012717,.0817440063696649,30.44977
224,1998,15.2419964501801,12.9058254607671,14.0392396178349,.111302808611209,32.092239
224,1999,15.2740601949287,12.4127534260133,14.0843086959923,.0911001012936898,32.215557
225,1990,14.5711648170072,11.6008081289458,13.0843665549911,-.132905501465962,22.383629
225,1991,14.6314726605233,10.91086136077,13.0898569210959,-.103346699224418,28.838041
225,1992,14.675222029282,11.1463589027404,13.1200272507842,-.0835440719282381,32.950775
225,1993,14.4658095277928,10.7420761687462,13.1019671819814,-.0637414446320582,37.391582
225,1994,14.6166942244983,11.292403474361,13.1463954792226,-.0054725365080824,35.941284
225,1995,14.7771507274091,11.4927227576527,13.2081863318329,.0714885046280459,38.183537
225,1996,14.9359423628991,12.2044964039138,13.3988807054012,.0814388354812141,41.010174
225,1997,15.0225519849816,12.0399531240268,13.5061874654073,.0913891663343821,43.171547
225,1998,15.1662870379075,12.6231204148814,13.7243524862165,.0711864590168626,45.132427
225,1999,15.1434257519289,12.7339294125171,13.9118743643273,.040727251532154,48.443695
226,1990,15.8997612547217,12.7621335509227,14.3220226919953,-.0757411727988274,25.811785
226,1991,15.8578228799882,12.8929502130765,14.4370166672208,-.0461823705572831,30.135366
226,1992,15.6393920644232,12.2608070126302,14.4346300169965,-.0562327064107846,33.863323
226,1993,15.4559544046934,11.9008170594612,14.3986211961629,-.0364300791146048,50.607586
226,1994,15.4399125052867,12.0076217068063,14.3727018663658,-.0166274518184251,47.507355
226,1995,15.8093557914031,13.1597400837293,14.5140296837546,.0416414563055505,43.18594
226,1996,15.6960384409616,12.9675207915987,14.5848554791614,.0712002585470951,47.888809
226,1997,15.667801886043,12.0916377485966,14.5447450380451,.119990422716527,50.462982
226,1998,15.3615278070135,11.2037337090306,14.4619072677652,.036608813777476,57.066448
226,1999,15.2357109291243,11.7239964350502,14.4051277686169,-.0577018656937653,44.859066
227,1990,15.3918444512497,12.1496980420777,13.8639930557616,-.0920534467889036,19.916634
227,1991,15.4167755026763,12.4492109625435,13.981948383548,-.0624946445473592,30.029922
227,1992,15.2736968606948,11.9421982413755,13.9951101636081,-.0426920172511795,31.908279
227,1993,15.0188994236077,11.3388815537424,13.9502314678326,-.0228893899549997,48.546188
227,1994,15.2244304647207,13.2819756867716,14.2573379388003,.0353795181689761,36.587425
227,1995,15.4561621775286,12.5530608238794,14.3065545286141,.103038166642791,38.883499
227,1996,15.4679022760634,11.8551667429114,14.2705297288732,.01965655770374,37.475327
227,1997,15.5206382182232,11.7271170668826,14.2268465983734,.0394591849999198,44.165493
227,1998,15.6458501574491,12.8176083886031,14.3188557529562,.0192564776824003,51.708172
227,1999,15.6977986675506,12.1539948329624,14.3054256933826,-.0112027298023084,47.813034
228,1990,13.6216199368748,0,10.9308723319159,-2.22044604925e-16,-.010886643
228,1991,13.817060356406,8.1605182474775,10.9026238296929,-2.22044604925e-16,9.3991117
228,1992,13.7864493419062,0,10.810172294265,-2.22044604925e-16,12.118037
228,1993,13.7995742468259,0,10.7177344845867,-2.22044604925e-16,7.4657326
228,1994,14.028088084925,0,10.6252853560774,-2.22044604925e-16,11.275569
228,1995,13.7998140091779,10.357361799852,11.0849186918245,-2.22044604925e-16,7.1029272
228,1996,13.8044779216298,8.570354739530471,11.065828659621,-2.22044604925e-16,8.8706493
228,1997,13.9596550568073,11.7183611534364,11.9971697135563,-2.22044604925e-16,16.818769
228,1998,14.2759365931319,8.59433940059289,11.9349900365027,-2.22044604925e-16,21.213131
228,1999,14.243809641898,8.692825760059399,11.8777581439228,-2.22044604925e-16,18.128199
229,1990,13.8025925362207,10.5913960350479,12.7583933172651,-.157297951370924,11.336116
229,1991,13.9557130925104,8.364508103750589,12.6789406061593,-.12773914912938,22.188993
229,1992,13.8314521561002,0,12.5861679784918,-.12773914912938,16.328981
229,1993,13.7776270090902,10.9854960920375,12.6811773048718,-.1079365218332,14.879507
229,1994,14.2288299911542,11.2992370724268,12.8133699561082,-.012626342028875,20.118389
229,1995,14.1469796304928,11.9862298905888,13.0724480805104,.0917336732953678,24.964573
229,1996,14.2253445378139,10.3439980023871,13.0396450267218,.168694714431496,25.129953
229,1997,14.4106940601361,11.9531462043687,13.2198056463268,.168694714431496,26.436533
229,1998,14.4359057446707,9.852088989450129,13.1586906779043,.0961240215966608,28.537477
229,1999,14.4064738374894,11.737444070464,13.2662470745352,-.0663949079011142,29.762842
230,1990,12.9325931421148,0,12.2800616820399,-.462604309052608,15.081819
230,1991,13.0337092566118,0,12.1706910335882,-.423383595899327,19.891148
230,1992,12.8582135883335,0,12.0613242916433,-.365114687775351,17.019999
230,1993,12.8345660503999,9.810878720803469,12.0556607178507,-.345312060479171,19.377321
230,1994,12.9567295934898,9.921523915022229,12.0611694093247,-.0601331182455085,18.403948
230,1995,13.1113204170142,5.63478960316925,11.9543823609098,.186726959686017,21.445217
230,1996,13.1846579287753,8.956866470854139,11.8932792395033,.225947672839299,22.19058
230,1997,13.3318477060022,7.89543600694297,11.8012423358948,.245750300135479,24.331953
230,1998,13.3760692885334,10.3353024359671,11.8887468405637,.265552927431658,28.840231
230,1999,13.2580770346559,8.40200678160712,11.8087118585164,.285355554727838,22.889849
231,1990,15.1525779841846,12.1757732190942,13.9411418266245,-.250679372450827,31.299936
231,1991,15.145922416026,11.8537169317014,13.9425169716388,-.128461739726578,32.440723
231,1992,15.2403620475114,13.0636680183631,14.1838722352275,-.128461739726578,34.155262
231,1993,15.6160298444648,11.1600290875348,14.2443976831803,-.11851140887341,34.958179
231,1994,15.7035493454408,11.4650264036507,14.1454413746447,-.0415503677372816,41.10886
231,1995,15.6307984367699,11.6700232264546,14.0092855233447,.197466532733218,42.065792
231,1996,15.4587402147096,10.4253421331499,13.6323997698092,.0696331612233334,44.024311
231,1997,15.5520302784269,11.3989837918246,13.6044584842058,.146594202359462,44.668488
231,1998,15.5894138243308,11.9008577677861,13.638791398395,.0953009079719111,47.947746
231,1999,15.6569302875697,12.1856556295359,13.7131734671478,.0648417004872026,48.55698
232,1990,16.7743530182306,13.8500134288113,11.604674766913,-.105337605974599,36.46365
232,1991,16.5896234390105,13.3877998409088,13.4950894302897,-.0757788037330547,36.175873
232,1992,16.4515467212292,13.3862649211907,14.0411737323606,-.055976176436875,41.05854
232,1993,16.0884744138955,12.9480099902596,14.21818597851,-.0460258455837068,45.464123
232,1994,16.1310330628974,12.7068479334427,14.2980658963941,-.0164670433421623,39.274792
232,1995,16.1899302057027,13.2551444886381,14.4727737403407,.0323231208272696,34.517445
232,1996,16.308885625437,13.3101566039398,14.6121814132221,.0422734516804378,40.370365
232,1997,16.3816093289502,13.1019463614101,14.808484699846,.0718322539219821,44.924473
232,1998,16.5838086177344,13.5103431711715,14.7136708828023,.0718322539219821,43.35667
232,1999,16.6236542849838,13.5716131270568,14.8519203681546,.0617819180684807,49.913361
233,1990,14.3542160383916,6.99576615630485,10.9786264850186,.0024932782118128,16.26815
233,1991,14.2714451303359,7.12367278520461,10.9644723914658,.0512834423812447,19.951218
233,1992,14.3590664032496,9.62562378902169,11.1571586799589,.0612337732344128,18.949987
233,1993,14.4026560011917,8.17611034223734,11.1698434316934,.0099404788468622,12.986829
233,1994,14.3957902512036,7.4899708988348,11.1583554469768,.0099404788468622,18.097563
233,1995,14.4029840342899,8.505525386548561,11.1853584588195,.0099404788468622,16.805656
233,1996,14.6660501566321,11.5094795345659,11.9515796710192,-.0001098570066393,18.941862
233,1997,14.8947837023306,11.406497713352,12.3275988888574,-.0305690644913477,21.520121
233,1998,14.8323893621137,11.6242879328237,12.6512320725714,-.0406194003448492,25.270224
233,1999,14.8719226835724,11.0225231908451,12.7730382146731,-.0814413948651044,24.399628
234,1990,12.572250352213,8.02059914989697,10.8261777639909,-.161759169084586,.38263452
234,1991,12.4567094817607,8.87919392811032,10.8643596038057,-.122538455931304,3.9063711
234,1992,12.3477924327199,7.46508273639955,10.7946594309922,-.0737482917618721,7.749723
234,1993,12.2534621135901,10.0552210275621,11.0917592368735,-.0737482917618721,6.5108776
234,1994,12.4217144212446,10.2058119017248,11.3372724241175,-.02495812759244,7.4275479
234,1995,12.466197864345,10.071076109728,11.4759616431208,-.0051555002962603,8.3247318
234,1996,12.2197691560952,9.35832924968963,11.4803537183669,.034065212857021,8.5728636
234,1997,12.2895699266108,9.84892576454344,11.5450905765728,.0538678401532009,8.5238676
234,1998,12.7388775056648,9.738200088297949,11.5837268334735,.140045536394253,10.460108
234,1999,12.4072613469017,7.80343505695217,11.5006463846837,.179266249547534,11.219085
235,1990,12.61690926581,7.54960916515453,10.0305166006647,-.216419629105484,-6.6382375
235,1991,12.5086751052497,0,9.93807736730442,-.158150720981508,-4.0090275
235,1992,12.5217930247012,0,9.845635957324999,-.14820039012834,-2.986244
235,1993,12.2511286145487,6.90775527898214,9.805880236333101,-.118641587886795,-1.4123012
235,1994,12.11908181044,7.32317071794347,9.793879138430549,.0123866745196089,-2.2324455
235,1995,12.0454261085674,4.45434729625351,9.70604829701017,.0419454767611534,-.94607961
235,1996,12.0114493342875,4.44265125649032,9.61846194854556,.0907356409305853,-1.7738653
235,1997,11.9850876712141,5.92425579741453,9.548853381945049,.12029444317213,.13469437
235,1998,11.8728090521758,0,9.456411075934041,.130244774025298,4.9095178
235,1999,11.4362000593632,0,9.363962340631749,.159803576266842,3.323602
236,1990,14.2654016904546,9.866097163317569,12.9697551740151,-.163350258534669,8.5033197
236,1991,14.3818651177299,10.5051771226072,12.9635097225731,-.114560094365237,13.750376
236,1992,14.3613340827739,10.3418392529785,12.94349337713,-.0753393812119556,15.423247
236,1993,14.1880642506801,10.5876444412579,12.9435256649711,-.0361186680586742,18.135651
236,1994,14.2680001260852,10.8867638091909,12.9717618585142,.0031020450946071,17.21529
236,1995,14.2856535870376,11.0206271458181,13.0076147083975,.0423227582478883,19.164917
236,1996,14.3741459036534,11.2926901805452,13.0716002582385,.062125385544068,21.039364
236,1997,14.5205016194746,11.9071206385979,13.233699006465,.0720757163972362,22.303095
236,1998,14.5588578834564,11.8909303007153,13.3572523998181,.0820260472504043,24.270979
236,1999,14.6306540782076,11.7393197269946,13.4319074258257,.0919763781035725,24.160332
237,1990,14.3651480061061,11.9511803959014,13.2659007924005,-.0429817489770481,10.729136
237,1991,14.4191946745233,11.9721145775618,13.4221818548536,-.0429817489770481,10.241693
237,1992,14.4044242076923,12.1846957797706,13.5858761112937,-.0429817489770481,13.541852
237,1993,14.2482614659847,10.6040323034765,13.5364061254816,-.0134229467355038,17.00742
237,1994,14.5262957939446,12.0723069397422,13.6461716013317,-.0134229467355038,18.837423
237,1995,14.5325110463917,11.5631907311178,13.6599631531707,.0161358555060406,20.11224
237,1996,14.7517575112438,12.7751237802521,13.8899361653809,.0260861863592088,23.323214
237,1997,15.0097315318131,11.9049472822705,13.9060361279383,.0260861863592088,23.994108
237,1998,15.3093516825469,13.2086364819379,14.1829136094174,.036036517212377,24.913452
237,1999,15.3900693049016,13.1473876423091,14.3627195272064,.0459868480655449,27.047651
238,1990,14.0787775820448,11.1885240815818,12.1152284782294,-.102145942261379,7.7334886
238,1991,14.2148199948887,9.69177837884758,12.1124463472013,-.0921956114082108,12.835191
238,1992,14.393364420756,9.7981270368783,12.1172561858131,-.0822452805550427,15.463614
238,1993,14.2678432162348,0,12.0248097281797,-.0722949497018746,15.790358
238,1994,14.2094415637005,11.7867241070634,12.5149042319366,-.0140260415778987,15.738682
238,1995,14.3302628199388,11.7067555439471,12.8104345129694,.0251946715753825,17.770121
238,1996,14.4492405041793,12.3064336846057,13.1680248427722,.0351450024285506,17.631617
238,1997,14.5432563663382,11.3243765584205,13.2127096208736,.064703804670095,23.49682
238,1998,14.7572606925268,11.7450525432997,13.313191649282,.0942626069116394,21.854057
238,1999,14.7630699048229,9.71625395138115,13.2455725537849,.114065234207819,22.998487
239,1990,13.4994554157176,9.72513809649457,11.2744017428673,-.226182767958229,14.192595
239,1991,13.573454360086,9.287856814404011,11.3241277832745,-.158524119484414,16.640308
239,1992,13.6049625965918,9.22808205345234,11.3579813037532,-.100255211360439,19.834932
239,1993,13.6091827326012,8.762333040602339,11.3460110069224,-.0514650471910066,20.993513
239,1994,13.6067416963555,6.47389069635227,11.2687063765538,-.0122443340377252,23.177509
239,1995,13.6862449168564,9.972407088000731,11.4161116552809,.0365458301317069,24.345869
239,1996,13.7813023823541,7.94767857130157,11.3598943248911,.0661046323732513,26.961849
239,1997,13.8006523585881,11.3850807297594,11.9404364340774,.0956634346147957,28.482565
239,1998,13.7453274448349,10.5069835111434,12.0531883301915,.12522223685634,28.291115
239,1999,13.7460070855645,9.32687818822413,12.026160384052,.154781039097884,30.546286
240,1990,11.2217474066482,0,11.6216004815959,-.163551621450073,6.9982343
240,1991,11.305617654737,5.59842195899838,11.5201651947683,-.114761457280641,8.7760859
240,1992,11.3958074956534,7.64969262371151,11.4377017937326,-.0755407441273596,5.2415376
240,1993,11.1640552657948,6.51471269087253,11.3411663288919,-.0363200309740782,9.4209499
240,1994,11.384535204793,10.1329312163988,11.5019110281571,-.0067612287325339,7.4776568
240,1995,11.3607633294357,8.127995055771949,11.4307192519392,.0324594844207476,8.7065649
240,1996,11.2621728715923,8.339261982923579,11.3690273805406,.0620182866622918,9.2001572
240,1997,11.4384252619946,0,11.2649998595659,.0818209139584716,6.5810509
240,1998,11.6730420330458,11.2524304523624,11.8145533410791,.0818209139584716,6.7765245
240,1999,11.4400385992631,0,11.7105247211154,.101623541254651,9.4421616
241,1990,13.6791799207204,8.95609307561064,12.0565918780023,-.177927499472191,10.596006
241,1991,13.7148074740771,9.75417514934912,12.04545484891,-.148368697230647,13.762311
241,1992,13.6572767383368,8.949884285777991,11.9782833192961,-.148368697230647,17.467701
241,1993,13.7927075722678,8.759197750371371,11.9053431578735,-.118809894989102,21.228693
241,1994,13.8851151968957,10.1025433083212,11.9475842601298,.0381938538205624,21.527159
241,1995,13.8852314436012,11.0205944238404,12.1626483095213,.0677526560621069,22.704836
241,1996,14.1190008112611,12.2279173041076,12.7548756136329,.0875552833582866,25.112188
241,1997,14.2102462560965,11.1837962026043,12.8210233921705,.117114085599831,26.189518
241,1998,14.4340114690035,11.5429501780759,12.9404951578375,.10706374974633,29.472544
241,1999,14.507129369225,11.0233719764798,12.9557149922522,.10706374974633,28.093824
242,1990,14.2063370684258,10.8043194093477,11.3163508136982,-.124843247307546,5.4744968
242,1991,14.0503414636761,8.999989642460729,11.3160403728392,-.0760530831381138,8.4832592
242,1992,14.1443589684937,9.09054280852059,11.3222902452512,-.056250455841934,8.9263182
242,1993,13.9466909386529,9.67111403584323,11.4022195771209,-.0364478285457544,10.876913
242,1994,14.1054678033223,9.89353822168246,11.5036849021721,.0123423356236775,10.560944
242,1995,14.2000674187204,9.22581994282457,11.4981884059917,.0123423356236775,11.624561
242,1996,14.218223188255,10.2747752088427,11.6439089895338,.0321449629198573,12.048474
242,1997,14.2282561245697,10.1589046644006,11.7358529929531,.0519475902160371,14.485538
242,1998,14.3615598800998,10.7723511908379,11.9393572285132,.0618979210692052,14.924326
242,1999,14.3171527059416,9.785154365574259,11.9408439324441,.101118634222487,16.58473
243,1990,13.0092514302079,9.95712310170204,10.6541250362991,-.417226079179645,13.844746
243,1991,12.9557370405168,8.78492762605832,10.6965637749695,-.378005366026364,12.909313
243,1992,12.9639838827301,9.3031929889908,10.817375399794,-.368055035173196,15.747647
243,1993,13.0644663049409,9.68831217087109,10.9961354227042,-.16104086578887,17.678551
243,1994,13.4020879827361,10.2394596641157,11.276497819484,.0295794938197801,20.112629
243,1995,13.6986011437449,10.4793703129354,11.5313222025056,.169341436194939,25.660152
243,1996,13.8278518913999,10.60641178161,11.74211708976,.189144063491118,24.463499
243,1997,14.0344350311811,10.0339015912581,11.7889361914716,.284454243295443,25.118004
243,1998,14.3184238435198,10.2460838558653,11.860745217172,.211883550460608,25.308157
243,1999,14.4248653497856,10.052984563682,11.8918987428663,.117572870989367,31.74786
244,1990,13.2223363337645,6.90475076996184,11.0795391630077,-.101951342173213,2.2301238
244,1991,13.2900537960467,9.706803344906341,11.2184832608974,-.0920010113200454,6.5765405
244,1992,13.2451110886365,8.41626727282628,11.1794088561746,-.0820506804668773,6.8972602
244,1993,13.2685193975276,8.03786623470962,11.1222090580909,-.0721003496137092,10.420665
244,1994,13.3852653565841,10.9461994592397,11.6357756409596,.0140773466273433,13.318722
244,1995,13.4648102707933,10.4960406178604,11.805794312816,.0140773466273433,7.3604331
244,1996,13.6145633358079,10.5374684224269,11.9414330444465,.0436361488688876,10.694117
244,1997,13.7320997926945,11.1044157266758,12.1810840141306,.0436361488688876,14.279987
244,1998,13.7957794832401,11.0821425488778,12.3505530038694,.0924263130383198,13.377501
244,1999,13.7943531199254,10.5505384372031,12.3922094151353,.1122289403345,15.478827
245,1990,14.97229096538,11.1982147201305,12.8121411741103,-.230743564292347,9.8246174
245,1991,14.9077972874555,12.2614363943663,13.1889395710764,-.220793233439178,14.265046
245,1992,14.8495593053767,12.1282570393573,13.393854175767,-.220793233439178,14.896786
245,1993,14.9318916150049,8.727616178321069,13.2995038689627,-.200990606142999,13.902778
245,1994,15.0369946655127,11.4858008975736,13.348592403741,-.0876619208359954,18.244923
245,1995,15.1900573480196,12.7124624455609,13.6605256469296,.102958438772654,18.800785
245,1996,15.2621910310202,12.3866844081254,13.7925728895581,.132517241014199,20.919262
245,1997,15.4617102733133,13.3579902863726,14.1638177698794,.132517241014199,22.700092
245,1998,15.7108527607268,13.2522506382388,14.3785353287094,.218694937255251,24.1362
245,1999,15.4915490652091,9.998797732340449,14.286064285878,.20864460140175,25.76145
246,1990,14.7811079403527,12.6521549271842,13.9969834213865,-.167494423121864,12.644243
246,1991,14.8902810310302,10.5202395318424,13.9199176892957,-.137935620880319,17.32926
246,1992,14.7431005740221,10.9274840478234,13.8615124575821,-.127985290027151,19.20101
246,1993,14.725677477411,10.7571366297501,13.7972789679425,-.118034959173983,20.852484
246,1994,15.0146793121764,10.1999187396202,13.7150422780046,.0217269832011756,28.2666
246,1995,15.2375785598669,12.7661226249051,13.9269250015648,.0799958913251514,30.735334
246,1996,15.1832601106294,13.0577565872698,14.1545849773977,.0899462221783196,31.349174
246,1997,15.3232320016325,11.1375335898682,14.0899902107498,.0998965530314876,33.200851
246,1998,15.4435628363911,11.075179904288,14.0252322781348,.0998965530314876,33.523155
246,1999,15.4240334037079,13.1722139315425,14.2502135754094,.0998965530314876,29.700727
247,1990,14.7060019463943,9.582041849931541,11.6375296281948,-.127141985973155,4.6369562
247,1991,14.7731128343087,10.2163986790337,11.772684029857,-.0783518218037234,11.348243
247,1992,14.9065410669554,9.68800210296374,11.801133649001,-.0585491945075437,17.765556
247,1993,14.8776783445183,9.70959935937071,11.8275442155786,-.0485988636543756,19.937504
247,1994,14.9107315426111,10.5808355811871,11.9884538048587,-.0093781505010943,22.068424
247,1995,14.9616455121502,10.5518204048062,12.1022032398373,.0298425626521871,23.385969
247,1996,14.9341379577738,10.2328992075255,12.1452562553274,.0397928935053552,26.671341
247,1997,14.9337761269044,10.5409898791286,12.2240117728825,.0595955208015348,26.589697
247,1998,14.9170440695718,10.9321779668992,12.3576651989976,.0793981480977145,30.595964
247,1999,14.9154879302036,12.2162110775031,12.8508627431275,.0893484789508825,35.378185
248,1990,14.716697937491,10.8285794403634,13.5339616392159,-.119616028009859,-5.8294554
248,1991,14.561823648484,11.441268333206,13.5609168444143,-.12966636386336,-1.3912117
248,1992,14.6717383851906,10.6822388703882,13.522205908409,-.14986907118088,1.853574
248,1993,14.2503610912907,9.45171669155145,13.4452403298221,-.0822104227070649,4.6133609
248,1994,14.4178808933843,10.6477317582241,13.4091682151983,.040007210017184,6.2645998
248,1995,14.4794260160242,11.2206193849209,13.4172474034177,.0695660122587285,10.068507
248,1996,14.4092628055742,10.7516493253578,13.3847953318885,.0893686395549084,14.082002
248,1997,14.5062600043951,10.7351567766795,13.3508336763743,.0993189704080765,12.886313
248,1998,14.4835958285784,11.1706745639828,13.3528739653425,.0584969758878212,15.850765
248,1999,14.4758968580232,11.5438910442271,13.3935130904002,.078299603184001,15.572527
249,1990,15.1790043718779,12.4292161968444,13.7979950532082,-.116243414617896,31.3855
249,1991,15.1955621689784,11.0210360802226,13.7720153059731,-.0964407873217158,34.245384
249,1992,15.2750083743223,11.5258910473603,13.7859141740165,-.106491123175217,34.464527
249,1993,15.5717404028703,11.7209878652563,13.8178576015015,-.067270410021936,38.199612
249,1994,15.2533921804049,13.2155403745005,14.1650142296867,.0096906311141923,34.678898
249,1995,15.5020135168286,12.599441555391,14.258336830824,.0773492795880072,37.774044
249,1996,15.4335314161184,12.2592578990338,14.2883731589528,.0571465722704877,41.60154
249,1997,15.3219175133803,12.7483300736552,14.3798869960012,.0670969031236556,45.463356
249,1998,15.3884875071279,12.2206705753857,14.3912778903268,.0770472339768238,39.880238
249,1999,15.3940595988194,12.3612285342514,14.4151006212075,.0669968981233222,38.134567
250,1990,13.9463987125622,11.2137779144092,12.1934381655697,-.0727335743417427,7.4158235
250,1991,13.9010998007941,0,12.1134204800738,-.0239434101723106,16.387987
250,1992,13.9635720177532,9.68034400122192,12.1192007133631,.0056153920692338,22.322453
250,1993,13.9469622101251,10.2625596210746,12.1855663206969,.0056153920692338,25.549738
250,1994,13.9622243526921,0,12.1055520651336,.0056153920692338,27.086411
250,1995,13.9631660008125,10.9852927228879,12.2958123389441,.0254180193654137,27.774143
250,1996,14.0509898567424,10.9461113309954,12.2497899645503,.0052153120478942,26.008291
250,1997,14.1658053310211,12.0294726891183,12.7213325234436,.0052153120478942,25.430096
250,1998,14.2699461558463,10.6831334787127,12.7535623516678,.0151656429010624,29.807203
250,1999,14.2811802033396,12.2287192640624,13.1026668684774,.0251159737542304,31.894493
251,1990,11.5972073429287,7.65207074611648,10.3893645309382,-.24626580804199,-3.9016881
251,1991,11.6685603932745,0,10.2858989543131,-.178607159568175,.55679345
251,1992,11.6160035429821,0,10.1824214712302,-.120338251444199,.47226048
251,1993,11.7456854516254,0,10.0789607125012,-.0526796029703846,3.1020994
251,1994,11.5641897533551,0,9.97548723237407,.0242814381657439,3.1484342
251,1995,11.4667403461004,0,9.87201236520111,.0635021513190253,6.3895063
251,1996,11.4519793640954,0,9.76853801195784,.0930609535605697,3.6724865
251,1997,11.4429938186524,0,9.66506537518277,.103011284413738,4.6373816
251,1998,11.5899318412146,0,9.561595656054189,.112961615266906,3.8827407
251,1999,11.6785349180537,9.10497985631836,9.920197166099079,.122911946120074,-1.2062224
252,1990,11.4430341077323,10.5976592081423,9.91852393736224,-.25241355476256,10.506094
252,1991,11.6649774260454,6.90875477931522,9.84662086084702,-.175452513626432,11.96018
252,1992,11.6855993683816,0,9.72215750403533,-.117183605502456,20.530102
252,1993,11.3697568703263,8.890135107818841,9.975575628930381,-.0495249570286413,11.388665
252,1994,11.7831057310352,10.9876289747758,11.199077361647,.0181336914451736,7.7173824
252,1995,11.9056580162405,6.47697236288968,11.0834570691327,.0476924936867179,17.575893
252,1996,11.6894536177199,8.306472160100579,11.0177172520993,.0674951209828977,16.926918
252,1997,11.7749348619231,6.96979066990159,10.9098913461985,.0970539232244422,17.709806
252,1998,11.7604346327784,9.494992859867599,10.9937853716002,.126612725465987,16.927397
252,1999,11.919859184142,9.47393464889887,11.0576055011096,.156171527707531,16.17004
253,1990,14.3550592870667,10.0441186822759,11.0053113454662,-.273048958778716,27.103764
253,1991,14.2693997030348,10.0772307535552,11.2460690257773,-.233828245625435,30.546423
253,1992,14.1331687175829,9.56899335829854,11.3107541997718,-.175559337501459,34.284653
253,1993,14.0786873183544,9.94716945362225,11.4320548313272,-.0711993221772161,33.038757
253,1994,14.2815927352059,9.71601274050137,11.4857012255151,.0241108576271089,33.765884
253,1995,14.362015718506,9.58162802828276,11.506989884212,.0729010217965409,35.573509
253,1996,14.3985088956082,9.528357644224039,11.5162389692466,.102459824038085,36.253944
253,1997,14.4664960067172,9.565494159542981,11.5272671298859,.13201862627963,39.018501
253,1998,14.5772463470251,9.947217315397451,11.5893780435278,.141968957132798,41.793644
253,1999,14.6552195214742,10.1490577364119,11.6743986979179,.161771584428977,42.392128
254,1990,12.2330067216072,8.86035727332702,10.9552527879714,-.159324852031535,19.152769
254,1991,12.2156173753982,9.79929302351827,11.1451924625889,-.110534687862103,19.320156
254,1992,12.6437317826579,9.64872432684146,11.2552784567338,-.0617445236926707,21.556267
254,1993,12.2601201304916,0,11.1559090341601,-.0321857214511263,20.627817
254,1994,12.016930901921,0,11.0565296283185,-.0026269192095819,14.3301
254,1995,12.0168599442356,7.61726781362835,10.9877997471662,.0269318830319626,22.612919
254,1996,11.59114121924,6.31173480915291,10.8972077343444,.0467345103281422,20.736185
254,1997,11.6292291992113,0,10.7978291550259,.0665371376243219,22.134558
254,1998,12.8721713417411,9.96222804755873,11.3910447954675,.0863397649205017,20.546713
254,1999,13.0835819244662,10.3339704236196,11.5699709835489,.106142392216682,25.131142
255,1990,15.654384703612,13.0407671302797,13.7453080265623,-.135234815408991,38.034721
255,1991,15.164172649881,13.0653103697737,14.0757753123097,-.105676013167447,36.737514
255,1992,14.6765099538503,10.8207178428869,14.0128782682079,-.0858733858712672,47.230011
255,1993,14.0170987004183,8.48239468587354,13.9153876571354,-.0660707585750876,33.225552
255,1994,14.4370489879104,7.27031288607902,13.8151333868442,-.0078018504511117,56.328335
255,1995,15.0809405844825,9.69885903521963,13.7289916415142,.0314188627021698,45.541771
255,1996,15.6042087354158,10.568338133941,13.6668878042939,.0512214899983493,53.596527
255,1997,15.703612190167,10.6699548950088,13.6111621413018,.0710241172945291,57.773907
255,1998,15.950666997769,11.8824939290806,13.6623984219969,.100582919536074,60.667381
255,1999,15.9367770502623,11.6571816409574,13.6779864048699,.110533250389242,60.907455
256,1990,15.3816177841792,12.6697532012138,14.0166276992092,-.0707899172984397,29.06846
256,1991,15.4001151372578,13.2458739791934,14.3014376089315,-.0412311150568955,32.567711
256,1992,15.4830457463884,12.6501204427848,14.3632080037821,-.0512814509103968,39.891159
256,1993,15.2833743869591,12.5308409431973,14.3947991048194,-.0613317867638982,45.542664
256,1994,15.4032319678817,11.8130300574206,14.3457920430277,.0063268617099165,42.631134
256,1995,15.4975028819035,12.1858699382127,14.3299536507922,.0455475748631979,43.814144
256,1996,15.5938484433208,13.1223633774043,14.4604540348532,.0554979057163659,45.618767
256,1997,15.7637533255979,13.1911466269221,14.5746532290163,.0454475698628644,51.464886
256,1998,15.9235015939451,12.8083674455181,14.6012160444855,.0353972340093629,54.030209
256,1999,15.8818071372586,13.4492627976191,14.3719400178008,.0253468981558616,56.699139
257,1990,11.2530476955806,11.3782505616436,10.3130110807718,-.402061340693937,.90341634
257,1991,11.6357402595984,10.3828225092107,10.9700517432353,-.306751160889612,6.2666135
257,1992,11.4966060703554,8.49187538343195,10.9429317622807,-.175722898483208,4.3068104
257,1993,11.449479527491,8.99961934066053,10.9701997335784,-.0535052657589587,7.6491599
257,1994,11.2595126613403,0,10.8583776507214,.128816291034996,5.9725246
257,1995,11.4660224742922,0,10.7465514623913,.0454346820959449,6.177527
257,1996,11.5085149253471,8.625150332921329,10.7435622456909,.11309333056976,8.4681501
257,1997,11.4646442972488,0,10.6317363976814,.11309333056976,10.400646
257,1998,11.7051662050213,11.35783767953,11.6003125213835,.11309333056976,9.4305134
257,1999,11.6895990398419,0,11.4884872700129,.235310963294009,10.001693
258,1990,13.0682435361797,8.6628507638386,10.9250387950678,-.173797624485418,8.1020756
258,1991,12.9182942750671,9.44430516192198,11.033016943839,-.153994997189238,14.285704
258,1992,12.5911558320287,0,10.9215294943536,-.124436194947693,17.262421
258,1993,12.6002365646467,7.1770187659099,10.8343673446536,-.0948773927061489,17.751894
258,1994,12.8370402234487,8.086102535669101,10.7862938870929,.0535426124121243,16.978289
258,1995,13.147152271538,0,10.6891979616639,.0831014146536686,22.949673
258,1996,12.5810713263974,0,10.5777067232106,.0930517455068367,20.279633
258,1997,12.6412757953589,0,10.4662156351113,.0930517455068367,20.18239
258,1998,13.114549049755,0,10.3547255790897,.0830014096533352,22.127235
258,1999,13.0455863751176,4.60517018598809,10.2462080849794,.0830014096533352,21.269472
259,1990,13.5581792887316,9.63253148399993,10.8283018553512,-.312614512131269,25.415936
259,1991,13.39643406686,8.755264763314679,10.8389709217789,-.273393798977987,27.877766
259,1992,12.9506949828608,9.57817283861079,10.9842362327953,-.215124890854011,36.004261
259,1993,13.2604592185844,7.91315518592807,10.9143572878794,-.215124890854011,29.754433
259,1994,13.4441548736494,9.50911074141338,11.0219890660579,.0317351870775143,30.491222
259,1995,13.3557256170332,9.993008278474541,11.206925981742,.0709559002307958,30.677273
259,1996,13.4470291709367,9.533727369048741,11.2559588071793,.0907585275269755,31.020782
259,1997,13.9040648842267,11.8795388585034,12.1598135006275,.239178532645249,33.085358
259,1998,13.8947224857476,9.864798697921019,12.1335917336111,.177303128927161,30.831848
259,1999,13.6915240217836,8.54694614956558,12.0419736448477,.206861931168706,31.601656
260,1990,11.7339239177385,7.00669522683704,8.29903718161307,-.133887667983182,5.560957
260,1991,11.8519083484356,9.033961124637861,9.369299472795751,-.104328865741637,5.8934441
260,1992,11.7126885617739,9.32687818822413,9.960793733235789,-.0555387015722052,7.1483221
260,1993,11.2658130269193,8.22443157322116,10.026320040446,-.0555387015722052,6.1066942
260,1994,11.204193327568,7.79688034278352,10.0283168162292,-.0259798993306608,13.842299
260,1995,11.6002395173958,8.676928249537401,10.1513744468612,.0132408138226205,9.0737867
260,1996,11.7481205611186,6.289715570909,10.0697728802429,.0427996160641651,7.194694
260,1997,11.9505161239521,6.29894924685594,9.989761574412951,.0723584183057095,7.4601369
260,1998,12.0785524984832,9.01990599507168,10.1908708303532,.0921610456018891,9.0409384
260,1999,12.1630358324018,7.56527528189893,10.1543435424169,.121719847843434,9.3604345
261,1990,15.2637019034658,11.5676030262609,12.4189153245587,-.181445878670286,6.775516
261,1991,15.2514159237477,11.8571390881577,12.7788852567886,-.171495547817118,10.458624
261,1992,15.3055955738538,11.8571320003575,13.0082818327698,-.16154521696395,13.877099
261,1993,15.3115982472396,12.7429752890063,13.4767510274797,-.151594886110782,19.13114
261,1994,15.6053536481761,12.2525553877431,13.6181328236383,-.0293772533865327,21.215481
261,1995,15.7615038698377,11.4181531404958,13.5982455689946,.110384688988626,23.645721
261,1996,15.8249313409053,12.8975083623712,13.8672312809912,.120335019841794,24.959877
261,1997,15.8377978771964,11.6956802612357,13.8465557307378,.0584596161237064,25.558344
261,1998,15.9701578766409,12.8666811383967,14.0280220284866,.116728524247682,29.568954
261,1999,15.8771371030013,12.8279010374681,14.1544858023036,.193689565383811,29.242481
262,1990,15.4795846222335,11.6824403654947,14.4465748664776,-.157564386540852,31.323952
262,1991,15.5751283515117,13.804986372488,14.7831705633395,-.108774222371419,21.412458
262,1992,15.850940590103,13.2920403270402,14.8823043996489,-.0695535092181379,34.433449
262,1993,15.8846413618401,12.8186765764997,14.8926627504933,-.0399947069765936,43.431282
262,1994,16.0207145859317,13.3667265907623,14.9796961134859,-.0007739938233122,42.254108
262,1995,16.1724023628891,14.2009967432371,15.2383580389105,.0287848084182323,42.917259
262,1996,16.1962882704636,13.2737857674027,15.25065348631,.0485874357144122,45.363911
262,1997,16.2876562510593,14.1650985486686,15.4145389387286,.0683900630105917,45.949295
262,1998,16.3723036344964,14.4255038210528,15.601178511526,.0881926903067713,46.327015
262,1999,16.4630911079562,14.2064161894075,15.6959167066235,.107995317602951,48.248756
263,1990,15.1614222130297,11.669176794031,13.2222865373999,-.0401003071485749,27.515415
263,1991,15.2086812171046,11.5381935217169,13.2910955148875,-.0705595146332836,26.456942
263,1992,15.2879722206545,12.624526368519,13.6102080298858,.0064015265028447,29.856951
263,1993,15.3326613467156,12.1902328558108,13.7211211940788,-.0240576809818638,32.12075
263,1994,15.4276546264085,12.4558503380818,13.8610085469624,-.0042550536856841,34.36779
263,1995,15.640167695126,13.2039304610877,14.1591309711027,-.0042550536856841,35.425888
263,1996,15.715908961966,12.8946041904135,14.2851535596917,.0253037485558604,39.64497
263,1997,15.8056990721418,13.2535565384949,14.4624073912874,.0352540794090285,39.467537
263,1998,15.8940857677464,13.7745875166723,14.7364303591458,.0352540794090285,39.138844
263,1999,15.890645898313,13.5026241753606,14.8635628271927,.0352540794090285,37.729271
264,1990,12.487200667937,8.895629627136479,9.53046543291733,-.161978246565251,7.3019171
264,1991,12.8341282218577,9.17263850479217,9.981142797101731,-.113188082395819,-.97380936
264,1992,13.1749118188381,9.582386570538899,10.4043749553756,-.103237751542651,11.763741
264,1993,13.0678955238944,8.450198322591961,10.4305329221491,-.0736789493011067,9.9936514
264,1994,13.2126933435221,9.65605130865287,10.7051684587934,-.0154100411771309,11.567485
264,1995,13.4428341865178,9.27799902045,10.8052451887129,.0428588669468449,15.80018
264,1996,13.2935888894107,9.69763121260851,10.9689428398684,.0724176691883893,11.396216
264,1997,13.6795828729935,11.4367784923904,11.7782982761422,.101976471429934,15.629434
264,1998,13.7442958742468,11.0703657818743,12.0477291045997,.101976471429934,26.583384
264,1999,13.4483280120625,10.1732092996109,12.0702603679498,.101976471429934,17.943356
265,1990,11.7294656260847,8.51719319141624,10.2585712310834,.0665903556122861,-18.794073
265,1991,11.7231905300193,0,10.1581879087546,-.0387701600455402,-15.299128
265,1992,11.6783847199229,0,10.057808217915,-.166603531555425,-9.4013195
265,1993,11.5261822810876,0,9.957468980652591,-.117813367385993,-8.8016863
265,1994,11.5669592390042,0,9.857098004580431,-.0501547189121782,-3.7284496
265,1995,11.5170380676138,0,9.75672617114073,.0081141892117978,-2.5148189
265,1996,11.566986719207,0,9.656352236730131,.0663830973357734,-3.6780541
265,1997,11.7076033568748,0,9.555977624099031,.0663830973357734,-1.0490048
265,1998,11.9433527484601,0,9.45560542853717,.0663830973357734,-2.5540688
265,1999,11.7427588903717,0,9.3552369356794,.0663830973357734,.26133817
266,1990,12.4823967093151,7.86134179559999,11.2798957057469,-.0927895001043501,-.47422063
266,1991,12.4983354603435,0,11.154667840682,-.0158284589682216,-7.9339066
266,1992,12.4500770875117,0,11.0294490844261,-.0158284589682216,3.4277344
266,1993,12.1872159706799,0,10.9042186926235,-.0158284589682216,3.0105951
266,1994,12.4767598701811,0,10.7790042054087,-.0158284589682216,3.1398466
266,1995,12.5243336308017,0,10.6537827302151,-.0058781281150536,2.422318
266,1996,12.489396484665,9.682529112127259,10.8419643435846,.0236806741264908,3.6949806
266,1997,12.486730103045,0,10.7167417329213,.0434833014226706,6.0362773
266,1998,12.6662026909776,0,10.5915191708907,.0434833014226706,6.927104
266,1999,12.8344972880225,11.0365656780855,11.3741138708711,.0434833014226706,9.5802326
267,1990,12.5883619704271,7.52833176670725,8.74464743831753,-.0522571010561501,9.6359882
267,1991,12.4945744403269,7.24422751560335,8.846856586108119,-.124827793890986,10.489377
267,1992,12.4214290905395,6.98007594056176,8.88426391153709,-.114877463037818,13.257883
267,1993,12.4672018529479,5.62040086571715,8.80950453225168,-.0660872988683855,14.085982
267,1994,12.4503658536531,8.97638862194537,9.4890926926068,.0108737422677429,15.962734
267,1995,12.4756522569447,6.65544035036765,9.431505968426761,.0500944554210243,14.964853
267,1996,12.4537663448651,5.85793315448346,9.344276682610341,.0698970827172042,12.767813
267,1997,12.4137945258436,7.53047999524554,9.374277295644861,.0798474135703723,12.991287
267,1998,12.3054725060803,6.16751649088834,9.29792075371857,.059644706252853,16.241863
267,1999,12.3018998427924,5.4249500174814,9.203376178174549,.059644706252853,18.771791
268,1990,14.8673709908985,11.6858950951648,11.8892088997148,-.131928317586068,-27.61445
268,1991,14.1955498682327,12.9973442240833,13.2306761109753,-.112125690289889,-16.74934
268,1992,14.9128183142042,12.349930535872,13.4870460735422,-.0729049771366074,11.925501
268,1993,14.9319720861795,11.226136327067,13.4858747396922,-.0729049771366074,16.014973
268,1994,14.9328610338034,10.5579978494812,13.4352522716817,.004056063999521,18.265955
268,1995,14.9307836298556,11.1258944010166,13.4241177193804,.0528462281689532,17.4972
268,1996,15.0607605998598,11.2528455892987,13.4236299611479,.0528462281689532,23.393902
268,1997,15.092917489316,11.0992870461729,13.4080677454874,.0824050304104977,24.861603
268,1998,15.0946902341078,11.9049743094802,13.4932810701393,.0824050304104977,24.051649
268,1999,15.0661968767901,11.7731181424794,13.5434027085702,.0824050304104977,27.833826
269,1990,14.0332777546323,0,13.1368282548149,-.122896941022333,-14.344208
269,1991,14.1041667230774,8.538563217152429,13.0471405686666,-.0646280328983573,-25.001488
269,1992,14.9557682546524,9.914279113614329,12.9911796269103,-.0546777020451894,-7.1651468
269,1993,14.2227883101572,10.2544612753551,12.9554002340604,-.0447273711920212,-3.2452798
269,1994,14.0829790886429,10.5025712758102,12.9384527987836,-.0151685689504768,-5.6998296
269,1995,14.2384819109953,9.9865871217057,12.8875583445533,.0143902332910676,-5.3590846
269,1996,14.2561913221391,10.9541518223309,12.9157364230426,.0341928605872473,-3.681664
269,1997,14.4191939350974,10.7860973980414,12.9208917835309,.0539954878834271,-3.3596268
269,1998,14.455139996374,11.3264151475548,12.9935813742675,.0737981151796068,2.705421
269,1999,14.4402540345802,10.5993809587641,12.9741881423274,.103356917421151,.22273014
270,1990,11.8942260058966,9.305650551780509,11.1418327976521,-.135334654609894,-.94936734
270,1991,11.915045273102,6.5510803350434,11.0917805689716,-.115532027313714,2.6786449
270,1992,12.0095783119441,0,11.0314029473279,-.076311314160433,3.9842033
270,1993,12.094369573815,7.76387128782022,11.0080288962345,-.13818671787852,20.937695
270,1994,11.8844781285066,8.32530602975258,11.0119429055785,.0688274515058056,2.3859813
270,1995,12.0986716996906,0,10.9515553891713,.0688274515058056,7.8557181
270,1996,12.2868845320964,0,10.891168280497,.0688274515058056,9.9741726
270,1997,12.2204266534253,8.61613313927114,10.9192181073068,.0688274515058056,9.7817745
270,1998,12.3858182243537,9.7981270368783,11.1145873990532,.0688274515058056,12.596458
270,1999,12.3360449438115,9.21034037197618,11.1784354624243,.0787777823589738,12.382099
271,1990,15.6632093694266,12.1226910365911,15.0077015282586,-.156899979585108,43.350895
271,1991,15.4617485122819,13.1693099384194,15.0557471696417,-.137097352288929,53.381878
271,1992,15.4424532369214,11.0941623287181,14.9654214176727,-.0883071881194969,44.376148
271,1993,15.7594583776871,11.4691616475291,14.8863118134856,-.0587483858779524,50.269135
271,1994,15.8041609168122,12.4122002431641,14.8586706352244,-.029189583636408,49.404312
271,1995,15.9437597019152,12.0183444994369,14.8042066734104,.0100311295168732,52.969822
271,1996,16.0046593317756,12.1398580539042,14.7586216274595,.0588212936863052,55.440144
271,1997,16.0928306088887,13.7588851785068,14.9470126967105,.0980420068395867,59.79483
271,1998,16.0819193111525,14.3918862535779,15.2682909644397,.146832171009019,56.686131
271,1999,16.2025614033209,14.6030315710013,15.550148836189,.106010176488764,58.305679
272,1990,11.0676377754728,6.21460809842219,9.0902045707362,-.348509230919094,-16.966244
272,1991,11.2332292525853,8.13944052187461,9.335041643578149,-.253199051114769,-7.2032356
272,1992,11.1012185209787,0,9.23472074070156,-.0792457439913306,-2.9954507
272,1993,10.906859760414,0,9.134322885552271,-.0209768358673549,-5.3088365
272,1994,10.9666441869685,0,9.03400883911444,.0372920722566211,-3.5349243
272,1995,11.0388075386805,5.96614673912369,8.977815452918589,.0570946995528007,-9.5675831
272,1996,11.009248736439,5.96614673912369,8.92305821954573,.0768973268489804,-9.5675831
272,1997,10.3784907634923,0,8.822675888493521,.106456129090525,-12.994047
272,1998,10.5826872480638,6.80239476332431,8.838682311078291,.126258756386705,-8.3446474
272,1999,10.6591326233232,0,8.73831870786713,.175048920556137,-6.005271
273,1990,13.4477588209303,10.7732944585967,11.7105460590534,-.243785646679603,25.967096
273,1991,13.4493118503112,10.7234215571662,11.935776557153,-.185516738555628,33.841278
273,1992,13.8512607325267,8.691986481789399,11.8604217132688,-.165714111259448,42.873821
273,1993,13.0010694354092,0,11.7446124172817,-.126493398106167,39.756115
273,1994,11.9545879848226,0,11.6289834580403,.0305103507034981,37.501328
273,1995,13.1633967399069,8.66319648553608,11.562340195962,.0600691529450425,27.257639
273,1996,13.4982061075102,0,11.446064248463,.0896279551865868,28.67808
273,1997,12.7409530517374,0,11.3297391343672,.119186757428131,24.132378
273,1998,13.4159695032874,9.756784073343921,11.3924264944995,.148745559669676,26.872417
273,1999,13.2812700886656,8.08579470128157,11.309675223115,.168548186965855,23.395594
274,1990,12.9513943123597,9.04782144247841,12.0134825472594,-.0329720868570539,4.5413036
274,1991,13.0132425146785,9.04782144247841,12.0285929479943,-.0329720868570539,4.0773754
274,1992,12.8596289491477,0,11.9934850584679,-.0230217560038859,3.5173266
274,1993,12.9833095452683,8.935903526274419,12.0027292705287,-.0534809634885945,5.3656373
274,1994,13.0992773981671,9.21034037197618,12.0240386473873,-.0336783361924148,6.8942566
274,1995,13.1217305030629,9.566615235893581,12.0639542037901,.0339803122814,8.6542921
274,1996,13.2112425410441,9.58966682247465,12.1010020878305,.0339803122814,4.8335581
274,1997,13.3052513264996,8.49290049884719,12.089386008609,.0339803122814,10.532294
274,1998,13.3943372750944,10.5942819675125,12.2328382299802,.0339803122814,10.043974
274,1999,13.4011523942792,9.59838800604728,12.2580183020832,.0339803122814,10.23204
275,1990,12.9777240203232,9.16125516428569,10.1129783273966,.014411492493602,-5.1705227
275,1991,12.9633853076997,8.240385115516331,10.156391827452,-.0057912148239173,6.5921082
275,1992,12.8790776032864,8.561401446080559,10.2399740747696,-.0891728237629682,10.018795
275,1993,12.9027963255118,7.23849684089437,10.1805585258755,-.0792224929098002,8.2296419
275,1994,13.2204386150243,5.8171111599632,10.0836651460157,.0251375224144426,3.5296817
275,1995,13.4458974832817,7.27517231945277,10.0312693227147,.0251375224144426,12.41807
275,1996,13.4770500764612,10.2279595014348,10.6940631224552,.0251375224144426,11.350952
275,1997,13.7591124911797,9.7925001243465,10.9089716125456,.0251375224144426,14.45473
275,1998,14.0622270486621,8.195609567288781,10.8595949737806,.0251375224144426,15.832687
275,1999,14.19288984622,10.2779434737699,11.1695601254085,.0251375224144426,15.902043
276,1990,12.6869276397933,8.53129331579502,10.6697690170836,-.167449141490826,5.5479798
276,1991,12.5438793630027,8.66060065471097,10.7004202591086,-.128228428337545,3.303674
276,1992,12.5536147065279,8.28248300373056,10.6859634230409,-.0890077151842637,3.4028666
276,1993,12.4664248806849,9.327945614050449,10.8181309282639,-.0307388070602878,9.445962
276,1994,12.5536941245751,10.2750511089686,11.1779015789827,.0180513571091442,10.670947
276,1995,12.5351762174192,8.96724918285228,11.1758752613583,.037853984405324,10.442522
276,1996,12.5892622854957,8.61031916940572,11.1429814463781,.0576566117015035,12.19647
276,1997,12.6528154744534,8.526351129201,11.1058590754951,.0774592389976835,12.628922
276,1998,12.7740005404582,9.24792513230345,11.1383411004879,.097261866293863,14.455133
276,1999,12.9000327486951,10.4075000193689,11.4040097481786,.0872115304403616,17.227444
277,1990,15.0024029545863,11.7919577355143,14.0945564456945,-.0848932988392592,12.025431
277,1991,14.9886468261845,12.1282462300657,14.1427609033557,-.0361031346698272,16.760061
277,1992,15.0851536185124,11.7704163352578,14.1449328592301,-.0261528038166591,23.855707
277,1993,15.0754421271487,12.4726396047528,14.2236816682107,.0034059984248852,25.868305
277,1994,15.5186001249695,12.6042378406559,14.3067269717278,.0232086257210649,29.727804
277,1995,15.6802620600007,12.3237845675469,14.333553057324,.0430112530172447,37.131092
277,1996,15.8083445214517,12.3767179662864,14.3606117454547,.0228085456997252,38.574142
277,1997,15.9427485924002,13.2208448868591,14.5235537401532,.0228085456997252,32.660892
277,1998,16.1495025217249,12.9584670291125,14.6024328315947,.0228085456997252,34.016674
277,1999,16.1942020985123,12.8836187598615,14.6586366572154,.0026058383822058,35.482014
278,1990,14.8429078923686,10.6223999409821,11.4625790905335,-.13417429438397,14.763974
278,1991,14.7127114164292,10.5864833820397,11.7119894157638,-.0949535812306888,20.503464
278,1992,14.4948074491951,10.980791080258,12.0008696948984,-.0461634170612567,20.494139
278,1993,13.6242221176404,9.838415555792411,11.9893788745922,-.0166046148197123,21.383848
278,1994,13.8264142457828,10.2035921449865,12.0235232627859,-.0166046148197123,28.953625
278,1995,14.2531603067316,10.3057475296953,12.0617876395074,.0031980124764675,20.54871
278,1996,14.4970860905919,10.9229844811887,12.5041663285679,.0230006397726472,23.690945
278,1997,14.3590976057438,9.978223898650141,12.45195724784,.0622213529259285,22.682026
278,1998,14.8262987627992,10.7095168901527,12.4803422972558,.0820239802221082,28.968973
278,1999,14.907401431098,10.1543629955882,12.4427237576029,.111582782463653,28.523565
279,1990,12.2153857991716,9.859901324373199,9.294773427951011,-.337470624637423,-5.1252432
279,1991,12.3330035133728,9.89842475819367,10.2719774245194,-.180466875827758,-.95281702
279,1992,12.5421600084938,6.69084227741856,10.1867963260413,-.180466875827758,7.1504426
279,1993,12.3146139072476,8.25842246245888,10.2139604302887,-.0065135687043201,6.2431445
279,1994,12.6278671339672,7.81359155295243,10.188692810213,.0887966111000048,8.4706001
279,1995,12.7560996136721,8.96367227561502,10.3285166973885,.0887966111000048,10.477077
279,1996,12.6036420085664,9.865422171729341,10.6875306388583,.0887966111000048,7.5360088
279,1997,12.7030692205997,11.0136330770179,11.4128553747449,.0887966111000048,13.175868
279,1998,12.9897836207195,9.94232357632133,11.4949396862048,.108599238396185,12.911862
279,1999,13.3325083678403,10.060918560485,11.5823927572352,.128401865692364,12.67021
280,1990,13.8825410523287,9.855609472291659,10.3032698775088,-.181535860860679,4.036191
280,1991,13.8087418115047,11.2062780146311,11.4849847329467,-.1617332335645,16.931269
280,1992,13.5188691548245,10.9480659527118,11.8425773529436,-.132174431322955,17.753881
280,1993,13.6714694519405,9.45501055383467,11.806615453696,-.0929537181696739,20.58079
280,1994,13.8204030938259,10.5515850645423,11.9374667928136,.0292639145545752,21.443943
280,1995,13.9803570238273,11.0418332434228,12.1507311682961,.049066541850755,22.879902
280,1996,14.137834122245,9.79031885443049,12.1099674998242,.0786253440922994,25.66143
280,1997,14.198423337042,9.907130907450931,12.0822505363217,.0885756749454674,29.800482
280,1998,14.3794711432324,11.0788911148443,12.254302652841,.108378302241647,29.961596
280,1999,14.4583028964973,11.5787319319247,12.5201842359127,.147599015394929,32.899902
281,1990,14.7645883662799,13.4203175111267,14.4514882657996,.0254770544334948,32.193882
281,1991,14.6270246050564,13.3274961031864,14.6480679668813,-.0470936384013408,36.381771
281,1992,14.6326087087477,12.3296963688915,14.644409171285,-.0672963457188602,36.298359
281,1993,14.6787922624359,11.1783614066183,14.5747426727235,-.0474937184226806,39.880917
281,1994,15.0407636902668,11.8453609936092,14.5373328494547,-.0082730052693992,42.488037
281,1995,15.2931013841342,12.2539385732008,14.530430629458,.0016773255837689,49.054153
281,1996,15.2533711860748,13.0626367272906,14.6268820990047,-.0083730102697326,42.386971
281,1997,15.4025188444386,12.9121730694277,14.6814073803567,.0211857919718117,48.296619
281,1998,15.5415354241463,13.4400895712045,14.8184534056348,.0507445942133561,51.835232
281,1999,15.5543148060296,13.0984087424415,14.8703973702519,.070547221509536,50.925503
282,1990,12.5676590485087,7.06646697013696,11.0772382346725,-.189139524504687,20.087175
282,1991,12.8456466722668,7.44775128004791,10.9898349337842,-.169336897208507,20.548145
282,1992,13.0683244985404,9.4180859811103,11.0726918777893,-.0923758560723789,24.347431
282,1993,12.8308969718007,0,10.9569507901297,-.0628170538308346,24.365513
282,1994,12.813954796791,7.83636976054512,10.8855117163575,-.0045481457068587,29.438402
282,1995,12.4601981035855,8.719317375506369,10.8768275811861,.0442420184625733,28.715286
282,1996,12.7377670387812,7.4489161025442,10.7918560622407,.0738008207041179,34.276474
282,1997,12.8379575674753,7.92624152317096,10.7288355534017,.103359622945662,33.923382
282,1998,12.6570162409073,8.31458729131958,10.6942286667846,.103359622945662,26.899485
282,1999,12.7140763074292,8.62873456614915,10.6909080118679,.132918425187207,29.191032
283,1990,12.4150051300416,9.68930374259339,11.6044740333223,-.245008523479479,10.744751
283,1991,12.3163750249476,9.36391945990448,11.6119324395643,-.177349875005664,13.876507
283,1992,12.2687472198632,9.466918699376629,11.6269244612829,-.109691226531849,11.459992
283,1993,12.3565067472376,10.4054136931151,11.7919577355143,-.0514223184078735,16.094507
283,1994,12.4365709120773,10.0375375606564,11.8530723702903,.0068465897161023,15.503006
283,1995,12.4339916782871,10.8577097052448,12.059577007629,.0460673028693837,16.098202
283,1996,12.4084724198091,10.7119480548515,12.1797512572045,.0658699301655633,13.941852
283,1997,12.4393669121065,9.51716308795535,12.1429624372014,.0954287324071079,14.873847
283,1998,12.4062824177003,10.2279956462308,12.1713900993025,.124987534648652,18.0958
283,1999,12.309496200165,10.3247275797597,12.2074432058831,.164208247801933,18.434725
284,1990,12.1922558821509,6.5510803350434,10.9332855252039,-.201375920362593,13.189823
284,1991,12.2012367343935,0,10.8334642035148,-.181573293066413,15.66042
284,1992,12.2656497248786,6.60258789218934,10.7486710363466,-.152014490824869,17.919313
284,1993,12.2707137022962,9.13237883050647,10.8348993821925,-.112793777671588,19.653633
284,1994,12.2185790417748,7.27931883541462,10.7635507313027,.0094238550526614,19.883022
284,1995,12.4456984318766,7.59689443814454,10.7038106000063,.0770825035264763,19.601583
284,1996,12.4123319817708,7.62021477057445,10.6464791032998,.096885130822656,19.905853
284,1997,12.4040519257591,9.174816815907141,10.7412262983922,.116687758118836,20.975773
284,1998,12.4419171738601,7.75362354655975,10.6872269827682,.136490385415016,20.911194
284,1999,12.4664676085933,9.638675294175091,10.8678958414779,.126440049561514,23.926891
285,1990,14.8913401601453,12.7683563001139,14.0838622465954,-.12017575048534,26.975817
285,1991,14.9331096005367,11.9834227223615,14.101451390337,-.0906169482437958,28.082769
285,1992,14.9523571551276,12.1157375693486,14.1299147918343,-.152492351961883,32.678532
285,1993,14.8952232145286,10.3894260447942,14.0483633813764,-.214367755679971,34.298157
285,1994,15.1731722230336,12.8036693674211,14.1992364047105,-.0921501229557218,34.117645
285,1995,15.34724672688,13.2144447137358,14.4043228078854,.0984702366529279,35.288425
285,1996,15.3266634403178,10.6220587854362,14.3200816025659,.0984702366529279,34.904827
285,1997,15.4971673356213,11.2786956879185,14.258349932001,.137690949806209,36.369068
285,1998,15.6343041694214,13.3672605926808,14.4774280796789,.176911662959491,41.837376
285,1999,15.7051688897384,13.1735734683306,14.5963897766086,.0715511473016644,41.228748
286,1990,17.3173122189235,14.8065625057249,14.8690051805788,-.259697195756743,53.586662
286,1991,17.0867290017721,14.728498240773,15.4197688995509,-.365057711414569,54.749241
286,1992,16.6850067665253,14.1971869448492,15.5797245774624,-.459368390885811,60.972309
286,1993,17.0888740627981,14.0560562105574,15.6140026951669,-.137284891716697,59.576687
286,1994,17.2307915962957,14.2130967084438,15.7285040642505,.0778264879002481,62.313644
286,1995,17.2296521678228,13.3260255938024,15.7036694620278,.107385290141793,65.403343
286,1996,16.9351235827715,13.2009564194356,15.6693040240005,.136944092383337,67.807999
286,1997,16.9677074631445,13.8265721523235,15.6989803413089,.185734256552769,67.216309
286,1998,16.8949954357842,14.9916778471422,15.9697559314171,.290094271877012,72.190826
286,1999,16.8955978131981,15.5401851557437,16.334500822298,.139271382142428,71.2388
287,1990,15.6786963010706,12.0581583125382,13.1530070278784,-.019164024825063,48.162846
287,1991,15.7137310089392,12.5204708915472,13.4863988063893,-.009213693971895,50.299156
287,1992,15.6006797237557,12.6084162200511,13.7290403799546,-.0396729014566035,53.300777
287,1993,15.542262754713,12.5809857583438,13.893341498406,-.0198702741604238,60.348328
287,1994,15.8843945516506,12.742124398078,14.0522403568217,.0096885280811207,60.613686
287,1995,15.9216184869408,12.9276906580658,14.2077370206341,.0392473303226652,58.633736
287,1996,16.0624311260138,13.1904238143092,14.3843217667032,.0291969944691637,60.279633
287,1997,16.1625009085261,13.1935783116136,14.5157233680701,.0191466586156624,61.217758
287,1998,16.1340472375261,13.3796316021674,14.6583298473644,.0090963227621608,62.921703
287,1999,16.4506140996885,13.4462163246692,14.7821449514675,-.0213628847225478,65.043739
288,1990,12.3256502921308,0,10.2948537362648,-.360907499563506,14.511372
288,1991,12.3413033320564,0,10.1829736293884,-.30263859143953,18.975832
288,1992,12.5695901523241,5.40267738187228,10.0749798506663,-.253848427270098,19.241007
288,1993,12.8646467928635,6.14203740558736,9.982271006143501,-.0069883493385723,21.486404
288,1994,12.7670664645247,6.21460809842219,9.888871252961851,.0418018148308599,22.282743
288,1995,12.7090017577724,0,9.771999784573209,.0905919790002918,22.190489
288,1996,12.4089976925159,5.4510384535657,9.66786015121771,.129812692153573,25.321943
288,1997,11.9505816342773,0,9.55098958714944,.149615319449753,23.911871
288,1998,12.6382980650042,6.71538338633468,9.488153910229361,.159565650302921,24.74268
288,1999,12.4995002401353,5.99645208861902,9.39949685071652,.169515981156089,24.680199
289,1990,11.788168603526,7.17395831975679,10.3446093378523,-.107696723398164,14.080187
289,1991,12.0781785232498,7.70616297019958,10.3167885464121,-.0977463925449955,23.118124
289,1992,12.101383453828,8.793156870913821,10.4119664248337,.0066136227792474,14.658705
289,1993,12.1342733556958,0,10.3004701187284,.0066136227792474,14.308893
289,1994,12.1445711714712,6.4085287910595,10.2096147135982,.0066136227792474,16.763529
289,1995,12.3220583500196,0,10.0981246277194,.0066136227792474,16.562561
289,1996,12.3939969234367,0,9.986633133622799,.0264162500754273,16.868982
289,1997,12.4894348857471,9.943765399034699,10.5206550103096,.046218877371607,21.036562
289,1998,12.7874409563226,10.2999455514843,10.9714602050721,.046218877371607,23.367502
289,1999,12.7951015704641,9.80289343730043,11.1150236826683,.046218877371607,22.536531
290,1990,15.9226013127901,11.8514741157792,13.6197280071442,-.208408575049529,26.992405
290,1991,15.9240217045783,11.791163078594,13.6563831648174,-.159618410880097,30.858007
290,1992,15.6690112019021,12.192936746137,13.7520279058674,-.110828246710665,25.148874
290,1993,15.3726818603875,10.585725442588,13.670359460142,-.0525593385866894,28.709503
290,1994,15.3651222422809,12.8622938779484,13.924939685584,-.0037691744172574,27.430439
290,1995,15.3742284853218,11.7014775715148,13.9020300306555,.0450209897521748,30.948883
290,1996,15.1455400764787,12.2527128812111,13.9480974296693,.0842417029054561,32.941559
290,1997,15.5566572029868,11.9481629447454,13.9450032560301,.113800505147,38.548409
290,1998,15.5921247475957,12.5251916098775,14.0273310446573,.113800505147,36.617626
290,1999,15.5325421706423,12.6179836011217,14.1103568311355,.113800505147,37.474785
291,1990,12.9524844968506,8.40065937516029,9.59035091061188,-.117719035034907,-3.5158303
291,1991,13.0431217709556,8.89781900951076,9.90894264641906,-.0979164077387272,.54618716
291,1992,13.0560819207136,8.848365694942551,10.1066977480096,-.0781137804425474,4.4436193
291,1993,13.1396490084395,9.267476563346991,10.3651376378856,-.0485549782010029,6.2254109
291,1994,13.1837449184447,9.08681588569068,10.5023954796454,-.0189961759594584,6.0926518
291,1995,13.1784450261952,10.1859183612052,10.9291993448863,.0008064513367213,9.4086628
291,1996,13.2801130994165,9.47270463644367,11.0174875081315,.0206090786329009,10.876187
291,1997,13.3218734130033,10.3089526606443,11.287009323578,.0404117059290806,11.322039
291,1998,13.3669157183728,10.4550423665162,11.5171226444762,.117372747065209,15.005485
291,1999,13.3393121787678,11.0951043346525,11.8822319934718,.146931549306753,13.97749
292,1990,15.3091716676513,11.6180059414207,13.6892997330498,-.362467864079448,8.90061
292,1991,15.3013117967751,12.645198165131,13.8976362946258,-.258107848755206,13.849168
292,1992,15.3462657476334,11.7371004841385,13.8984108710991,-.228549046513661,22.674757
292,1993,15.1401486223439,9.81230384711351,13.8008221089365,-.115220361206658,20.367262
292,1994,15.340721211922,11.0568405198617,13.7494631657197,.0069972715175912,18.240494
292,1995,15.5165698602186,12.8836162205497,13.9810730461349,.0931749677586436,21.271246
292,1996,15.3076710955336,11.5376278336106,13.9460953009779,.132395680911925,24.302773
292,1997,15.5490008087884,12.1813649078254,13.9815807741722,.161954483153469,29.737856
292,1998,15.5514076282886,11.3444594749467,13.9317240069081,.181757110449649,26.697559
292,1999,15.6351583070976,12.5879790812281,14.0354428787925,.201559737745829,27.403414
293,1990,11.984689097002,7.97246601597457,9.18194089745448,-.477215870795852,-20.103292
293,1991,12.0047360289473,10.9657988614779,11.07511328601,-.354998238071602,-13.345004
293,1992,12.1608944794288,10.0140893088639,11.2752188856539,-.232780605347353,-11.52303
293,1993,12.1815541286037,9.021719013033699,11.2697335311645,-.137470425543029,-3.4222407
293,1994,12.155498741996,8.866017398810261,11.2488492359273,-.0331104102187857,-1.6074053
293,1995,12.3649091452748,10.4608722820821,11.5081731907817,.0712496051054571,-.6021564
293,1996,12.3893304617774,10.0893029985843,11.6073361494408,.1756096204297,-1.3073841
293,1997,12.5456704796883,9.48978863950086,11.60590839337,.19541224772588,1.0764197
293,1998,12.542589661022,8.53993267838573,11.5396774190752,.19541224772588,3.9848986
293,1999,12.5594898183612,8.47824444127766,11.4733547705807,.299772263050122,2.9429848
294,1990,12.211260427672,8.22443157322116,8.794824928014521,-.0590825393004926,-9.6124468
294,1991,12.2876817765381,8.72631895096224,9.37020327736265,-.0590825393004926,-6.1420965
294,1992,12.4145977880378,9.706316282491841,10.1564966551561,-.0590825393004926,-1.0604149
294,1993,12.5133885574444,9.3604830304059,10.4164668554693,-.0590825393004926,2.9471958
294,1994,12.6421691887245,0,10.2847624218431,.0178785018356356,3.717572
294,1995,12.7294860438619,10.6286177789491,11.0339069232311,.0474373040771802,3.5451269
294,1996,12.9272672122665,10.1450209689619,11.2403001353767,.0474373040771802,7.9818134
294,1997,12.9683345532542,9.64665794356711,11.2878112231204,.0373869682236787,8.9311428
294,1998,13.0495465893395,9.531553927636759,11.3095428734175,.0373869682236787,12.915019
294,1999,13.0786765642805,10.4075302240053,11.5049971185281,.0373869682236787,11.306715
295,1990,12.5037456915736,9.772239265926171,11.0299581693326,-.0481980803509683,10.095779
295,1991,12.5201758426391,0,10.9086642366187,-.0481980803509683,12.245534
295,1992,12.2407984228608,0,10.7873480635894,-.0481980803509683,14.534017
295,1993,12.2694660206681,9.22503192071917,10.8621095394237,-.0283954530547885,14.697383
295,1994,12.3640438610824,8.294049640102029,10.813367780969,-.0085928257586088,10.412522
295,1995,12.6534325072732,0,10.6881445187238,.011209801537571,11.701918
295,1996,12.6412289654846,9.328123407632569,10.7856774025248,.0407686037791155,14.26884
295,1997,12.4306547766956,0,10.6643681451302,.0407686037791155,16.252926
295,1998,12.6568113464447,9.338557669776939,10.7650010333507,.0407686037791155,14.799309
295,1999,12.7930748319113,8.093156697722639,10.7032287376935,.0407686037791155,19.239626
296,1990,14.0154203571251,8.36637030168165,12.3370482749725,-.0150424755724761,4.7198038
296,1991,14.2097609582739,7.10987946307227,12.2326697848211,-.0150424755724761,15.477086
296,1992,14.5706810726557,9.294497679982911,12.1767375482648,-.0558644700927313,30.462374
296,1993,14.9996721397322,9.905485555198799,12.1685332781226,-.0966864646129864,24.850796
296,1994,15.0212086707715,10.1627701504662,12.1871120236479,-.010508768371934,25.357401
296,1995,14.9427717340181,10.9575033711941,12.3290382285583,.0287119447813475,32.757019
296,1996,15.0608577296726,0,12.2188886683433,.0287119447813475,34.824665
296,1997,14.962396539687,13.2213033252592,13.3830167945915,.0287119447813475,34.673824
296,1998,15.0722159066625,10.5441828730936,13.3263826600851,.048514572077527,32.883545
296,1999,14.9200304409016,4.38202663467388,13.2163546878827,.048514572077527,31.427269
297,1990,14.6940810336776,12.5918043239479,12.7182853069146,-.216549991981099,19.009798
297,1991,14.628253234524,12.1615563354216,13.1064477937562,-.148891343507284,26.276114
297,1992,14.6464861764293,12.202370802155,13.3709075052774,-.081232695033469,28.41427
297,1993,14.715971318627,11.7439181312278,13.4671672380253,-.0516738927919246,29.632656
297,1994,14.7110342197578,11.9865662218409,13.5887252585277,-.0124531796386434,30.52231
297,1995,14.8358133018509,12.3664425174571,13.7541379001887,.0267675335146381,31.974043
297,1996,14.7824250655151,12.4151659528216,13.7251487746262,.0659882466679193,34.718567
297,1997,15.7152079007247,0,13.5066805697214,.095547048909464,40.562271
297,1998,15.8016280891208,12.375135864377,13.6530723310923,.115349676205644,43.98938
297,1999,15.910468224084,13.3197295279582,14.0557247728638,.144908478447188,46.950314
298,1990,15.9421843067483,12.4026832919544,14.0307098369438,-.097325539652598,38.123402
298,1991,15.9341645889146,13.8255569238099,14.5593253297003,-.0485353754831659,40.604446
298,1992,16.5642760522637,12.7141845905985,15.5966427909571,-.0189765732416214,54.547916
298,1993,16.2668184416758,14.0675812557568,15.7031845849296,-.0090262423884534,73.127861
298,1994,16.2704967010778,9.98012446707483,15.6127019807172,-.0090262423884534,59.50684
298,1995,16.3682324406047,12.4326343483029,15.5582648324055,-.0090262423884534,58.16806
298,1996,16.510991241691,12.5413119795821,15.5095864497735,.0205325598530911,59.602631
298,1997,16.5058598087531,15.110500156874,15.9007170503371,.0403351871492708,55.943302
298,1998,16.5799436812571,14.2929309896064,15.9768787431341,.0601378144454505,65.294472
298,1999,16.5539803990242,14.659520017483,16.1030282455821,.0601378144454505,77.75325
299,1990,15.210247788962,11.576857552264,13.2332032539087,-.30568024221312,37.712482
299,1991,15.4296619875025,11.8014821548327,13.3722306479463,-.210370062408795,38.103867
299,1992,15.6252734976427,12.0388485464154,13.5266319032267,-.0881524296845456,47.446632
299,1993,15.8311791424433,11.6075717881068,13.5804698907901,-.0298835215605698,51.180164
299,1994,15.8457749021282,12.058419146571,13.6921967306382,.0189066426088622,53.501881
299,1995,15.9487050204865,11.529703916209,13.7116329422666,.0581273557621434,59.624702
299,1996,16.0079491560637,12.0964307556332,13.7970449125094,.0876861580036878,55.773361
299,1997,16.0592809065062,11.374146039767,13.7907064641601,.107488785299867,56.516548
299,1998,16.1999849007118,11.7060468266956,13.8137162491546,.127291412596047,60.022362
299,1999,16.2478457354986,12.3709046478113,13.9235990193923,.137241743449215,61.738308
300,1990,15.4793497838258,11.7288429711927,12.7243514253962,-.190101419464843,40.117622
300,1991,15.527156352967,11.2158662307059,12.8484427142469,-.141311255295411,45.340435
300,1992,15.5009292157217,11.6691169181451,13.0376780929626,-.10209054214213,50.050179
300,1993,15.4774885213258,11.6850788338486,13.1856620677693,-.0533003779726977,62.552795
300,1994,15.453102281252,11.3841029680734,13.2528839671071,-.0140796648194163,49.275341
300,1995,15.232907777508,10.6141062140081,13.2340537571356,.015479137422128,45.242008
300,1996,16.3252866102015,13.0861370565802,14.1570067959862,.0546998505754095,73.822128
300,1997,16.2722854182492,12.7995016955296,14.284947339082,.0842586528169539,80.458458
300,1998,16.3043606275135,12.4250394865209,14.3334101421697,.123479365970235,69.883423
300,1999,16.482891384141,12.3837584739196,14.3703221384391,.162700079123517,71.991165
301,1990,14.8317207827194,10.7030871524101,13.7064933648029,-.050216800177861,22.949892
301,1991,14.8547948543563,11.1180738341217,13.6609893261578,-.050216800177861,20.598907
301,1992,15.0693974688369,11.7636063592775,13.6849970070712,-.0602671360313624,25.60573
301,1993,15.1128526041639,11.9253264640795,13.7274216916005,-.0503168051781943,32.195152
301,1994,15.2489097505427,13.2795893237485,13.7133309777627,-.0015266410087622,35.317898
301,1995,15.4079432200187,12.4236889497185,13.8307310365666,.0567422671152136,31.18395
301,1996,15.5484946173726,11.246717824185,13.7770511869165,.036539559797694,34.455997
301,1997,15.588691568067,11.9858809831018,13.8009805061799,.046489890650862,35.959587
301,1998,15.8515397550128,12.8254844768116,13.9836025192318,.0364395547973606,39.634064
301,1999,15.9303341289108,12.5630580412738,14.0651783312527,.0263892189438591,37.599522
302,1990,12.889115436758,9.947504437952899,9.281916570465411,-.268519101623983,11.319976
302,1991,12.674668494772,5.66642668811243,9.208909348550399,-.258568770770815,13.911101
302,1992,12.3614279890829,7.61035761831284,9.298827326432381,-.238766143474635,13.410028
302,1993,12.089824456147,5.78996017089725,9.22782659298346,-.152588447233583,14.919355
302,1994,12.2224520392961,6.87316383421252,9.21819940868645,.0044153015760818,16.389797
302,1995,12.1714504637428,8.48322267184508,9.49939899654521,.0532054657455137,16.045263
302,1996,12.3758995620647,8.76950712003023,9.774761737462381,.11147437386949,17.090467
302,1997,12.4805990689759,5.54907608489522,9.68699682205202,.160264538038922,16.408144
302,1998,12.4501739771187,0,9.585628019846739,.189823340280466,18.475657
302,1999,12.7356957186886,8.770904744296869,9.82763729425224,.229044053433748,17.033264
303,1990,14.928322277399,10.7658710503414,13.228881422866,-.186571649475498,33.608486
303,1991,14.9346651500038,10.6838898303835,13.1948416079647,-.17662131862233,40.302444
303,1992,14.6225012012489,8.430327258394581,13.0881600560628,-.166670987769162,56.317059
303,1993,14.6363750925945,12.1930684563949,13.3282959865034,-.127450274615881,48.152691
303,1994,14.3688547850324,12.4710488804463,13.5742461868225,-.0691813664919051,53.185123
303,1995,14.4484228215363,11.4694854631241,13.5720742442573,.104771940631533,36.52383
303,1996,14.3022364292797,11.4795548068284,13.5686952790293,.124574567927713,36.124691
303,1997,14.1986191864662,0,13.453059967041,.154133370169257,19.300728
303,1998,14.2977098899008,9.7705274252799,13.3609214324639,.113311375649002,31.290102
303,1999,14.4478888673332,7.743269700829,13.2486904309868,.133114002945182,29.865557
304,1990,15.5962461500999,12.5258709268812,12.4953521913417,-.197099751982437,19.292439
304,1991,15.7826319074256,12.4709107705567,13.0968135425039,-.129441103508622,26.640213
304,1992,15.7913167857787,13.0162047655747,13.6577208984076,-.0617824550348075,34.00127
304,1993,15.7517066186705,12.2783700510254,13.7688466367374,-.0035135469108317,21.43428
304,1994,16.0493730296976,13.3571413851902,14.1668764739207,.0260452553307127,38.195549
304,1995,16.6388855638756,13.0375459555704,14.5665447812941,.0458478826268924,36.998589
304,1996,16.744894538151,13.1483390689358,14.6584387997439,.075406684868437,44.891068
304,1997,16.6977770631123,12.9005589290913,14.0760382908858,.0853570157216051,46.099144
304,1998,16.5664081043687,14.024804241103,14.6010337998279,.0953073465747733,54.089993
304,1999,16.5594776223862,13.1435376126357,14.6829524999505,.0227366537399378,45.336964
305,1990,14.9540411869081,12.1048203462502,14.4193253063324,-.045720861279083,13.268255
305,1991,15.0047718195789,11.0942991265842,14.3418129955839,-.045720861279083,20.439062
305,1992,15.0364428507299,11.6943215936877,14.298317869125,-.0557711971325845,27.940327
305,1993,15.1890557464156,12.0493252638556,14.2872508034188,-.0458208662794165,30.09906
305,1994,15.4561719783455,13.2764843425044,14.2766171633093,.0124480418445594,37.269604
305,1995,15.5590958467003,12.8622342132381,14.3757100041095,.0707169499685352,40.687099
305,1996,15.6048302257231,11.9931392922908,14.3451294174091,.0505142426510156,41.27911
305,1997,15.6477229447121,12.2635818311758,14.3414510149396,.0604645735041836,40.936859
305,1998,15.6418517651218,12.867246586439,14.4215901054068,.0402618661866641,41.5149
305,1999,15.5980581357722,11.8042882552616,14.3721240148395,-.054048813284577,44.732727
306,1990,14.7483724467937,11.3331646267362,13.1177989763567,-.224205362714681,57.482468
306,1991,14.6325223604738,10.4076510334286,13.0594318843052,-.138027666473628,48.54261
306,1992,14.2633658281399,9.496871782670571,12.9605263330171,-.0797587583496525,65.189575
306,1993,14.2426755193249,12.9382938938761,13.5428890372468,-.0501999561081081,42.572319
306,1994,14.8242625974302,12.3835198419079,13.696443761139,-.001409791938676,42.270336
306,1995,15.1371332860476,11.4796271795687,13.6709050444138,.0378109212146053,53.13575
306,1996,15.3578297236338,12.3915558656617,13.7822175452291,.0770316343678866,46.947113
306,1997,15.5780485812419,12.7322350572064,13.9438561902462,.0968342616640663,48.800827
306,1998,15.6699582398045,11.6513212571958,13.9073266405143,.106784592517234,52.358028
306,1999,15.618395839639,11.7078670531203,13.8787177244925,.116734923370403,52.810814
307,1990,14.6249698856083,11.8565151693603,14.4921700607067,.0294692026160403,35.292236
307,1991,14.1845019191983,13.6813698368797,14.760731428493,-.20625313090503,53.362274
307,1992,14.2583968822301,11.4286630334382,14.6694444936738,-.157462966735598,47.049561
307,1993,13.550341406899,10.0816337379196,14.8087597754157,-.0712852704945452,75.825089
307,1994,15.9142207463204,0,14.6799033074007,-.0320645573412639,56.183201
307,1995,16.0445813524132,7.77401507725073,14.5520470107651,.0262043507827117,58.803562
307,1996,16.3318659317397,9.76548905437884,14.5799054526085,.0749945149521439,60.125671
307,1997,16.2092008801506,10.4406239910919,14.466281255162,.0947971422483236,62.633778
307,1998,16.4126670886867,10.8719531900644,14.363397372485,.104747473101492,61.373207
307,1999,16.4359991083239,11.6878782724267,14.297989668769,.0845447657839724,65.915543
308,1990,17.6060685797152,15.4946610828097,16.864271998407,-.151658711176286,56.228348
308,1991,17.6488982129117,15.7587027309525,17.0846628932704,-.102868547006854,63.864845
308,1992,17.5863021639784,15.9586308763073,17.2938562564353,-.0540783828374218,64.929092
308,1993,17.5112656055667,15.4469447682703,17.3652861305085,-.034275755541242,75.525894
308,1994,17.5358683118129,14.7851524653354,17.3616673228897,-.0047169532996975,81.215897
308,1995,17.6020322168012,15.6277260357597,17.4406436091322,.0345037598535838,85.807701
308,1996,17.5449081561761,15.4768308012699,17.4870143991485,.0737244730068651,87.041275
308,1997,17.5901145319431,15.2473039591554,17.5041429390582,.0535217656893456,86.751045
308,1998,17.6377446494101,15.6420119756357,17.5603959181473,.0733243929855255,92.155365
308,1999,17.6188630796289,15.0449192108074,17.5550617597206,.0832747238386935,100.5556
309,1990,17.6794476127077,13.310459893641,16.0435163831469,-.20042362894864,45.698853
309,1991,17.7046542352138,13.050317278129,15.9952464514377,-.142154720824664,46.636215
309,1992,17.6920468203647,13.3038796100118,15.9631078441714,-.0838858127006882,46.926025
309,1993,17.5663566599615,12.3611386206326,15.890436155601,-.0350956485312562,58.459782
309,1994,17.6563352119288,11.9021324565753,15.8086263239398,.0041250646220252,62.072308
309,1995,17.7315376516722,11.9957280865498,15.7294686331869,.0336838668635696,65.558022
309,1996,17.6311748061882,12.0098083387734,15.6518248380767,.0632426691051142,69.537872
309,1997,17.616822061823,11.99110185603,15.5752404636323,.0830452964012938,54.235981
309,1998,17.6206939185715,12.7232073252819,15.5271988024455,.102847923697473,72.916283
309,1999,17.7484662392812,12.4261595299945,15.4675847477118,.122650550993653,76.334038
310,1990,12.5716883395606,8.8246778911642,10.026545540028,-.186000398308044,15.216947
310,1991,12.4803972447529,8.99961934066053,10.240370419123,-.137210234138612,18.268219
310,1992,12.6099747029247,7.92008319905323,10.2256036598692,-.0884200699691799,19.862534
310,1993,12.5262606226722,7.6182510978767,10.1863329470964,-.0588612677276355,21.021095
310,1994,12.4227994929901,7.28069719538474,10.1274827411044,.0544674175793677,17.09737
310,1995,12.6166944533712,9.39266192877014,10.4005407706177,.0342647102618482,17.952873
310,1996,12.7702041382857,8.627123250788429,10.4382279254595,.0638235125033926,16.60347
310,1997,12.7098632178282,7.8336002236611,10.3926072989741,.0638235125033926,13.444381
310,1998,12.2090035667222,0,10.2792148423803,.0638235125033926,19.998316
310,1999,12.0090358018681,0,10.1658248935643,.140784553639521,13.84927
311,1990,14.4766109648342,11.3118735857557,10.2450184013482,-.210079385505001,13.514443
311,1991,14.4639313737426,11.6399809339924,11.8147700242814,-.151810477381025,20.043825
311,1992,14.5321350576081,10.5446043250017,11.9773303253185,-.192632471901281,20.202036
311,1993,14.5953882688777,10.1342420668517,12.0348441327805,-.192632471901281,25.619761
311,1994,14.6722939147683,9.909519324767849,12.0546629557551,.107472120549058,22.03285
311,1995,14.7910379741578,9.994652790288219,12.0762628904421,.107472120549058,28.528151
311,1996,14.8980731985182,10.2841817116524,12.1278197102581,.107472120549058,29.663183
311,1997,15.0991476743208,10.5146380342913,12.2044583432451,.107472120549058,31.472321
311,1998,15.2872853553311,13.4323112176002,13.5353482742307,.107472120549058,32.867416
311,1999,15.3948104890045,12.4905520950555,13.7240838477212,.107472120549058,33.569736
312,1990,14.7808034606131,10.5713169251118,14.2922371622832,-.208351651174549,28.256107
312,1991,14.7859953493361,10.6454248972655,14.2081636077137,-.188549023878369,29.662138
312,1992,14.8083366439375,9.01225522000275,14.1021579703399,-.158990221636825,36.326488
312,1993,15.015683483326,12.6436563835198,14.2073166043712,-.110200057467393,38.462688
312,1994,14.9639434717217,11.1085148007407,14.140587037464,-.0240223612263404,39.280964
312,1995,15.0051435344721,11.5016420459497,14.0965677845034,.0803376540979026,37.565193
312,1996,15.0373593574247,11.2837764167041,14.0407351424262,.129127818267334,40.464291
312,1997,15.1432967858898,12.6861039541228,14.1475359218867,.129127818267334,48.879578
312,1998,15.1169881827621,12.9650731075514,14.2892342591541,.129127818267334,44.475407
312,1999,15.1489587882229,10.0599355914121,14.190933553722,.129127818267334,45.345818
313,1990,15.6184165059085,13.2269215712881,13.1151554626881,.135684593207778,50.660419
313,1991,15.7827237303163,11.7701921434105,13.2511285546484,.0303240775499516,47.526829
313,1992,16.0845030939312,11.824599904898,13.3648765210922,-.132194851947824,57.406651
313,1993,16.3737379248989,12.9583539258656,13.7800562151253,-.194070255665911,62.889484
313,1994,16.5188052291946,12.3357842520518,13.8843726875715,-.174267628369731,65.459435
313,1995,16.6315063911323,12.3883191995115,13.9714011233125,.210994772420914,67.217201
313,1996,16.60430626122,12.7991314991002,14.1196627994714,-.0374665868775859,71.70472
313,1997,16.6855914850642,12.3845116750599,14.1622955774253,.0487111093634663,74.408661
313,1998,16.7452843534321,12.9433156557591,14.2959314263713,.0078891148432114,78.586357
313,1999,16.9041487847189,12.7033691622559,14.3582232617197,.027691742139391,82.817688
314,1990,15.0096637284851,10.3089526606443,13.7586830305518,-.135415785763784,29.921408
314,1991,14.8269132923372,13.243316494151,14.1367260718475,-.176237780284039,34.524803
314,1992,14.8686568422122,12.4379261547926,14.1905870402892,-.166287449430871,31.672922
314,1993,14.6435035583093,11.0878952013672,14.1124707304222,-.117497285261439,37.005524
314,1994,15.024566125163,13.2761397014549,14.3587527413508,.0135309771449647,38.88213
314,1995,15.6134459929264,11.6062882953744,14.2958163744713,.10884115694929,39.339985
314,1996,15.3715318294994,11.9675298826387,14.2618452754591,.118791487802458,42.538551
314,1997,15.4459201791869,11.546456948179,14.1989492560032,.0779694932822025,44.304733
314,1998,15.6556836668135,14.4110460121924,14.8531903315884,.0977721205783823,47.174515
314,1999,15.7203523017566,12.1692219217322,14.79142234001,.10772245143155,48.609138
315,1990,14.2932192174556,10.4193007178132,12.8428293526026,.044853714819939,16.901188
315,1991,14.3304377173908,10.3654905116046,12.8343289762254,.054804045673107,18.983208
315,1992,14.4746119965995,11.2316097508521,12.9298363212045,-.0395066337981344,22.319218
315,1993,14.3387420001001,10.4676643517991,12.9197080026574,-.0495569696516359,28.86504
315,1994,14.4278433720139,11.1842547174411,12.98899928507,-.0007668054822039,31.824547
315,1995,14.5160376911479,12.6129933603953,13.4034044471312,.0854108907588484,37.394943
315,1996,14.5783634538176,11.2700510337859,13.4154244072913,.0020292818197973,40.918083
315,1997,14.6026585977673,10.9917127483178,13.400839151642,-.0705414110150381,47.511284
315,1998,14.5491293386362,9.16293424957891,13.320337786606,.0064196301210901,55.130669
315,1999,14.4155722548906,11.4691094093858,13.3612974397982,-.0448736642664604,46.38253
316,1990,14.8553992328512,10.2399597891573,12.609041306773,-.202675235788811,8.2740145
316,1991,14.9115635229687,9.416866617466949,12.525148364992,-.173116433547266,35.761051
316,1992,14.3282940004826,10.0650535281175,12.4839009537161,-.124326269377834,29.699696
316,1993,14.0266702327697,8.535425959677299,12.3752730789841,-.0851055562245528,32.35202
316,1994,13.8021434145714,9.697262571660611,12.3154466463706,-.0081445150884244,27.911329
316,1995,13.6966381178839,9.46156590741735,12.2425559615822,.0688165260477039,31.069956
316,1996,13.7571700489286,9.697262571660611,12.1874564341642,.0688165260477039,30.486252
316,1997,13.3427946864253,10.4539760993585,12.2157566042758,.0688165260477039,31.190916
316,1998,13.2868759032518,10.4328502973005,12.2811003374691,.154994222288756,38.063229
316,1999,13.2125546529364,10.7386116119916,12.3373920936081,.154994222288756,33.394875
317,1990,12.82389953938,8.326032685955081,10.8120484863483,-.17283853199156,21.264082
317,1991,12.7096374633263,0,10.7106752185846,-.114569623867584,23.594494
317,1992,12.759589478306,7.77485576666552,10.6631946473413,-.0563007157436084,26.685848
317,1993,12.4932827941434,8.03008409426756,10.633296887466,-.0267419135020639,22.259493
317,1994,12.6276081240671,0,10.5319255307266,-.0069392862058841,24.734125
317,1995,12.8399355783833,0,10.4305565357363,.0226195160356601,27.822155
317,1996,12.8654304146782,9.59199081531831,10.6730585929391,.0424221433318399,27.689907
317,1997,12.944719062043,10.3495826367302,11.0893824314122,.0719809455733845,28.885225
317,1998,13.0933025649053,9.212138753917561,11.1212715418486,.0917835728695641,31.004648
317,1999,13.0811982925727,0,11.0199037403473,.111586200165744,29.74205
318,1990,11.7502683982099,7.58882987830781,8.44548234386224,-.193683652860652,1.2976235
318,1991,11.7710113022576,7.38709023565676,8.657963321051961,-.14489348869122,4.3918424
318,1992,11.7734620773928,8.654343029563471,9.267995884464341,-.0961033245217879,5.1658592
318,1993,11.9154985928628,0,9.16452677343664,-.0473131603523559,7.2523518
318,1994,11.8029694126641,7.7591874385078,9.28319112559034,.0014770038170761,10.724937
318,1995,11.6480918720816,7.60090245954208,9.346164135110561,.059745911941052,9.5317879
318,1996,11.586222187515,0,9.242691388860511,.059745911941052,5.2392135
318,1997,11.6128909200924,8.84014587794994,9.626514598892699,.0893047141825965,10.830908
318,1998,12.1117062868532,9.016755622903521,9.933410366187379,.0992550450357647,12.735217
318,1999,12.2519129959015,9.279306576440909,10.2234020344204,.119057672331944,14.374386
319,1990,15.7303970483875,12.6880758658465,14.2322960151177,-.157032578979688,44.022594
319,1991,15.1876940794633,11.7274237534594,14.2159980315123,-.0800715378435599,17.873396
319,1992,15.7759669230369,12.248145057952,14.2513168805963,-.0602689105473802,42.028362
319,1993,15.7566983022366,12.2143532663614,14.2774809444436,-.0210481973940988,47.790382
319,1994,15.7367838263124,12.2976896503151,14.3082948512398,.0085106048474457,50.653881
319,1995,15.8349093132362,12.7630535366003,14.3965668468345,.0477313180007271,54.892654
319,1996,15.8413314621996,12.9765534829816,14.5030232948171,.0869520311540083,50.263515
319,1997,15.7353094294237,11.6508509394614,14.4553699828361,.0667493238364888,52.364506
319,1998,15.6893222096612,12.0593575861655,14.4364778295385,.0362901163517802,52.932568
319,1999,15.5772124684947,11.4381480380124,14.3812610330255,.0462404472049484,50.847233
320,1990,15.0068171337572,10.9502274317935,13.4651186912342,-.0389852212043612,25.918131
320,1991,15.013702583105,11.3032039339877,13.4859843020684,-.0694444286890697,27.386221
320,1992,14.9822415184951,11.0123141636112,13.4753351731457,-.04964180139289,31.097868
320,1993,14.9865134526225,11.3626954227227,13.497734984345,-.143952480864131,32.539551
320,1994,15.0453588259734,10.8925081645741,13.4750510025425,.0466678787445184,34.350342
320,1995,15.0503156829266,13.6924442151875,14.1689254537158,.397324750357688,35.130806
320,1996,15.0320722379509,11.1815561860849,14.121045343158,-.113500873408303,36.431755
320,1997,15.0802073341872,11.8244973888615,14.1171313337609,-.113500873408303,37.859661
320,1998,15.0822586937919,12.5593177141657,14.20163639541,-.0365398322721746,39.802525
320,1999,15.0624869127318,13.2513703000336,14.4120443549186,.0026808808811068,38.714542
321,1990,14.2562323595073,10.6896468197605,11.4080426129907,-.240089062682106,21.837486
321,1991,13.9145399083099,9.74096862303835,11.4903587410763,-.172430414208292,23.023773
321,1992,13.8632466139223,9.74096862303835,11.5556199452942,-.114161506084316,24.54151
321,1993,13.1841080302175,7.14361760270412,11.4666815064662,-.0653713419148838,22.593407
321,1994,13.5701861484674,7.0825485693553,11.3778626145483,-.0165811777454516,27.089754
321,1995,13.7302083327811,9.10175243155928,11.3716199318717,.0322089864239804,28.333496
321,1996,13.7980173279459,8.49187538343195,11.3221801275522,.0714296995772618,30.228691
321,1997,13.81169743185,9.47270463644367,11.3583373561515,.110650412730543,30.984325
321,1998,13.6880238377997,8.04654935728308,11.2903629947957,.130453040026723,33.78783
321,1999,13.9364296915705,9.96307634394778,11.4084478927364,.179243204196155,34.097309
322,1990,14.590288654412,11.2438688566416,12.6874334126416,-.262953934037049,31.545431
322,1991,14.3799283885676,11.324207494671,12.8276311777734,-.176776237795996,29.630882
322,1992,14.2867001802007,11.2113743267769,12.9145110668778,-.156973610499817,32.698811
322,1993,14.2402081911144,9.664849580263271,12.8523556560028,-.117752897346535,37.061989
322,1994,14.2749683305928,9.58720022307401,12.7889106973302,-.0044242120395321,35.432705
322,1995,14.3875899217194,9.60075952187908,12.7268481050997,.0908859677647929,35.044041
322,1996,14.3139680032117,10.7189187352992,12.7454422849713,.100836298617961,35.823208
322,1997,14.3129194958096,10.644209873709,12.752586114599,.100836298617961,35.065884
322,1998,14.4267166664473,10.8870443324622,12.7859433394207,.120638925914141,37.118172
322,1999,14.3419457705448,11.6670961445975,12.9486814314591,.197599967050269,37.95187
323,1990,11.6440418739702,8.69951474821019,8.80312373082921,-.144861132118999,-4.0287805
323,1991,12.0540216624329,8.455317787698149,9.24832955788022,-.105640418965718,1.4314914
323,1992,12.0773891929134,6.21460809842219,9.169757932093759,-.0760816167241734,8.4386768
323,1993,11.8741140337697,5.7037824746562,9.073397452419821,-.0562789894279938,10.724412
323,1994,11.9327322406248,5.52146091786225,8.973997592853991,-.0074888252585618,4.2804155
323,1995,12.2183307151433,6.30991827822652,8.91241939370415,.0317318878947196,11.689279
323,1996,12.0105509426747,8.041412909393051,9.125990903507819,.0612906901362639,14.280528
323,1997,12.1602512962687,5.29831736654804,9.017883627244039,.0810933174324438,11.854523
323,1998,12.0835614340981,5.85793315448346,8.92885240968773,.0810933174324438,13.900406
323,1999,12.463288117421,6.30991827822652,8.867018731653721,.100895944728623,13.136401
324,1990,12.2808835973221,9.39266192877014,9.53604051161548,-.194235628924704,8.2926168
324,1991,11.6154223698487,8.85366542803745,9.86719694243509,-.117274587788575,5.6792979
324,1992,11.703004820304,8.994296557777201,10.1283376468771,-.0590056796645995,-5.5144944
324,1993,12.1145834524067,0,10.028294749796,-.0490553488114313,5.2251401
324,1994,12.7759058149141,6.80350525760834,9.96762599365236,-.0194965465698869,7.1743116
324,1995,12.7427299193445,9.743377484107389,10.4417366907297,.0292936175995451,6.5542631
324,1996,12.5912688258491,8.81581520390635,10.5127040604056,.0588524198410896,10.455758
324,1997,12.253509309321,9.26719318356897,10.6511678984291,.0588524198410896,7.8339844
324,1998,12.4006467288342,7.17930796950403,10.5796131850116,.107642584010522,4.2865505
324,1999,12.4976229704178,5.85507192220243,10.487740202379,.137201386252066,7.7709107
325,1990,11.6834483571274,0,8.49902922078857,-.198478893197052,-4.2924428
325,1991,11.4060641347646,0,8.438106693095451,-.112301196955999,.13650504
325,1992,11.6350560142568,0,8.377356246228439,-.0635110327865674,1.7895708
325,1993,11.3597372218521,0,8.316520273729401,-.0242903196332861,.42530012
325,1994,11.5946930104093,0,8.25562061348224,.0052684826082583,9.3506317
325,1995,11.5074629324688,0,8.194809247118011,.0348272848498026,7.5059452
325,1996,11.5286187585474,0,8.1339982519538,.0546299121459824,6.0736427
325,1997,11.3850760933323,9.212737496575899,9.3669765318658,.0744325394421622,4.9344096
325,1998,11.6423055173993,8.865029186687771,9.73894304352485,.0942351667383419,7.0813122
325,1999,11.4908553087724,0,9.678129050027611,.0942351667383419,8.604619
326,1990,12.3375617774041,11.1837684070682,11.4436932791356,-.272788242355344,13.199874
326,1991,12.3573050260574,7.90100705199242,11.3489702103335,-.262837911502176,15.92354
326,1992,12.1794192185953,0,11.2230676940688,-.262837911502176,14.530723
326,1993,11.981679409073,0,11.0971675673766,-.262837911502176,19.562155
326,1994,12.0443735514197,0,10.9712659931038,.066465835640425,14.927254
326,1995,12.0582881650543,8.87766093359367,10.9611458935341,.206227778015584,15.614352
326,1996,11.9640431987568,0,10.8352440702089,.255017942185016,19.167397
326,1997,11.9092866952671,0,10.7093404565455,.255017942185016,15.332954
326,1998,11.8705798075554,9.04782144247841,10.7500165459923,.006556582886516,14.932212
326,1999,12.0849591254247,8.294049640102029,10.7023204458716,.0457772960397971,13.767655
327,1990,13.1232389939403,10.3622722340745,8.35420356292178,-.153062084150502,13.385506
327,1991,13.0488933555632,10.0148947501103,10.1409441812974,-.153062084150502,11.471415
327,1992,13.0883452672118,10.2866047969804,10.8244354230856,-.143111753297334,19.996548
327,1993,12.9252919744881,10.0768944919405,11.1110902607822,-.0478015734930094,16.901363
327,1994,12.9387770210886,7.77106708606541,11.0311811832015,.0009885906764227,23.593641
327,1995,13.0528503706705,8.476162841858249,10.9893455161645,.0497787548458546,14.652889
327,1996,13.0730113554224,10.5716758350549,11.3648337259667,.0397284189923533,18.306738
327,1997,13.1940214939681,10.0625404823907,11.4791028756942,.0397284189923533,12.628281
327,1998,13.425271443854,0,11.3634679217954,.0397284189923533,13.91351
327,1999,13.4463928081069,0,11.2478329822976,.254839798609299,14.915134
328,1990,13.8047965009744,10.6071047308792,12.5919573016594,-.192834749575453,-1.3344775
328,1991,13.7039335504259,9.69609431131315,12.5343506869604,-.134565841451477,22.950071
328,1992,13.8250084660819,9.227492430793751,12.4553427077403,-.0953451282981957,21.465229
328,1993,13.6725124083056,9.166283985779261,12.377853847441,-.0561244151449144,18.186169
328,1994,13.7456385294397,8.328692583545569,12.2798536356597,.0021444929790616,20.514143
328,1995,13.9367653705316,9.191565216649851,12.2080656581604,.0413652061323427,20.804752
328,1996,13.9185724889953,9.406236048797259,12.1491270913869,.0709240083738872,23.189379
328,1997,13.9773251214721,10.3791004205464,12.1834665421647,.090726635670067,23.257088
328,1998,14.0857783495707,10.279352190868,12.199427112811,.100676966523235,33.060177
328,1999,14.0611900396573,10.2799700257198,12.2126887110222,.120479593819415,31.558702
329,1990,11.7239057840589,9.75846178048587,10.5537272320848,-.0718781313799053,-17.447401
329,1991,11.7616661200324,8.10711747075039,10.5417058907369,-.0718781313799053,-16.256069
329,1992,11.7732916141973,7.79729127354747,10.5061600932014,-.0326574182266239,-17.261152
329,1993,11.5558817982419,9.4785337678441,10.7195689231911,-.0128547909304441,-12.627954
329,1994,11.6958578963091,7.5595594960077,10.6612021600659,.0069478363657356,-18.731098
329,1995,11.6098599231544,8.808668062106721,10.7025723322092,.0267504636619153,-16.085018
329,1996,11.8932258449018,0,10.6021992225685,.0367007945150834,-12.714965
329,1997,11.5772898530646,5.85507192220243,10.5099160405429,.0367007945150834,-13.681739
329,1998,11.6537586494126,9.25368717647955,10.6446055140437,.0367007945150834,-8.1891127
329,1999,11.660999764004,0,10.5442302953015,.0367007945150834,-6.0229144
330,1990,14.8306100518008,12.3915766330154,13.2251437673988,-.001973465439985,15.742974
330,1991,15.0118817432066,12.6393831146675,13.5732225402185,-.0221761727575045,25.679411
330,1992,14.7614949726774,12.277979267919,13.7017152357992,-.042378880075024,35.532581
330,1993,15.0171978183665,12.1785267161002,13.7807239595779,.0252797683987908,36.121582
330,1994,15.4366399456395,12.2836214768468,13.8611509095354,.0252797683987908,43.262852
330,1995,15.823192994404,12.8966114271735,14.0549343835036,.0352300992519589,51.880486
330,1996,15.8138556159795,12.5660137497555,14.1250424255394,.0047708917672506,51.700699
330,1997,15.9544721962387,11.9296865328202,14.0980471400568,.0047708917672506,44.190994
330,1998,16.053675836515,13.6395105778338,14.4425504675418,-.0256883157174581,47.737492
330,1999,16.0279792933975,13.032548073082,14.5225034428462,-.0058856884212784,43.860355
331,1990,11.530705966168,6.74641212857337,9.74683374249075,-.353708950269888,-2.7917619
331,1991,11.6195209515352,6.31173480915291,9.67727053295337,-.205288945151615,7.8300109
331,1992,11.6427105096892,8.10167774745457,9.766510229507309,-.119111248910562,-13.122037
331,1993,11.7169999857023,0,9.663026159288091,-.0514526004367472,-1.0492344
331,1994,11.7329949014477,9.63003706233107,10.2433148688634,.0438575793675777,-.34615007
331,1995,11.7585931645094,9.06797003068446,10.4027192254453,.0926477435370097,-.56484538
331,1996,11.7597038843498,9.28200965866654,10.5693945657419,.141437907706442,.53180468
331,1997,11.7160122958745,8.88016824790345,10.6258439596801,.110978700221733,4.4220428
331,1998,11.7220237654501,8.50976567558744,10.6252173308497,.110978700221733,-.16528456
331,1999,11.8238084200792,8.76717339668401,10.6531757341537,.110978700221733,2.6923406
332,1990,12.3505601680075,8.740656691541369,11.2284117014561,-.174111310748748,-4.0092773
332,1991,11.9281814197201,9.0808010006212,11.2338846160393,-.106452662274933,4.5201311
332,1992,11.8003236058995,7.24351297466548,11.1398234757567,-.0576624981055007,4.2741938
332,1993,11.6638431223905,9.5187070356208,11.213969412695,-.0281036958639562,-2.2210686
332,1994,11.8584715033967,6.96508034560141,11.115101091958,.0014551063775881,-.83733559
332,1995,12.2446919807999,7.81278281857758,11.0372658708683,.0406758195308694,-.65924209
332,1996,12.7570552566549,9.808297365532381,11.1715992669158,.070234621772414,-1.9225199
332,1997,12.6065574270839,9.68365102697941,11.2522941979948,.080184952625582,-3.5083165
332,1998,12.7395982437506,10.1999187396202,11.4234503281426,.0701346167720804,3.7405899
332,1999,12.784844041112,10.3828225092107,11.5958483287018,.0701346167720804,6.2048926
333,1990,14.4963068695837,9.45610610132667,12.4340365602028,-.2183755389252,22.129459
333,1991,14.5720064343432,0,12.3336612270814,-.150716890451385,26.200031
333,1992,14.5641729746049,0,12.2332908466231,-.101926726281953,-.64823246
333,1993,14.1094598821185,8.34924780056679,12.1538784191094,-.0627060131286714,8.6860361
333,1994,14.2520872478682,4.9416424226093,12.0542527473199,-.0139158489592393,1.9442387
333,1995,14.5884591558641,0,11.9538799745642,.0348743152101929,3.2858579
333,1996,14.0790525816711,10.4631033404715,12.0470651906416,.0740950283634742,.8288309
333,1997,14.093588803044,0,11.9466922748205,.0938976556596538,14.065724
333,1998,13.8357514399821,5.99146454710798,11.8487289065693,.123456457901198,13.398435
333,1999,14.4567011231298,8.879611609982041,11.7947318090898,.153015260142743,9.8048944
334,1990,15.2256031664688,11.2664237228288,12.9668060420342,-.223269965046068,-21.365921
334,1991,15.4245830430781,11.8177522237559,13.1549194309699,-.155611316572253,-14.169893
334,1992,15.4007125368735,10.8419310890514,13.149251237212,-.135808689276074,-14.338322
334,1993,15.3718189559392,9.577895907011129,13.0737687541155,-.0870185251066416,-3.0273149
334,1994,15.5999221757686,10.5360351109671,13.0467980977398,-.0100574839705131,-.99036294
334,1995,15.7141415721386,12.0974010988985,13.2626677813163,.0195013182710313,-2.8248837
334,1996,15.5731423026839,11.9478199171024,13.3861423330319,.0490601205125759,-1.4832259
334,1997,15.6447666519559,11.7010551220472,13.4426381403466,.126021161648704,-1.2843512
334,1998,15.8236615968117,12.4725055449428,13.6416262274619,.145823788944884,3.6272237
334,1999,15.7928936436443,11.5269072624906,13.6436181876509,.185044502098165,10.047796
335,1990,15.956573334359,13.2103193081626,14.5844505049005,-.228431495897446,16.49062
335,1991,15.9670417149922,12.7242620896965,14.6293365329767,-.115102810590442,16.495289
335,1992,16.1322651200373,12.5585939751439,14.6437405770339,-.0953001832942627,20.721966
335,1993,16.1410006546874,13.2753041827714,14.7684405971055,-.075497555998083,22.695122
335,1994,16.4349872222276,12.7065600132097,14.7804093040862,-.0078389075242681,29.766939
335,1995,16.6388494986776,13.905030369533,15.0128291621249,.0504300005997078,34.173851
335,1996,16.7623539654648,13.9783748778079,15.1956212897952,.0702326278958874,38.985149
335,1997,16.9568352203879,14.4442536083558,15.4542534540229,.0900352551920672,41.409191
335,1998,17.1523225377029,14.2465069512688,15.591653352559,.109837882488247,41.66383
335,1999,17.1852354603771,14.8086689932854,15.8368298965084,.139396684729791,39.380611
336,1990,16.110956987091,12.6521773315217,13.7698476986754,-.138881620593591,6.6961913
336,1991,16.1604260075617,12.653364043685,13.967834999805,-.128931289740423,19.084381
336,1992,16.2973995033043,13.3362917995384,14.3073405619159,-.0993724874988789,17.54336
336,1993,16.1999466181836,13.1697754495839,14.4914768893622,-.0795698602026992,18.833029
336,1994,16.2840322112967,12.1252800734452,14.4808059534994,-.0213009520787233,20.679829
336,1995,16.2802444019883,13.3339297713003,14.6485210235901,.0369679560452527,27.268536
336,1996,16.3480943788471,13.3880835429928,14.7856331992145,.066526758286797,33.752007
336,1997,16.6070011925321,13.2277822913569,14.8648879235724,.0863293855829767,35.439941
336,1998,16.7591677851273,12.127375698581,14.8226787505529,.106132012879156,31.993029
336,1999,16.80366079805,14.1616162435537,15.1122976572364,.125934640175336,36.290806
337,1990,15.6516586796047,10.2845233467211,13.1994188585253,-.0821517783095537,-.45827445
337,1991,15.0104538374154,10.2020724723502,13.1513408456555,-.0922021141630551,13.078024
337,1992,15.5978736807451,11.4879255551689,13.2311173288406,-.102252450016557,23.130468
337,1993,15.4504970622244,9.16051967699223,13.1481706855639,-.0439835418925809,22.380835
337,1994,15.1835326697061,7.70796153183549,13.0521747913355,.154867316852584,19.229748
337,1995,15.2584097589703,8.03008409426756,12.9581804760376,.154867316852584,21.09059
337,1996,15.1954132340459,9.7412626974413,12.8951103939282,.0383335005966329,24.756912
337,1997,15.1402321768422,8.454466361507929,12.8057134933749,-.0024884939236223,22.029123
337,1998,15.2397718429558,8.54071438645758,12.7183332392342,-.0125388297771237,22.074923
337,1999,15.3258529586673,9.756784073343921,12.6646800209548,-.0533608242973787,22.711966
338,1990,11.3635635038387,7.06390396147207,8.64347335732657,-.0596888073373523,-12.316612
338,1991,11.4281521206253,0,8.53347984097892,-.0596888073373523,-9.6369362
338,1992,11.3871735688684,5.51342874616498,8.48939024675415,-.0596888073373523,.73919147
338,1993,11.3271621842334,6.96318998587024,8.583018384436411,-.0301300050958079,1.0267873
338,1994,11.4716296684986,7.37775890822787,8.73987263504914,-.0301300050958079,5.882586
338,1995,11.5474057771835,7.48885295573346,8.87706103262909,-.0005712028542635,5.7436934
338,1996,11.4667428824181,0,8.76692414443945,.0093791279989046,6.200439
338,1997,11.5484264975946,7.71467747380093,8.94201638358143,.0389379302404491,10.001883
338,1998,11.5449146909468,7.45240245122364,9.0240469377098,.0684967324819934,7.3501167
338,1999,11.5211949285349,0,8.913900057850499,.107717445635275,6.3302526
339,1990,15.6962805382327,12.8801618714564,14.6269815168418,-.034905428147994,34.980789
339,1991,15.7951534588799,13.2619131233544,14.7494852036573,-.0551081354655136,37.179787
339,1992,15.7643280117744,11.7729793703045,14.6780174017588,-.0551081354655136,32.468639
339,1993,15.6837214249781,12.2289489755311,14.6416554637736,-.0255493332239691,46.545971
339,1994,15.8008911313326,12.4130868149145,14.6229597446437,-.0057467059277892,44.218842
339,1995,16.0601731712412,13.4519548529333,14.767311396429,.0140559213683905,46.173733
339,1996,16.1760709856444,13.279367126214,14.841224429851,.0338585486645704,44.629757
339,1997,16.4116244309064,12.3913066237712,14.7963109105584,.0438088795177384,54.802341
339,1998,16.3100360349192,12.7573682018499,14.7888562916649,.0438088795177384,60.868568
339,1999,16.2106195271138,12.8434428106211,14.7913602711204,.0337585436642368,63.798698
340,1990,15.3525266645348,12.7393415247101,13.7275325321019,-.134002375444392,29.280704
340,1991,15.4231068594324,11.5361340501071,13.7389249343502,-.104443573202848,34.420685
340,1992,15.6297829414673,12.0499450128187,13.8136965135802,-.0748847709613033,38.49728
340,1993,15.6786022316868,11.7064671731166,13.8304208451,-.0748847709613033,43.745113
340,1994,16.036500298284,11.4659281926093,13.8199285840984,-.0453259687197588,47.115818
340,1995,16.2709937808593,13.2183424243762,14.1454859500065,.0316350724163694,51.376781
340,1996,16.3839691292405,11.7141341974827,14.124274879823,.0611938746579139,53.793846
340,1997,16.3519891561553,12.6242729819402,14.2127876354556,.0907526768994582,55.377731
340,1998,16.5424877861804,12.5843960611653,14.2793220554714,.100703007752626,57.732731
340,1999,16.381494693884,12.2653787514276,14.2943994709037,.110653338605794,53.982204
341,1990,14.5822495796795,9.80620542972957,11.6803533259242,-.149641567584816,17.598913
341,1991,14.2290368308111,11.8123705807544,12.3656124919632,-.0913726594608397,25.160784
341,1992,13.959156863114,10.0722171558106,12.3434617750101,-.0425824952914077,26.280497
341,1993,13.2122109062782,10.1169039480918,12.3268467590055,-.0425824952914077,33.415443
341,1994,13.5783392540698,8.799360083179909,12.2323932005955,-.0227798679952281,30.987597
341,1995,13.6932733770753,9.04570155003454,12.148225288541,.0164408451580534,27.899916
341,1996,13.6989786523747,10.1302644950828,12.1452392519224,.0459996473995979,29.18498
341,1997,13.7667025322695,9.741615472609579,12.1039413547533,.0658022746957776,29.981575
341,1998,13.8278430783055,10.8071995022034,12.2111477453969,.0856049019919572,30.857395
341,1999,13.8780439730731,11.3391909339136,12.4202856378471,.105407529288137,32.403572
342,1990,12.649544405155,8.840435439266569,10.9657297278945,-.229259511413016,11.230507
342,1991,12.5304924254973,8.909775673693391,10.9936374694573,-.180469347243584,12.071523
342,1992,12.5459941315395,10.1411255500008,11.2610042812219,-.131679183074152,11.951088
342,1993,12.6475051775575,8.687104728133511,11.2365261686054,-.121728852220984,13.84476
342,1994,12.6748920764475,10.8226940294912,11.6482418884787,-.0355511559799318,14.248614
342,1995,12.8799725699354,10.2313153909171,11.7595386374231,.0414098851561966,14.932981
342,1996,13.0722907847745,9.78908629222615,11.7836126896211,.0902000493256284,17.318178
342,1997,13.0309333375953,10.287252233665,11.8738533523107,.12942076247891,18.497026
342,1998,13.1233183538492,10.7175683559917,12.0305775354392,.158979564720454,19.41494
342,1999,13.228982931406,10.7158611709905,12.1522144857384,.178782192016634,19.108709
343,1990,13.8690805474566,10.6454248972655,12.4733708718108,-.199306640753883,-77.335121
343,1991,13.5227582703116,9.45727857185611,12.4203707913363,-.150516476584451,-11.988564
343,1992,13.7091808819219,10.5853968236693,12.4705884399501,-.0922475684604754,-26.682995
343,1993,13.3608574445117,10.5355037330918,12.5056074460503,-.0822972376073073,16.757887
343,1994,13.4514983910688,10.4024430037316,12.5182631672738,-.0430765244540261,10.98268
343,1995,13.8315940855043,11.7228702951197,12.7787197275592,.0431011717870262,11.596479
343,1996,13.9205281560678,10.4157721115384,12.7604044980342,.0823218849403075,10.48782
343,1997,13.8330742321163,10.8735844189688,12.7894158417201,.111880687181852,9.0985012
343,1998,13.5793859130788,11.4612742117862,12.9064426783768,.131683314478032,13.923895
343,1999,13.7440666006717,10.6832251881772,12.8980273653914,.131683314478032,10.205622
344,1990,14.7854074661633,10.7133727784958,12.8405493873635,-.0723069483719073,3.7659559
344,1991,14.7455646838811,11.1571643890412,12.9081708954716,-.0525043210757276,19.071409
344,1992,14.6583177796613,11.6110589282836,13.0463937966089,-.0425539902225596,22.53196
344,1993,14.365449010925,11.1733042755973,13.0796800683791,-.0326036593693914,28.9212
344,1994,14.5733516332915,10.3020958731811,13.0258280273854,-.003044857127847,26.591799
344,1995,14.7647302766383,11.5250516447681,13.1087900755102,.0167577701683328,27.99972
344,1996,14.5284016764156,11.4072871329472,13.1548747098396,.0267081010215007,31.736479
344,1997,14.6910175179049,12.052804909127,13.3135824007533,.0366584318746689,31.75547
344,1998,14.6439516241444,11.8365512524619,13.3932191788139,.046608762727837,34.28973
344,1999,14.5284432590129,11.415555164574,13.3996130713366,.0664113900240168,34.57832
345,1990,14.9622461168858,11.4394619005259,12.190095691007,-.239893970488942,22.509422
345,1991,14.8402698156274,11.6548155759698,12.5649351949143,-.19110380631951,25.0282
345,1992,14.851653535077,11.4479388434507,12.7456364436526,-.104926110078458,28.530626
345,1993,14.7657157425081,11.3412589411636,12.8575704060144,.0172915226457915,31.313274
345,1994,14.911594037784,11.9168760934996,13.078061376346,.0370941499419712,29.575855
345,1995,15.1735847005358,11.9468225270726,13.2376570950558,.0568967772381511,33.941559
345,1996,15.1107360012636,11.4003612873527,13.2636130820773,.0766994045343308,36.081001
345,1997,15.1554900728781,11.6102608653575,13.3141021196544,.0866497353874988,37.639732
345,1998,15.2368234120784,11.7456707715407,13.3771764338974,.096600066240667,39.1535
345,1999,15.207590791554,10.9736489250302,13.3418448715649,.096600066240667,38.307571
346,1990,14.5833452827827,11.2118203721863,12.6446243066261,-.0549162740820771,14.995614
346,1991,14.5472602296128,9.64517008871425,12.5950926037018,-.0449659432289089,23.70215
346,1992,14.497902238478,9.7385539453434,12.5519204368198,-.12834755216796,23.029427
346,1993,14.5142534760634,10.9881699356707,12.6459948953897,-.079557387998528,24.520592
346,1994,14.6885211202183,10.1266311038503,12.6229609267194,-.0403366748452467,29.442785
346,1995,14.747173605187,8.87416809036397,12.544218837449,-.0011159616919655,31.665026
346,1996,14.7699344185155,9.555347511047231,12.4895339480514,.028442840549579,32.564499
346,1997,14.7971943453407,9.744726260151189,12.4466434561669,.0772330047190111,32.519234
346,1998,14.6920272356423,9.55236857416808,12.3955439981756,.0970356320151907,33.821278
346,1999,14.6038316469489,10.1502304361007,12.3876547623391,.116838259311371,29.893764
347,1990,13.3253408735058,9.05122740031911,9.52032195192273,-.463892317211635,-1.4573336
347,1991,13.4075186692379,10.2056640711384,10.5528604682445,-.201528052744144,.48978481
347,1992,13.0227201676281,8.435983135990689,10.561582519663,-.211578388597645,2.5432329
347,1993,13.0157527340379,9.0543880702023,10.6578050883259,.0115651627165642,7.5893059
347,1994,13.1957397495672,8.134467570277559,10.6251298630426,.0885262038526927,10.633405
347,1995,13.1371393540112,7.7367436824535,10.5667372234997,.118085006094237,6.8264513
347,1996,13.0950125219087,6.73578001424233,10.474981091299,.0772630115739818,8.7708111
347,1997,13.229101163933,9.346094292953801,10.628920396594,.135531919697958,17.493784
347,1998,13.385785821088,9.04522985191258,10.6921562542026,.155334546994137,20.156517
347,1999,13.185760126491,9.7002079011507,10.8780226639315,.114512552473882,21.263433
348,1990,13.8621433018028,10.3938145068248,11.8874432739878,-.22736714423691,21.435827
348,1991,14.1285944606229,9.26672070541229,11.8475667406908,-.159708495763095,20.696133
348,1992,14.2634691517583,9.684771684549069,11.8466281556515,-.110918331593663,23.404737
348,1993,14.2008570003626,9.570808114153611,11.8329299929814,-.0813595293521183,21.111023
348,1994,14.3902162090623,10.4668961387102,11.9498317449449,-.0325693651826862,13.539665
348,1995,14.2951981062712,10.7747599977586,12.0998756690254,.0162207989867457,19.973099
348,1996,14.1916257373663,8.365905077202459,12.0068811887881,.0838794474605608,22.529863
348,1997,13.697248844076,8.856660937017249,11.9310573430809,.113438249702105,11.570978
348,1998,14.3760834256177,9.61973109808682,11.904864169024,.133240876998285,20.322088
348,1999,15.0673606501967,7.08170858610557,11.7966364129341,.182031041167717,17.845587
349,1990,16.3090931992256,11.4676560955227,14.289524883604,-.105048504765479,15.182862
349,1991,16.4280066206895,13.5103431711715,14.5703048491854,-.0754897025239343,20.906971
349,1992,16.3716231887596,11.9333645678055,14.5177950657121,-.0459309002823899,24.174572
349,1993,15.6203307563086,5.8171111599632,14.3917271019725,-.0261282729862103,47.925304
349,1994,15.4078012134287,12.3771015125769,14.3950917610657,.0130924401670711,54.122349
349,1995,15.7510028275823,12.9025343270579,14.470956494393,.023042771020239,31.321449
349,1996,15.8318977028283,12.7481294587261,14.5049345661116,.0329931018734072,30.186813
349,1997,16.2548488606748,13.3382905532013,14.6404308112099,.0527957291695868,36.200371
349,1998,16.5168666544493,13.3840858975364,14.7546987701914,.0627460600227549,35.739529
349,1999,16.5487370921984,12.3656159021014,14.7118800123036,.0526957241692534,36.542351
350,1990,11.9299997339048,8.006367567650249,10.1197676038289,-.365891520911718,-10.007066
350,1991,12.1658039418627,7.38523092306657,10.0942855823109,-.317101356742286,-8.3294754
350,1992,12.1193047031978,7.59739632021279,10.0840283580666,-.268311192572854,-.55313259
350,1993,12.1821606216949,7.55276208421415,10.070246978407,-.248508565276674,3.6804464
350,1994,12.3366995625398,8.454679286026989,10.1600968272333,.109165878995141,-2.4668665
350,1995,12.0284213461935,4.65396035015752,10.0721031097739,.11911620984831,1.7165771
350,1996,11.9508617466148,7.61923341622681,10.0580095919723,.158336923001591,4.9665937
350,1997,12.1677867307637,8.48011418317482,10.141421189323,.187895725243135,6.240356
350,1998,12.2816781995203,7.18538701558042,10.0964192884421,.187895725243135,7.2932673
350,1999,12.1237715389046,6.82437367004309,10.0387000313431,.187895725243135,7.5121293
351,1990,15.0357332621722,11.4716137672316,13.8886150982772,-.0417875842440486,24.181892
351,1991,14.7376370987751,12.1421099585683,13.9472545291024,-.0417875842440486,31.583418
351,1992,14.6745685121841,10.3260719524517,13.8609399381634,-.0318372533908806,40.367577
351,1993,14.6978850435304,10.183616169333,13.7728321538816,-.0520399607084,33.80542
351,1994,14.9130329770426,10.774425206686,13.7085111444912,-.0128192475551188,35.005444
351,1995,15.1679267025171,11.0069049448473,13.6582962399865,.0167395546864255,36.049221
351,1996,15.139941525619,10.5936051485357,13.5880134185231,.0266898855395937,36.512047
351,1997,15.2089091042149,11.9212331956625,13.4907386843527,.0366402163927617,35.152805
351,1998,15.384811463566,10.2714930624839,13.4135976333753,.0465905472459298,33.003983
351,1999,15.3779069329776,11.4392896890066,13.4217675764883,.0465905472459298,33.237427
352,1990,15.4992655042782,11.6107778651377,14.2083286958868,-.262226759938531,34.048698
352,1991,15.5464515017908,11.1357270625704,14.1880072650831,-.185265718802403,36.345695
352,1992,15.5554611497217,12.2185445470255,14.2525506868059,-.126996810678427,38.603825
352,1993,15.5166022512037,11.6658267932542,14.2578583918517,-.0782066465089948,43.298523
352,1994,15.7046145837542,10.9235074701728,14.2251196014333,-.0389859333557136,42.55933
352,1995,15.5656100686876,11.4736439499686,14.216339803715,.0192829747682623,44.357944
352,1996,15.5493645925222,11.7294149268535,14.2228543003335,.0585036879215436,47.315983
352,1997,15.6191624916462,11.3848420622051,14.2075110232525,.0880624901630883,46.955078
352,1998,15.6504228691,11.7502243550726,14.214798359071,.192422505487331,48.54829
352,1999,15.6526091089011,12.2526031156559,14.2661740541969,.221981307728876,51.204418
353,1990,12.4669144145801,8.269756947532979,11.2865767827071,-.110568222683687,-11.795438
353,1991,12.8928529472391,8.03883475778775,11.2215097645292,-.0810094204421427,-7.4683781
353,1992,12.6982065811531,8.962135390066599,11.2199534252814,-.0612067931459628,-1.48246
353,1993,12.9339155317889,8.244859395911259,11.1667805989332,-.0414041658497831,-1.2995503
353,1994,13.1328989201446,9.542732869195021,11.2442182263077,-.002183452696502,2.446749
353,1995,13.2282940420673,9.583006768332959,11.3056872504897,.0176191745996778,2.3700886
353,1996,13.2004248738722,9.614671504043139,11.359572633444,.0471779768412222,5.2421288
353,1997,13.2123874060985,10.2563602771918,11.5235567520389,.066980604137402,6.3935275
353,1998,13.1154358314199,9.02773877597491,11.4907238223365,.066980604137402,7.3715858
353,1999,13.1981683424571,9.608310798322091,11.5165827688736,.0769309349905701,9.0089397
354,1990,12.8943599180545,10.6261935353376,11.4310644384899,-.259567599664326,-9.7890596
354,1991,12.8751992923089,10.6769004928147,11.7353695717301,-.164257419860001,-4.3969331
354,1992,12.9008327593494,10.5669484227257,11.9131823672228,-.0965987713861861,-4.2124624
354,1993,13.0606298060894,10.0977788519433,11.9651539227415,-.0478086072167541,-1.813924
354,1994,13.0110587128926,9.30392178559771,11.9301366503494,.0009815569526779,-.57151109
354,1995,13.0480972001445,10.1069996619011,11.9727600644499,.0207841842488578,1.1993937
354,1996,13.1040252481656,10.3748028212067,12.0452969016834,.0695743484182897,13.0624
354,1997,13.0516518577299,9.42504844446929,12.0079429966506,.0893769757144693,15.400526
354,1998,13.1200395961093,10.4027465399307,12.0763249428571,.128597688867751,19.592606
354,1999,13.1607245240818,11.3626024502773,12.3473082840902,.177387853037183,22.402237
355,1990,12.0094717423204,0,11.6961882453409,-.069681106075548,-3.3139796
355,1991,13.2195967692954,9.48683509878739,11.7116017183088,-.0304603929222666,14.155709
355,1992,13.3204310386421,10.0885968865324,11.8028203373734,-.0817536873098173,15.922257
355,1993,13.1445813891323,6.8351845861473,11.7151705567834,-.112212894794526,15.660748
355,1994,13.270970122647,8.256607344626159,11.651575485041,-.092410267498346,17.710087
355,1995,13.2970034758089,9.071997422354441,11.6364793726229,.0815430396250918,17.328842
355,1996,13.3695859494736,7.61529833982581,11.5584971219643,.0815430396250918,19.91927
355,1997,13.3755439347303,8.2725706084249,11.4979783107629,.0815430396250918,18.396587
355,1998,13.6953742047366,10.8779528484614,11.8072452092561,.0510838321403834,22.893486
355,1999,13.7969163879298,9.107975365298151,11.7724819451442,.0610341629935514,21.743505
356,1990,15.8274317766589,11.4800716400991,13.9204442825597,-.0885272567963941,16.58812
356,1991,15.7462219109371,10.5858518057306,13.8640690762583,-.0589684545548497,18.467077
356,1992,15.7765054474295,10.2134691324827,13.7971546137174,-.03916582725867,18.944696
356,1993,15.7402595397173,12.9949571873667,14.0812032003086,.0000548858946114,23.168968
356,1994,15.689949529928,12.6844504879703,14.2096423526729,.0296136881361558,22.384041
356,1995,15.6352870842907,11.006523376264,14.1546431099494,.0296136881361558,24.857031
356,1996,15.4627001284239,10.1976485910856,14.0790579683923,.0296136881361558,26.113731
356,1997,15.38678860917,10.7315589053526,14.0178037637172,.0296136881361558,25.290611
356,1998,15.4844047021514,12.2484997511701,14.0706665977974,.0296136881361558,26.628141
356,1999,15.4967207463439,11.6038624599623,14.0522487223544,.0296136881361558,27.75757
357,1990,17.1358980460426,15.2449046376205,17.1818197979826,-.116404673214418,57.921124
357,1991,17.2006745403159,15.4441609235761,17.2585851532072,-.12645500906792,63.48325
357,1992,17.4030865870771,14.8330707686048,17.251887073513,-.116504678214752,70.56546
357,1993,17.5672659279152,12.3645155292284,17.1652673431624,-.126555014068253,69.471085
357,1994,17.5052353567152,13.5580343275696,17.0978532749808,-.0403773178272009,67.450005
357,1995,17.5873944682189,15.3570614158419,17.1599073817484,.108042687291072,72.370636
357,1996,17.1697714869208,15.2956481143017,17.2019721356735,.0567493929035218,72.556946
357,1997,17.2908327476107,14.2000475256239,17.1528649241243,.0863081951450662,70.843956
357,1998,17.3421032105592,14.3609619311115,17.1137141174352,.115866997386611,71.194695
357,1999,17.598749261281,13.8747224175961,17.0547910719903,.105816661533109,73.792892
358,1990,13.5101247189912,11.2670249265334,12.4774195221909,-.36297086381827,4.3301353
358,1991,13.4573944614131,7.12528309151071,12.3683526214808,-.276793167577218,6.4386702
358,1992,13.6669496984507,10.9715031672268,12.4862994967522,-.154575534852968,10.60171
358,1993,13.8165738824484,9.16125516428569,12.409002469058,-.0502155195287255,11.754295
358,1994,13.775464249409,11.2320336199888,12.5693888374802,.035962176712327,15.516454
358,1995,14.0504959303583,11.8639766250387,12.8514403510024,.0655209789538714,18.413448
358,1996,13.7930119223081,10.6707909183732,12.8403789094004,.104741692107153,20.808495
358,1997,14.3009823348115,11.6897988741905,12.4503113218388,.134300494348697,24.995445
358,1998,14.4561505272647,11.2728900459858,12.5913187196569,.154103121644877,23.472542
358,1999,14.5416612290663,11.4498365592989,12.738975953745,.193323834798158,25.927265
359,1990,16.4977531658446,10.3775765751861,13.9778130640442,-.151731077487916,13.02142
359,1991,16.4940130580742,11.5725330992419,13.9696688949051,-.131928450191736,19.040087
359,1992,16.6141899903621,11.6806831482037,13.9699826432781,-.0831382860223045,20.865582
359,1993,16.483215076059,12.3202670274423,14.0504316806016,.0030394102187479,30.230988
359,1994,16.5066179987616,10.5721883401911,13.9811067727591,.0422601233720293,30.656311
359,1995,16.6097557773293,12.8215447300775,14.1468110153894,.0910502875414613,34.666122
359,1996,16.5841101562371,13.1194290765513,14.3389414405866,.110852914837641,36.35886
359,1997,16.5994099390598,11.7810194371133,14.3088929492718,.0906502075201214,37.344231
359,1998,16.5997607569518,12.9023449378376,14.4141795175462,-.0147103081377048,33.616257
359,1999,16.7241666829538,11.9426538252141,14.3892887834622,.005092319158475,35.700825
360,1990,16.2364840443205,12.520744689621,14.9894006818484,.0102601490034402,32.723148
360,1991,16.1480802644346,12.6930655119243,14.9901138186381,.0202104798566083,36.200672
360,1992,16.1168676771927,12.5843892110526,14.9786378362431,7.77253908881e-06,40.404007
360,1993,16.3677039345127,12.5936894154746,14.9679802774771,.009958103392257,44.678047
360,1994,16.581114124848,12.9869422002613,14.997283059065,-.0000922324612445,47.81974
360,1995,16.6996564299076,13.6036938649021,15.1119983938503,.0098580983919236,51.840393
360,1996,17.0349407251348,13.8287100599847,15.2441715680113,-.0001922374615778,53.356014
360,1997,16.9990542221798,14.0450241772463,15.391618134858,-.0102425733150793,55.152023
360,1998,17.0070761435566,13.9850457160638,15.4958194864006,-.0202929091685807,58.077332
360,1999,17.1278793244217,14.0473363096613,15.591156956105,-.0202929091685807,59.157066
361,1990,14.4038945778462,11.7675676833438,12.2905976005999,-.0795558784981436,-6.7262402
361,1991,14.2803863879747,10.8351593864486,12.4002169540203,-.0597532512019637,6.1115289
361,1992,14.3348199657951,10.3123801135446,12.4076852608828,-.0205325380486824,9.3433628
361,1993,14.4672196641995,10.4326735876341,12.4274642631043,.0377363700752935,12.759739
361,1994,14.9651384034284,11.0113238357318,12.5341684691822,.0575389973714732,14.658996
361,1995,15.1358546079974,12.3434360615655,13.0143720709156,.0773416246676532,13.349331
361,1996,15.2624063769532,12.2403194709254,13.2661008849982,.0468824171829445,15.419181
361,1997,15.6154522159748,12.216874099224,13.437748550766,.0164232096982359,16.276381
361,1998,15.933323708023,11.7619394715311,13.4848680951416,-.0348700846893147,16.786781
361,1999,16.0468810233597,12.0296456814385,13.5671949572732,-.0550727920068342,20.069405
362,1990,14.5143261283764,12.7036002411522,13.1066343218372,-.205054741645579,16.21698
362,1991,14.826577575224,11.251365876664,13.146095724209,-.146785833521603,22.86274
362,1992,14.8710184874624,11.6428390712906,13.4898805513656,-.0979956693521711,20.373137
362,1993,15.0827963210358,10.5698286386756,13.4275197805368,-.0781930420559914,22.651869
362,1994,14.6591789404764,12.6192644920289,13.6874523884619,.007984654185061,33.407082
362,1995,14.9938112344409,11.3514530465122,13.6613486114069,.0277872814812408,26.855261
362,1996,14.8242073775961,9.5621937106357,13.5598997276376,.0475899087774203,31.045563
362,1997,15.1035493273684,13.2260510947148,13.9625289778724,.0673925360736002,33.421383
362,1998,15.2925985050268,0,13.8452083796684,.125661444197576,35.501453
362,1999,15.450079103447,11.148679072678,13.7893660493828,.183930352321552,35.761776
363,1990,15.7571868212973,11.3504065354725,14.4711505564377,-.156589244281728,38.563
363,1991,15.4857539826116,10.8550102839809,14.3825899097988,-.117368531128446,35.222103
363,1992,15.7982773438021,9.56395062454207,14.2737911779655,-.0878097288869022,43.370525
363,1993,14.6628002346304,12.5507539524869,14.3279203862154,-.0485890157336209,62.016052
363,1994,15.142445704093,11.9936279072627,14.3055702137704,-.0287863884374411,46.850082
363,1995,15.7530976065122,11.2689284844609,14.2345573493725,.0200037757319909,49.093571
363,1996,16.2830245980362,10.9693527952441,14.1534092053492,.0495625779735354,46.337944
363,1997,16.2175393573165,13.6971120829639,14.5081839763166,.0887832911268168,52.012329
363,1998,16.650528026302,12.6548685983604,14.5291850541508,.108585918422997,53.193214
363,1999,16.673068732021,11.5198613559713,14.4571973249099,.128388545719176,56.101711
364,1990,14.0023860437383,8.69951474821019,11.1246271604839,-.296466282062855,-13.199877
364,1991,13.9079052634768,10.2098318964431,11.3734449829814,-.174248649338606,-10.137558
364,1992,13.7320261378291,6.87212810133899,11.2752303006216,-.144689847097062,7.0617914
364,1993,13.3739178194986,8.83360848269089,11.2520411049038,-.0958996829276297,5.9000716
364,1994,13.3088659360506,7.85554467791566,11.1748928115317,-.0097219866865771,5.3641396
364,1995,13.4477535791747,0,11.0650777702512,.0294987264667041,7.0493617
364,1996,13.3272681494929,6.68586094706836,10.967190885716,.0294987264667041,11.747872
364,1997,13.3845869478298,8.052933036797571,10.9071094435975,.115676422707757,7.9984183
364,1998,13.3420328629843,7.02908756414966,10.8165470696541,.210986602512082,7.6036081
364,1999,13.4592827581894,10.1714514941218,11.1052143364455,.210986602512082,4.9868093
365,1990,15.9985987851876,13.476174424302,12.6671269739749,-.234163043217931,35.01889
365,1991,15.8310988290586,15.8046385035985,15.809934356772,-.214360415921751,40.33197
365,1992,16.0582607642184,13.3729150704322,15.8193609897236,-.128182719680699,59.66782
365,1993,16.0236854016652,14.0875280794599,15.9073390387628,-.0420050234396464,49.693405
365,1994,16.5676312618273,15.6411850232221,16.2337223545119,.0067851407297856,55.781044
365,1995,16.5592852288505,14.6171658951585,16.3303898240374,.0555753048992177,62.381039
365,1996,16.5232991115566,14.7189822762467,16.4241662483936,.0851341071407622,62.28241
365,1997,16.5302476011646,14.5058427802442,16.4743424402519,.104936734436942,64.764198
365,1998,16.5424274188501,14.6793599682988,16.5391441843091,.124739361733122,68.95462
365,1999,16.5623352696758,13.380350383331,16.501043934066,.154298163974666,62.943455
366,1990,14.9118518841863,12.9003716624718,13.7412093363699,-.0831692430045972,23.400759
366,1991,14.8728990390597,13.7000716476979,14.3340866491126,-.0633666157084175,25.001917
366,1992,15.1019501553388,12.7196205604968,14.4022142477716,-.0734169515619189,33.018543
366,1993,15.233495146599,13.9480508345956,14.7905854237014,-.0341962384086375,38.134495
366,1994,15.4061738695726,12.4104043585546,14.7576741227679,.0611139413956876,44.094074
366,1995,15.7519712643378,12.4132859820713,14.7243494738957,.119382849519663,43.940845
366,1996,15.739988613704,13.8979869172885,14.9541809974983,.0468121566848279,49.313667
366,1997,15.7797670442442,13.3107895961082,14.9998308301292,.0059901621645728,50.262711
366,1998,15.901359026797,12.8535135269172,14.9810733939945,-.0040601736889286,52.381927
366,1999,15.9703258476442,13.6961209825136,15.0893250094651,.0058901571642393,56.227673
367,1990,15.9088081639037,13.5974304159298,14.2037074245059,-.0800045681025815,20.815411
367,1991,15.916622617642,14.2589738373541,14.8470969679176,-.0700542372494134,25.68428
367,1992,16.0871395529894,15.0520123123792,15.5598110041613,-.0601039063962454,34.277115
367,1993,16.1203041926983,14.1581842400972,15.6663022602619,-.0501535755430772,41.134991
367,1994,16.3602690740846,12.3442507255617,15.5785577465503,-.0205947733015328,44.029495
367,1995,16.5388418350774,13.4353841951212,15.5644558064511,.0470638751722821,45.402878
367,1996,16.5425444861399,12.008121581848,15.4673756143767,.0470638751722821,53.567825
367,1997,16.5464772219956,12.5754303225227,15.3947736966854,.0570142060254501,49.457626
367,1998,16.5630188463696,13.6591350717563,15.4256886164227,.0469638701719486,58.433678
367,1999,16.6356797227664,15.0865124668484,15.81680202689,.0667664974681284,58.578976
368,1990,12.5787744204658,9.64212278840172,10.767684669852,-.186141883844756,-37.841801
368,1991,13.0735392360816,0,10.6642139391621,-.118483235370941,-11.080818
368,1992,12.4269120711565,9.41205597587677,10.8221434851166,-.0696930712015089,-12.080286
368,1993,12.7974636661191,9.61880098906415,10.9888136358368,-.0304723580482276,-2.5573454
368,1994,12.9019012578311,6.80239476332431,10.9006391188653,.0277965500757481,-1.7036518
368,1995,12.8309562876814,7.60090245954208,10.8324674355263,.0277965500757481,5.3086715
368,1996,12.4845838913001,9.25913053614561,10.9090191741882,.047599177371928,-4.3723259
368,1997,12.4484619306965,0,10.8055454768295,.0674018046681076,1.2176917
368,1998,12.485707856803,7.73193072194849,10.7443475916934,.0872044319642873,4.7784896
368,1999,11.9155621279998,8.216358332386161,10.7122777026659,.107007059260467,2.7916842
369,1990,15.069654376753,11.7981044072039,13.6577204300396,-.0563696530377153,15.315238
369,1991,15.2173844887773,12.5496623499203,13.8414326583271,-.0664199888912167,18.828491
369,1992,15.1585395970012,11.5235191531811,13.8169252568058,-.0764703247447183,25.299934
369,1993,15.0318279500748,12.2020445436097,13.8830103153109,-.0469115225031738,24.795996
369,1994,15.4645757401151,11.5503079511576,13.8543425417259,-.0076908093498925,27.521172
369,1995,15.6662800616339,12.30230966841,13.9210825412612,.0121118179462874,29.683758
369,1996,15.8896301021227,12.0827518044954,13.9403503251085,.031914445242467,35.245506
369,1997,15.9799719594763,13.8237148108547,14.4329608200483,.0517170725386466,39.304451
369,1998,15.9421546814869,14.0627830508411,14.8143738900181,.0616674033918147,36.997242
369,1999,16.3996905144871,12.9689627495511,14.8293374630075,.0814700306879944,40.076511
370,1990,16.6683239209553,12.363123401782,12.8694948850483,-.107759474430292,32.59407
370,1991,16.7999672974783,12.7021155411965,13.405275391194,-.0782006721887478,35.200188
370,1992,16.8602693024075,12.84325775517,13.7626477166927,-.0782006721887478,39.989578
370,1993,16.8422624378378,12.0631948539346,13.8234197973057,-.0583980448925681,42.312531
370,1994,17.0724242931149,13.6740679540684,13.7273631541222,.0092606035812469,42.530766
370,1995,17.0636466378891,12.283704757744,13.7721039762743,.048481316734528,46.614883
370,1996,17.133713822506,12.9143891873476,14.0000174751179,.0682839440307078,49.165634
370,1997,17.2525495679754,12.8406024072433,14.1463788359856,.0582336081772064,54.479946
370,1998,17.2744579511018,13.4486756040484,14.4171722950818,.0481832723237048,56.945923
370,1999,17.3747200869106,13.6951672475999,14.678128957256,.0679858996198848,57.636189
371,1990,11.5284644470886,9.25282498358234,9.53430615650521,-.218296085953141,-2.7506819
371,1991,11.7836116758384,8.50431056558522,9.75689986769328,-.208345755099973,-3.8371353
371,1992,11.9650427131007,7.28207365809346,9.74090391506248,-.0950170697929699,1.3248706
371,1993,11.9610939022796,8.91704256073877,10.0136326040261,-.0850667389398018,3.2384267
371,1994,11.9945793005991,9.073833127321519,10.2464352068846,-.0081056978036735,5.6794863
371,1995,11.9963672297293,10.0786166387486,10.7455869241645,.0780719984373788,6.2166963
371,1996,12.0421360678073,10.1624228679484,11.0702334547459,.164249694678431,4.0519881
371,1997,12.2090633731085,10.3897335573277,11.35810973071,.133790487193723,4.7649875
371,1998,12.3285898424088,10.0974082451734,11.4921368717694,.123740151340221,4.0989952
371,1999,12.6651018724335,9.777300552285739,11.5459733190164,.0294294718689798,8.4307423
372,1990,12.1938332538251,8.521583539717531,10.5990567975284,-.0760940913696823,2.9120848
372,1991,12.1038163220302,9.312264991698109,10.7545184365124,-.0273039272002504,3.0593643
372,1992,12.2273675278438,8.628555659269701,10.7685439356538,-.0173535963470822,8.4116278
372,1993,12.2735437148148,9.56381018496597,10.9348928740404,.0024490309490976,10.988638
372,1994,12.2663863398693,0,10.8314281603172,.0024490309490976,10.105742
372,1995,12.2815684133408,0,10.7279546196427,.0222516582452773,10.86345
372,1996,12.2566729582705,9.600014794178019,10.8929227925816,.0222516582452773,11.841846
372,1997,12.3242924432556,10.4534858113766,11.2626791803065,.0222516582452773,11.251915
372,1998,12.3289724581386,8.478868077094569,11.2152994483116,.0222516582452773,12.794738
372,1999,12.327370753091,0,11.1118268100153,.0222516582452773,13.458073
373,1990,13.6538324404685,9.271623600393079,11.4055295459503,-.133927928508449,12.625475
373,1991,13.7932041071383,8.69951474821019,11.3925223749671,-.123977597655281,12.045421
373,1992,13.8143823430133,9.326076870458779,11.4335889245686,-.114027266802113,13.365971
373,1993,13.7922563080793,11.078474290576,11.8883292245816,-.104076935948945,14.711422
373,1994,13.9168239516641,9.68663666084494,11.9118143302495,-.104076935948945,15.562393
373,1995,13.9795676614848,0,11.8312548247186,-.0178992397078926,16.591429
373,1996,14.0464703073186,11.4821981803189,12.2549675661172,.0682784565331599,19.573082
373,1997,14.1020196421055,9.99825212898055,12.2661601819656,.172638471857403,21.12882
373,1998,14.0703604096929,10.7310782096456,12.3650590429771,.162588136003901,20.076899
373,1999,14.115328036774,9.98003184017591,12.364655488794,.121766141483646,21.286665
374,1990,14.9482819413786,10.4912742174382,14.1601061392692,-.164848872596109,1.6948242
374,1991,15.1103225559373,11.1662998568845,14.1498005580957,-.145046245299929,13.257629
374,1992,15.3259407445472,12.3557504799391,14.2433633153316,-.125243618003749,24.711653
374,1993,15.4347068032986,12.3567401231889,14.3227490356077,-.0390659217626969,25.660429
374,1994,15.3369628449401,11.3915823497441,14.3128762823397,.0378951193734314,26.13876
374,1995,15.2810492687619,12.2129042568431,14.3606603880749,.105553767847246,27.025894
374,1996,15.1565615916258,11.4502731638008,14.348698060758,.0436783641291589,30.076279
374,1997,15.3942888326208,10.4756810512493,14.3068441401973,.0828990772824402,29.646179
374,1998,15.4705418801628,11.7299624088526,14.312214965013,.0828990772824402,32.462334
374,1999,15.5645361715349,10.9582350275573,14.2823933850689,.0728487414289387,37.755089
375,1990,14.0595843199464,11.1766971985859,13.4889019157615,-.195297178119812,4.6831775
375,1991,13.9838068416026,11.89737801411,13.5867857101514,-.185346847266644,7.0898461
375,1992,14.0986527143455,11.598690231931,13.6215500101328,-.175396516413476,12.895767
375,1993,14.0638295500729,11.8131263490807,13.6789112641397,-.165446185560307,14.777475
375,1994,14.2814631878296,12.4838407364681,13.8470824781545,-.116656021390875,15.46859
375,1995,14.5852960784977,12.1481680710286,13.911874273514,.0055616113333736,18.793863
375,1996,14.6507214471666,12.4719269665053,14.015844578576,.0917393075744259,20.510077
375,1997,14.7432430067054,12.6786105607587,14.1368910564631,.177917003815478,21.873142
375,1998,14.7193661858682,13.1375672111466,14.3326370693798,.187867334668647,21.855101
375,1999,14.8576317644833,12.4529952215087,14.3657347829067,.236657498838079,24.835201
376,1990,14.3941487432146,9.4893348160304,13.1900855752607,-.251902910564663,3.2082295
376,1991,14.2668430586685,9.80090096376103,13.1250764935739,-.184244262090849,8.3148155
376,1992,14.2270039720527,8.88016824790345,13.0395264027338,-.116585613617034,10.409295
376,1993,14.1052608720832,8.251403065380559,12.9476947024663,-.0489269651432188,14.927647
376,1994,14.3143603570849,6.67708346124714,12.8492335718901,.009341942980757,17.858698
376,1995,14.2699934272014,6.88141130364254,12.7513428834867,.0485626561340383,19.039654
376,1996,14.1573604088879,6.41836493593621,12.6526534650196,.0781214583755827,18.806479
376,1997,14.1564828297213,4.87519732320115,12.5526727078596,.107680260617127,21.98432
376,1998,14.0723961928845,5.97380961186926,12.4535918811695,.127482887913307,23.382919
376,1999,14.0460356141235,8.236420527265389,12.3667529608123,.147285515209487,23.14669
377,1990,12.4490319242288,12.4058083585779,11.913498626998,-.0726885203400833,-5.1395164
377,1991,13.0358690400953,11.3144745262464,12.2666633844196,-.0528858930439034,-1.6532151
377,1992,13.1015493822254,9.814765622475321,12.2453803741283,-.0429355621907353,7.3809071
377,1993,13.1925370481317,8.86304982791909,12.1730880870808,-.0329852313375672,11.590379
377,1994,13.1876637218728,9.81694879111889,12.1580335242574,-.0329852313375672,.54811096
377,1995,13.439895506472,11.580920505456,12.489002067007,-.0034264290960228,8.5899611
377,1996,13.3966955177914,11.1094733294726,12.5989083372382,.016376198200157,1.6708386
377,1997,13.4672155117457,10.4803536938781,12.6006894564007,.0361788254963367,11.952017
377,1998,13.4053563553585,10.6908989114862,12.6262578790325,.0559814527925164,12.483428
377,1999,13.4890794014833,10.5819524743099,12.6351009481884,.114250360916492,15.73546
378,1990,11.4894454775475,0,10.1688856717472,-.057265880524407,-8.7637377
378,1991,11.5048618841197,0,10.0685145841147,-.057265880524407,-6.5113878
378,1992,11.4620091584194,0,9.96815106586185,-.0473155496712388,-6.5692701
378,1993,11.4576409068017,6.5510803350434,9.90099945979893,-.088137544191494,-.28389889
378,1994,11.697458658918,0,9.800640542042601,-.0298686360675181,1.2356408
378,1995,12.0277428868202,0,9.700269170029189,.018921528101914,4.1300688
378,1996,12.3220183275946,0,9.59989965040057,.0387241553980936,-.79437095
378,1997,12.3436417204885,7.09090982207998,9.57292581445463,.0585267826942734,2.3650064
378,1998,12.8315385153202,6.67959918584438,9.522819929567801,.0684771135474415,5.9465189
378,1999,12.8179071311655,7.66434663209862,9.557088204792169,.0784274444006096,3.9258728
379,1990,11.3869093145136,0,9.33943694531059,-.364441240084145,-7.5050731
379,1991,11.4012411144161,0,9.22606607243767,-.29678259161033,-3.8120041
379,1992,11.1193947653344,0,9.11272754310918,-.219821550474202,-4.6073089
379,1993,10.794914357266,0,8.99936004778778,-.152162902000387,-4.8218241
379,1994,11.0348678380316,4.82028156560504,8.901461901380729,.0133515364771865,-2.0697038
379,1995,11.0750509236025,0,8.788074925189671,.0995292327182388,-1.0818411
379,1996,11.0634473074779,0,8.67467545819655,.13874994587152,-1.2492
379,1997,11.2744269769932,5.99146454710798,8.62409052556335,.13874994587152,1.0372741
379,1998,11.2861032506185,7.99429498641598,8.91767255801174,.187540110040952,5.4764638
379,1999,11.3761543536216,0,8.804280086785271,.245809018164928,8.1412458
380,1990,14.7713214407458,11.0365012679216,13.0832066622031,-.310297596932608,6.3364229
380,1991,14.8020516511854,11.6868787720937,13.2489421061791,-.261507432763176,-.321163
380,1992,14.9271491338668,11.9177637099741,13.423153216501,-.222286719609895,-5.072011
380,1993,14.9508556265431,10.9684051646801,13.4443413637608,-.136109023368843,3.0490921
380,1994,15.2246910815125,11.6952553550628,13.5400742656136,-.0684503748950276,10.760135
380,1995,15.4548960484679,11.6994050319128,13.617757302632,-.0292296617417464,14.201121
380,1996,15.5357960964751,11.1693923589784,13.6331780411103,-.0094270344455667,16.912806
380,1997,15.7378145613966,11.8784778872339,13.7173934123148,.252937230021924,16.574917
380,1998,15.8708306487893,9.12793654572137,13.6660488344457,.252937230021924,17.03089
380,1999,15.807095601457,12.1103983994618,13.7774720816935,.301727394191357,15.794642
381,1990,16.4530413357271,12.563747089802,13.3867517458367,-.0405480496183132,38.545002
381,1991,16.3929318775133,13.448785278172,14.0476060805504,-.0505983854718145,45.346657
381,1992,16.3685657992939,11.9049675527463,14.0675715408373,-.0406480546186464,55.261246
381,1993,16.374420138504,11.8350089641393,14.0770489430257,-.0306977237654783,58.580536
381,1994,16.413223968868,11.3144745262464,14.0438364974773,.008522989387803,57.806007
381,1995,16.4571783157654,10.2399597891573,13.9703728702354,.0380817916293474,68.708221
381,1996,16.4269050087895,11.0348896640272,13.9244873769081,.017879084311828,59.496105
381,1997,16.5298578308593,11.5424842672118,13.9122283829347,.0078287484583265,61.664852
381,1998,16.6093740705215,11.3850920934603,13.8888048849128,.0470494616116078,69.6427
381,1999,17.7038677658513,14.1512682536476,15.158567796948,.0369991257581065,72.455063
382,1990,12.1704201979484,7.23128700432762,9.77588142793098,-.155726845935492,-5.1430545
382,1991,12.6427676444742,0,9.6625172955063,-.116506132782211,-8.8059607
382,1992,13.1898453953363,9.576024610072499,10.226081790821,-.058237224658235,-1.7972978
382,1993,12.553768672934,8.208491751740381,10.2426419033569,-.0286784224166906,3.3355124
382,1994,11.9401063221885,7.64969262371151,10.2030623750535,.0201117417527413,5.6016102
382,1995,11.9242791761324,0,10.0896683196558,.0399143690489211,7.1184673
382,1996,11.9114150600934,0,9.97627787125143,.0399143690489211,8.6260529
382,1997,12.0377240107413,0,9.86288428409358,.0694731712904654,9.09688
382,1998,12.3197737457735,10.0141340726232,10.4899177422861,.0694731712904654,8.0494165
382,1999,12.4281189396481,8.890135107818841,10.5497422671578,.0892757985866453,7.6775103
383,1990,11.8504831934401,5.93489419561959,8.39908510293591,-.125024360964231,-5.0078244
383,1991,11.9612974826391,0,8.285639372742059,-.0858036478109498,-2.4963083
383,1992,12.0994351864379,8.64628976475065,9.093952612469151,-.0660010205147701,.78849173
383,1993,11.8296979101144,0,8.98054977794018,-.0364422182732257,4.30758
383,1994,11.7168094434148,0,8.867258338699321,.0123479458962062,4.0287066
383,1995,11.8829560491913,0,8.753860877950309,.0419067481377506,6.1985722
383,1996,11.9306548822161,0,8.64047220757641,.0419067481377506,6.2892003
383,1997,11.9213898907825,9.28079883562474,9.556472939837549,.0419067481377506,6.4267669
383,1998,11.9898939667999,7.63530388625941,9.572417696741359,.0419067481377506,5.7346997
383,1999,12.1422955450863,0,9.45901910764673,.109565396611566,6.3821335
384,1990,13.2385342716941,11.1762071980861,12.5075281769033,-.207632008773376,6.6699438
384,1991,13.304710286501,11.6226136029478,12.7877847867034,-.178073206531831,12.147817
384,1992,13.3059988316166,10.6196674322066,12.8173712805391,-.119804298407855,16.469505
384,1993,13.3234478766317,11.5636566013766,12.9878413228077,-.080583585254574,17.693623
384,1994,13.6062769063104,11.8353349979411,13.1794483774384,.0055941109864785,21.054976
384,1995,13.8020472474901,12.0641461121173,13.3718423667417,.0638630191104543,23.874279
384,1996,13.7914942727669,11.5146040553488,13.427001087143,.0538126832569529,24.944847
384,1997,13.8841601705083,11.4530586809222,13.4667459588736,.063763014110121,28.230305
384,1998,13.9798305003973,11.8330432653027,13.5494648553113,.0835656414063006,27.781448
384,1999,14.0686588276052,11.9728408788572,13.6406787230483,.231985646524574,29.924313
385,1990,12.1773992858331,5.28320372873799,9.134538658559901,-.26559076331788,-7.0584488
385,1991,12.0859606013883,0,9.02444443468864,-.170280583513555,-2.7710259
385,1992,12.013148781377,0,8.914236266894999,-.121490419344123,1.2715831
385,1993,11.9459332796486,7.13727843726039,8.96613915613594,-.063221511220147,1.3356225
385,1994,12.155659033907,0,8.8559770399171,-.0240007980668657,3.9455199
385,1995,12.1215166954571,0,8.74582565107344,.0436578504069492,6.3313856
385,1996,12.0524293119528,6.01615715969835,8.696276176359669,.0828785635602305,7.8051486
385,1997,12.1981754941538,8.558335134747409,9.186938675794559,.112437365801775,6.6313343
385,1998,12.2145837133009,0,9.076797550714931,.151658078955056,7.9747729
385,1999,12.328320538714,0,8.966636906696611,.161608409808224,8.6028214
386,1990,13.7352853951577,9.32847889999322,11.1441201012247,-.167818080276489,11.526122
386,1991,13.6710623954899,0,11.0339682719339,-.109549172152513,15.112705
386,1992,13.6655919341574,9.46211025207872,11.1214002435957,-.0607590079830806,15.482033
386,1993,13.3081816094917,0,11.0112495215893,-.0607590079830806,20.953491
386,1994,13.522719581876,0,10.9010946421855,-.0119688438136488,15.893846
386,1995,13.4926842557085,0,10.7909445592368,.0272518693396325,17.988787
386,1996,13.436209178141,8.78508063653984,10.8019910248955,.0664725824929139,20.894953
386,1997,13.502331844478,9.73014555852275,10.9722624334891,.0664725824929139,21.483448
386,1998,13.6543952231604,9.6237075099802,11.0804364789832,.105693295646195,20.643419
386,1999,13.7956149804992,10.059507911994,11.2601934609749,.105693295646195,23.808468
387,1990,13.3013356040559,8.379079889286601,10.1301050626618,-.230360349128427,-19.750193
387,1991,13.041614798635,8.512984346642179,10.2137331433967,-.153399307992299,-1.7879814
387,1992,12.9651995756111,0,10.10357944416,-.133596680696119,5.5505242
387,1993,12.9682199056691,7.97487690055888,10.1101276682313,-.0474189844550666,3.1382859
387,1994,12.8190244894393,9.018574356354231,10.2947049760457,.0295420566810618,8.0052691
387,1995,12.7378369891122,0,10.1845565567739,.0493446839772414,4.9300885
387,1996,12.7530451027857,0,10.0744068499386,.0691473112734213,6.4520431
387,1997,12.5995557660248,9.775654181026241,10.4956230807426,.0889499385696008,10.990992
387,1998,12.6404835056409,9.63200685942236,10.7192704200164,.118508740811145,8.1386595
387,1999,12.6189509937243,9.854297308345361,10.9406250664435,.138311368107325,9.4594421
388,1990,14.6046683109222,10.2998782793686,12.7873157255802,-.22046184214447,10.388927
388,1991,14.5687033421763,11.1562505210315,12.8638954523382,-.162192934020494,12.552055
388,1992,14.5227519542307,9.998797732340449,12.8066740717383,-.0945342855466793,14.048173
388,1993,14.3050960694692,11.0666383623418,12.8594748555379,-.0649754833051348,16.502878
388,1994,14.3229433183041,10.9909209226128,12.8908307358663,.0119855578309936,22.456324
388,1995,14.3681918435297,10.4259650290426,12.8555813690603,.0512062709842747,24.29451
388,1996,15.0883733499293,12.6029308200229,13.7781597195051,.0710088982804546,26.455746
388,1997,15.1625798466047,11.4816618102933,13.7571948747464,.0908115255766342,37.814693
388,1998,15.1392811583596,11.4150590207041,13.7336804621973,.110614152872814,35.482418
388,1999,15.0739344264917,11.4296090712959,13.7127981995076,.140172955114358,39.096001
389,1990,11.1540044925561,8.006367567650249,9.16345838607605,-.276213739443976,-6.4861665
389,1991,11.4277904030636,8.51719319141624,9.50525373550594,-.199252698307847,4.3785181
389,1992,11.5188959515859,8.429672593886741,9.706620724300141,-.131594049834032,.036337264
389,1993,11.7203011961539,9.47039427731049,10.1996882383532,-.0733251417100566,.62529451
389,1994,11.853072850526,9.853929593687781,10.6372343028818,-.0150562335860806,8.131259
389,1995,11.8637651254917,9.64730414714372,10.8426546144113,.0432126745378952,5.0311165
389,1996,12.0958493690353,10.7736924602149,11.3746341906325,.0920028387073273,1.7473762
389,1997,12.3492400068648,7.48268182815465,11.2901430984209,.121561640948872,11.132523
389,1998,12.4020524728223,12.0268562626896,12.2685651687908,.151120443190416,11.356295
389,1999,12.4017550488346,11.0635084693329,12.4102979703505,.18067924543196,11.849466
390,1990,16.3545358582055,13.5958546676836,13.0008689630946,-.286740041016333,33.66489
390,1991,16.4031692827179,13.1159850792394,13.7029884592788,-.17341135570933,37.681355
390,1992,16.4213284894774,11.0970917885598,13.707748828365,-.124621191539897,41.359348
390,1993,16.3533460498697,13.4979065906941,14.2327723441823,-.0758310273704654,49.145653
390,1994,16.4509804939786,12.5383575560968,14.3309907125755,.010346668870587,49.810005
390,1995,17.3044667263586,13.9587672561257,15.7287484782345,.059136833040019,57.57616
390,1996,17.3086867585689,14.5010992449463,15.8997618019596,.0789394603361988,61.876354
390,1997,17.4483211718713,13.5159515666466,15.9129490290212,.108498262577743,61.395824
390,1998,17.606122697336,13.6242640923922,15.9332982116953,.128300889873923,70.114456
390,1999,17.6677118466805,13.6621274168371,15.954552514787,.177091054043355,68.242371
391,1990,15.0272716325966,10.3764243757593,12.671066873651,-.300708496099123,12.921182
391,1991,14.9019647883722,10.0366188651393,12.630193645253,-.242439587975147,17.130495
391,1992,14.8962808826467,10.452360123939,12.6276328629809,-.212880785733603,20.463985
391,1993,15.2119991572552,10.9381478147117,12.6884416943788,-.0389274786101649,20.301394
391,1994,15.2277584628473,10.6942150614349,12.7035105523949,.0193414295138111,22.382099
391,1995,15.1146241221655,11.6056596023518,12.8721186339494,.0585621426670925,23.822611
391,1996,15.047596297504,10.2709045930068,12.8253743963922,.0977828558203736,27.208397
391,1997,15.16006138834,9.95151552154671,12.7619322449568,.127341658061918,29.388699
391,1998,15.0815350939244,8.921190556249369,12.6662796946025,.147144285358098,31.523838
391,1999,14.9235702497441,11.9586107865648,12.9307495004207,.205413193482074,21.145863
392,1990,12.7738688419983,8.68033192879342,10.2058119017248,-.166639328736666,-2.0307972
392,1991,12.7604894453255,7.50218648660292,10.1623302389045,-.127418615583384,.22369805
392,1992,12.5500817787248,0,10.0489246649743,-.0881979024301029,.46109337
392,1993,12.1939376045301,0,9.93551418097455,-.0586391001885585,4.2194695
392,1994,12.2422202865973,0,9.82215276048097,-.0098489360191264,3.1179693
392,1995,12.2330598953587,0,9.708761375583411,.029371777134155,6.7717571
392,1996,12.2736331137292,8.42266270757,9.830836211288011,.0491744044303347,9.8149405
392,1997,12.4171249133943,0,9.7174410668003,.0787332066718791,8.1657705
392,1998,12.415494654293,0,9.604049987573481,.108292008913424,8.5891113
392,1999,12.5064837700456,8.15908865466791,9.690158184193519,.137850811154968,9.3382387
393,1990,11.3361258740214,8.79224584746788,9.904137341377631,-.283244632982106,3.4340343
393,1991,11.2381083890954,0,9.792304563575369,-.283244632982106,.88512528
393,1992,10.9226329510493,6.19440539110467,9.708913236333469,-.187934453177781,10.830721
393,1993,11.2134280251654,0,9.59709146004022,-.0926242733734565,1.8806421
393,1994,11.4079648026937,7.79276172081653,9.640849250523781,.0026859064308684,7.7912621
393,1995,11.5057007091605,8.83258770243455,9.89204230485139,.0703445549046833,11.211322
393,1996,11.3713235819419,8.131824785007201,9.93293469805886,.119134719074115,11.362244
393,1997,11.2891613535013,6.99759598298193,9.87018409782686,.14869352131566,10.855504
393,1998,11.264280906388,7.81035268372429,9.871687239986329,.168496148611839,10.154617
393,1999,11.2223232113681,8.392310009269551,9.952948919969669,.188298775908019,13.159019
394,1990,11.8872538282889,8.530306830561621,10.9734088289907,-.144762981523852,6.2558689
394,1991,12.0067504664859,7.3132203870903,10.8889740686424,-.144762981523852,13.551334
394,1992,11.6381709578075,7.2902928824466,10.8055759064038,-.144762981523852,15.523177
394,1993,11.6211691412316,0,10.6937410261955,-.144762981523852,9.5902014
394,1994,11.6431287344232,7.60887062919126,10.6276390919588,.0540878772213132,11.634898
394,1995,11.7542883840821,7.35244110024358,10.552272625597,.158447892545556,15.133904
394,1996,11.8225588942563,0,10.4404457272932,.0750662836065051,14.800027
394,1997,11.8159833063714,0,10.3286212920353,.0750662836065051,15.274232
394,1998,11.7473262826495,5.01727983681492,10.2214320631148,.0750662836065051,20.936808
394,1999,11.7986644186747,0,10.109602944157,.0750662836065051,16.63616
395,1990,15.0609240584108,12.0708140478597,13.0910151150336,-.199621170138416,13.479047
395,1991,15.1529618755422,11.7487877886922,13.2263678340296,-.14135226201444,17.725027
395,1992,14.7483772385125,10.7856215277588,13.2009118615895,-.073693613540625,17.04467
395,1993,14.4887617295369,11.1138200908146,13.2092452293393,-.0344729003873437,21.748877
395,1994,14.5641724585774,9.89651328879879,13.1317993185561,.0143172637820883,21.020309
395,1995,14.6167888850672,11.626388069881,13.213941328372,.0535379769353697,23.999571
395,1996,14.5462866921827,9.78627935163059,13.131260678769,.0634883077885377,24.000093
395,1997,14.5598247808313,10.5254609136415,13.0855641141734,.0734386386417058,26.362181
395,1998,14.7189736898004,11.1341071563458,13.0978790681173,.0833889694948739,26.80546
395,1999,14.8379747172017,11.1008435137598,13.1041537845547,.112947771736418,29.606901
396,1990,13.758554386025,9.62568980215832,10.762975101586,-.0238256108578437,-7.8218756
396,1991,13.4974972698365,9.25913053614561,10.8756840250938,-.0238256108578437,-.75749189
396,1992,13.1319418569512,0,10.7756382914161,-.004022983561664,6.2536278
396,1993,12.0082711300318,0,10.6756122582795,.0255358186798804,6.7898598
396,1994,12.8832575287781,6.62007320653036,10.592930380446,.0354861495330485,8.1263628
396,1995,13.7519691182424,9.900834035070559,10.888850886052,.0454364803862167,6.7575617
396,1996,13.7761437957463,9.096611606647841,10.9354381789078,.0454364803862167,7.1993275
396,1997,13.5880968525052,9.48637993264389,11.0340376882957,.0454364803862167,10.805125
396,1998,13.5668816589908,8.304742269640769,10.9929447274155,.0553868112393846,12.314572
396,1999,13.7171823370234,8.913146539151811,11.0021815045364,-.232295261212396,11.549183
397,1990,13.609895430553,9.48303570211964,12.2536191795693,-.0926663185813792,4.575736
397,1991,13.6721152202375,10.3194309049319,12.2978196666357,-.0438761544119471,7.8617573
397,1992,13.4247041313761,8.75494945509829,12.2284283834131,-.0240735271157673,18.398182
397,1993,13.4374800699315,8.569026340056251,12.1555211811818,-.0240735271157673,14.532808
397,1994,13.5603527519902,9.72022555366512,12.141206604097,-.0240735271157673,14.843547
397,1995,13.6266236033342,8.641532465671849,12.0710286809738,-.0042708998195876,14.909707
397,1996,13.3029075193126,8.631235907456899,12.0019029468007,.0155317274765921,16.564095
397,1997,13.2381388496253,0,11.9028558652433,.0353343547727717,18.157219
397,1998,13.1521976155875,9.46993156426144,11.8822375231645,.0648931570143162,17.6511
397,1999,12.7104836762948,0,11.7831899785874,.084695784310496,32.480637
398,1990,13.9471682163692,7.74759683869289,10.5417032495699,-.056429595667216,-.3235763
398,1991,13.9350819187777,9.73246195548403,10.8275261917083,-.0664799315207175,.9538365
398,1992,13.9200505564922,9.168267595554269,10.9049316029446,-.0765302673742189,1.8485801
398,1993,13.9392236945379,9.02437217426203,10.947303928577,-.0765302673742189,2.5650272
398,1994,13.9900982948131,9.01784725986073,10.9807468126569,-.018261359250243,6.2242651
398,1995,14.0462924821098,9.10775378320108,11.0162558372885,.0112974429913013,7.9664578
398,1996,14.1010150189826,9.78947863592426,11.1583853834474,.0311000702874812,11.439828
398,1997,14.0466470031008,9.768698226187491,11.264711510962,.0509026975836609,11.820827
398,1998,13.9910903413452,9.26681521890416,11.2799600870458,.0707053248798406,11.819283
398,1999,13.9432826169143,10.7362662321813,11.6068574227355,.109926038033122,12.986423
399,1990,16.0993484731282,0,14.2454685839284,-.288712426274945,17.90546
399,1991,15.600178891878,10.4207623356963,14.1645439293152,-.221053777801131,17.623945
399,1992,15.5319009769174,9.551871220788261,14.0708395172215,-.221053777801131,16.503719
399,1993,15.7928978496008,9.771726021353871,13.9807534341484,-.181833064647849,27.229109
399,1994,15.7592332655665,12.0462852760408,14.0135588816496,.0728091537257315,26.200697
399,1995,16.0171833370455,14.3263063812862,14.7563784616194,.229812902535396,26.568737
399,1996,16.0734991418634,12.1644899450798,14.7211943546678,.146431293596345,30.27067
399,1997,16.1615642725845,12.5820162507012,14.7221070118009,.175990095837889,29.429466
399,1998,16.114308107735,13.4567820783924,14.8520030868206,.124696801450339,34.023624
399,1999,16.0032795168974,13.7221927919847,15.0101604284823,-.0031365700595461,33.65147
400,1990,14.4675479916697,10.4460734370499,13.3685013196586,-.0849462623742002,10.592724
400,1991,14.7420999080091,10.4461315596886,13.3239501622194,-.0361560982047682,12.537926
400,1992,14.833626342913,11.401602766326,13.3653939446108,-.0361560982047682,15.903826
400,1993,14.6168375992948,10.7147954751902,13.3352265866176,-.0361560982047682,15.689684
400,1994,14.710644681298,11.1586048901852,13.343420914503,-.0065972959632237,17.223797
400,1995,14.9244551494479,11.518847892722,13.2142305459328,.0703637451729047,16.724339
400,1996,14.9841171601981,12.0264255092833,13.3678282637586,.0501610378553853,22.497473
400,1997,15.1747800205454,12.3729505608303,13.5647290733579,.0501610378553853,23.625214
400,1998,15.1512512182734,12.0281055941013,13.6468389749466,.0093390433351301,26.539452
400,1999,15.0773834707801,11.7126693674561,13.671881151582,.0093390433351301,29.257664
401,1990,14.3547871919028,12.7825848811253,13.6666659427119,-.165365567894534,12.128327
401,1991,14.5417317613504,10.2772211664828,13.5914573430315,-.0977069194207192,16.207458
401,1992,14.4648079454984,11.0821425488778,13.5626725839625,-.0300482709469043,17.76651
401,1993,14.3876901129416,10.0257051852604,13.4815841778984,.0091724422063771,19.64374
401,1994,14.4540263398454,9.852194258148581,13.3974028175096,.0191227730595453,24.381062
401,1995,14.4283427451107,10.2273810069505,13.3268587675698,.0583434862128265,23.706182
401,1996,14.3328699504593,12.3873269663637,13.5340528075005,.0781461135090061,26.76866
401,1997,14.4749366678444,9.86889610776651,13.4470543437396,.0781461135090061,27.87314
401,1998,14.5509089863097,11.5942196968528,13.4736831278563,.0579434061914866,30.239252
401,1999,14.4529828167085,12.6311410146572,13.700859799103,-.0363672732797547,31.217087
402,1990,14.5022313456257,9.469700127423369,9.44430516192198,-.0899216337488307,29.05105
402,1991,14.468678260003,9.683339510201719,10.1908258158923,-.0507009205955493,24.781862
402,1992,14.1242865373485,9.83536929845984,10.6254432539469,-.0507009205955493,22.173607
402,1993,14.5026589098672,10.4025947833479,11.1137321479983,-.0308982932993696,26.711264
402,1994,14.5279967095739,11.0082310071345,11.6484497454739,-.0013394910578252,23.773952
402,1995,14.3226678697787,8.727778213483051,11.5773114744785,.0184631362383547,29.464079
402,1996,14.3172720229803,8.82776136765472,11.5142216245923,.0284134670915228,26.232796
402,1997,14.6790316790844,10.2057010308338,11.6211222545976,.0482160943877025,29.589008
402,1998,14.7923172433079,9.72925320592479,11.6319974473555,.0482160943877025,30.745432
402,1999,14.8834073550378,9.0395520509959,11.5770901662459,.0680187216838823,31.917027
403,1990,11.7659447058952,0,10.2145320850248,-.207006582273737,5.0034661
403,1991,11.3680348788401,0,10.1030185078321,-.158216418104305,6.268795
403,1992,11.4271772701098,0,9.99063725329192,-.118995704951024,12.533262
403,1993,11.3379879547903,0,9.87918973700314,-.0797749917977424,7.4597678
403,1994,11.5172480956971,0,9.767673556754049,-.0215060836737665,9.5687141
403,1995,11.8208423059362,0,9.656179374222621,.0272840804956655,13.566423
403,1996,11.9615063964182,0,9.54468892660883,.0665047936489467,13.406967
403,1997,11.9189280627107,8.1605182474775,9.64603072686905,.105725506802228,12.800527
403,1998,12.0868633511767,0,9.53453757772178,.135284309043772,12.441163
403,1999,11.6245557237431,0,9.42304563340458,.174505022197054,14.255934
404,1990,14.446330648763,11.9430701774541,12.6053318702502,-.208774733973376,21.776932
404,1991,14.527206742355,12.0055708246968,12.950887275473,-.159984569803944,27.34244
404,1992,14.5729318481837,12.8103476279371,13.4825133564086,-.140181942507764,32.564133
404,1993,14.4429527265092,12.4790191812715,13.6850781300133,-.0819130343837886,30.385187
404,1994,14.7455061126752,12.4887183065268,13.8380631261948,-.0426923212305073,32.716434
404,1995,15.2903594520788,12.8809030943042,14.0399541438672,.0795253114937419,35.36277
404,1996,15.8193662730089,12.7349729339362,14.1493509772476,.109084113735286,40.750332
404,1997,16.010035033741,13.1720008015952,14.3330548210415,.128886741031466,41.232986
404,1998,16.0466824859807,12.1656620247175,14.3122038288001,.108684033713947,43.968586
404,1999,15.9086643389779,11.9867156660954,14.2762866819305,.128486661010126,42.43391
405,1990,12.2072737714769,9.24734709760528,10.4608436464278,-.186171961315209,12.859348
405,1991,12.2069938365097,8.048468743668881,10.4430697150688,-.186171961315209,13.982791
405,1992,12.1530934892673,5.8636311755981,10.3400248801987,-.166369334019029,17.507908
405,1993,12.086930302061,7.86787149039632,10.3117753398012,-.146566706722849,17.913559
405,1994,12.2157895641628,9.745136396380749,10.6572734724599,.0357548500711052,19.821604
405,1995,12.2552135560646,7.71646080017636,10.5976167507589,.0749755632243866,21.044893
405,1996,11.9401416871805,8.116715624819109,10.5645427500596,.104534365465931,18.180061
405,1997,12.4075337957707,9.022563964499261,10.6386112608862,.134093167707475,21.872374
405,1998,12.5355626762285,9.91348738711446,10.903549417475,.0932711731872202,19.700779
405,1999,12.5887289839058,7.38585107812521,10.8207178428869,.151540081311196,19.088804
406,1990,13.3868473104147,7.89618060861549,9.811536723788221,-.0257796949086595,14.461377
406,1991,13.4027146589333,9.42939557738179,10.2486752702027,-.0257796949086595,14.556793
406,1992,13.2849476163679,7.84227877911735,10.2229698454127,-.035830030762161,20.089512
406,1993,13.0178317533441,0,10.1061058955554,-.0258796999089929,19.372446
406,1994,12.867962865485,0,9.989220195627279,.0323892082149829,17.510544
406,1995,13.1912731032304,0,9.87234770109473,.0323892082149829,21.048374
406,1996,13.2500282528645,0,9.755480462156831,.0121865008974635,21.08391
406,1997,13.3068493352305,8.3513747067213,9.84866699202153,.0121865008974635,21.768415
406,1998,13.357054812733,7.92008319905323,9.86065311774898,-.0286354936227919,23.09026
406,1999,13.4361089473479,4.21950770517611,9.747108558526531,.0483255475133364,23.299559
407,1990,15.3727820316207,12.5595565033651,13.8075479402997,-.231222283319568,50.635983
407,1991,15.5125753720963,12.0313620517376,13.8863331677919,-.172953375195592,49.022377
407,1992,15.4888442369307,11.7098400240671,13.9114995981998,-.105294726721777,50.929985
407,1993,15.6552927897633,11.5686155791634,13.9195522343358,-.0470258185978012,55.343971
407,1994,15.8188270541794,11.9932320856494,13.9700845196237,-.0078051054445198,55.799793
407,1995,16.0221422827129,12.2730581703108,14.0465921197427,.0409850587249122,58.474129
407,1996,16.1114020390865,12.3394796554195,14.1181569543293,.0802057718781934,60.875214
407,1997,16.2018971182001,12.8853363957315,14.2712373818991,.100008399174373,62.535599
407,1998,16.3446021462071,12.8201225047314,14.3808445940825,.119811026470553,63.231071
407,1999,16.5046045211542,12.4760425291959,14.4230036581724,.149369828712098,64.73996
408,1990,14.9841124425965,12.1686822563116,13.4467991802004,-.179920896112914,40.88179
408,1991,14.9887693048561,12.7417264824485,13.7623545824945,-.121651987988938,35.43718
408,1992,14.8584345969558,10.9214680711786,13.7102213730957,-.072861823819506,42.851246
408,1993,14.8691491222258,10.3075182991061,13.6324851535277,-.0240716596500738,30.220451
408,1994,14.9496739791394,9.05497228474248,13.3738209954331,.0247185045193582,47.342018
408,1995,14.6758802794145,10.5183758501275,13.3169574841042,.0735086686887902,47.03611
408,1996,14.6206756758099,10.648776417499,13.2695617745944,.0533059613712707,47.468193
408,1997,14.5544135482787,10.583524163946,13.2202772555514,.0632562922244388,46.604992
408,1998,14.2169872533686,10.0714988712123,13.1480471084306,.0632562922244388,38.881729
408,1999,14.7779521898363,11.1093086477197,13.1511012602595,.0830589195206185,47.969299
409,1990,16.2124091358019,15.2224307368778,16.0060430151537,-.0779341330576813,35.003986
409,1991,16.2691362555968,13.5789042895841,16.0032252706501,-.0679838022045132,49.983917
409,1992,16.2680439172454,13.3699528767434,15.9770754873547,-.0191936380350812,60.417614
409,1993,16.1959349505384,13.1210965753493,15.1142589446773,-.0292439738885826,57.208313
409,1994,16.243806811825,13.3610573911068,15.1804324973051,.0003148283529618,51.481625
409,1995,16.2492497947367,12.5073987138972,15.1506256971375,.0491049925223939,53.204105
409,1996,16.1165541121907,12.7661511835231,15.1395967206344,.0390546566688923,53.126286
409,1997,16.1536032990547,12.4754889091751,15.1080956795908,.018851949351373,56.201717
409,1998,16.1609551947194,11.4148274026302,15.0365488352302,.028802280204541,56.898453
409,1999,16.1114456030697,12.0993612178014,14.9898003174309,.0486049075007207,59.60685
410,1990,14.7107634440802,12.048640755081,12.939531290312,-.0955107449025426,16.009865
410,1991,14.9034486188453,12.0810761553555,13.1947285031117,-.136332739422798,17.695843
410,1992,14.8334274696328,12.2548628096996,13.4177233988239,-.156535446740317,23.016838
410,1993,14.9641309236387,12.2548628096996,13.5772225308011,-.146585115887149,29.859581
410,1994,15.0530317968903,11.6526874073454,13.5922780026893,.0685262637297964,31.51605
410,1995,15.1071155428526,11.47210347045,13.5792873395276,.0883288910259759,36.574402
410,1996,15.4494978745245,11.1844213979982,13.5383763935564,.0782785551724746,35.989082
410,1997,15.5186985235807,12.1756134380455,13.632269938962,.0782785551724746,38.924641
410,1998,15.6027749111654,12.6977154498794,13.8248086959879,.0782785551724746,39.316807
410,1999,15.5278482504251,11.3504065354725,13.7757379085222,.0882288860256425,29.595432
411,1990,15.9608502370437,13.2369412821118,14.2920974697742,-.0658042889138831,34.287651
411,1991,16.0469076459151,13.5207729872521,14.5920942959536,-.055853958060715,38.724998
411,1992,16.0023736554128,13.2914257517953,14.7407013663973,-.055853958060715,42.708549
411,1993,15.938281676488,13.2144830183027,14.8415413293662,-.0659042939142164,39.268074
411,1994,16.0421457103387,12.9761808672262,14.8857541672469,-.0659042939142164,42.268311
411,1995,16.1957543841925,13.8148193191137,15.0718589198197,.0996101445633569,48.676586
411,1996,16.3746099479001,13.4441497309808,15.1414276213681,.0377347408452693,54.329998
411,1997,16.4406687470768,13.4503785248747,15.1994029616928,.0476850716984375,56.18993
411,1998,16.4614712835129,13.3932786697092,15.2404469792732,.0376347358449359,57.82761
411,1999,16.4574578284232,13.5006792579129,15.2896111280278,.0671935380864804,58.65176
412,1990,15.6395084367056,12.3798116439769,13.2262818538232,-.0693400692346963,26.967342
412,1991,15.5973188009431,10.9466928339325,13.2038862199069,-.0397812669931517,28.910557
412,1992,16.0584323169534,12.2705674157107,13.426734706227,-.0298309361399836,33.610168
412,1993,16.0329850749228,11.5498743687484,13.4482094991675,-.0198806052868155,38.488567
412,1994,16.1843061484956,12.2051572266621,13.581814145562,-.0000779779906358,43.817841
412,1995,16.250506644429,12.4871529743474,13.7413719699573,.0487121861787965,48.021484
412,1996,16.2020824338888,12.494198369554,13.8596415038615,.0685148134749761,42.24424
412,1997,16.2205322641892,12.0475984661672,13.8768927280627,.0483121061574566,41.528473
412,1998,16.866937328778,13.1632653687248,14.1326694875526,.0074901116372015,59.287136
412,1999,16.6062283452019,12.4712675154361,14.1698294485878,-.0229690958475071,59.714859
413,1990,10.9923155165607,7.53476265703754,8.49658223751211,-.240912582922293,-1.490508
413,1991,10.9792861476702,0,8.39303487678645,-.145602403117968,-2.9893734
413,1992,10.9089567179563,7.53476265703754,8.656207027943029,-.0594247068769152,-6.1511889
413,1993,10.8753205826739,0,8.552734065335329,-.0594247068769152,2.7442794
413,1994,10.8213033118142,0,8.449406734775311,.0449353084473278,2.7825308
413,1995,10.9245701104846,7.60090245954208,8.69440169882337,.0744941106888721,-6.103797
413,1996,11.0985341605426,8.94441979130591,9.38909724951033,.0744941106888721,-2.2240219
413,1997,11.2082718573392,9.735601303538431,10.1306470292166,.0844444415420402,5.3641062
413,1998,11.2668034802596,8.517793011488211,10.1978236875288,.0844444415420402,3.263422
413,1999,11.4575346624752,8.142645185942801,10.2065691906667,.0844444415420402,1.3195839
414,1990,12.5384586010288,0,12.5824521727432,-.0913241844456013,7.0432916
414,1991,12.2013055519451,0,12.4667054118195,-.0236655359717866,16.41585
414,1992,13.0388170467998,8.9226582995244,12.3810670072069,-.0541247434564952,10.978082
414,1993,13.2612421062911,9.04782144247841,12.3019553886616,-.0245659412149506,10.756667
414,1994,13.0984473527673,8.006367567650249,12.2001038677643,.0146547719383307,9.5340395
414,1995,13.3520981617716,9.923290179832311,12.180729709025,.0442135741798753,10.231365
414,1996,13.2659884125182,9.64859530290734,12.1387430329181,.0640162014760551,14.984452
414,1997,13.3006603366526,10.4341158035983,12.1824574897747,.0438134941585355,17.541658
414,1998,13.3068331957597,8.85366542803745,12.1000174441897,.0133542866738268,18.248318
414,1999,13.1844047715897,9.47270463644367,12.049912280972,.0033039508203255,19.007114
415,1991,11.4341676188934,9.09974395063416,10.0478908809085,-.126670351159058,4.861238
415,1992,11.4789548599922,9.10497985631836,10.2811428613384,-.106867723862879,7.3617435
415,1993,11.3124491338858,7.75833346749091,10.2511328516602,-.0580775596934464,6.4942594
415,1994,11.3682995787629,8.062432791583189,10.2493194222449,.0095810887803684,6.5004425
415,1995,11.6420378794464,9.379829949954759,10.4834520371321,.0391398910219129,8.0040188
415,1996,11.6169294792937,7.03614849375054,10.4033290712885,.0589425183180925,9.2996187
415,1997,11.4659475604586,9.27068260098234,10.5590704473092,.0787451456142725,8.6370239
415,1998,11.5314309904168,7.91425227874244,10.5135329762991,.0985477729104521,9.7047586
415,1999,11.6190950928863,7.52779398772144,10.4494476675953,.118350400206632,8.7997036
416,1991,12.3912449244935,8.69951474821019,8.73629659230272,-.137089257663737,16.075964
416,1992,12.3714422971974,8.69951474821019,9.323445818081449,-.0882990934943046,18.748951
416,1993,12.3714422971974,8.69951474821019,9.65272225916733,-.0490783803410233,19.636045
416,1994,12.3502763932356,8.25712628599743,9.763524089857119,-.0002882161715912,15.19162
416,1995,12.3434735345205,5.26269018890489,9.658660606390759,.0389324969816902,12.551352
416,1996,12.5687914778997,0,9.54291215456402,.0684912992232345,11.025421
416,1997,12.5944675313323,0,9.427168019897239,.0882939265194142,16.208309
416,1998,12.7908739455177,4.85203026391962,9.321112219930059,.108096553815594,19.458593
416,1999,12.74153401134,8.644706511715199,9.59557556151225,.127899181111774,20.049612
417,1991,17.2477199286731,13.7668621837422,14.565058676663,-.112138590864054,33.055267
417,1992,17.243336257871,13.2411912004136,14.709620259583,-.0351775497279253,37.75288
417,1993,17.0148018493256,13.3294133185066,14.839888692159,-.0970529534460129,44.275188
417,1994,17.2431180600722,13.2140980818991,14.9212268533177,-.0200919123098845,46.674995
417,1995,17.1945971447613,12.636633536977,14.9154243326652,.0932367729971189,47.416386
417,1996,17.1964981371641,11.6549110202413,14.8511109462828,.170197814133247,48.344234
417,1997,17.2104112811575,12.2446825952824,14.8178565932687,.209418527286529,51.122437
417,1998,17.2488911519835,12.8678607292904,14.8421255735904,-.0263038062345413,47.543636
417,1999,17.391644558046,13.1573733145938,14.9002953188224,-.120614485705783,54.956871
418,1990,14.6175627910685,11.3169835710812,12.0669542460369,-.190935027131546,-7.4528403
418,1991,14.6546415330383,10.8598063638634,12.2310330271453,-.13266611900757,.91239321
418,1992,14.7257278083948,9.588228712314111,12.1868210164066,-.0838759548381376,11.940379
418,1993,14.6389175235606,8.893298144217921,12.1080859871504,-.0350857906687056,14.743044
418,1994,14.3529581049208,9.7902628618215,12.087645464957,.0231831174552702,8.5487204
418,1995,14.0212779867292,9.40566041455579,12.0361339042429,.04298574475145,2.0178983
418,1996,13.9815421064336,8.471986598578161,11.9462009220997,.0725445469929944,6.7758694
418,1997,13.7869094630293,0,11.8293305535985,.102103349234539,7.2404814
418,1998,13.361207784336,0,11.7124588776077,.150893513403971,4.4752746
419,1991,12.8750035445017,9.332558004700431,10.9809868557637,-.0616881031784364,19.519335
419,1992,12.8851136453867,8.895629627136479,10.9939887013353,-.0616881031784364,23.378407
419,1993,12.982605101528,9.980448593672261,11.2043506512639,-.0616881031784364,26.12475
419,1994,13.1907620574598,8.14786712992395,11.1414472048999,-.0616881031784364,26.944923
419,1995,13.3872429918993,11.183240145038,11.73570174885,-.0128979390090043,26.183506
419,1996,13.3638564245232,10.5964847218449,11.8931691707033,-.0433571464937129,26.262962
419,1997,13.5208616682344,12.5562470063876,12.8251162385422,.0788604862305364,28.767302
419,1998,13.688800723507,10.5690579653258,12.8091785909853,.127650650399968,27.286858
419,1999,13.5978315020462,10.3090193250888,12.7731607318916,.127650650399968,25.956747
420,1991,13.7781045212556,9.457590998633631,12.377366115901,-.145994998198809,16.183004
420,1992,13.7612610029028,8.131530710604251,12.3016677847297,-.145994998198809,16.424006
420,1993,13.762940194031,11.0838180674891,12.4749858037203,-.145994998198809,18.540142
420,1994,13.9415516372161,0,12.3846216786299,-.0237773654745599,21.947298
420,1995,13.8059402231032,11.2735509005456,12.5691979411483,.0895513198324434,21.861979
420,1996,13.8271243500337,0,12.4788357312769,.0895513198324434,23.766937
420,1997,13.8320547609451,7.02553831463852,12.3924343632052,.119110122073988,25.450531
420,1998,13.9069787170456,8.931684110731711,12.3305991152626,.119110122073988,25.515654
420,1999,13.7731623203361,9.88037244503008,12.3162329238757,.119110122073988,24.969637
421,1991,11.3756500593919,0,9.65065769085156,-.189421581251267,6.9744763
421,1992,10.8450618075297,0,9.558105743284971,-.131152673127292,14.1736
421,1993,11.3972618910742,5.70711026474888,9.487024690218419,-.0634940246534768,6.3933239
421,1994,11.6780004940626,6.24804287450843,9.433019815609081,.0318161551508481,4.6984062
421,1995,11.9166719206035,9.11349902052663,9.871021177398291,.0613749573923925,.62822938
421,1996,11.7640272985126,9.15281718573252,10.1561005817142,.0811775846885723,10.592578
421,1997,11.7473182545034,7.21303165983487,10.1113428315032,.110736386930117,13.327528
421,1998,11.5760640043491,6.19644412779452,10.0370389449607,.120686717783285,14.363966
421,1999,11.623155611883,8.02059914989697,10.0596918365598,.140489345079464,14.126042
422,1990,12.3980106669756,6.99576615630485,9.196038587265321,-.191106803545584,.73783213
422,1991,12.5323519572716,6.74405918631135,9.168476167877481,-.151886090392302,-11.777461
422,1992,12.678254529937,8.294049640102029,9.417427709415371,-.10309592622287,-4.951407
422,1993,12.9046673805451,7.73105314400713,9.47779932873893,-.0077857464185454,-5.8409595
422,1994,13.2444210259869,0,9.360947638465751,.0410044177508865,-4.4280519
422,1995,13.505603870317,9.27893316344179,9.890837881740779,.070563219992431,-2.1480122
422,1996,13.5795496679005,0,9.77397094700054,.0903658472886106,.39119112
422,1997,13.7398282165522,7.9168074909376,9.79562947612393,.100316178141779,2.8084583
422,1998,13.9016422483923,8.85907931788153,9.994205385457001,.100316178141779,.27806619
423,1991,11.2457090815744,9.47707966740804,9.50121733532448,-.320452668291512,-6.5577569
423,1992,11.1717079769414,0,9.387808503265139,-.252794019817697,-2.651134
423,1993,11.1458227396464,0,9.274422539000049,-.213573306664416,-.41506049
423,1994,11.2790541081363,0,9.161076595670229,-.0396199995409778,-3.9207749
423,1995,11.3332291287585,9.74096862303835,10.0616957039668,.018648908582998,-.14991041
423,1996,11.3286542758205,0,9.94830316195015,.167068913701271,.055488989
423,1997,11.4008407882047,0,9.834908880970829,.206289626854553,.90785491
423,1998,11.5145578053438,8.294049640102029,9.905470585026871,.245510340007834,-4.6615067
423,1999,11.4770963686442,0,9.79207542944987,.284731053161115,2.0898764
424,1991,12.9551390461409,9.57851889529833,9.57886483227206,-.135737158134138,-1.7587373
424,1992,12.921215394681,7.59940133341582,9.598530455706831,-.0965164449808567,-4.2070756
424,1993,12.7232740354341,8.952993499320471,9.91937074416367,-.0965164449808567,-5.1518769
424,1994,12.8551882452079,8.541300266759469,10.0328697240359,.0604873038288079,-2.9877975
424,1995,13.0373399644859,9.22187360778986,10.2797160731527,.0604873038288079,2.4693475
424,1996,12.881423006486,8.72062371142043,10.3474776189958,.0604873038288079,-.87908328
424,1997,13.1682224187893,10.1050805498199,10.7884568496443,.0604873038288079,1.2508725
424,1998,13.0411051602984,8.20385137218388,10.7405186034247,.0604873038288079,8.2434235
424,1999,12.460017364088,0,10.6236490387141,.118756211952784,6.2707157
425,1991,13.0058044608709,0,12.2332003396819,-.0299489030035141,5.5868692
425,1992,12.9752750193378,8.17329343896623,12.214786568782,-.019998572150346,5.5873561
425,1993,12.9068572078212,8.79102985704596,12.2106397006392,-.0100482412971781,7.1559052
425,1994,12.9696417909649,10.0425100911849,12.278404004727,-.0100482412971781,9.4654102
425,1995,12.989175897719,9.395158808968731,12.2929358865482,-.0000979104440098,9.1608896
425,1996,13.0263882463149,9.31244559491334,12.3019417600105,.0098524204091583,10.70912
425,1997,13.0364385821684,0,12.2668323170505,.0296550477053378,10.594077
425,1998,13.1057144474555,9.697446909121579,12.2963588627057,.0196047118518362,10.893603
425,1999,13.0832265217818,9.31784857969147,12.3043597535199,.009554375998335,13.492037
426,1990,13.648720488579,8.51719319141624,12.1458819920359,-.144415356635064,4.9198017
426,1991,13.7211770807017,7.74066440191724,12.0488040266455,-.0956251924656316,3.4575186
426,1992,13.6401367448876,0,11.9386558384391,-.0564044793123502,6.811852
426,1993,13.7970418986286,9.59512646887595,11.923667956495,-.0076143151429181,8.8122272
426,1994,13.7197850742712,10.2330071037295,11.9860236760546,.0121883121532617,14.350444
426,1995,13.6035411788508,10.8520905738775,12.1500740882083,.0417471143948061,11.92283
426,1996,13.7047640169454,9.446202695698171,12.1020634386654,.0615497416909858,15.897574
426,1997,13.5451465061141,9.516132463600281,12.0607063530817,.071500072544154,18.201679
426,1998,13.4193000556205,10.1980583431913,12.0867619435856,.0913026998403337,17.680571
427,1991,11.8693502524477,5.62401750618734,9.53666125754102,-.142813716445985,6.5514655
427,1992,11.5728548938969,5.96614673912369,9.44938876801368,-.132863385592817,9.1514645
427,1993,11.5118368722161,0,9.33280576161677,-.084073221423385,6.9921837
427,1994,11.5461230817677,0,9.216392023737949,-.01641457294957,8.1093922
427,1995,11.5954821450692,0,9.100369243760669,.032375591219862,7.7649074
427,1996,11.7256091447721,0,8.983703225157671,.0423259220730299,9.6658421
427,1997,11.7077865767941,0,8.86739925720638,.0621285493692098,10.975131
427,1998,11.8953486976682,0,8.750255389913381,.0819311766653894,10.932462
427,1999,11.8062428171913,0,8.633090004828951,.121151889818671,7.9440455
428,1991,12.2858768904392,9.176886995716959,9.993387669761781,-.27094242004582,-3.7838845
428,1992,13.0470079407786,7.31654817718298,9.95005620335195,-.212673511921844,-.10063846
428,1993,12.981704357077,9.77911409769637,10.4746450493895,-.145014863448029,1.9997185
428,1994,13.0732230629513,8.294049640102029,10.4824240589512,-.0406548481237862,-.80967426
428,1995,13.3327910449773,9.794565145311941,10.7795082208814,.0363061930123421,-1.5776219
428,1996,13.2743901299726,8.954156966583771,10.8213570375235,.0850963571817742,-9.2130089
428,1997,13.4829578090777,9.687009239090679,10.9842073883627,.114655159423319,-5.7136817
428,1998,13.8690769690539,9.852299515766701,11.1462492460236,.144213961664863,-2.5236204
428,1999,13.6773563668434,9.714020527581299,11.2453244124324,.183434674818144,3.033869
429,1991,12.3056813955314,9.077380244719951,10.9972648380586,-.141642849192824,-.1388168
429,1992,12.5475251353419,5.11198778835654,10.9392274867952,-.102422136039542,.36688432
429,1993,12.5194994849296,8.814181823188321,10.9901807569606,-.0632014228862611,4.5611987
429,1994,12.5335994331905,8.547334348328221,11.0104482295664,-.0239807097329797,8.9997549
429,1995,12.7350816759814,9.00932517273497,11.0684507814176,.0055780925085648,13.587101
429,1996,12.9055955890648,7.81722278550817,11.0423296604233,.0447988056618461,15.868735
429,1997,12.4892869213639,6.79346613258001,10.9942877393758,.0840195188151275,7.3665419
429,1998,12.6054012487804,9.20783724175806,11.0731406143085,.0840195188151275,8.0286846
429,1999,12.5149893384785,8.42200300441249,11.073146823782,.0840195188151275,10.090955
430,1991,16.3595043590929,5.98896141688986,14.7585975224143,-.0893840685344783,35.36945
430,1992,16.3041978460418,12.5905422151064,14.7846469906194,-.140677362922029,40.408535
430,1993,16.3116642363926,13.0764723067992,14.8684466241103,-.082408454798053,41.182316
430,1994,16.2493711347583,13.5399862791161,15.0175931569772,-.0241395466740773,44.205536
430,1995,16.2217200262273,13.2837013097995,15.0886910347058,.0246506174953547,45.68605
430,1996,16.5513490450637,13.5094839147351,15.1798261968098,.063871330648636,46.460545
430,1997,16.7409080436296,12.7628272011846,15.1739347797485,.0836739579448157,49.890923
430,1998,16.8797243775096,13.0197036557612,15.1900459020438,.11323276018636,50.584332
430,1999,16.7839595510571,13.719771386156,15.2951226379832,.13303538748254,52.272476
431,1990,16.0043061071239,13.6989082000336,13.6050080212954,-.0830286163929048,49.474991
431,1991,15.9051093489477,13.9484825441502,14.4172750211326,-.0438079032396236,47.760399
431,1992,15.9251273594671,13.2655576833439,14.5914253610122,-.053858239093125,51.077209
431,1993,15.7817262835922,10.4039597642226,14.4933125002928,-.0242994368515806,50.975803
431,1994,15.9001848768085,10.0366626316885,14.3912903164885,.0052593653899637,62.48587
431,1995,15.5809636533182,10.739652239931,14.3042295201845,.0348181676315082,51.515873
431,1996,15.2393269809414,9.96401805227616,14.2052453237568,.0447684984846763,48.799099
431,1997,15.1772938351799,9.270117576012041,14.1059200825346,.0547188293378443,49.428307
431,1998,15.2669817416014,10.1961571664989,14.0159587468555,.0547188293378443,48.594666
432,1991,15.2060169331342,11.0846624481861,12.982320775648,-.206388565896956,31.625664
432,1992,15.1052478743037,10.9706951697271,13.0038320618564,-.14811965777298,33.878922
432,1993,14.9605875975678,11.3467410020764,13.0746250198923,-.0898507496490045,42.565239
432,1994,14.8322077444789,10.6641531848269,13.0521747913355,-.0315818415250287,39.215691
432,1995,14.7240009986297,11.5501249059593,13.1395001013948,.0266870665989472,43.767612
432,1996,14.6953231844569,10.1369773959045,13.0758120850898,.094345715072762,51.310242
432,1997,14.7334999510309,11.3527567128174,13.12161890035,.143135879242194,42.698734
432,1998,14.8517420205751,9.510444964426521,13.0363936395384,.162938506538374,48.030018
432,1999,15.0601801906124,10.8921547583859,13.0300324950825,.202159219691655,41.329441
433,1990,14.9091394538176,12.4323233645951,14.0924503885841,-.200409189212561,28.900558
433,1991,14.986941651692,12.2949439584328,14.1521232132977,-.180606561916382,34.550625
433,1992,15.0046543721845,12.086291990961,14.1729435744934,-.170656231063214,36.014961
433,1993,14.9641250768482,12.7353382038423,14.2889461039411,-.180706566916715,33.569927
433,1994,15.1422607255184,12.2561714768306,14.3104223253536,.0739356514568655,34.311649
433,1995,15.2328897166758,13.0198875858151,14.4445125800094,.10349445369841,40.437504
433,1996,15.1956555989033,12.9794994287787,14.5399038058535,.142715166851691,39.469177
433,1997,15.297848782454,12.9768935761519,14.6164285520789,.152665497704859,45.54282
433,1998,15.3612761815408,13.9402842133131,14.9015310348048,.152665497704859,44.478268
434,1991,15.4116164792971,11.4737583503805,12.6593868402125,-.137870682373002,31.710472
434,1992,15.4081386607555,11.4119221097538,12.8089608176132,-.0890805182035704,38.46217
434,1993,15.3500153682872,10.2821294466004,12.7734907730392,-.0595217159620261,42.621769
434,1994,15.2813300734002,10.6676056469667,12.7755205112168,-.0203010028087448,43.021046
434,1995,15.3845144307846,10.3925275842302,12.7468483542,.0189197103445366,44.096867
434,1996,15.3625329751499,10.1954852990555,12.7035065998239,.048478512586081,44.697449
434,1997,15.464994278524,10.5447096602312,12.6919154821092,.048478512586081,44.436131
434,1998,15.885277882127,12.9412299145472,12.6003571496428,.0682811398822607,50.702374
434,1999,15.9915340291144,9.686885061765301,12.5343146781742,.0978399421238052,48.934814
435,1991,16.3599086791806,14.0914066983774,15.1010617548113,-.0484209970949342,33.12043
435,1992,16.2831980206393,12.9351538941376,15.1107381756551,-.0484209970949342,37.024719
435,1993,16.0912979596252,12.7435216995846,15.0997113112671,-.0286183697987545,40.329052
435,1994,16.0500090970019,13.0086009980657,14.992815135208,.0106023433545267,44.568127
435,1995,16.0438225516419,12.5737251153489,14.9724716257804,.0205526742076948,46.594437
435,1996,16.0497208935824,11.9628347993889,14.9148379575463,.0305030050608631,50.837833
435,1997,16.1373959538799,12.1115806309374,14.8667259514128,.0503056323570427,55.224056
435,1998,16.4263605719227,13.4341110366386,14.8693143749939,.0503056323570427,63.435253
435,1999,16.7473346477657,13.7629237958289,15.3864484654725,.0402552965035414,63.964745
436,1990,14.8593810053651,12.5733234672011,14.7181570288182,-.148799861929056,6.2971134
436,1991,15.0279127161847,11.2929394234711,14.6483844194081,-.138849531075888,11.052718
436,1992,14.079634649864,10.7178784403814,14.5646761444687,-.12889920022272,23.170946
436,1993,13.8481935401656,8.955835144218961,14.4644302644352,-.070630292098744,19.48476
436,1994,14.3800746362888,11.0020998412042,14.39172676476,.119990067509906,26.21949
436,1995,14.3283236964107,0,14.2876986744794,.0791680729896505,17.217688
436,1996,14.3612657331986,0,14.1836706048857,.0791680729896505,14.283351
436,1997,14.5613463195157,8.788288460263621,14.0838971135177,.0791680729896505,12.944957
436,1998,14.5580037056331,10.4912742174382,14.0052555758955,.0791680729896505,17.413773
437,1991,12.8065849396156,8.70251025718999,8.39847722071125,-.469252233625201,-.79931033
437,1992,13.0509548955437,10.3039736190971,10.3765240778992,-.383074537384149,8.5012646
437,1993,12.8678939671819,8.268988209506659,10.3839240694531,-.334284373214716,13.402236
437,1994,12.9534249590011,8.41781474743596,10.4059129933486,-.220955687907713,18.976789
437,1995,12.9710829173297,6.32793678372919,10.3105879894316,-.0554412494301399,21.731176
437,1996,12.961264992167,9.04723303410603,10.438711111333,.13517911017851,20.03894
437,1997,13.1519864446145,8.77431295828538,10.491782421614,.283599115296783,18.260435
437,1998,13.3698977814697,9.26245832623829,10.6231744192831,.253139907812075,22.16572
437,1999,13.529665886724,8.86106654351776,10.6602290586212,.384168170218479,24.4799
438,1991,13.6250695498313,10.0909210212163,12.1922926358092,-.0691329638365228,14.144554
438,1992,13.9826244139707,9.081256218564651,12.1468569993912,-.152514572775574,19.328304
438,1993,13.9069044935378,9.06009870864564,12.1015501120006,-.246825252246815,19.295073
438,1994,13.8351168056814,11.385819101853,12.40951173273,.0308064843514644,20.229454
438,1995,14.3497209527932,9.326522126265591,12.927654452994,.116984180592517,27.449699
438,1996,14.7900857500441,11.1996657217129,12.9915428214255,.065690886204966,31.571106
438,1997,14.895341267091,11.0049956443163,13.0208638430008,.065690886204966,33.382008
438,1998,14.9918548445332,10.1441959350298,12.9810951611681,.065690886204966,33.074162
438,1999,15.1675272154291,12.8927942260684,13.4993344934926,.065690886204966,34.226387
439,1991,16.4133503478068,12.1617445116806,14.2099554324107,-.205082546437672,51.316101
439,1992,16.4732922549979,12.2621079288951,14.2381001351389,-.277653239272508,60.111675
439,1993,16.2759067334661,13.0393621309009,14.3995053204606,-.318475233792763,67.471687
439,1994,16.2891297926138,13.5104842738347,14.6386178868402,-.20514654848576,70.011726
439,1995,16.5355033045809,12.2460959211594,14.4894952043247,.0875230654770601,68.039238
439,1996,16.6328666901618,11.9581367891565,14.4512068936952,.173700761718113,71.292465
439,1997,16.6942866611375,12.2042109135822,14.4347944364363,.173700761718113,74.189163
439,1998,16.7481101485579,12.1531200805774,14.4134491835559,.183651092571281,79.096916
439,1999,16.8506895415553,14.3717343137435,14.9418235482692,.193601423424449,84.482338
440,1991,13.2923899407626,9.998797732340449,11.55358552638,-.179956890083933,10.648152
440,1992,13.3357232867245,10.0795394963165,11.6992141423253,-.170006559230765,13.115203
440,1993,13.4057002774942,10.7505353816681,11.9629463882066,-.111737651106789,16.502888
440,1994,13.4304427794097,11.2243496599251,12.2778638646543,-.0440790026329742,16.232307
440,1995,13.4282419304382,10.291195939055,12.331609542159,.0141899054910015,16.693419
440,1996,13.3711220239192,10.5765340613891,12.4137000414868,.0629800696604337,17.733334
440,1997,13.4014887461843,10.499269944027,12.4744235695222,.092538871901978,19.421021
440,1998,13.5405674144339,10.1796029886164,12.4967712885545,.122097674143523,22.210835
440,1999,13.3904245351698,8.915969311373599,12.4604070646004,.151656476385067,22.915836
441,1991,14.9633580580559,12.0850230304077,13.6942725482527,-.167938930677513,38.928253
441,1992,14.7116418797071,11.7575486679614,13.7116671131945,-.109670022553537,37.373055
441,1993,14.4787219735188,11.6612333948428,13.7132495671459,-.0608798583841053,38.523041
441,1994,14.6817895925311,11.037804765825,13.6563501001287,-.122755262102193,33.666416
441,1995,14.5993450054225,11.0806645340749,13.603510808202,.28935438872464,39.319592
441,1996,14.5325358615936,11.1073303484113,13.5547180975653,.227478985006553,37.868614
441,1997,14.6311304430014,10.1801339553676,13.4611634738847,.154908292171717,38.133263
441,1998,14.9089648533507,11.1104608508743,13.4223444066655,-.187582016775059,41.4897
441,1999,14.9513223251872,11.3259932956186,13.4066867657862,-.167779389478879,42.245522
442,1991,15.6693299129096,10.8333458276318,13.0632110711991,-.201776099000093,42.017708
442,1992,15.4801552726566,6.0282785202307,12.9518170200311,-.134117450526278,48.992306
442,1993,15.4570170227509,12.5271665247522,13.3592682854085,-.0853272863568464,61.558224
442,1994,15.5432174638159,11.6851966859107,13.4220133480113,-.0365371221874144,52.202808
442,1995,15.6904121204637,12.0547961645665,13.532891248075,.0122530419820177,57.1129
442,1996,15.640993511407,0,13.4204901634325,.0610432061514496,60.761456
442,1997,15.6655096075442,9.45171669155145,13.3264012520958,.0906020083929941,57.292484
442,1998,14.7633629038367,10.7809542925527,12.4575151767167,.110404635689174,47.564175
442,1999,14.7756458799104,11.5108232568784,12.6537715510957,.130207262985354,49.662636
443,1990,14.6016357840465,12.159793077176,12.8811958660271,-.192142403265116,32.52879
443,1991,15.0379254537785,12.8677601182718,13.5075641436425,-.13387349514114,35.86097
443,1992,15.1303628725209,12.5759071217578,13.7620097762368,-.0850833309717077,36.15601
443,1993,15.3831812272551,12.1319415961871,13.8583415730506,-.026814422847732,39.66856
443,1994,15.5004492951955,11.3772546425398,13.8534315807319,.068495756956593,41.361038
443,1995,15.6422659134297,11.4218513005708,13.8492145434584,.0784460878097611,44.647053
443,1996,15.8381879813336,11.6573807243091,13.8635331895607,.0784460878097611,48.283154
443,1997,15.9843286276143,11.8546126515005,13.8952114533805,.0784460878097611,50.274502
443,1998,16.0317056603552,11.6165644997297,13.9000186042345,.0883964186629292,51.473408
444,1991,12.6545029109706,0,9.41680154295662,-.17159046890991,12.954544
444,1992,12.5652696666954,5.50533153593236,9.33607394044191,-.103931820436095,16.649393
444,1993,12.0327383986021,0,9.234759776516929,-.0743730181945505,17.701769
444,1994,12.3839730755302,4.97673374242057,9.14752835956431,-.0351523050412692,18.616722
444,1995,12.474987298635,8.764053269347761,9.554383874093711,.0040684081120121,17.05155
444,1996,12.3168906716942,10.2857863826125,10.5424425040126,.0140187389651801,18.451157
444,1997,12.3749845948284,9.471319061593411,10.7195313388058,.0435775412067244,18.798391
444,1998,12.4540031731378,9.90298742749445,10.9629760566866,.129755237447777,20.65447
444,1999,12.4552362931134,7.94449216393216,10.9058403776393,.149557864743957,19.294342
445,1990,12.1776994579123,0,9.607437230413829,-.108355713317218,10.307143
445,1991,12.1795775545577,7.20785987143248,9.636013254055699,-.0885530860210379,8.4173365
445,1992,12.1293241999778,0,9.575587469795559,-.0786027551678697,15.147736
445,1993,11.9640552252743,0,9.515233481158321,-.0886530910213711,12.760744
445,1994,12.1151048963515,0,9.45481479399222,-.0024753947803188,11.910362
445,1995,12.0949254412614,8.876265259954691,9.815153482992431,.055793513343657,11.920846
445,1996,12.0148256063683,6.4377516497364,9.78539634439948,.055793513343657,8.924222
445,1997,12.1439872441403,6.27852142416584,9.751629243218719,.055793513343657,12.852789
445,1998,12.2474734911217,5.18178355029209,9.70045907970014,.0853523155852016,13.461922
446,1990,12.1624187140489,8.68287710705717,8.644706511715199,-.151065873676588,11.822787
446,1991,12.259140350208,9.888323152016349,10.0895686998712,-.14111554282342,16.485094
446,1992,12.3850879666698,10.149096848566,10.728373269514,-.0828466346994439,17.672262
446,1993,12.2850581143842,6.05208916892442,10.6262008168645,-.0340564705300117,18.396996
446,1994,12.3449487531214,9.732521279780309,10.863940613795,.0147336936394202,19.936209
446,1995,12.4169687060504,8.801168401936691,10.8697448991474,.0635238578088525,21.741724
446,1996,12.3555646887246,9.07027338307906,10.9051703510243,.083326485105032,20.328466
446,1997,12.2855732469958,8.138856750696331,10.851199429085,.0932768159582001,20.446508
446,1998,12.2920108588321,9.488047863280761,10.9551759344925,.11307944325438,20.115786
447,1991,16.6450043926604,13.2431162210345,14.941774329478,.0300313360599667,54.068321
447,1992,16.6953609325895,13.077202818242,14.9915269377555,.0199810002064652,56.858932
447,1993,16.660907971295,13.6693650841374,15.134187823997,.0099306643529637,63.851521
447,1994,16.728615671415,13.5397531038008,15.2209793589158,-.0001196715005377,64.03569
447,1995,16.8036042709519,13.8409560577956,15.339589603625,.0098306593526306,64.835167
447,1996,16.7835684181226,13.5167095654582,15.3822460423039,.0680995674766063,65.218567
447,1997,16.8920000549282,13.7488877328402,15.4502397525309,-.0152820414624445,68.185974
447,1998,16.991098792795,14.2784990133161,15.6036562888315,-.0457412489471532,69.343147
447,1999,17.0049574289217,13.5808724465885,14.7305449409626,-.035790918093985,70.014114
448,1991,12.389147964088,9.38714674808203,9.381651536250089,-.255049936366166,17.511391
448,1992,13.0460154099835,9.012742727629711,9.823220653066819,-.178088895230038,30.102812
448,1993,12.5364912881555,4.21950770517611,9.725657892053359,-.110430246756223,23.185379
448,1994,12.7667144736591,8.779403597894349,9.95567669553146,-.061640082586791,27.568506
448,1995,13.1863553767207,9.297618380083239,10.2619693631077,-.0033711744628151,28.372427
448,1996,13.9426840998383,8.013012110368919,10.2560545704886,.0454189897066168,33.256462
448,1997,13.5724620860145,8.679822114864461,10.3317931526136,.176447252113021,23.920807
448,1998,13.8465323013183,9.346617990268729,10.528923183223,.234716160236997,32.650845
448,1999,13.9111752854696,9.31928445896536,10.6713107581629,.283506324406429,33.057079
449,1991,14.4570013679001,10.5015545268458,10.0681075233001,-.124437311874029,27.66773
449,1992,14.2071593635551,8.87150534616578,10.2240300098375,-.085216598720748,47.325462
449,1993,14.2232419329214,8.117312461601969,10.2213774883883,-.0459958855674666,25.090141
449,1994,14.1650718610958,0,10.098071122621,-.0067751724141853,38.610218
449,1995,14.0303872163994,0,9.974775122520819,.0227836298273592,26.062649
449,1996,14.1305599455266,0,9.851472945433519,.0523424320689036,27.317087
449,1997,14.1318898196453,0,9.72817537256304,.0819012343104481,19.412926
449,1998,14.1400472167326,0,9.60487933995079,.101703861606628,27.119881
449,1999,14.049880672313,0,9.481580513659781,.131262663848172,27.648842
450,1991,15.1525393619115,7.77148876011762,11.653821546575,-.152540888752212,27.690092
450,1992,15.2470071803279,13.1123130415508,13.2497305602652,-.0848822402783968,37.026974
450,1993,15.2918317039399,13.4484345673295,13.9537962808286,-.0949325761318982,37.881523
450,1994,15.5541264527717,12.9028980531115,14.1373157575421,-.0179715349957698,40.687057
450,1995,15.7111918691779,12.6663636344221,14.2174461111822,-.0080212041426017,43.828129
450,1996,15.7898241245246,12.7474080755007,14.2934001982263,.0689398369935266,40.76395
450,1997,15.959728924923,13.0316090041359,14.4080412300266,.117730001162959,43.337479
450,1998,16.1029775906008,13.2280306460087,14.484433537462,.147288803404503,46.070595
450,1999,16.2286732271301,13.5372915689671,14.6717368410958,.167091430700683,44.638874
451,1991,11.0316338110123,7.76004068088038,8.988708177985901,-.106046130490254,-2.400774
451,1992,11.0398841383201,7.18538701558042,9.046809165593119,-.0477772223662778,.51359028
451,1993,11.0549377125391,6.90575327631146,9.060714440020339,.0198814261075371,-4.112175
451,1994,11.4147381932593,5.42053499927229,8.98654660932039,.0396840534037167,1.4038867
451,1995,11.4506063354527,0,8.886174105351961,.0092248459190081,-.085406095
451,1996,11.6554379744969,9.160940021681061,9.595929250079561,.0092248459190081,6.7917976
451,1997,11.6879051646344,8.38480400337049,9.74152729048404,.0092248459190081,5.1754065
451,1998,11.6937150528473,8.197814032221199,9.8224618618931,.0290274732151879,7.1530528
451,1999,11.7394311978282,8.04109100370863,9.86677169959947,.0290274732151879,9.055728
452,1990,12.1627470920499,7.32052696227274,11.7345398477019,-.22423320019882,11.063095
452,1991,11.9209139742724,8.312380596786751,11.6576611049362,-.138055503957768,9.9549427
452,1992,11.6428236924045,7.84463264446468,11.5691611754726,-.0892653397883356,16.559053
452,1993,11.4116695949294,10.2853427950052,11.7111367749854,-.0309964316643596,15.069031
452,1994,11.6309125873048,0,11.5996406314272,.0177937325050725,14.024921
452,1995,11.8396961339093,7.79152281915073,11.5097012728444,.0570144456583536,12.973185
452,1996,11.8426235854075,8.83710041116275,11.4623456002417,.0962351588116351,16.336609
452,1997,11.9234260407606,8.8305430106166,11.4167482093643,.12579396105318,18.103458
452,1998,11.9523311216447,10.7110565706943,11.6868896964037,.12579396105318,17.188004
453,1991,13.313927748058,9.903487552536131,13.1334627508255,-.0983319623706052,22.721874
453,1992,13.3767899011116,9.723283751713179,13.053908718198,-.0400630542466295,25.599596
453,1993,13.4554592695226,9.820051594294091,12.9803806008014,-.0008423410933482,28.142744
453,1994,13.4558560221982,9.86490263722056,12.9109957173163,.0287164611481961,29.86828
453,1995,13.4949062352359,9.90143544841,12.8445429189992,.0775066253176282,30.470818
453,1996,13.5131339998462,10.0891368994228,12.7900222360468,.0674562894641268,35.551136
453,1997,13.4633860028698,10.5970846318764,12.776829568467,.0369970819794182,32.709415
453,1998,13.5239134418547,10.4873777471591,12.7542691957253,.0567997092755981,33.457222
453,1999,13.5155417397868,10.2961037997754,12.7175702434709,-.0050756944424896,34.75079
454,1991,13.782651862258,10.8855660249483,12.5255338689578,-.137524171496424,25.666882
454,1992,13.8201608511203,10.3654275075723,12.550228856092,-.0698655230226094,26.791063
454,1993,14.2618271912099,9.10620133223504,12.4954577669704,-.0698655230226094,30.407246
454,1994,14.4219204228222,9.64121328401888,12.4647667215498,-.0115966148986335,33.869511
454,1995,14.7851305197796,11.2420087321843,12.62669201229,.0082060123975461,29.913116
454,1996,14.9359912721733,11.7656977189955,12.8737943199989,.0569961765669781,33.64883
454,1997,14.8622536971946,12.297863001653,13.2057275781919,.10578634073641,32.752251
454,1998,15.0053798343866,10.0652662080988,13.1586926065516,.12558896803259,34.3638
454,1999,15.1478297735102,9.96669706593401,13.1093950509805,.0951297605478812,34.33532
455,1991,12.4431129158525,8.041734711487541,9.72799661386297,-.164547037432076,2.7856395
455,1992,12.3242888285969,8.67539280608978,9.92818992117647,-.115756873262644,4.6568785
455,1993,12.3027569052004,6.361302477573,9.84387554285493,-.0861980710210995,5.6833177
455,1994,12.3198253877418,8.289288323000321,9.92638831682231,.0877552361023384,6.2846951
455,1995,12.440757989249,8.15937473677543,9.96833383880915,.12697594925562,8.2235317
455,1996,12.8227861651917,9.139595967450431,10.2052204482106,.0216154335977935,9.2709894
455,1997,12.6195200275791,10.0685781724017,10.6946934050603,.0414180608939732,13.071149
455,1998,12.7565726197547,10.0687477214018,10.9895649398911,.0109588534092646,16.071482
455,1999,13.0204471472355,8.200837258379851,10.9321708173777,.040517655650809,17.362402
456,1991,15.7668943708572,13.0162714832433,14.7302032937225,-.0905018062685984,31.487595
456,1992,15.7380156419775,13.3350460035343,14.8403845907406,-.0805514754154303,37.922836
456,1993,15.4842382271088,12.7636950193638,14.8401612227436,-.0805514754154303,45.684708
456,1994,15.7865709989493,13.0932043552401,14.8816912485281,.0056262208256221,43.894192
456,1995,16.0639242762912,14.0515166312274,15.1174519689808,.0732848692994369,46.111511
456,1996,16.2045399834319,13.1722672069325,15.1230620724751,.0324628747791817,47.255569
456,1997,16.2212705395292,13.1166611505666,15.1199290238152,.0424132056323498,51.857868
456,1998,16.2383485407106,13.4162263089312,15.1555021774626,.0816339187856311,52.167946
456,1999,16.3094848918961,13.3567665011507,15.1766636339803,-.00174769015342,54.377808
457,1991,12.2525871012017,9.68034400122192,9.29613267286107,-.171872186744233,-7.5234623
457,1992,12.7330795185715,8.006367567650249,9.45404704565061,-.152069559448053,-2.7756753
457,1993,12.9071588955762,0,9.36164414606735,-.103279395278621,-3.1827977
457,1994,13.0138887117355,10.2853427950052,10.5294821315589,-.0544892311091888,.37695432
457,1995,13.0759278630613,10.1064283965328,10.9262154203045,.003779677014787,-1.5086501
457,1996,12.804844684582,0,10.8337719152466,.0620485851387629,4.0978551
457,1997,12.9074849237636,0,10.7413258116427,.110838749308195,.72746927
457,1998,12.7793537964095,12.3686165747155,12.389308367681,.169107657432171,1.1386079
457,1999,12.7145978388465,9.350102314351339,12.3398326995097,.227376565556147,2.7886269
458,1991,12.5695786495609,9.661798083934819,10.3183219646482,-.239558302733015,5.8408031
458,1992,12.4638427683681,9.8199972420371,10.6982319263308,-.181289394609039,9.2705507
458,1993,12.3578002787314,9.56317796268366,10.8714443093252,-.113630746135225,11.144386
458,1994,12.5322909180603,9.511333458487639,10.9887038475339,.026131196239934,13.738341
458,1995,12.5831656038082,9.246575864558279,11.0312977369029,.0459338235361138,14.510127
458,1996,12.6094822631965,9.261318616740811,11.0664789746403,.0657364508322936,15.05733
458,1997,12.5799484194615,7.67554600253785,10.9811587661222,.0855390781284733,15.065563
458,1998,12.3011819095069,7.64969262371151,10.8975445568162,.105341705424653,13.708996
458,1999,12.2786027417618,7.46737106691756,10.8106527732998,.134900507666197,13.723855
459,1990,11.7842414323365,5.8664680569333,9.32044959465621,-.29937121355014,5.1075912
459,1991,11.8460231109503,6.62007320653036,9.300199357344519,-.204061033745815,4.063323
459,1992,11.7193904600169,7.88231491898027,9.43443547042579,-.145792125621839,6.8350706
459,1993,11.6202634816859,7.17011954344963,9.449231280258029,-.0781334771480245,8.3427181
459,1994,11.4597772289213,8.006367567650249,9.575559708404709,.0171767026563004,9.7833557
459,1995,11.388154244586,0,9.48485361475961,.103354398897353,11.461256
459,1996,10.9995986865735,6.90775527898214,9.462296816342869,.152144563066785,14.398117
459,1997,10.783927150098,0,9.36612115104089,.152144563066785,5.620491
459,1998,10.85044747894,7.25134498337221,9.37731983847087,.181703365308329,6.367662
460,1991,12.6840999261669,8.75273950944749,9.507908416774519,-.166382933135733,10.695697
460,1992,12.7542717239526,9.636130846545591,10.1959108675131,-.117592768966301,12.281803
460,1993,12.6532143266701,7.96032362914884,10.2139604302887,-.0783720558130202,15.744249
460,1994,12.7807743298942,0,10.1290521707013,.0169381239913049,16.000021
460,1995,12.9479951603822,0,10.0441490901541,.0464969262328491,18.824795
460,1996,12.891835478462,0,9.95924387279098,.0464969262328491,15.501802
460,1997,13.1525647726295,0,9.874341914930319,.0564472570860172,17.01288
460,1998,13.3718120582002,11.4697465283763,11.4974686210636,.0762498843821969,16.647575
460,1999,13.2593738228591,9.74963682771787,11.5597050378263,.0862002152353648,16.602793
461,1991,12.2873557570992,7.81722278550817,8.277818626991611,-.208120515810644,-7.8477392
461,1992,11.9676367336303,8.732627099660389,9.151736207660131,-.159330351641212,-5.1459498
461,1993,11.7525773945258,7.96935774201635,9.331725800107151,-.129771549399668,-3.3263397
461,1994,11.9043286427814,7.43602781635185,9.37957668922148,-.0344613695953426,-3.2429173
461,1995,11.7235086875079,8.318254328798851,9.574691776354429,.0238075385286334,-.70095056
461,1996,12.00164467609,9.36777137992501,10.0503244085832,.0630282516819146,-2.9843431
461,1997,12.1450347459332,9.96735397286454,10.5756357905,.0925870539234589,-4.7587547
461,1998,11.9911395284262,9.533003413323209,10.7648932844057,.13180776707674,-2.9258156
461,1999,11.801370722803,9.41629707186757,10.8859292548525,.15161039437292,-4.0718212
462,1991,10.9294461593143,0,8.55971613849613,-.0378601064091248,-.18591078
462,1992,11.0373288004487,6.3919171133926,8.57902179403917,-.0378601064091248,-1.7753015
462,1993,10.9518506164745,0,8.48656902187243,-.0378601064091248,-5.1371126
462,1994,10.9997459476399,0,8.39407595416915,-.0378601064091248,-5.579381
462,1995,11.104855835647,6.90775527898214,8.49874404774771,.0013606067441566,-3.4158556
462,1996,11.2484700680714,8.486940148245219,9.063717950236381,.0211632340403363,-4.8567634
462,1997,11.3077929127735,9.348797115123199,9.7756087254477,.0311135648935043,.90261638
462,1998,11.2743536135567,8.26616443661249,9.868885755746049,.0410638957466725,3.9325902
462,1999,11.1384494061976,7.76089319585102,9.882074929892701,.0510142265998405,3.2018485
463,1991,11.8493977015914,0,11.2179394502214,-.182765802362925,-1.7664953
463,1992,11.289781913656,8.41183267575841,11.175177414845,-.172815471509757,4.6121387
463,1993,11.289781913656,6.90775527898214,11.0855352486961,-.133594758356476,4.6121387
463,1994,11.1562505210315,6.23441072571837,10.9894147242301,.0734194110278503,2.5811138
463,1995,11.5732582795092,0,10.8853862335059,.0932220383240301,7.5832591
463,1996,11.4675096014397,0,10.7831039265409,.0932220383240301,9.3283262
463,1997,11.4937630327055,9.62773405094962,10.9383059316635,.0932220383240301,10.034226
463,1998,11.4913136019938,0,10.8342786442038,.103172369177198,10.246909
463,1999,11.3815517428995,0,10.7302495597399,.15196253334663,13.676161
464,1991,14.9640610329751,11.5327280922664,13.9473188669324,-.273234645930781,29.811577
464,1992,15.0103604449076,11.3409502002304,13.9119386581173,-.2340139327775,34.158031
464,1993,14.9817982589964,10.8835790334609,13.8509001918962,-.21421130548132,35.361351
464,1994,15.183751659784,11.6311439613554,13.8459379149418,-.0402579983578819,36.838364
464,1995,15.1274788986253,11.7597699177797,13.850665710221,.0730706869491212,39.265629
464,1996,15.1062460358768,11.2332115621676,13.808078105593,.121860851118553,39.601826
464,1997,15.1473575191437,11.8863837769433,13.8275255875425,.180129759242529,42.689533
464,1998,15.0759982026636,11.9735098722995,13.8546842507813,.199932386538709,43.255737
464,1999,14.9998181820073,11.9511481373166,13.8747985692677,.286110082779761,43.191414
465,1991,14.3006854316989,11.2755815642549,13.9219205427367,.0693360255956836,30.270967
465,1992,14.3838494158695,11.4475332462032,13.9068578960733,.0693360255956836,37.341118
465,1993,14.320062224368,11.5594272986216,13.9016233897164,-.0249746538755577,41.732582
465,1994,14.5224431268187,11.1323090548315,13.8639681906608,-.0249746538755577,38.026981
465,1995,14.8076757236245,11.0551507567371,13.8217228218334,-.0249746538755577,39.764889
465,1996,14.8170849599182,11.9976760710641,13.8648951168747,-.0249746538755577,42.446465
465,1997,14.8400997354877,11.9845964533998,13.8991767544045,-.0249746538755577,46.087795
465,1998,14.9261972849158,11.5684547747627,13.8866423270447,-.0051720265793779,47.053768
465,1999,14.9134641735784,13.4682355812924,14.2623046680427,-.0152223624328793,48.547443
466,1991,12.1908635795911,8.37701116081637,9.186826064911109,-.171523554843405,1.4249601
466,1992,12.222436857352,9.362718052397071,9.89396737915197,-.122733390673973,3.257926
466,1993,12.1743426894055,6.68461172766793,9.834683948851181,-.0739432265045412,4.2143555
466,1994,12.3463541514595,0,9.73466053351688,-.0156743183805654,2.4817352
466,1995,12.2646794630134,0,9.634614149515739,.0331158457888667,4.4472227
466,1996,12.2952473396573,0,9.534573732449561,.072336558942148,4.8669381
466,1997,12.4346368014523,10.3245306906076,10.5536280622407,.101895361183692,4.2518244
466,1998,12.4536015405821,9.193397651245871,10.6676755062003,.141116074336974,5.9833393
466,1999,12.5993996127292,9.67965626478542,10.8633280751094,.160918701633153,6.5304904
467,1991,11.3165651683382,7.43779512167193,9.356533762095079,-.155980308204001,6.5781655
467,1992,11.2810055045711,6.89972310728487,9.34162298799688,-.155980308204001,1.873005
467,1993,11.2139076190335,0,9.2412865608662,-.155980308204001,7.2497959
467,1994,11.262552509468,6.2841341610708,9.192094931634831,-.0790192670678723,3.3086505
467,1995,11.5226813980489,8.821437352167001,9.60467038100373,-.0397985539145909,1.834489
467,1996,11.8609308611948,7.55642796944025,9.61967797229822,.0371624872215375,5.467082
467,1997,11.8830703930055,0,9.51930192182046,.114123528357666,7.4280343
467,1998,11.9176048759492,7.87663846097546,9.584486796826919,.133926155653846,6.1552081
467,1999,11.9270246751735,8.55429627936774,9.7692644921932,.220103851894898,7.2363186
468,1991,13.0308048292771,10.889099102117,11.770642795298,-.220189577328503,-14.458904
468,1992,12.8399888411106,8.77801780969814,11.7212046874958,-.134011881087451,-11.084214
468,1993,12.5259596140912,8.63301875692183,11.6667155083474,-.075742972963475,-18.68214
468,1994,13.2134729345703,10.8307775698687,11.929780790889,.0012180681726533,-10.67349
468,1995,13.2893638020006,11.1651111494637,12.2023171022975,.0111683990258214,-14.427419
468,1996,13.1425080425834,9.83777500917075,12.1873280583121,.106478578830146,-13.744755
468,1997,13.2201064018093,11.343263437123,12.4252366890966,.126281206126326,-12.100042
468,1998,13.0219216661522,8.27205962221041,12.3393825136199,.165501919279607,-6.4976702
468,1999,13.2464258215902,7.48605261786314,12.2461963162791,.204722632432889,-3.2786808
469,1991,15.0631156302105,12.6768540971936,13.3791315513863,-.218606150958127,17.225163
469,1992,15.0888175088695,11.8865558495584,13.4896064415231,-.169815986788696,23.802984
469,1993,15.1030432602491,13.0732571632964,13.907905036695,-.150013359492516,15.115396
469,1994,15.0194591105676,12.0955264854069,13.9607917628888,-.130210732196336,26.069059
469,1995,15.0180534948025,11.8502402037297,13.9721395357013,-.100651929954792,27.338034
469,1996,15.233786157026,11.7515643412427,13.9702445533442,-.0144742337137393,32.050064
469,1997,15.4501658790571,12.0820898057443,14.0028716449676,.133945771404534,33.358879
469,1998,15.2161575399657,13.4969540715666,14.3482761116025,.210906812540662,35.008396
469,1999,15.3406207743084,13.3712666790319,14.5469223697768,.297084508781715,34.30043
470,1990,12.1667034462294,10.5713169251118,11.0596609517288,-.149844252672183,8.1682043
470,1991,12.0355226278083,7.60738142563979,10.9761288284752,-.139893921819014,13.914467
470,1992,11.6005827917269,8.271548374755509,10.9272990650146,-.120091294522835,11.53963
470,1993,11.278935358905,0,10.8105235915449,-.100288667226655,6.3141961
470,1994,11.7906032972403,0,10.6932009419474,-.051498503057223,5.894753
470,1995,12.2192650022445,0,10.5772480192959,-.0027083388877911,16.5005
470,1996,12.1449591403444,8.76608245914886,10.6129090845174,.110620346419212,19.716755
470,1997,12.0989285884548,8.507344855361421,10.6071739994036,.178278994893027,15.37816
470,1998,12.239934389453,7.14913159855741,10.5246821287751,.198081622189207,14.576442
471,1991,11.9334633918408,8.87416809036397,10.8435983212952,-.32888562467888,4.8754244
471,1992,11.4579787691986,0,10.7673327474988,-.224525609354637,-1.5693965
471,1993,11.3957725132111,0,10.690118245559,-.166256701230661,-.7132085
471,1994,11.4940632887161,0,10.6256642690874,-.0264947588555025,.18827814
471,1995,11.6195326595685,0,10.5607640024802,.0317741492684733,1.2715831
471,1996,11.7105520579557,0,10.500377104604,.0994327977422882,1.6593995
471,1997,11.7380284289038,0,10.4365246646673,.167091446216103,1.8157362
471,1998,11.7648241183486,9.162724518034519,10.599413369109,.244052487352231,5.0109839
471,1999,11.8624478398336,5.07517381523383,10.5425639007082,.302321395476207,3.2438862
472,1991,13.4357219724523,9.595262578853021,10.8828319537008,-.245487042920576,-8.8449907
472,1992,13.666957458046,9.881599752778101,11.1065439370777,-.168526001784448,-6.8343177
472,1993,13.303583093698,7.61381868480863,11.0370244804584,-.100867353310633,-.55228251
472,1994,13.3924696955682,10.0484533227863,11.2559924246666,-.0332087048368182,1.792007
472,1995,13.5364420356605,9.265017933266879,11.2801279638776,.0155814593326139,4.7402234
472,1996,13.6191489348241,9.27565983809682,11.2999970609274,.0548021724858953,2.5602872
472,1997,13.3749671988496,9.32758993202642,11.3220615256985,.0940228856391766,7.7350783
472,1998,13.4545377263504,10.3723029761451,11.5291845664862,.133243598792458,6.5478058
472,1999,13.5321213102291,11.1755067806086,11.9290014118208,.172464311945739,7.3948288
473,1991,11.73518310398,9.464982590349759,9.133977551870171,-.11890013208179,-5.9227157
473,1992,11.2538149959469,4.35670882668959,9.02709038432365,-.149359339566499,-2.0217907
473,1993,11.8238558519485,7.41336733569524,9.10059246801268,-.0723982984303705,-.58729231
473,1994,11.8321717041057,8.799360083179909,9.549971898495659,.067363643944788,-.58729231
473,1995,11.6917105584515,7.6226639513236,9.56831547034772,.067363643944788,2.5899429
473,1996,11.3412815508839,8.64751945309181,9.77716440370205,.067363643944788,6.5165911
473,1997,12.0349647624324,8.268731832117741,9.852331090891809,.067363643944788,2.7383385
473,1998,12.3109920421702,4.77068462446567,9.74243813101771,.067363643944788,8.9894657
473,1999,12.4762109614282,7.10906213568717,9.69194519637122,.0969224461863326,13.384374
474,1991,14.0374816858567,8.96405612822033,10.5093515009754,-.37859681833668,11.3949
474,1992,13.7873934425594,9.803225130597729,10.8159770689362,-.179745959591515,12.48512
474,1993,13.7219623459308,0,10.7080106200758,-.169795628738346,8.0431261
474,1994,13.6377633162459,10.1177114416757,11.0474220943534,-.0213756236200732,7.2398849
474,1995,13.5747393293293,9.246190024869881,11.0899016002041,.135628125189591,10.083363
474,1996,13.4973668793585,9.98100399496396,11.2526951220717,.174848838342873,5.1732039
474,1997,13.9436979033606,11.2047413206679,11.7838872797399,.194651465639053,8.5577173
474,1998,14.1216556943537,11.601641222012,12.2509790873274,.214454092935232,11.342702
474,1999,14.08584090103,11.669424813087,12.5593626670775,.194251385617713,13.456376
475,1991,12.0677056678547,0,10.4639201496492,-.0621470378089767,7.9156942
475,1992,11.9477246002865,0,10.3470316966912,-.0133568736395447,7.999691
475,1993,11.9744641613284,0,10.2301871925085,-.0133568736395447,11.564173
475,1994,11.6995795612276,0,10.1133107809473,.0064457536566351,9.5428352
475,1995,12.17304942734,0,9.996440410584951,.0163960845098032,10.553585
475,1996,12.0394964906525,0,9.87956876546555,.0163960845098032,9.8400269
475,1997,12.2351574625135,0,9.762701335771011,.0361987118059831,11.03678
475,1998,12.3869989295401,10.0523815832176,10.4629890482262,.0461490426591511,11.543837
475,1999,12.349436698962,0,10.3461199849857,.065951669955331,12.511815
476,1990,14.5249933834738,9.59089784437816,11.2237355896882,-.118171873708328,-3.7661135
476,1991,14.4539322651883,8.910315776326019,11.2239999531013,-.0886130714667838,.15953895
476,1992,14.514648514113,7.77191025643576,11.1564190782535,-.0493923583135024,4.5691142
476,1993,14.3944942185846,8.19753873972118,11.1084129030459,-.0493923583135024,4.8689313
476,1994,14.4671132363405,0,11.0083751104518,-.0006021941440704,8.9103756
476,1995,14.6573724896078,0,10.9083329698865,-.0208049014615898,10.250768
476,1996,14.7310191180606,6.75693238924755,10.8231047455984,-.0208049014615898,7.314786
476,1997,14.7323316833505,8.36637030168165,10.8002284251656,.0279852627078422,.70113331
476,1998,14.7554748877376,10.0798329543017,11.0735969079087,.267002163178342,7.7158933
477,1990,14.9243139762478,11.1647004340341,12.7046880267652,-.2448450064071,21.340189
477,1991,14.8866086732339,10.7415572498157,12.7401648900335,-.205624293253819,22.410093
477,1992,14.8412862649381,10.3039401188207,12.7230138310695,-.256917587641369,29.674644
477,1993,14.9057293082503,10.1906194736824,12.6980031760663,-.170739891400317,33.982895
477,1994,14.9369374708953,12.565085354765,13.2297418955248,.0281109673448486,32.515217
477,1995,14.9202333686851,11.5263844846544,13.2887303337412,.0673316804981298,34.488602
477,1996,14.9906867432301,11.2887063354291,13.3066584854642,.106552393651411,35.513554
477,1997,15.0573797727266,11.1068201519746,13.3053019104959,.145773106804692,36.145744
477,1998,15.0680550689021,13.0354058171484,13.7397186611125,.175331909046237,36.29916
478,1991,11.4351378759447,7.44249272279444,8.091872254596719,-.267166822105227,11.404468
478,1992,11.6026238879925,9.8934877204578,9.978956740672009,-.180989125864174,18.405977
478,1993,11.5354745937355,0,9.86331118288861,-.0948114296231222,15.082774
478,1994,11.2678366729146,0,9.747728079294451,.0095485857011207,11.149492
478,1995,11.8083126551237,5.27299955856375,9.643258506865649,.0865096268372491,10.123527
478,1996,12.2898070631313,8.464003362902121,9.786987443577249,.116068429078794,13.549134
478,1997,12.2906037117552,0,9.671353709383791,.116068429078794,13.321201
478,1998,12.5001679674526,9.85760066976365,10.3157958591263,.164858593248226,18.101128
478,1999,12.5903312719451,0,10.2001603371385,.19441739548977,18.35331
479,1991,15.8955031136036,12.7672586286351,12.5926335226633,-.0384076028707151,28.953426
479,1992,16.1073568902417,12.8114481601541,13.3261096112732,-.0586103101882345,35.364304
479,1993,16.0214875033331,11.1203420306926,13.3382716974444,-.0586103101882345,37.337902
479,1994,15.9602225268758,11.8375492132338,13.4457893084418,-.0586103101882345,40.687225
479,1995,16.1009087110213,12.1107999650227,13.5774382502256,.0183507309478939,44.172764
479,1996,16.284993151949,12.3569551334887,13.7281951347573,.0381533582440735,45.477264
479,1997,16.0245651036502,11.8707817108969,13.7691128396127,.0579559855402533,44.600735
479,1998,16.1462997327667,13.170810625642,14.085652803056,.0579559855402533,53.07019
479,1999,16.3354370850329,12.8795756362421,14.2339978416326,.0579559855402533,49.10519
480,1991,11.4506124859264,7.15070145759253,10.1001680249089,-.128269804399138,-9.9438047
480,1992,11.5074608241386,0,9.98600719008456,-.11831947354597,-8.6100845
480,1993,11.6020035045926,7.81399567500279,9.984246926419999,-.0695293093765381,-9.8597565
480,1994,11.9116780400242,8.070906088787821,10.0109733082706,-.020739145207106,3.3331361
480,1995,11.994611588822,9.57997102707513,10.3913280301609,.0280510189623261,-1.2904445
480,1996,12.2574534383403,8.513586695822131,10.4143451757901,.0478536462585059,-.94941509
480,1997,12.2672878051705,10.6310361598134,11.0789914354845,.0676562735546854,2.8976679
480,1998,12.3619558238859,8.635864721133739,11.0436143958494,.0776066044078536,4.091136
480,1999,12.3543223919536,8.23456499326713,10.9843821389406,.0875569352610218,10.5157
481,1991,12.7097704140267,10.9952598349394,11.1472948239376,-.25135131885464,11.674267
481,1992,12.8994990388257,9.70509758756311,11.2670837483328,-.120323056448236,.5920496
481,1993,13.0801749216697,10.0152972275881,11.4248873792774,-.071532892278804,8.7036762
481,1994,13.2946178618269,11.3708894388255,11.9964029132578,-.0227427281093719,15.406132
481,1995,13.2592241810343,10.5964597177818,12.1106894130576,.0260474360600602,16.208935
481,1996,13.6444232934412,10.8899944074199,12.2570043245428,.0556062383016046,14.042196
481,1997,13.4375351248966,10.5114308125815,12.3079882342351,.085165040543149,14.412576
481,1998,13.5611370945114,10.5786235002942,12.3604207344424,.104967667839329,22.381617
481,1999,13.3249767505203,9.965099921663651,12.3409404572488,.134526470080873,19.597544
482,1991,12.0736023357081,10.8197782844103,9.98439450202971,-.147631179343471,3.5836325
482,1992,12.3216498593884,9.998797732340449,10.6006242643227,-.0799725308696558,7.5360994
482,1993,11.9722341295188,0,10.490801883684,-.0311823667002238,9.4449291
482,1994,12.4626486681642,0,10.3809818068692,.0641278131041012,6.604949
482,1995,12.786903133839,0,10.2711642545826,.0641278131041012,14.279628
482,1996,12.8861833876191,11.2806654850097,11.4497854321585,.0641278131041012,5.2889185
482,1997,12.9537422208967,8.998878325435809,11.4183026488773,.0641278131041012,5.5531716
482,1998,13.2656176601358,8.761550139129641,11.3723360803591,.0540774772505997,8.9140768
482,1999,13.067059641282,0,11.2625211937992,.131038518386728,6.4791331
483,1991,11.7400576443912,0,9.846668492873739,-.131572544633379,6.2822986
483,1992,11.6695044166909,4.06044301054642,9.74195637034944,-.0923518314800977,5.7379208
483,1993,11.2798281202435,0,9.630142216184399,-.328074165001168,2.4557617
483,1994,11.4489361796451,8.528924114291939,9.811026809228981,.0571882357894774,8.2516546
483,1995,11.4072054736589,9.186252576447091,10.1217230791778,.0471378999359761,9.7153168
483,1996,11.4133720700809,8.030734924098541,10.1219119863104,.0570882307891441,6.6122441
483,1997,11.3634193601506,6.14418563412565,10.0357080863606,.0963089439424255,10.915304
483,1998,11.3119476775629,8.24064886337491,10.0691799412813,.0963089439424255,11.311519
483,1999,11.2053268852292,9.115919796356691,10.2651679482733,.116111571238605,6.3111711
484,1991,10.9599561278752,6.19236248947487,8.707995352679781,-.0921236753397476,3.2250845
484,1992,11.0206253580725,6.37161184723186,8.69228870311845,-.0821733444865794,4.4630437
484,1993,10.8925022058666,6.66695679242921,8.70844145302671,-.0623707171903998,3.4133043
484,1994,10.9272042701054,5.03695260241363,8.621427072659779,-.0328119149488553,6.1946154
484,1995,11.0353108921991,7.02642680869964,8.69057490664072,-.0032531127073109,6.2141414
484,1996,10.9049915314606,6.86693328446188,8.72196093704002,.0263056895342336,7.3715529
484,1997,10.8945434878658,6.07993319509559,8.674555850169,.0558644917757781,6.396749
484,1998,11.0841006558798,7.39939808333135,8.795521654940901,.0756671190719581,7.6401587
484,1999,11.1730533098683,6.96602418710611,8.82273482816878,.0954697463681376,13.371475
485,1990,13.0646211798839,10.5118118686558,11.0592045498984,-.134249467427414,5.6370187
485,1991,12.9678551083667,10.1185586087595,11.3134996609757,-.124299136574246,5.9973254
485,1992,13.0863603009932,9.79445363151199,11.4264237762493,-.114348805721078,7.2343116
485,1993,12.9589089694074,10.10968838312,11.5776170993854,-.0847900034795333,8.9396133
485,1994,12.9444945699674,11.0457498331675,11.9497903980437,.105830356129116,9.9461079
485,1995,13.2177015559677,10.4350859211174,12.051166430358,.0224487471900653,11.782119
485,1996,13.169178840596,10.0025633607268,12.0750563730519,.0323990780432333,11.998913
485,1997,13.1079953909196,10.5227728844976,12.1639127772892,.109360119179362,10.780199
485,1998,13.0647402627344,11.0679187922415,12.3420033450146,.138918921420906,7.566721
486,1991,13.7208028256191,10.1774382801016,11.7910040714043,-.131549536500957,4.506918
486,1992,13.8194593424686,11.3542344936008,12.2054914766843,-.0732806283769811,3.6232541
486,1993,13.7594221372493,10.865248658455,12.3441100582803,-.024490464207549,10.72803
486,1994,13.7045590097537,0,12.2440695331914,.0242996999618832,12.082437
486,1995,13.6944042423037,8.255828427281831,12.1618558326292,.0635204131151644,11.468938
486,1996,13.5890522608938,8.01201823915906,12.0766510816921,.112310577284596,12.718781
486,1997,13.9433737644013,9.157677719392879,12.0259029717743,.132113204580776,12.458384
486,1998,13.9407178983352,9.24271075200663,11.9818022095198,-.0071488627527315,12.736956
486,1999,13.6551032835772,8.812843433517189,11.9198814611523,.0881613170515934,14.534882
487,1991,11.7607525751753,7.60090245954208,9.502659178144491,-.0907195179672394,-3.5424113
487,1992,11.7282850081146,7.60090245954208,9.54355731587672,-.0807691871140714,-1.3592422
487,1993,11.8540919092569,10.0323204243791,10.4278077140768,-.0708188562609034,-1.5863472
487,1994,12.6653244229362,9.39266192877014,10.6327665458895,-.0031602077870886,-.2055236
487,1995,12.7169101031679,9.59641876628416,10.8269505024534,.0166424195090912,4.4349279
487,1996,12.7312053929972,8.370084326378031,10.8028559052143,.0558631326623724,10.211355
487,1997,12.7673562887038,10.1889296180446,11.1111739529207,.0756657599585522,4.502563
487,1998,12.6836838129797,6.18001665365257,11.0165154354385,.0756657599585522,4.5514126
487,1999,12.7690867542728,9.61293469665933,11.119524294059,.0954683872547318,4.5683956
488,1991,12.8248776600703,8.92239159729586,11.4405644275755,.0177373961380437,5.7194786
488,1992,12.7009950790474,6.75925527066369,11.3604651889384,-.121524671195464,7.5518847
488,1993,12.4935204182142,7.54644627374602,11.2931026439231,-.0632557630714881,8.667716
488,1994,12.5181338249069,9.01869548772134,11.3014263532507,-.0240350499182068,8.977006
488,1995,12.5500705747898,3.97029191355212,11.2124593571811,.080324965406036,10.485032
488,1996,12.5388000416247,8.00770001288403,11.1602155072173,.039502970885781,10.795693
488,1997,12.5555141167449,5.35658627467201,11.0734091388145,.0193002635682615,10.783564
488,1998,12.5927139683245,9.05193063522854,11.0988862036419,-.000902443749258,11.259462
488,1999,12.5827267096796,6.05208916892442,11.3165638055961,.0383182694040233,11.773202
489,1990,12.2138253402731,6.47697236288968,11.6143351865087,-.200887760504177,4.6062517
489,1991,12.4608131823135,8.252706676567639,11.5256876803522,-.171328958262632,11.298381
489,1992,12.4861830591693,8.951440100949849,11.4780782939237,-.201788165747341,7.2987247
489,1993,12.6193053163168,11.3511239251458,12.0100437712387,-.22199087306486,8.8994789
489,1994,12.8563146816766,9.12118123565636,11.940244037147,-.0480375659414226,14.185667
489,1995,13.1102422329582,11.5323260506742,12.3225988917575,.190979334529077,11.486936
489,1996,13.1981444549569,10.3840910541125,12.3277330433819,.170776627211558,13.45522
489,1997,13.4839573646155,10.412261072176,12.3341241132553,.190579254507738,12.97817
489,1998,13.6205703782399,11.2684816654853,12.492582656386,.149757259987483,17.958122
490,1991,16.3799557437044,13.2568942703619,15.030514455444,-.112041866070602,39.699924
490,1992,16.3912111069543,13.631388180666,15.1482579291368,-.112041866070602,44.819767
490,1993,16.2987081004782,14.7875553402437,15.5812942763153,-.0922392387744225,55.746346
490,1994,16.5291765216373,13.5164007705313,15.5896496969528,.0299783939498267,48.688747
490,1995,16.6862596616424,12.4531787869356,15.5176651809759,.0882473020738025,53.807686
490,1996,16.6153725717946,12.3119675183938,15.4420419803674,.078196966220301,53.678551
490,1997,16.7833523010194,12.0955823282428,15.3610651798837,.0881472970734689,60.982643
490,1998,16.8229875147474,12.0892129334793,15.2823837830003,.0576880895887603,61.806763
490,1999,16.8840991431864,12.7290096297785,15.2389195939795,.0576880895887603,63.683136
491,1991,14.3407101794273,11.281447276866,13.260173154675,-.318020646756265,24.708292
491,1992,14.3553002041145,11.0486175841093,13.2577039075522,-.328070982609766,26.1276
491,1993,14.2704825476362,11.9406346620246,13.3921810270275,-.308268355313587,33.65802
491,1994,14.931687738892,12.1142917305377,13.5321363931397,.083773732462437,29.04948
491,1995,15.3744520792677,13.006566368291,13.878998652597,.205991365186686,29.444031
491,1996,15.6848087038954,12.8981417451697,14.0768482957335,.165169370666431,34.917759
491,1997,15.7057000255124,11.4535681647624,14.034542628714,.175119701519599,37.391373
491,1998,15.6016025474028,12.7367420722152,14.1526233750843,.185070032372767,37.187233
491,1999,15.6427896272594,11.3872375176638,14.0981511685763,.204872659668947,39.438007
492,1991,10.5349683374514,8.69951474821019,9.63121284142008,-.0826071849316224,-8.929101
492,1992,11.1950687717711,0,9.529826297471489,-.0628045576354428,-4.9091754
492,1993,11.5660636390358,0,9.428471381466849,-.043001930339263,-1.8376563
492,1994,11.5540448836671,0,9.3271095605299,-.0037812171859817,7.0923176
492,1995,11.6548256195766,0,9.22574116855221,.0257775850555627,10.800852
492,1996,11.6452556672107,0,9.124368454561219,.055336387297107,2.2636602
492,1997,11.7029642308207,0,9.02299823312536,.0652867181502753,11.532869
492,1998,11.8804861182094,0,8.921631105474519,.0652867181502753,13.760379
492,1999,12.0990629962084,0,8.820256365906319,.0948455203918196,14.409863
493,1991,14.8139516399786,11.5934818868239,13.7084330135003,-.136955048832392,30.056931
493,1992,15.1787769731857,11.1579348160956,13.6853018676169,-.0977343356791109,38.741096
493,1993,15.5616855734949,12.1834690993203,13.7906506963886,-.0489441715096789,30.919189
493,1994,15.600881042102,11.5180920949216,13.7884882211727,-.0193853692681344,33.79427
493,1995,15.5609980356287,11.6059512192786,13.7911062813011,.0101734329734101,35.664188
493,1996,15.9956453198449,11.1557789813027,13.7555800701811,.0397322352149546,37.958183
493,1997,16.0900907200831,12.1123497053942,13.8207442383349,.0595348625111343,38.526035
493,1998,15.6824576409213,11.5728722100213,13.8132294582334,.0793374898073139,42.620026
493,1999,15.5519758309867,14.4373684823631,14.7151617778143,.089287820660482,41.886936
494,1991,13.7358124339168,8.720786883485729,10.2241860350413,-.167320553704723,14.582951
494,1992,13.5094122312948,7.75662333453886,10.1823155430343,-.0996619052309081,19.206276
494,1993,13.4456115820843,5.31320597904179,10.0615761827346,-.0508717410614761,20.873417
494,1994,13.0862371268732,7.59438124255182,10.0172804158102,-.002081576892044,18.420177
494,1995,13.3295200376619,9.06265209907658,10.2138064673934,.0371391362612373,16.467764
494,1996,12.9036342411796,7.34471905414967,10.1388442192092,.0666979385027816,18.410521
494,1997,13.0870328020153,6.79794041297493,10.0435233704474,.096256740744326,17.03652
494,1998,13.1847884800274,7.49997654095212,9.987221899255889,.12581554298587,25.895361
494,1999,13.3751665324838,9.408945298843239,10.2858853099334,.155374345227415,30.344101
495,1990,11.2644641056717,8.006367567650249,9.59682651348654,-.0743275353495464,-6.1843042
495,1991,11.5929681726438,8.232174236383941,9.72850896999743,-.0447687331080021,-3.6065328
495,1992,11.6699292137799,10.1206130315248,10.5565442417954,.0135001750159737,-.57358289
495,1993,11.6410819176171,9.928911604876291,10.8869639238367,.0135001750159737,4.0697646
495,1994,11.6635664214893,9.04782144247841,10.9257604068306,.0135001750159737,4.6758795
495,1995,11.6789807176334,9.564512185696801,11.038479985297,.0135001750159737,4.9940624
495,1996,11.8736105243043,8.909235279192259,11.0346848043352,.0135001750159737,7.170177
495,1997,12.0284968099663,11.0797705070404,11.6113326622431,.0234505058691419,5.2484813
495,1998,12.0977656636714,8.228443883004029,11.5309657559499,.0234505058691419,5.9522781
496,1990,15.4706426264791,12.0926239530226,12.5854367330402,-.131166654389246,35.200764
496,1991,15.4669669592464,10.5966347330961,12.6113760739022,-.0823764902198141,39.75869
496,1992,15.4967380752343,9.15525040565822,12.5322560618743,-.0335863260503821,46.803852
496,1993,15.5568787268618,9.226607344440049,12.4579319253525,.0056343871028992,50.004845
496,1994,15.4567904522375,9.686201810706081,12.4081155354664,.0448551002561808,50.255157
496,1995,15.5380712099913,10.0139997753336,12.3821191385619,.0448551002561808,51.176971
496,1996,15.5417465645313,11.3979746647459,12.5766943792765,.0448551002561808,48.573296
496,1997,15.6225772897241,10.2081004856479,12.5498077294231,.0448551002561808,53.072826
496,1998,15.7000165694427,14.3934494478653,14.3766001735677,.0448551002561808,54.343578
497,1991,12.3100815481705,6.79346613258001,10.0716636997593,-.122981119844703,23.896164
497,1992,12.3095774904957,7.70345904786717,10.0829257898901,-.0647122117207274,24.547184
497,1993,12.2060812288267,6.82762923450285,10.0411211446233,-.0159220475512954,24.609167
497,1994,12.1525924880154,0,9.96108642491553,.0038805797448844,24.651211
497,1995,12.167766362055,4.72738781871234,9.88613282668299,.0334393819864287,24.920832
497,1996,12.1187882392149,9.43356392009056,10.2704612814623,.0334393819864287,25.929192
497,1997,12.1768578674389,0,10.1904431111406,.0334393819864287,25.795868
497,1998,12.2025775480228,9.820105943597079,10.5988098657789,.0532420092826084,27.008324
497,1999,12.2513639388102,9.54888189471877,10.7941424771516,.033039301965089,27.175503
498,1991,13.8180440577467,11.9827228229435,12.6155789104869,-.11381963619946,17.317556
498,1992,13.7955090168268,11.9419768828845,12.9348429699751,-.103869305346292,21.985102
498,1993,13.633696350549,10.4329975315062,12.9064771776918,-.0646485921930109,23.610807
498,1994,14.1492677860354,11.49237575868,13.0180727336738,.003010056280804,26.952705
498,1995,14.410453325705,11.5320415821625,13.1082873736546,.051800220450236,30.785332
498,1996,14.6634223939738,12.164375267974,13.3148593323557,.051800220450236,34.596703
498,1997,14.7523663704126,12.0532186246772,13.4419383705826,.051800220450236,34.062538
498,1998,14.7906487034319,12.0530554896885,13.5423305536853,.051800220450236,30.770918
498,1999,14.7731636174631,11.335997337453,13.5300164900837,.051800220450236,34.279076
499,1991,12.3891378736487,8.9169084675438,10.1811495917056,-.113270736373488,15.563378
499,1992,12.4455546574632,0,10.0693282089853,-.241104107883373,17.502882
499,1993,12.2449392389729,0,9.957511614980341,-.201883394730092,15.099411
499,1994,12.1838186458111,0,9.845678338736519,-.0534633896118185,19.190943
499,1995,12.340588973451,0,9.73385514685816,-.0046732254423865,16.806829
499,1996,12.6371181734091,0,9.6220260918974,.135088716932772,19.144815
499,1997,12.6399173791209,0,9.51020049010066,.14503904778594,20.704508
499,1998,12.9471004518593,7.51261754467451,9.518567443157091,.16484167508212,18.566298
499,1999,12.8629379568846,6.04263283368238,9.43525834806718,.232500323555935,22.581087
500,1991,13.8177276263006,7.60090245954208,13.7046760875156,-.165648995311787,26.540169
500,1992,13.8815702574436,9.33406129896594,13.6326573398635,-.0794712990707344,28.280218
500,1993,13.9918393107052,0,13.5477521512349,-.0695209682175665,26.512327
500,1994,14.1361699742639,0,13.4628474131302,-.0303002550642851,28.757292
500,1995,13.9542058823378,10.8629143992874,13.4465465547636,-.0104976277681054,30.444023
500,1996,14.1039962402441,9.655602949958411,13.3825020902449,.0287230853851759,30.353695
500,1997,14.168730879831,10.4872383063167,13.3473053106599,.0485257126813558,38.038895
500,1998,14.4669900043045,11.1225607695847,13.3568531956905,.116184361155171,37.964046
500,1999,14.6060021980404,11.8627580532933,13.4578488416115,.126134692008339,62.812191
501,1990,11.9631549515141,0,10.0713297880652,.0853362813520871,13.931643
501,1991,11.9155348978549,0,9.986393848531881,-.0311975349038646,14.775517
501,1992,11.8183523015641,8.51919119407891,10.1137849441291,-.0311975349038646,13.28586
501,1993,11.772489018871,0,10.0288727296623,-.0311975349038646,21.249788
501,1994,11.798476271626,0,9.943976691666171,-.0113949076076849,16.987635
501,1995,11.821178807298,10.0007503701563,10.5581355595705,-.0113949076076849,17.058372
501,1996,11.8526017243279,7.77148876011762,10.5291826382886,-.0113949076076849,17.33091
501,1997,11.7908482877963,8.94010521312812,10.6166848787767,.0084077196884947,16.814232
501,1998,11.7537571923507,8.718172930028731,10.6604073359931,.0282103469846745,15.07797
502,1991,14.6904251072347,12.5332410208632,12.0950583998403,-.245502245619331,27.7721
502,1992,14.7661954301154,12.1186120767599,12.7280776465425,-.0143905246559446,45.07164
502,1993,14.0281060748291,11.4415261288399,12.2890185195506,-.0143905246559446,25.673483
502,1994,13.9581990835082,9.956317166180661,12.2963328227819,.0248301884973367,27.370178
502,1995,13.9121357124963,9.49566967884437,12.2679003081087,.0543889907388811,28.382631
502,1996,13.9815274278864,9.157150543462061,12.2237686436758,.0839477929804255,30.711962
502,1997,14.0701153689113,9.7002079011507,12.2101682470925,.0938981238335937,32.633034
502,1998,14.082357766791,9.395574350217171,12.1787271421347,.0938981238335937,32.345379
502,1999,14.1186155769133,10.7200463430113,12.2858196171704,.0938981238335937,32.989658
503,1991,12.0673163178514,8.534246945982069,8.40864983812259,-.239940339466123,.20564382
503,1992,12.1821481496336,7.26332961747684,8.59483918310535,-.13558032414188,3.215529
503,1993,12.203148214884,6.90775527898214,8.669210167945341,-.0312203088176372,2.7182937
503,1994,12.3225194637361,0,8.569159259440839,.0175698553517948,1.9822725
503,1995,12.3790348172142,6.90775527898214,8.63825971939568,.0758387634757707,3.9035423
503,1996,12.3875926444612,8.678801706612649,9.224962939230821,.0956413907719504,2.1919537
503,1997,12.4328126488023,7.34858753092759,9.25886383391707,.11544401806813,6.9217019
503,1998,12.6050119726426,6.91572344863131,9.244393912101041,.154664731221412,5.8042293
503,1999,12.6324303100562,9.61939901559448,9.99645863514802,.113842736701156,9.9266052
504,1991,12.9794046215708,10.835021513823,11.8272090585938,-.0670423633235614,-15.889676
504,1992,13.060863918484,8.006367567650249,11.7457214809977,-.0670423633235614,4.3681631
504,1993,13.0088103888341,0,11.6415824971785,-.0087734551995856,-.90414923
504,1994,13.316550545079,0,11.5374356218922,-.0087734551995856,-1.6904802
504,1995,13.3593657557811,0,11.4332965883235,.0110291720965942,-2.552048
504,1996,13.495419122904,9.179881164491469,11.4244570269826,.0209795029497625,-.89768428
504,1997,13.7333952830697,0,11.3203183931552,.0309298338029304,-2.3295574
504,1998,13.9123836480192,11.3789939923244,11.9046343891453,.0408801646560987,-3.5463471
504,1999,14.2445977301532,10.7428972400743,12.0554322972734,.0408801646560987,-1.4603872
505,1991,14.8708006667216,8.97765140781844,13.097007619982,-.232289327100298,-3.0175354
505,1992,14.692620812791,9.001715906761181,13.0138320622931,-.183499162930865,.66066784
505,1993,14.4651479009987,8.943244933132791,12.9308858725516,-.234792457318416,2.7575679
505,1994,14.6592471596531,9.61587214452889,12.8665915152234,-.0863724522001428,4.6130934
505,1995,14.6877066783115,9.04061909715797,12.787161094051,.0358451805241064,7.9427552
505,1996,14.4953411754965,8.74289347151214,12.7032685046209,.0941140886480823,9.5905981
505,1997,14.5333074530146,9.496346040047021,12.6400941118531,.133334801801364,12.213993
505,1998,14.5834836657886,10.2254623501453,12.6196428186788,.162893604042908,16.239389
505,1999,14.7184825160085,10.1503476304677,12.5946062208031,.192452406284452,17.934988
506,1991,12.1121721791882,6.90775527898214,10.2821397184096,-.138750639959567,2.1457782
506,1992,12.0913152676684,0,10.1706250224962,-.0899604757901347,1.6477282
506,1993,12.070540655807,8.5358186555394,10.2440336226749,-.0507397626368534,8.2866564
506,1994,12.0404637505795,0,10.1325495552139,-.0211809603953089,9.2447309
506,1995,11.9766946446382,0,10.0210616774833,.0276092037741232,4.8455906
506,1996,12.0320321962461,0,9.909569022852001,.0668299169274045,1.4230639
506,1997,12.0770612509951,9.337413454539661,10.2261035186152,.056779581073903,6.6158524
506,1998,12.24999206223,7.98104975966596,10.2096331207534,.0765822083700827,9.0704288
506,1999,12.0418068292557,8.53109609658523,10.2589567698786,.225002213488356,8.0460043
507,1991,11.6699910333454,11.2123337538969,10.7162782591885,-.152600427846106,2.7798872
507,1992,12.0450246764992,8.287780027088431,10.6810402176955,-.103810263676674,3.3965449
507,1993,12.0459126335823,7.8458075026378,10.6159494963079,-.055020099507242,3.5875139
507,1994,12.1524964823175,7.56371966841437,10.5385367603618,.0032488086167338,4.5976796
507,1995,12.3021171844788,9.046055177668331,10.6152503817019,.0424695217700152,6.0049648
507,1996,12.1984549303172,6.59714570188665,10.5073635318988,.0720283240115594,7.7829862
507,1997,12.1841476758937,8.89918494333876,10.557938082598,.0918309513077392,6.5142655
507,1998,12.2993550771652,8.25945819533241,10.5242011276385,.111633578603919,5.3367996
507,1999,12.3190790263551,6.71052310945243,10.4196737825442,.131436205900099,8.5473814
508,1991,12.8036489938831,8.014335737299421,8.452633336717771,-.15152476433848,6.4265313
508,1992,12.6801874327971,0,8.32370552500954,-.131722137042301,14.335984
508,1993,12.8243414213859,0,8.19483685503044,-.073453228918325,13.622175
508,1994,12.7560458090777,8.43054538469057,8.906176551998019,-.0057945804445101,18.470602
508,1995,12.7813740776346,0,8.77732419478073,.0429955837249221,22.225677
508,1996,12.75020519216,10.4101545411533,10.4392408832069,.0725543859664665,15.792081
508,1997,13.0032895271458,9.61407064279063,10.6624950365444,.0923570132626461,15.310247
508,1998,13.0993965570408,10.1841072449874,10.9995582808408,.112159640558826,14.790554
508,1999,12.9214602418385,8.26049285657318,10.9303585534219,.151380353712107,16.657537
509,1991,12.899453975411,9.39266192877014,9.557611235839619,-.200624687357507,8.5223789
509,1992,12.6580776450249,8.987196820661969,9.905879689094681,-.190674356504339,12.58285
509,1993,12.7450043943684,9.21034037197618,10.2047322355769,-.151453643351058,6.6071863
509,1994,13.3080327341925,9.903487552536131,10.649540227191,.02249966377238,11.416131
509,1995,13.5059407177461,10.2399597891573,11.0325288148986,.0901583122461948,11.950315
509,1996,13.6465643616063,10.1266311038503,11.2397365245212,.119717114487739,18.216923
509,1997,13.7141471450608,9.7981270368783,11.3202650458545,.119717114487739,20.27343
509,1998,13.7449200886673,10.2750511089686,11.4853805634686,.149275916729284,21.019972
509,1999,13.6832780172774,9.93401675757095,11.5444280079911,.169078544025463,22.340958
510,1991,11.8689447024393,10.1983562393023,10.4678520474938,-.174683657404801,1.3519832
510,1992,12.0542141570635,7.41878088275079,10.3927728400639,-.154881030108621,2.183552
510,1993,12.0746901235626,7.22693601849329,10.3118684057252,-.106090865939189,4.886301
510,1994,12.4308826197043,9.75301343918129,10.6526132845053,-.0478219578152133,.66320574
510,1995,12.7701049527178,9.461099090323369,10.7921706773487,.0104469503087623,4.4012713
510,1996,12.8774438541553,10.7352873647614,11.3188660887168,.0496676634620437,7.1268706
510,1997,13.2559224573599,10.0982316293286,11.4435978946207,.0792264657035883,5.8145728
510,1998,13.4466720485512,11.7361970080931,12.1421920412512,.12801662987302,9.7400589
510,1999,13.5328176769561,12.2607028661813,12.7434083512393,.157575432114565,12.614101
511,1991,11.3553083727115,0,9.87179046579287,-.136771488872825,-11.38625
511,1992,11.681774809569,0,9.75842709780351,-.0879813247033926,-7.3373914
511,1993,11.6650021951307,7.59739632021279,9.75855426175848,-.0584225224618482,-12.584518
511,1994,11.8671442295881,8.05832730658096,9.816681608989059,-.0192018093085669,-1.1846248
511,1995,11.9015128749905,9.83483390921908,10.3972687416929,.0200189038447144,-1.7341141
511,1996,11.9693718197653,9.01724094201035,10.5003550835077,.0299692346978826,-1.7793081
511,1997,12.2697690817464,8.585412430393379,10.5177781966432,.0497718619940623,-1.1034898
511,1998,12.5005653291548,9.644911105223001,10.7364814544861,.0889925751473436,-1.5277911
511,1999,12.5194739552842,10.3569170871608,11.1182341109855,.0889925751473436,-.12605341
512,1990,12.1580885420888,10.7877301864414,11.4085089480498,-.211533240726636,-13.975517
512,1991,12.2013505865187,10.2835664742539,11.6043773018424,-.181974438485091,-16.457727
512,1992,12.2931348981131,8.67522205564115,11.5564053641304,-.123705530361115,-11.519714
512,1993,12.3054208329318,9.23542315234365,11.5503243272529,-.0941467281195708,-10.203106
512,1994,12.3054922155223,5.64544689764324,11.4510798480426,-.0549260149662895,-8.6158237
512,1995,12.4006233428266,0,11.3492929745171,.0672916177579594,-4.3395171
512,1996,12.2465378240972,0,11.2468496211057,.144252658894088,.12347841
512,1997,12.2248627437177,0,11.1446650969989,.164055286190268,.17121559
512,1998,12.2663946468603,5.69035945432406,11.0464707309397,.193614088431812,-4.4204221
513,1991,12.4077874433414,8.33134542484572,9.1107962416398,-.067346200913265,12.303996
513,1992,12.0719458835155,7.18083119904456,9.13785569694709,-.0377873986717205,13.574737
513,1993,11.6956968409345,0,9.022105365150161,-.165620770181605,12.640765
513,1994,12.0466259719248,7.88193748927207,9.19032132126214,-.0612607548573627,14.378609
513,1995,11.9204536978772,9.05916858417444,9.69771720927926,.0609568778668864,15.065614
513,1996,12.1395093996128,7.80669637252118,9.71766989148546,.0609568778668864,17.739695
513,1997,12.2131434965748,9.1689974084418,10.0396909970482,.0609568778668864,19.709526
513,1998,12.1767064077987,9.35210031701402,10.3127222136105,.0609568778668864,19.711994
513,1999,12.1837728649738,6.06145691892802,10.2102587625167,.0609568778668864,19.267134
514,1991,13.3286980324682,9.687691938884459,8.854593568610269,-.117455485180666,22.652777
514,1992,12.9514258279603,10.7842340048854,10.8533484478496,-.0878966829391211,14.978981
514,1993,13.3982727331853,8.35184673882824,10.8198642807125,-.0486759697858398,24.275604
514,1994,13.2869054182785,7.66011431917393,10.7467515736366,-.0094552566325585,19.456272
514,1995,13.3450736626902,8.41227702146668,10.7222161709055,.0201035456089859,27.337568
514,1996,13.2904138138042,9.109746256740481,10.7821179532276,.0496623478505303,25.878031
514,1997,13.8040399257725,8.57130251706327,10.7654994852034,.0694649751467102,32.191387
514,1998,14.2972663490929,10.2029623170569,11.0805458902812,.0892676024428899,40.044998
514,1999,13.5785267591565,9.48857798559996,11.1396390252263,.118826404684434,29.767902
515,1991,12.5718364814226,7.66058546170326,9.95733159100824,-.145050493240014,12.856506
515,1992,12.4585151309624,6.94697599213542,9.89239627104625,-.0962603290705819,13.052629
515,1993,12.4056278631335,7.59839932932396,9.876943351813949,-.0962603290705819,12.735432
515,1994,12.5659667287475,8.68761084370737,10.0331903755322,.0170683562364213,12.523059
515,1995,12.449539828516,8.90422273736872,10.1941850739484,.0940293973725496,16.069878
515,1996,12.9653374994534,8.78706764521805,10.2901503328817,.0940293973725496,18.547514
515,1997,12.9240690115845,7.45240245122364,10.2285810099861,.0940293973725496,19.239138
515,1998,13.0624828064797,10.3734911817819,10.8511761711977,.0940293973725496,22.165134
515,1999,13.0376044601509,8.63710728808157,10.8330656155371,.0940293973725496,22.301817
516,1991,15.25686399165,11.6260219804708,11.564661761218,-.0813799979930754,25.624065
516,1992,15.2855852239094,11.9521863413814,12.3905996851246,-.111839205477784,35.093945
516,1993,15.3326370403721,10.9674393809406,12.5041978729219,.0191890569286202,37.296894
516,1994,15.4195255316072,11.4899126906612,12.7091836882907,.0584097700819016,36.426495
516,1995,15.4761835156086,11.3865796229033,12.8312554433844,.0584097700819016,38.685074
516,1996,15.4849729586547,11.7575330078485,13.0042858984038,.027950562597193,37.531647
516,1997,15.4909936242716,12.7352086072116,13.4378906487955,.0671712757504744,39.067059
516,1998,15.5271445260715,13.1354256926902,13.8552091376904,.0671712757504744,45.866451
516,1999,15.6380474888466,12.55954245852,13.9726782249626,-.027139403720767,41.056961
517,1990,11.4950001580308,8.33351070898294,9.858751658694739,-.302992833102679,2.7198534
517,1991,11.3980897342709,8.677780256064191,10.0331201045497,-.22603179196655,4.5282106
517,1992,11.1617732830806,0,9.921273441700009,-.22603179196655,2.2293596
517,1993,11.2246907995418,7.18083119904456,9.87454780863842,-.216081461113382,4.3104091
517,1994,11.1872420620646,7.00488198971286,9.81907280139376,-.0421281539899442,1.3278775
517,1995,11.4536027990535,0,9.707247582452929,.181015397324266,5.0454116
517,1996,11.4857503227308,9.92132747066446,10.3785191453615,.21057419956581,8.8228321
517,1997,11.4666229483425,10.8262969913974,11.1757155563359,.21057419956581,11.13986
517,1998,11.7784489995929,8.335911094196939,11.1174428654153,.21057419956581,10.696909
518,1990,12.4573804538684,10.0368814357067,10.6240310045778,-.387504938771288,2.2049603
518,1991,12.470224985762,10.2582206122375,11.0708280109941,-.24774299639613,7.1808105
518,1992,12.5355680215981,10.0645003483838,11.284579655345,-.198952832226698,4.6615644
518,1993,12.5543197753784,10.67459064955,11.6211159724211,-.112775135985645,8.3419256
518,1994,12.6266280933079,9.89156678164044,11.6756759176644,.0182531264207589,10.846137
518,1995,12.6163888970309,10.5613960810034,11.8429304050685,.0670432905901909,11.821219
518,1996,12.6179290259833,10.2994745516102,11.9172272299905,.0966020928317354,13.579237
518,1997,12.5032323049421,8.43533216493592,11.8337494756644,.218819725555984,14.42589
518,1998,12.6074158939363,11.6800149336228,12.3135696273181,.332148410862988,13.662411
519,1991,14.8717091126755,10.4712132234349,13.7049812627061,-.0659708423041041,38.736904
519,1992,14.7734638634519,11.7191100220287,13.7234412109836,-.0364120400625596,35.387268
519,1993,14.76207530073,10.4705895345787,13.6458264906539,-.0166094127663797,41.796967
519,1994,15.2306275509895,10.6491797437598,13.5786019514793,-.0166094127663797,41.912048
519,1995,14.6607821898356,8.002359546252711,13.4650137755361,.0226113003869015,37.764832
519,1996,14.9284778913082,10.7135507263131,13.4074424650286,.0226113003869015,47.357265
519,1997,15.2753899872133,6.98564181763921,13.2916685879198,.0424139276830814,46.108219
519,1998,15.1395280353999,7.50328963067508,13.1772431526737,.0622165549792611,46.243069
519,1999,15.0286367505979,10.5693919967022,13.1269146048388,.0917753572208055,48.891262
520,1991,15.2559143750453,12.4122612709948,14.3367651900783,-.142527365352359,37.923321
520,1992,15.2573176827112,11.7963811186835,14.3462025128797,-.0937372011829271,42.019783
520,1993,15.3987358226679,12.7620045132995,14.4651340247283,-.0449470370134951,43.760944
520,1994,15.7238718521726,11.729833616522,14.4596481502831,.0038431271559368,46.513294
520,1995,15.8042048264138,9.378563004390641,14.3984708167057,.0236457544521166,45.986549
520,1996,15.8002014234667,12.1566880547242,14.4244826083087,.0532045566936612,46.688705
520,1997,15.8986564448219,12.0395811298681,14.4375858144473,.101994720863093,49.859875
520,1998,15.9969896415453,11.9511932990439,14.4428174104035,.131553523104638,51.117825
520,1999,16.0815062827691,12.9544653003161,14.5596690056458,.111350815787118,46.042873
521,1991,12.0100121997381,9.546812608597399,9.61575881232876,-.346889878566624,6.3552432
521,1992,12.0321792128886,7.90100705199242,9.674206454958821,-.279231230092809,6.7070255
521,1993,12.0133107285843,0,9.554957916751629,-.165902544785806,3.7784798
521,1994,12.1363767963758,10.2171297266574,10.5347513506228,-.0261406024106471,1.280296
521,1995,12.2609929530988,6.42971947803914,10.4331388559521,.0415180460631678,2.2441757
521,1996,12.2248312428604,6.61069604471776,10.336917960926,.118479087199296,4.3149385
521,1997,12.2336081274919,0,10.2185281929543,.176747995323272,5.0800853
521,1998,12.2936706416472,9.067047202149711,10.3626608701091,.2537090364594,10.031729
521,1999,12.2888520430167,9.101529466118,10.4804295145314,.330670077595529,14.944774
522,1990,10.9072156087823,10.0858091093301,10.0046894330451,-.1561653948681,-10.13651
522,1991,10.7548639633167,8.18785544369562,10.0840241839648,-.1561653948681,-20.144667
522,1992,11.5232911538555,9.60487933995079,10.5059794524188,-.0608552150637753,-.73368418
522,1993,11.6376396838853,0,10.4455996115396,-.0312964128222308,-1.1677556
522,1994,11.8596606334949,7.13249755166004,10.4199512524383,.0174937513472013,-3.3210926
522,1995,12.1735937638146,7.70481192293259,10.4194857753158,.0567144645004826,-.75705713
522,1996,11.820041619781,8.632662441222349,10.5011255334886,.0862732667420271,-2.8484294
522,1997,11.6268484106671,6.73101810048208,10.4612616455922,.0862732667420271,-.15683749
522,1998,11.8459893727915,8.206037762778809,10.490490577139,.115832068983572,-2.1689429
523,1991,13.8239905135945,0,12.6660439311848,-.420218182832084,14.34961
523,1992,13.8628811427537,9.370842268630209,12.6664661829099,-.280456240456925,16.955061
523,1993,13.8607584804723,10.2310271545613,12.7124642535615,-.0573126891427153,19.34317
523,1994,13.9975923391284,11.3787081228504,12.8890745362337,-.0277538869011708,20.71208
523,1995,13.9882160995335,0,12.8360979011063,.249877849697109,21.564503
523,1996,14.0244462977798,0,12.8009888348661,.177307156862273,21.915667
523,1997,13.8867524641165,12.5812297374728,13.2988772689777,.146847949377565,18.177029
523,1998,13.697225000102,0,13.2637679698908,.10602595485731,22.17259
523,1999,13.6367949195783,13.3804183702837,13.9082953698915,-.0803036233341838,21.568163
524,1991,15.9033495295837,11.983735019371,14.7001694775956,-.171409973817522,10.309235
524,1992,15.9427554126913,10.9121021915558,14.6189069549876,-.0944489326813941,13.585186
524,1993,15.9316225493998,11.1981462246341,14.5489975848297,-.0361800245574182,16.429108
524,1994,16.1815476378057,13.0051889065348,14.6418750505806,.0771486607495851,21.002951
524,1995,16.3729097214107,13.5448822400783,14.8187428777262,.135417568873561,22.361378
524,1996,16.3800851462201,12.7465201763427,14.8272061197087,.125367233020059,22.841185
524,1997,16.4125929517304,13.5567748024886,14.9567254309613,.115316897166558,23.94301
524,1998,16.5082846731326,12.8139750695255,14.9562900479561,.0640236027790075,27.669102
524,1999,16.5307450295307,13.630930051664,15.0721958526426,-.0302870766922339,28.822653
525,1991,14.600576284346,10.4504811576846,13.5346678436905,-.127765430535283,19.145067
525,1992,14.5349550301498,9.7696132439798,13.4346564981446,-.060106782061468,27.07041
525,1993,14.4047917785948,8.753529336516429,13.3199583659073,-.0403041547652883,32.117062
525,1994,14.6623975130798,8.51177855871474,13.2039466823636,.0273544937085266,32.71413
525,1995,14.6732224570367,11.149254678519,13.1994623719874,.0373048245616948,44.089329
525,1996,15.1183772313287,13.2006698093925,13.7543784949213,.0373048245616948,47.834961
525,1997,14.837390891635,11.1645304334671,13.6994336036232,.0373048245616948,46.970894
525,1998,14.8450242401528,9.633907315448329,13.591224604357,.0373048245616948,44.493526
525,1999,14.9006320490856,8.44117570499232,13.4722709542818,.0373048245616948,44.190132
526,1991,15.5740273172661,12.6561668917815,14.5862218847929,-.217966350696082,41.209114
526,1992,15.4504338886947,12.5306494107383,14.5975813402129,-.188407548454538,46.440727
526,1993,15.7400792156028,12.8508511980618,14.6494396388263,-.0661899157302886,49.984035
526,1994,15.6909608410229,11.6161406811177,14.5820600474705,.0471387695767147,54.479824
526,1995,15.5787260371746,11.9596284810946,14.5355763595234,.086359482729996,56.080231
526,1996,15.777572474131,11.2084769513408,14.4539226331579,.096309813583164,57.106865
526,1997,15.7268769063772,12.2234458535875,13.5021084085947,.106260144436332,58.001385
526,1998,15.5480822872127,13.2433395318486,13.9343231079333,.126062771732512,58.779083
526,1999,15.6390638756686,12.6286537686857,14.0453142015451,.165283484885793,61.903683
527,1990,14.3027318149087,10.7338499570742,13.3567886501056,-.160957059627897,29.38821
527,1991,14.949877742043,11.3072779612728,13.3702983461836,-.102688151503921,42.90818
527,1992,14.5923478405423,11.9594237452991,13.4828576185333,-.0350295030301063,48.08215
527,1993,14.8704393691588,12.0876212615788,13.5963099729316,-.0152268757339267,42.187687
527,1994,15.1456350834316,11.1665968130856,13.5656805702133,.0335632884355053,44.048275
527,1995,15.2923316662095,11.4232304903514,13.5580229432874,.0335632884355053,52.641521
527,1996,15.1973638356749,11.7571570915481,13.5885169797988,.0631220906770499,45.596233
527,1997,15.46615583679,12.6869976686482,13.7980190699271,.073072421530218,49.395241
527,1998,14.9707959549062,13.1318383477668,14.076938846081,.083022752383386,50.989384
528,1991,14.6472751478386,11.724943355001,13.1528322508423,-.5053677167988631,27.597872
528,1992,14.423738551506,10.0399832971247,13.0831671439514,-.456577552629431,17.709011
528,1993,14.3527017596653,8.437933510430611,12.9775290321175,-.308157547511158,18.992781
528,1994,14.5359898537944,9.155672970633869,12.8841150714893,-.077045826547771,24.016026
528,1995,14.7307301968328,10.5353974236249,12.8584491323373,.18531843791972,27.945055
528,1996,14.9544309326812,10.6257808288268,12.8410868787231,.195268768772888,28.152079
528,1997,15.1451160312742,11.3637639850274,12.921820740409,.205219099626057,34.306385
528,1998,15.2775797989051,9.03860260872187,12.8254508349374,.205219099626057,31.280519
528,1999,15.0843646323532,10.0366188651393,12.7659304041883,.205219099626057,27.371611
529,1991,12.6793931404439,0,9.834801776747611,-.206128969907184,-4.6734791
529,1992,12.8414260432006,8.328692583545569,9.942564024517919,-.138470321433369,-1.5303597
529,1993,12.8232592672524,10.5717783570972,10.9181292907572,-.0992496082800879,2.0858006
529,1994,12.8978567825314,7.67832635650689,10.8569160605248,-.0409807001561121,2.0017912
529,1995,12.7840555050475,0,10.7568746927136,.0172882079678638,4.3610392
529,1996,12.8848868618688,10.3478848706461,11.1452805705429,.112598387772189,6.3866377
529,1997,12.9731909130092,7.44366368311559,11.0680779506372,.198776084013241,6.744431
529,1998,12.8900669891242,9.226115291091549,11.1055946174522,.157954089492986,6.0567608
529,1999,12.9091953256298,10.0873079854538,11.2935859192437,.167904420346154,.32225329
530,1991,11.0952274841416,8.604837701268281,8.506152466299261,-.169398275321284,2.822459
530,1992,10.9482553188467,3.80666248977032,8.405971085711551,-.169398275321284,4.0317883
530,1993,11.2056532279438,0,8.29602269235364,-.159447944468116,3.6662822
530,1994,10.8771784583486,0,8.186269532925429,-.0110279393498426,3.345551
530,1995,10.7988259599389,7.27793857294566,8.40949661596086,.0377622248195895,2.2616129
530,1996,10.8948473991026,0,8.29968373871912,.0575648521157692,3.9077048
530,1997,11.0095374070872,6.67959918584438,8.36131101341083,.0871236543573137,2.7619336
530,1998,11.2240250169726,8.181160858023411,8.830703816400099,.116682456598858,5.0286241
530,1999,11.4302484647237,5.81413053182507,8.765567746947401,.146241258840403,1.0482998
531,1991,14.1428893140593,10.9710390782509,12.4336563248704,.0671132897410432,27.702507
531,1992,14.0325994845425,10.7814116064651,12.4940476750658,-.0054574030937924,31.304049
531,1993,13.9573068015186,10.2270192778816,12.4720446251295,-.0054574030937924,31.81843
531,1994,13.9698483028417,8.75226531359572,12.3709695204733,.249184815279788,35.275265
531,1995,14.6805312042723,10.9199493581766,12.4548414475633,-.181598100812666,33.642204
531,1996,14.5995844136865,12.1514897357599,12.8702679871091,-.104637059676538,32.314873
531,1997,14.775923096548,13.3224970195883,13.6644921840076,-.0093268798722126,30.613491
531,1998,15.0767889143419,10.7412760562553,13.5886422031747,-.245049213393283,30.066824
531,1999,15.0224306484988,11.5093089331957,13.5747746648722,.140213187397363,31.014252
532,1990,15.6380677224918,11.6913142987365,14.6110527614518,-.0686871830998022,16.563368
532,1991,15.9296829022274,12.9583020826019,14.7511056361505,-.0294664699465209,32.274147
532,1992,16.1717667608177,13.6903542816534,15.0070630384142,-.0599256774312295,35.06765
532,1993,16.0738464774092,12.8738353492168,15.0801812331886,-.0401230501350497,41.456879
532,1994,16.1894598986701,11.9535002835252,15.0857794286649,-.0009023369817684,42.4403
532,1995,16.3113765737822,12.2405127188437,15.1021840114288,.0573665711422074,47.63813
532,1996,16.3832371821633,11.3810270240683,15.0883516340149,.0573665711422074,52.063457
532,1997,16.4782842821554,11.7416454390972,15.083648326164,.037163863824688,48.352833
532,1998,16.6156310626385,14.8280310467021,15.5644788729268,.037163863824688,48.75404
533,1990,15.9662210868376,9.64827267022185,13.6884178212077,-.285036414806121,7.7035756
533,1991,16.1357081643962,13.5670491986658,14.2534931292283,-.226767506682145,11.974225
533,1992,16.07136271523,13.2707833825226,14.4825985788836,-.15910885820833,14.003901
533,1993,16.3700961202737,12.7363949674479,14.5477418077268,-.0914502097345154,19.907549
533,1994,16.6398357158675,12.8001091836677,14.5905958180759,-.0522294965812341,23.767416
533,1995,16.6120434618775,12.5662648964858,14.6111770969144,.0339481996598182,26.482727
533,1996,16.6905447301627,13.3222497653778,14.743230526571,.138308214984061,32.839508
533,1997,16.7532330755697,12.475225354741,14.7356622666654,.224485911225113,34.413876
533,1998,16.7515592088428,12.6868307376738,14.7488695940428,.263706624378395,36.036922
534,1991,12.2235971194966,6.40191719672719,9.919351059124301,-.159013537105977,-5.9270272
534,1992,12.1436582257061,5.83773044716594,9.836407136853509,-.100744628982001,-1.5102894
534,1993,11.7925899720983,0,9.736009287011891,-.0615239158287194,.15611817
534,1994,11.7262640640647,8.824971965567141,9.97680306792177,-.0223032026754382,-.83573526
534,1995,11.9893451060066,6.1527326947041,9.897414146687741,.016917510477843,-1.7737266
534,1996,11.8620000177112,7.08506429395255,9.85243633410898,.0367201377740227,-2.0412393
534,1997,12.0041714932552,6.57228254269401,9.78668403699325,.0662789400155673,-.60678399
534,1998,12.0533569229356,7.24136628332232,9.756778283274469,.0860815673117469,2.4291775
534,1999,13.7251227876344,11.181026753819,10.6141651730856,.105884194607927,10.782656
535,1990,12.2236381132495,0,9.764053056544549,-.096958275493673,-.11829215
535,1991,12.2405299809197,0,9.65121766795219,-.096958275493673,2.4600875
535,1992,12.3782245704014,0,9.537800694436379,-.096958275493673,8.2579403
535,1993,12.6214497746164,0,9.424418960383329,-.096958275493673,8.4450102
535,1994,12.674422982957,6.7286286130847,9.377878185777391,-.0292996270198582,10.430519
535,1995,12.7913875297709,7.81520706218909,9.451913058758761,.0194905371495737,11.120635
535,1996,12.5944824066531,7.66105638236183,9.48717633748717,.105668233390626,11.412961
535,1997,12.734083745787,0,9.373784873000449,.125470860686806,9.7722139
535,1998,12.4936992168943,0,9.260386889460319,.125470860686806,17.834337
536,1991,15.4166908613297,13.7792075043,14.7415632465147,-.0751285632723067,20.560015
536,1992,15.5078604454767,13.1260605344886,14.8082940361565,-.0851788991258082,25.637846
536,1993,15.4939944344464,12.2643415536542,14.7621305912857,-.0952292349793097,26.473492
536,1994,15.900627076079,13.4435160086677,14.8811038019845,.0269883977449396,31.880524
536,1995,16.1769326210313,13.1258074398069,14.9140568777898,.0467910250411191,33.51408
536,1996,16.1789125337208,12.6323202928209,14.8828581601974,.0467910250411191,34.186871
536,1997,16.278828121309,12.559893520486,14.8468916011422,.0567413558942874,36.930473
536,1998,16.2327413837506,12.9112867273083,14.8500884117553,.0567413558942874,40.78326
536,1999,16.26868998889,14.0478120470632,14.714069730799,.0567413558942874,34.715679
537,1991,10.8813909774529,9.539500223874271,9.045831228020701,-.159794933727119,-2.2900562
537,1992,10.7226204437314,0,8.931684110731711,-.139992306430939,1.1404018
537,1993,10.168735330505,0,8.81754960400907,-.0912021422615073,-4.9111457
537,1994,10.4845882799234,6.21460809842219,8.776522084570979,-.0329332341375314,-2.7797127
537,1995,10.7512169431774,0,8.66234925497819,.0253356739864444,-.39975864
537,1996,10.5899487955813,0,8.548168465715561,.0836045821104202,.46593702
537,1997,10.4069126978494,0,8.43398548039954,.113163384351965,.67154479
537,1998,10.1579327069967,0,8.31981484798805,.142722186593509,.8075195
537,1999,10.4489254883714,6.01615715969835,8.295124062703289,.200991094717485,-.84459513
538,1990,12.5096534459737,7.64060382639363,9.219498309760951,-.101432993831355,7.8101034
538,1991,12.4106851178169,7.51697722460432,9.28302375846085,-.0526428296619231,9.1003437
538,1992,12.3148140696047,8.63568708546403,9.60718845997723,-.0134221165086417,9.4015713
538,1993,12.3819652215755,8.006367567650249,9.681980161980601,-.0134221165086417,13.039475
538,1994,12.4547096713248,8.732304571033181,9.89990112900071,-.0034717856554737,12.569853
538,1995,12.433492758941,8.02027047281924,9.92337350969361,-.0034717856554737,15.872661
538,1996,12.232244126697,8.119696252957249,9.95387168376007,-.0034717856554737,16.189476
538,1997,12.169621363111,0,9.83700046751377,.0734892554806547,11.790712
538,1998,12.1308483999911,10.0598073067911,10.5005064687518,.103048057722199,18.087116
539,1991,12.5623553694526,6.98471632011827,8.60138727021225,-.185333373458364,4.7867694
539,1992,12.3550463362531,7.3132203870903,8.754539405728909,-.117674724984549,8.144063
539,1993,12.3321064334465,0,8.65551061271214,-.0784540118312674,9.5009069
539,1994,12.5787992697869,8.549660381553741,9.202015818829951,-.0201851037072916,10.745704
539,1995,12.61780375316,0,9.102064499681831,.0286050604621405,11.903961
539,1996,12.3261417640672,0,9.003020956008861,.0581638627036851,12.024089
539,1997,12.320900489329,9.15196945864985,9.638812119374601,.0779664899998647,15.968118
539,1998,12.293184618164,9.28256800597306,10.0410775727777,.0879168208530328,14.634476
539,1999,12.3373006843718,9.659375694785719,10.4307719839654,.107719448149213,12.724435
540,1991,11.5432961003425,0,8.50477642140115,-.333550906441398,-4.6182613
540,1992,11.6258329860797,8.10167774745457,8.937770203999611,-.229190891117155,.928828
540,1993,11.6195414913909,0,8.84583484892226,-.115862205810152,-2.026686
540,1994,11.7826190414045,6.90775527898214,8.888798126302969,-.0296845095690996,1.2435989
540,1995,12.2647013392225,8.24064886337491,9.204714576824619,.0191056546003325,-4.7105484
540,1996,12.1824857807372,8.64997430265006,9.54456723248329,.176109403409997,.45998022
540,1997,12.1942963467265,7.97039490719143,9.62857691040004,.28046941873424,.71666676
540,1998,12.1329840163026,7.43838353004431,9.634954298923111,.186158739262999,-.55197561
540,1999,11.8639049667748,8.26359043261732,9.75218198819336,.186158739262999,3.114969
541,1991,12.3347264404905,8.26075135470051,9.17908703482097,-.0149944492573748,-9.0455151
541,1992,12.2977683364302,0,9.065719142365049,-.0983760581964259,-1.2344112
541,1993,11.7636968684093,0,8.95237242950779,-.0495858940269938,4.8464141
541,1994,11.7357755886487,5.32300997913841,8.86570692307426,-.0200270917854495,1.9008458
541,1995,11.785962931179,6.73340189183736,8.86262516940892,.0287630723839825,1.76872
541,1996,12.0263979796033,8.586346050104551,9.29667401935898,.0287630723839825,-5.7651143
541,1997,12.1928659584741,6.97073007814353,9.271896324675231,.0287630723839825,3.0403576
541,1998,12.3866425448563,8.86049916761602,9.643926355801,.0287630723839825,7.0138364
541,1999,12.7108504345013,10.4116596588366,10.6351628988014,.0583218746255269,5.2504411
542,1991,11.9407539571383,7.24422751560335,8.660306034984909,-.170520608854455,8.1049013
542,1992,12.0917860766835,0,8.546810244388359,-.121730444685023,2.1258178
542,1993,11.7821164194985,5.99645208861902,8.51179866709893,-.0729402805155908,1.2830665
542,1994,11.7048416315835,4.56434819146784,8.41799144929621,.0403884047914125,2.886256
542,1995,11.9981506256088,0,8.3045938539777,.0403884047914125,1.9300847
542,1996,11.9085448355429,0,8.19121371276543,.0403884047914125,8.6199198
542,1997,12.1252255250431,7.12205988162914,8.35969692133788,.0601910320875924,4.183526
542,1998,12.2515986179958,9.698061122027079,9.77126387590677,.0701413629407605,6.7723947
542,1999,12.3587027108321,7.4489161025442,9.74572201363806,.0800916937939284,11.466494
543,1991,11.96175681523,8.941937914256361,9.73349962290099,-.282179115847378,-9.1616116
543,1992,11.9939121295344,9.370757093382091,10.163495196199,-.27222878499421,.73312968
543,1993,11.9687424727519,9.479833015227751,10.4650500158974,-.25242615769803,3.2582963
543,1994,11.9963308516133,10.3072846035436,10.973527169243,-.130208524973781,4.283205
543,1995,12.0406200888731,9.361859019615091,11.0289137794273,.026795223835884,3.0379121
543,1996,12.0990936739461,9.59852367284982,11.1122329499002,.103756264972012,2.8982892
543,1997,12.2625192223866,10.5454466963266,11.4212848440915,.199066444776337,3.958998
543,1998,12.4366441139949,9.75857738074032,11.4617795281461,.276027485912466,3.1261022
543,1999,12.4924318476072,10.0055927754733,11.5356082543403,.362205182153518,8.9161777
544,1991,11.7556519181477,6.5410299991899,9.984883190740121,.0234099260929961,1.2046951
544,1992,11.725820366735,2.30258509299405,9.85951476614698,-.059971682846055,4.5187297
544,1993,11.7180160856885,7.07326971745971,10.0239691659762,-.111264977233606,6.7272892
544,1994,11.938508752194,8.3091845276863,10.0692392510009,-.0529960691096299,7.1462784
544,1995,12.0564662292005,8.286521373681239,10.0982110529853,-.0042059049401978,7.5664148
544,1996,12.0071206898244,7.58528107863913,10.0481851207334,.0253528973013466,10.599706
544,1997,12.0233744208216,7.97693875695943,10.0365400805233,.0353032281545148,9.595253
544,1998,12.0972482513021,8.92890541228487,10.1847679277799,.0353032281545148,10.024489
544,1999,12.1918640605224,8.080237416216701,10.1682604523726,.0935721362784905,12.786083
545,1991,13.6549642828974,10.5191865733369,12.3929463256714,-.206489303148126,23.650978
545,1992,13.7204759422502,10.3696400255904,12.4265530538249,-.157699138978694,27.433895
545,1993,13.8476920300477,9.36631795343053,12.378700705153,-.118478425825413,28.31146
545,1994,13.7325872592287,10.1757259834941,12.3892733990507,-.0323007295843607,30.022699
545,1995,13.7831022183606,10.0058184836336,12.379826352903,.0353579188894543,32.616158
545,1996,13.9642367757726,9.90458694797943,12.3614327365819,.0745786320427357,33.415985
545,1997,14.0352362705431,10.4177771697433,12.3918121046356,.10413743428428,33.509018
545,1998,14.050784666255,10.3508620637215,12.4105881674379,.10413743428428,34.24588
545,1999,13.9275837546527,11.1513958992577,12.547707248465,.133696236525825,32.56189
546,1991,11.5653475264227,7.49554194388426,11.4504445588236,-.0759198614365298,.2430063
546,1992,11.4686799220638,8.866863661202091,11.4257868071535,-.0759198614365298,2.5800931
546,1993,11.6565704965664,8.865735152124779,11.4020218368337,-.0082612129627148,4.6534805
546,1994,11.5271643818119,8.831419819090129,11.376144225882,.0405289512067173,4.4189796
546,1995,12.0222646083822,7.98922140881528,11.3080735961282,.0405289512067173,5.7145882
546,1996,11.8135148080871,8.294049640102029,11.2510774672141,.0405289512067173,5.4826827
546,1997,11.8654450558478,9.828440678213219,11.351728014875,.0405289512067173,8.9501162
546,1998,12.3713473431627,11.5401806450367,12.0028260798054,.0405289512067173,9.4864025
546,1999,12.7813995437453,10.894625982899,12.1660086969538,-.0537817282645241,10.607872
547,1991,12.3826426178385,0,10.8515404826337,-.168767218302625,4.3573298
547,1992,12.4306108637889,5.27299955856375,10.7551650938184,-.10110856982881,4.940527
547,1993,12.4733028766707,0,10.6548423185851,-.0523184056593777,5.9966035
547,1994,12.669329596343,7.56682847920833,10.5997473837689,-.0130976925060964,6.1267943
547,1995,12.4833843957436,7.21007962817079,10.5319095278674,.0356924716633355,7.5506392
547,1996,12.5214811778101,10.1536235089139,10.9322905651212,.0749131848166168,9.3106174
547,1997,12.5742967496141,10.246225830736,11.2183825775257,.104471987058161,9.5138712
547,1998,12.6083338508873,10.5640598871639,11.5125874078354,.143692700211443,10.917179
547,1999,12.5108071655155,10.7000934414643,11.7559524246315,.143692700211443,5.8399363
548,1991,12.0218434085392,9.39266192877014,12.2385117617015,-2.22044604925e-16,-6.3576035
548,1992,12.0226746644388,8.51719319141624,12.2020636201161,-2.22044604925e-16,1.121569
548,1993,12.0405761718309,0,12.1416717149266,-2.22044604925e-16,-2.4620187
548,1994,12.1120997875563,8.006367567650249,12.0967102441097,-2.22044604925e-16,2.3990381
548,1995,12.2349188754484,0,12.036322930919,-2.22044604925e-16,7.5752225
548,1996,12.2092857547858,0,11.9759359490759,-2.22044604925e-16,4.4213209
548,1997,12.3128810064489,0,11.9155485383208,-2.22044604925e-16,4.0260315
548,1998,12.5034319598278,0,11.8551617716612,-2.22044604925e-16,7.1322527
548,1999,12.538541473468,0,11.7947740557044,-2.22044604925e-16,8.4494925
549,1990,15.045880531055,10.6019456054147,10.9084665879057,-.153570955836109,28.899506
549,1991,14.7250330824425,7.05358572719368,10.8294592720631,-.124012153594565,31.180258
549,1992,14.6770277710506,9.68458499547917,11.0146721442234,-.0944533513530205,35.52404
549,1993,13.7859049310931,5.40267738187228,10.9170646920077,-.0456631871835884,38.680977
549,1994,13.9759734395768,0,10.8157019875897,-.0064424740303072,37.894638
549,1995,14.1274786432828,7.85709386490249,10.7635359214558,.0231163282112374,40.105473
549,1996,14.7595108000215,8.119696252957249,10.7274699944228,.0526751304527818,39.31736
549,1997,14.4389552845526,6.81234509417748,10.6446126627304,.0822339326943261,39.972923
549,1998,14.621107940528,8.81343849452851,10.6823673761872,.102036559990506,41.147575
550,1990,16.8141208785774,13.8977244453819,15.5512794018102,.0021574727763191,48.389061
550,1991,16.8702624656799,13.6169974221843,15.6313665271835,-.148665416958265,50.578831
550,1992,16.8974589544067,13.2196280096579,15.6593513726527,-.138715086105097,55.102425
550,1993,17.0250199703252,12.4936209590366,15.642408686113,-.0253864007980932,62.851192
550,1994,17.0776276269303,12.6904413512338,15.6340455584316,.0515746403380352,59.880718
550,1995,16.9839168010613,12.8586686282345,15.6243821428812,.100364804507467,59.483795
550,1996,16.9491686258271,12.7726441860316,15.607828088114,.0699055970227586,65.504463
550,1997,17.7868813031048,13.1043073439248,15.8378699637773,.0598552611692571,56.935448
550,1998,17.8425997945296,13.752165990447,15.8787819394438,-.0020201425488304,66.258644
551,1991,15.6572237789202,10.9826111646204,12.9128468056212,-.0890155771512637,41.026722
551,1992,15.5273660974438,12.13357721868,13.1858781246642,-.129837571671519,43.601524
551,1993,15.3243936247783,11.2760759140998,13.2053736774168,-.100278769429974,51.042824
551,1994,15.5560644286103,11.3658861063208,13.2320310837841,-.0610580562766931,49.550415
551,1995,15.4376693957031,11.4223659827112,13.2571812921043,-.0027891481527174,58.798225
551,1996,15.4923348963915,12.6286668756615,13.5492644187609,.0460010160167146,60.316757
551,1997,15.5395020500268,13.6514810763922,14.1479057805613,.085221729169996,50.117943
551,1998,15.6979171457826,13.2136582338494,14.3405282758493,.134011893339428,55.627186
551,1999,15.8251388609363,12.7342154575048,14.3887947913507,.123961557485927,54.467762
552,1990,16.2262705905809,12.8527281433872,14.2297966465782,-.114470698746099,13.187605
552,1991,16.2904415997586,12.7531501567675,14.3435065830514,-.0656805345766672,22.129688
552,1992,16.3529444652164,13.0715268208015,14.4954431086394,-.0557302037234993,25.443375
552,1993,16.280041265565,12.522364040484,14.5245409793639,-.0359275764273195,29.171759
552,1994,16.4779717372514,13.4968825616624,14.7293219387862,.0032931367259619,27.758785
552,1995,16.6325709465019,12.0827518044954,14.690850328669,.0425138498792431,34.351307
552,1996,16.651025551296,13.140002882524,14.7695721447627,.0524641807324113,33.43116
552,1997,16.8569987209484,13.2346343606846,14.8488093764104,.072266808028591,32.241364
552,1998,17.0274138570197,14.0566323282554,15.096616499728,.082217138881759,32.935822
553,1991,12.7485630845354,10.7233775101239,12.8533298024448,-.191673444240812,6.1576242
553,1992,12.6500898430054,9.75556742245951,12.7871275361313,-.14288328007138,6.4830956
553,1993,12.5861993957041,9.6614159913364,12.719064820628,-.038523264747137,9.0467978
553,1994,12.5176177712819,8.987196820661969,12.6303356279733,.0006974484061443,7.0047045
553,1995,12.4839488786358,10.5748491410242,12.636154916228,.0006974484061443,7.9099941
553,1996,12.6820165106782,9.201501423308979,12.5539153498187,.0302562506476889,11.578765
553,1997,12.6604206284575,9.53452311546466,12.4864396530135,.0302562506476889,13.299559
553,1998,12.5976391251929,10.7942553271792,12.5336936827462,.0598150528892332,13.549288
553,1999,12.6858566956661,10.4668392105536,12.5329342043239,.199576995264392,12.314218
554,1991,12.2531006881357,10.6882106765833,10.2684327038394,-.119531358788087,-10.95572
554,1992,13.5979776277258,10.4042628404486,10.948764111588,-.0997287314919077,22.799194
554,1993,13.4944778153714,0,10.8272721352389,-.0509385673224757,20.552189
554,1994,13.6952722542579,10.338446735872,11.1955412866761,.0352391289185768,22.834358
554,1995,13.9106869375054,11.0085953661978,11.6734861283158,.0647979311601212,24.919817
554,1996,13.8163687628081,10.5685181403702,11.8302403660497,.0647979311601212,27.071133
554,1997,13.9288138149797,10.725467604939,11.9820261867176,.0943567334016657,28.584076
554,1998,13.9043181560652,7.78322401633604,11.8802157661078,.0535347388814104,31.483669
554,1999,13.7496852023719,11.2391068491776,12.1664936281936,.0535347388814104,29.700573
555,1991,14.4341601667123,12.5348906632145,13.6661582143535,-.0811281123369224,23.022644
555,1992,14.5735724647446,12.3347604519066,13.7900131441082,-.0811281123369224,25.726591
555,1993,14.1828853186894,10.8732053007931,13.7211007527011,-.0613254850407426,28.653122
555,1994,14.4925346078889,11.7739272632405,13.734491048375,-.0613254850407426,25.002443
555,1995,15.0266354443376,12.3385121923079,13.8301956029415,-.0317666827991982,29.992386
555,1996,14.6645727236255,11.9071610911268,13.838359520857,-.0022078805576538,32.519375
555,1997,14.7184435762359,12.8561740065362,14.0204546186717,.0747531605784747,33.78294
555,1998,15.162856383765,13.1116380663315,14.2207577089882,.0747531605784747,39.370316
555,1999,15.3024716210373,12.7060536787119,14.2850047449663,.14241180905229,39.615585
556,1990,14.8965771197566,11.4582475016795,13.172659074357,-.150714950099533,23.60091
556,1991,14.9424486994612,11.0771763917535,13.1869710211529,-.121156147857989,22.595133
556,1992,14.88208155725,11.1042050641414,13.199974207382,-.111205817004821,28.373741
556,1993,14.9432474787047,10.7786645806804,13.1781745507899,-.0342447758686924,31.229046
556,1994,14.8553006793232,11.8508252535826,13.3076324194261,.05193292037236,30.31674
556,1995,15.0812413335963,11.9556028604378,13.4234941098596,.0814917226139044,32.629799
556,1996,15.1694856636144,11.6383856226345,13.4622015144504,.0814917226139044,33.469669
556,1997,15.2220312617134,11.1551356140393,13.441820386889,.0814917226139044,33.729427
556,1998,14.9379044015926,11.2228672383655,13.428598473193,.0814917226139044,34.672817
557,1991,15.8801757223028,13.1911223548735,14.5890382045356,.0087014399379685,45.884018
557,1992,15.9056380408778,13.1025952695123,14.682513435842,-.0013488959155328,50.999893
557,1993,15.8053607262355,13.1503306225284,14.7656759304853,-.042170890435788,51.855495
557,1994,16.074750008141,13.1952122715376,14.8380883840897,-.0126120881942435,41.099384
557,1995,16.1729980943979,13.4763583333813,14.9421037055468,.0550465602795713,47.326679
557,1996,16.3635917037065,13.7732562882274,15.0835407583307,-.0068288434385162,47.026157
557,1997,16.5504758203016,13.773045547766,15.190867371593,-.0372880509232248,49.881168
557,1998,16.7670693041715,13.4121287782198,15.2173790600963,.0115021132462073,52.027103
557,1999,16.7891599425435,13.5286641362591,15.2541752382722,.0214524440993754,48.365555
558,1991,11.2658830984251,7.70526247486633,9.64336227965522,-.378971511670827,1.0831437
558,1992,11.1272162352442,5.57972982598622,9.559164579370201,-.330181347501395,.10937842
558,1993,10.9663102087655,7.43838353004431,9.57287710202842,-.244003651260342,1.8890868
558,1994,10.9495593983407,5.57972982598622,9.48840383354964,-.148693471456017,1.8890868
558,1995,10.9249862887447,7.64539769942863,9.52903407429933,-.0353647861490142,.72228587
558,1996,10.9649804213355,4.60517018598809,9.43328390328772,.0956634762573899,3.3097372
558,1997,10.9812642823508,3.91202300542815,9.333354147871329,.235425418632549,6.8803701
558,1998,11.0446392076314,0,9.22972134175988,.255228045928728,4.0260358
558,1999,11.0988236415842,5.55295958492162,9.1503780308035,.284786848170273,4.8811879
559,1991,11.7535602685278,6.13339804299665,8.44083037131022,-.167857566219466,4.0674224
559,1992,11.7651684120441,7.42177579364465,8.637000842820949,-.100198917745651,.43077022
559,1993,11.7828807348244,7.58731050602262,8.82154062213692,-.0419300096216755,-3.4647517
559,1994,11.9025407687878,9.082961442646351,9.546383945305839,.0163388985023003,1.0834186
559,1995,11.9571001666213,8.778171881033471,9.7963198493426,.0458977007438446,2.3231826
559,1996,12.0181337696712,8.426611813185,9.886732975212331,.075456502985389,7.2553792
559,1997,12.0561676898469,7.29573507274928,9.824925830994379,.0952591302815687,8.4122057
559,1998,12.0209845511119,7.755767170103,9.80769225508126,.115061757577748,3.0932496
559,1999,12.1055430611581,8.404024493310599,9.88653466088347,.134864384873928,8.1567049
560,1991,10.5627839559934,9.54459586772755,9.583192752690151,-.138129900752684,2.396486
560,1992,11.2418931200051,10.1640810192972,10.5304361681813,-.0893397365832524,2.2774494
560,1993,11.4287264894694,0,10.4186109277239,-.0501190234299711,8.4615459
560,1994,11.2656046217027,9.025575833531089,10.5330957122916,.0081498846940048,4.0140152
560,1995,11.5097362046819,8.21066803116298,10.5131933397613,.0473705978472862,11.863732
560,1996,11.6688753253011,9.6006918422743,10.7271804229427,.0769294000888307,12.442049
560,1997,11.8015220341424,9.62158872484008,10.8880274127222,.0868797309419987,14.394803
560,1998,11.7735084438902,9.29431380575236,10.951215235222,.0868797309419987,14.62401
560,1999,11.9161505082497,9.304559047215159,11.0050571307764,.116438533183543,15.394461
561,1991,17.1727432945152,14.9316844025114,17.0506685539215,-.186895674833597,62.627796
561,1992,17.209811828707,15.0415152676045,17.1027445137142,-.119237026359782,76.206589
561,1993,17.1497989387571,14.7493425386151,17.1182720525515,-.080016313206501,70.309731
561,1994,17.2305559732636,14.4415858778568,17.1082324887022,-.031226149037069,62.841202
561,1995,17.2605888019527,14.9676636135604,17.1381462361135,.0175640151323629,63.72401
561,1996,17.2431693804016,15.0176191256805,17.16770883263,.0567847282856443,64.28363
561,1997,17.4189463436442,13.9325350838026,17.1273292062951,.0863435305271887,66.636139
561,1998,17.3646209589356,14.7540221672799,17.1328456282119,.0962938613803567,66.767044
561,1999,17.5282886616219,14.8278308471923,17.1433013168543,.116096488676536,68.46508
562,1991,16.4293158677389,13.2564081382328,14.0479059784423,-.15079959460942,22.604509
562,1992,16.6336017667318,13.7301999157232,14.4971802231181,-.111578881456139,34.342529
562,1993,15.9114265819501,11.5165787834681,14.4232026226591,-.091776254159959,32.660744
562,1994,15.8191237628027,12.1526982397634,14.3987395189619,-.0241176056861442,34.268166
562,1995,16.0112764234564,12.1146369502077,14.3691646674999,.0151031074671372,33.846264
562,1996,16.1993670752127,12.508360039121,14.3838780520414,.0446619097086817,34.983566
562,1997,16.8797104599549,13.2675678734825,14.5311921213723,.0742207119502261,35.15834
562,1998,17.4246043005642,13.7528731618761,14.7685797153414,.0940233392464058,40.143574
562,1999,17.5411817453278,13.4111388518742,14.8607511834055,.113825966542586,32.377651
563,1991,15.7788388705502,12.6505020236565,14.4115734909919,-.153200874361626,33.203209
563,1992,15.8735425216439,12.7881877016673,14.5109090025267,-.0949319662376502,37.934673
563,1993,15.8845560382444,12.2578535710064,14.5254905190113,-.0653731639961058,44.236572
563,1994,15.9576926795769,12.246384109752,14.5360549829811,-.0165829998266737,45.883003
563,1995,16.0428462164371,12.2225363715608,14.5415051080785,.0226377133266076,47.435394
563,1996,16.1252172137047,12.2917961101833,14.5504979504851,.0424403406227874,48.489323
563,1997,16.1421758437804,12.0914471196889,14.5414731255366,.0622429679189673,50.067635
563,1998,16.1938700533998,11.9402629523842,14.5223386269389,.0820455952151471,52.830185
563,1999,16.2269320185185,11.6865762053166,14.4894632472758,.0919959260683152,54.489414
564,1991,14.594054425824,0,14.0843708314505,-.154557671056368,10.087713
564,1992,14.5491525441979,0,13.9919266283146,-.124998868814824,16.238419
564,1993,14.5052854934272,0,13.8994825206103,-.0857781556615422,13.868039
564,1994,14.6740037002203,0,13.8070379667159,-.0369879914921102,14.011546
564,1995,14.7192801600351,0,13.7145937101296,.0212809166318656,17.656359
564,1996,14.7402772491744,0,13.6221494489309,.0508397188734101,16.248697
564,1997,14.744686004223,0,13.5297051235253,.0803985211149545,16.739346
564,1998,14.7833488692662,11.289781913656,13.5310272307344,.100201148411134,17.569883
564,1999,14.9052825877449,12.8376688378288,13.8159647548013,.110151479264302,20.305241
565,1991,15.9872017586319,13.4682242595817,15.8636853238959,-.0530871787589178,48.323792
565,1992,15.7623138213373,11.0066395212463,15.7773911549487,-.0332845514627381,48.111656
565,1993,16.0085366892509,12.808131969719,15.7343083373914,-.127595230933979,70.101334
565,1994,16.0046224096743,10.6636389618765,15.6462872741349,-.0599365824601646,41.991058
565,1995,16.0229097513972,8.58110651715989,15.5528007297299,.0884834226581086,42.757687
565,1996,15.905555216454,10.498029129342,15.4644846722414,.0266080189400211,46.80954
565,1997,16.0096356917625,12.4754048848691,15.4159486734447,.0266080189400211,45.60667
565,1998,16.0354166616332,11.7458450745273,15.3449291374516,.0464106462362008,47.625492
565,1999,15.9614537598249,10.7343728898675,15.2597158857963,.0662132735323805,50.369785
566,1991,16.0524127953197,12.7433171958269,14.7205368435136,-.103417943848836,38.212849
566,1992,16.0903090544322,12.6521293216124,14.7226209996278,-.0738591416072915,42.332973
566,1993,16.159625235078,12.8386653580628,14.7601162897522,-.0443003393657472,41.476166
566,1994,17.0429270473054,13.3857701751682,14.4358995549958,-.0147415371242029,59.18383
566,1995,17.187316992963,13.6918548116502,14.6985021773495,.0244791760290784,60.832703
566,1996,17.2776383656604,13.9383563119631,14.9485496514496,.0344295068822465,63.431698
566,1997,17.2772760265115,12.7521312342477,14.9254506441841,.0443798377354146,66.93325
566,1998,17.3630135846231,14.0936217250719,15.1481082916355,.0543301685885827,66.944962
566,1999,17.505154444825,14.3665387204274,15.3837240824287,.0642804994417507,68.451523
567,1991,14.3112058878597,10.7062735836135,11.4540636010827,-.167853373637719,-5.7542701
567,1992,14.4963371563428,12.1734668057813,12.4996765244241,-.109584465513744,1.6818694
567,1993,14.1247309227337,7.28207365809346,12.4071640252196,-.0607943013443114,4.7875614
567,1994,14.3699862807218,10.3961695720658,12.4356124968328,-.0215735881910301,5.4346561
567,1995,14.4398231781754,10.3038396112575,12.4442529757009,.0176471249622512,12.477454
567,1996,14.3727372096446,10.4396299842859,12.4641044615586,.0472059272037955,8.852457
567,1997,14.4779446947285,11.4563127845437,12.6577000234716,.0670085544999753,11.860505
567,1998,14.6506624152451,11.5438425676049,12.8239368562045,.086811181796155,13.90877
567,1999,14.8276074264483,11.9254390077317,13.0430385286751,.106613809092335,18.770267
568,1991,15.561865637051,13.0182909207311,15.0795390316957,-.164451815107006,1.151415
568,1992,15.8223750727036,12.8910616383887,15.0967036198269,-.10618290698303,10.089839
568,1993,15.65133415394,13.6303971074595,15.2159986103731,-.0669621938297485,15.556134
568,1994,15.8259176256309,13.1186846190628,15.2397057230789,-.0181720296603164,16.128925
568,1995,15.8104063733251,12.7224975639466,15.2221089157717,.0210486834929648,15.250711
568,1996,15.8044922509581,12.5360272599494,15.1918085211699,.0506074857345093,18.664448
568,1997,15.9043641075511,13.0759319292758,15.2054784633505,.070410113030689,20.806082
568,1998,15.883661231185,13.0663431391262,15.2162470279691,.0803604438838572,20.767406
568,1999,15.7659944071772,13.159202410454,15.2346605381296,.100163071180037,22.691601
569,1991,17.48535572903,13.566248878495,15.1667825326112,-.0225408468877763,51.88134
569,1992,17.2129034784997,12.6187351236523,15.1306528163486,-.0633628414080314,57.479542
569,1993,17.4620276390756,12.6570017573434,15.0994884323324,-.0435602141118517,59.574993
569,1994,17.3718821526077,13.2286063036234,15.1306238516704,-.0237575868156719,62.36182
569,1995,17.3719352967714,12.446419370054,15.0801297062237,.0058012154258724,64.299911
569,1996,17.2581466719248,12.6438242239943,15.0453723126416,.0353600176674169,67.185432
569,1997,17.2596932564766,12.7753614981613,15.023417752417,.0353600176674169,69.432739
569,1998,17.4570338255213,12.5138036384749,14.9818011522339,.0353600176674169,71.569672
569,1999,17.2358316763979,11.8360663758969,14.9057656221112,.0353600176674169,71.476837
570,1991,15.8862981950243,13.0348798889876,14.0617713938862,-.128329590658628,30.049397
570,1992,15.654580791458,12.1764893429885,14.0997590674796,-.118379259805459,23.701433
570,1993,15.3674939372574,10.9130682431233,14.0316778315418,-.0601103516814837,28.716719
570,1994,15.3505820489141,11.5799390456194,14.0058266564142,-.0018414435575077,29.013176
570,1995,15.3352275198156,11.6818662302701,13.9873191298116,.0179611837386719,32.090767
570,1996,15.3690559354768,12.2661418189961,14.0352658957604,-.0333321106488787,35.12011
570,1997,15.3592626793137,11.5512034261802,14.0010128840771,-.0333321106488787,32.160446
570,1998,15.5143476628828,11.6358331250576,13.9754609014677,.132182327828694,35.566311
570,1999,15.7042026774233,11.681891566717,13.9553303247545,.180972491998127,37.829361
571,1991,14.4782387865479,12.7068388424922,13.6802876784392,-.0980250821889588,20.322737
571,1992,14.8881410521712,12.3539925256068,13.8120394406007,-.0210640410528305,27.33238
571,1993,15.1308635016405,11.2827195336555,13.7763755771359,-.051523248537539,31.419386
571,1994,15.3480446925117,11.6007714935413,13.7708950228925,-.0219644462959946,34.059986
571,1995,15.1574349533772,12.0713691376755,13.8208356544375,.0268257178734373,37.068199
571,1996,15.4229847757831,14.5086612385181,14.7752357664537,.0466283451696173,37.460159
571,1997,15.5964442180033,11.5254961221441,14.6956977293129,.0264256378520978,40.59277
571,1998,15.6591725454032,13.2504451980482,14.7810488731853,.0363759687052659,41.110382
571,1999,15.6134555561034,11.6855501587853,14.7069039472923,.0463262995584341,40.943855
572,1991,15.6522036655471,11.8377949347891,13.7706757311246,-.101175275654833,42.282959
572,1992,15.8720882518914,12.7565698423353,14.0380741811527,-.061954562501552,55.331276
572,1993,16.1228805390875,11.9874501090099,14.0758138539406,-.0036856543775762,56.253132
572,1994,16.1837453651122,12.1522181794037,14.1266911401053,.0062646764755919,63.076393
572,1995,16.559166789004,12.3731959585662,14.1949811163296,.0062646764755919,54.551746
572,1996,16.68100956011,12.5199230704008,14.27125291446,.0162150073287599,66.108376
572,1997,16.6963528254508,12.9718729905241,13.955299543452,.0261653381819278,65.524635
572,1998,17.0058685233907,13.2662645673491,14.2488874817079,.0459679654781075,65.234787
572,1999,17.2099677095159,12.21887040376,14.2769036602936,.0559182963312756,69.556168
573,1991,14.8814307150374,9.417598414060169,13.161697161088,.0353088062328455,31.813185
573,1992,15.0592872963963,11.5830017493534,13.2465249601408,-.081225010023106,39.778713
573,1993,14.9733874852672,12.4573565177887,13.5221664866062,-.0614223827269263,39.8876
573,1994,15.1142117679467,11.687114038534,13.5615427841019,-.0514720518737581,38.557716
573,1995,15.2074500235203,11.8416463084445,13.6117339998558,-.0219132496322138,40.28933
573,1996,15.2265090959034,13.4745810022393,14.1076645166117,.0076455526093308,42.306873
573,1997,15.3052493887794,12.6343521807779,14.1922436945788,.0372043548508752,45.259983
573,1998,15.3694677270161,12.0805944529532,14.1883251935397,.0570069821470549,46.069069
573,1999,15.2379291798626,12.9031944169289,14.3065408812072,.066957313000223,48.811478
574,1991,15.2972880530565,12.3516221554058,13.8860561566795,-.217216446092503,18.40202
574,1992,15.2828923297505,11.5097103018682,13.8746147774959,-.149557797618688,17.997412
574,1993,15.3163993650056,11.2746048220562,13.8444606312786,-.119998995377143,23.485294
574,1994,15.3100703352792,11.0810650455025,13.802372226834,-.0807782822238622,24.004177
574,1995,15.3897626604938,12.1064732803074,13.8627067858252,.0325504030831412,21.537025
574,1996,15.4093406514334,10.6828353648539,13.7973947531827,.100209051556956,30.251801
574,1997,15.4256706920618,11.3993423472981,13.7752212340498,.0697498440722473,20.498314
574,1998,15.5283297675094,12.0166237494901,13.8203183818345,.1559275403133,31.770765
574,1999,15.5526509013281,11.7318039337371,13.8249802782932,.13572483299578,33.659359
575,1991,14.7376577505646,11.3232046006943,12.1679724643464,-.125890797203512,22.186865
575,1992,15.2464269352719,11.4073871557303,12.4682276573366,-.058232148729697,29.423498
575,1993,15.3674610151359,11.6607418396644,12.7353470393646,-.0286733464881525,32.73177
575,1994,15.5868641472098,11.2245765035307,12.8238799801067,-.0187230156349844,39.301987
575,1995,15.6824735771759,11.5156816631639,12.9443999103268,.0395458924889915,40.324631
575,1996,15.6935692419324,11.5729004640628,13.0472595865107,.0593485197851712,43.533073
575,1997,15.7117256056679,11.7677459620249,13.1661609086212,.0492981839316697,45.17469
575,1998,15.7337727394167,11.9478717024006,13.2968807271065,.0392478480781682,47.790771
575,1999,15.7649131834623,12.197374929827,13.4531684430473,.0291975122246669,47.685337
576,1991,15.8461293794814,12.2203650211968,14.6231020066943,-.0849082678786145,39.354942
576,1992,15.945017502169,12.4065737811633,14.61521789932,-.0749579370254465,38.121414
576,1993,16.0466671156728,12.4416703212818,14.6157605205542,-.0749579370254465,36.640656
576,1994,16.2808470720807,12.8535632471103,14.6667592606286,-.0357372238721651,40.648907
576,1995,16.2885298145434,13.0575794928343,14.7355082904137,.013052940297267,44.145584
576,1996,16.3003874405038,13.1649783236256,14.8073883875464,.0426117425388114,49.086399
576,1997,16.5237946598404,13.065005414244,14.8496585271862,.0525620733919796,50.82386
576,1998,16.4986375321493,13.6774408828967,14.9911848703239,.0625124042451478,51.133121
576,1999,16.4852850567843,13.8223898413411,15.1339396437645,.0823150315413277,53.046692
577,1991,17.6213384991085,13.8290682358963,15.7735565263114,-.0292495803705065,41.000244
577,1992,17.7061830848233,13.7630102196027,15.790295516723,-.039299916224008,48.069607
577,1993,17.6836087883108,13.5125144892225,15.7764040652008,-.039299916224008,44.585968
577,1994,17.8112362434127,14.0361662170395,15.8266868562288,-.0194972889278283,51.864014
577,1995,18.119266453717,14.5793379855919,15.9127403587761,.0387716191961476,56.344139
577,1996,18.0836213925909,14.2579766096669,15.9664726505228,.0287212833426459,56.855984
577,1997,18.1896504800762,14.4310312760444,16.0375685726629,.0186709474891444,60.00457
577,1998,18.3394027427122,14.3308268834189,16.0805691993331,.0186709474891444,67.96936
577,1999,18.4920098821031,14.8766611721297,16.2136355770962,.0186709474891444,61.33139
578,1991,12.6494364483672,0,8.493576499815241,-.298952856145031,-2.9799201
578,1992,12.5940321437427,0,8.403240311340211,-.298952856145031,3.2771151
578,1993,12.5329059423046,0,8.31287139434261,-.298952856145031,5.8175826
578,1994,12.5493119689573,0,8.222526785190009,-.0678411351816438,1.6449542
578,1995,12.745642053108,9.75365254677647,9.826719892700631,.0976733032959295,3.3586097
578,1996,12.6675114658202,8.003363058629949,9.877523381858319,.136894016449211,5.2748032
578,1997,12.8715135685693,7.65302041380419,9.88266730764275,.15669664374539,5.8226461
578,1998,12.9280811982685,0,9.792304563575369,.17649927104157,6.5430284
578,1999,12.9561873505065,0,9.70194036195322,.206058073283115,7.1721115
579,1991,13.6610844556624,11.0374991595561,10.4607462790693,-.0612811214713174,16.189638
579,1992,13.6291844216335,10.6500807088017,11.1705703581508,-.0414784941751377,20.161938
579,1993,13.5004525470614,0,11.0596483641269,-.0414784941751377,23.38294
579,1994,13.8848496805224,8.46231452990625,11.0220495165119,-.0216758668789579,30.811129
579,1995,13.8652639560067,10.8087780025514,11.4953234545396,.0078829353625864,30.437044
579,1996,13.865049162155,10.1667744681532,11.610602840754,.0178332662157545,28.835295
579,1997,13.8997676183826,11.3200079689629,12.0347325709384,.0277835970689227,27.375677
579,1998,14.0499731408088,12.0547147289733,12.5965080378567,.0377339279220908,28.491383
579,1999,14.0146666871533,10.473279954066,12.5915346862554,.0672927301636353,32.719437
580,1991,11.5636678620749,10.0658189644536,10.2187799281958,-.268229195158608,-17.726286
580,1992,12.1240541089614,9.52799378292395,10.5222478759037,-.219439030989176,1.5586056
580,1993,12.3549280894252,9.97655212339313,10.8743933555834,-.170648866819744,1.5694003
580,1994,12.461751627706,10.4821213463073,11.2799209538091,-.102990218345929,-2.7136939
580,1995,12.5528480795529,9.58128304604592,11.3219755910777,-.0168125221048764,-6.0047331
580,1996,12.5704517979581,9.282754052485229,11.3158772005752,.0601485190312519,-8.2824545
580,1997,12.7648184564441,8.86347430617095,11.2700408344657,.127807167505067,-.63654828
580,1998,12.7540639366003,9.12739345115526,11.250938429343,.186076075629043,2.5147064
580,1999,12.978832938647,9.54108193388841,11.2839386248477,.263037116765171,5.6851091
581,1991,11.6808741635025,8.972336957754949,9.11632635179393,-.21102297548145,-10.136568
581,1992,11.5561836621724,8.96136606062745,9.64681307051297,-.171802262328168,-2.1378255
581,1993,11.2427652710149,7.39449310721904,9.63752130872286,-.142243460086624,-2.6113949
581,1994,11.4039695925891,6.10924758276437,9.55380950172154,-.0652824189504957,-2.6043167
581,1995,11.4024016753327,6.21660610108486,9.47477172930363,.0116786221856327,-1.9386661
581,1996,11.5026081067646,5.41164605185504,9.37776823293013,.0699475303096086,-3.5783484
581,1997,11.5912484042638,6.25382881157547,9.305241377170899,.099506332551153,-4.3765736
581,1998,11.788336092012,6.70686233660275,9.25964468966033,.138727045704434,-.6447491
581,1999,11.8282749966527,7.46164039220858,9.290453846376471,.187517209873866,-1.3309741
582,1991,12.1095850658158,0,11.1656547339068,-.15159156774578,6.8954539
582,1992,12.3448178691491,0,11.0541703334952,-.112370854592499,9.8659735
582,1993,12.6023792835998,9.014082149443359,11.0696697006897,-.0731501414392177,12.090105
582,1994,12.9750656587807,10.2096478462337,11.317688866909,-.0148812333152417,9.6261053
582,1995,12.9292951851259,8.93944986216424,11.2933156626042,.0243394798380396,13.048798
582,1996,13.0834173636975,10.1748115583751,11.4544029446894,.0441421071342194,16.053249
582,1997,13.2341840338633,10.0087480631936,11.5442448523941,.0639447344303989,20.456615
582,1998,12.792794735387,7.09754885061479,11.4437211425577,.0837473617265787,24.368418
582,1999,12.896926376453,8.63034328934889,11.3868008599597,.103549989022758,25.467258
583,1991,11.3059116125525,8.492080490601159,8.380502527832229,-.0715920285794362,2.0851171
583,1992,11.3896322487329,0,8.26919326410316,-.0517894012832565,-4.3743162
583,1993,11.3603911386334,0,8.15765701519647,-.0418390704300884,6.0542507
583,1994,11.4538068005617,10.5630779495672,10.5582836417121,-.0318887395769202,6.5879593
583,1995,11.6868070643962,9.50375597627572,10.7409601599619,-.0023299373353758,10.724823
583,1996,11.6663429263987,0,10.6294697161896,.0076203935177924,12.836463
583,1997,11.6896642572171,8.0702808933939,10.5886630434407,.0371791957593367,16.183455
583,1998,12.000685878685,8.336869637284961,10.5693842895434,.0667379980008811,14.676595
583,1999,12.2197548084057,9.637632201310449,10.7716693881252,.0766883288540494,7.2388492
584,1992,15.1638035568702,10.7826370077296,12.2912998902352,-.208380010650875,27.247709
584,1993,15.1627705438187,10.0357869365496,12.2785714307797,-.169159297497594,33.654659
584,1994,15.2708440962837,11.3838754445522,12.5124534273614,-.0469416647733447,35.275631
584,1995,15.4494815051111,10.9331069697173,12.5807712824581,.0392360314677077,41.982979
584,1996,15.4877093034713,12.5098740998618,13.1047607563188,.0687948337092522,43.999149
584,1997,15.5233108530841,12.4950039373824,13.4048106220223,.0787451645624203,45.340576
584,1998,15.5997916808952,12.2307652581205,13.5444944338649,.0886954954155884,48.710007
584,1999,15.6148460658833,12.8365968025484,13.8081238432374,.0986458262687564,49.865349
585,1991,15.0785704680927,10.950139657829,12.7635538711934,-.0762243172569086,24.185011
585,1992,14.8528676216324,10.8098289535566,12.787522888758,-.0564216899607289,27.788082
585,1993,14.8827827373247,10.0790362250427,12.7391537681946,-.0564216899607289,31.95673
585,1994,14.8273027569882,10.4505968883794,12.7224602726381,-.0076315257912969,33.248039
585,1995,14.8556879794979,11.6392144445205,12.8947028900769,.0315891873619844,30.77491
585,1996,14.4982726963582,9.96857279919206,12.8292886573971,.0415395182151524,32.341038
585,1997,14.6275377893797,11.8034883837964,13.0068396126723,.0514898490683208,29.983797
585,1998,14.7002916882597,11.0826808654978,13.0203485918776,.0614401799214888,32.818798
586,1992,12.4973691921785,7.18538701558042,11.8576889482973,-.0954355199819848,17.805283
586,1993,12.3334694265102,8.10651451625519,11.780253543151,-.0954355199819848,20.173462
586,1994,12.5055312010978,8.82482493917564,11.730225576597,-.0277768715081698,21.907747
586,1995,12.2455017970883,7.00669522683704,11.6374537005308,.039881776965645,22.25182
586,1996,12.270765612158,10.8675012126193,11.900411921327,.0791024901189263,20.525049
586,1997,12.550864463971,10.1177114416757,11.9454037431239,.108661292360471,21.236601
586,1998,12.688115173062,9.738200088297949,11.9416004609593,.12846391965665,24.707348
586,1999,12.508685667045,10.4708163755359,12.0329916628211,.14826654695283,24.708538
587,1992,11.8852444803028,7.24992553671799,9.61092023334102,-.368436769117412,4.7865014
587,1993,11.7797070045234,6.7719355558396,9.56545910564761,-.0107623248455963,7.2305017
587,1994,11.4368657210409,6.3456363608286,9.501135095100739,.414505410558748,7.252275
587,1995,11.3911899923517,0,9.3969941975938,.653522311029248,8.2820969
587,1996,11.7867660118822,8.146129510025411,9.5338286810391,.191486851432689,7.9512339
587,1997,11.576686676892,8.18813341451048,9.64856304432252,-.239296064659765,6.5999312
587,1998,12.0840569637854,7.15461535691366,9.61874116673644,-.239296064659765,10.329929
587,1999,12.1867922390886,6.21460809842219,9.54497520732334,-.153118368418713,10.594936
588,1992,12.3259569441647,9.838308826511129,10.8563319827006,-.0715887428204404,5.4093475
588,1993,12.5420293969056,0,10.7405835504387,-.0227985786510082,3.0313725
588,1994,13.0338647447147,9.77650609077534,10.9552475481491,-.0029959513548286,9.3808365
588,1995,12.7739105808114,9.82973336394747,11.1170789495279,.0362247617984529,12.074158
588,1996,12.6424710715322,9.141097469234021,11.1266407317759,.0657835640399973,12.010365
588,1997,13.1669501976171,10.5590886170221,11.4420093166,.0757338948931655,15.505672
588,1998,12.9617047618574,8.618846845142739,11.3808969424705,.0555311875756459,12.701104
588,1999,12.7490547039565,9.02521488784949,11.3504277117188,.0454808517221445,8.6968603
589,1991,13.9695862876253,7.89431806384162,12.3953528513354,-.100648722574695,13.220977
589,1992,13.968802424639,9.77826440778205,12.3695192695863,-.0808460952785151,19.970596
589,1993,14.0040563425105,9.45751290108975,12.3248880370127,-.0610434679823354,24.629478
589,1994,14.0250629853443,6.39692965521615,12.2285286123507,.0159175731537931,23.620825
589,1995,13.9243065959555,0,12.1294815159683,.0159175731537931,21.986258
589,1996,13.856452629622,10.0438145526274,12.1416615829361,.0647077373232252,21.511351
589,1997,13.7258278245485,9.54352148449918,12.109873921087,.0647077373232252,23.976831
589,1998,13.5123484844225,13.2479029200993,13.3719110904069,.0647077373232252,23.841076
590,1990,14.6136012300458,6.27664348934164,12.096659484543,-.544203637934571,8.1490469
590,1991,14.4774912309134,6.54821910276237,12.0064698241319,-.50498292478129,11.919955
590,1992,14.3330128668214,6.09582456243222,11.9149613667322,-.50498292478129,13.364834
590,1993,14.2527749905948,7.78572089653462,11.8369946724744,-.48518029748511,13.447755
590,1994,13.9737296889995,10.0930743203215,11.9045465181777,-.0533978810595724,15.865882
590,1995,13.7961305946229,10.3619561584666,11.9978386424512,.391287940201873,15.552069
590,1996,13.655733979423,9.31262616551693,11.9658363418897,.252025872868366,21.01689
590,1997,13.6495218735214,10.9508065468167,12.1621238927923,.231823165550846,24.830051
591,1992,11.6537317837544,9.056956065076831,9.23747877167717,-.0423722004674817,1.1748704
591,1993,11.6292478892275,8.09346227450118,9.401671222927719,-.0423722004674817,4.1469908
591,1994,11.9119721002523,8.40020983593042,9.598584716906689,-.0128133982259371,5.0736146
591,1995,11.8482261270143,0,9.472681559254321,-.0128133982259371,7.9756742
591,1996,12.2488703105341,9.22680409800685,9.912536487154741,.0167454040156073,6.9011369
591,1997,12.4336693101553,8.77230041793584,10.0544388340281,.0266957348687753,12.702767
591,1998,12.4576551333929,10.6145237659318,10.9112045680084,.0562545371103197,13.091625
591,1999,12.5738874880263,10.7332613306279,11.3696011348198,.0858133393518642,15.700874
592,1991,12.6092694821414,8.986321437626019,8.303727656653299,-.15217153071737,2.6598413
592,1992,14.0395538312514,8.1605182474775,8.841462705310271,-.0299538979931211,29.690025
592,1993,13.3245812706047,6.80903930604298,10.017838037057,-.0299538979931211,9.6069632
592,1994,13.2445705863295,0,9.907713610162039,.0092668151601602,12.334932
592,1995,14.137513029661,9.93372573559674,10.4938569903181,.0092668151601602,18.071039
592,1996,13.9190417599423,8.570354739530471,10.5146543159422,.0388256174017047,21.987812
592,1997,13.5988909441585,8.68118104152169,10.5452493292034,.0586282446978843,18.525249
592,1998,13.6220170410869,9.130647603066929,10.6408095007856,.0784308719940641,16.69479
593,1992,13.6370641241393,11.7204029416453,11.3421466338619,-.16542091382328,6.5387726
593,1993,13.7369578845101,12.3408788502364,12.5783959133089,-.135862111581736,2.3433664
593,1994,13.418560042767,9.83804195346106,12.5504280141714,.0464594452122186,8.4347277
593,1995,13.4728342756347,9.378478484253661,12.4995721389284,.0952496093816507,4.6936569
593,1996,13.4291044619569,10.8415202065287,12.5737621558027,.0851992735281492,7.5063415
593,1997,13.601776134163,11.2761899601366,12.7091171749473,.105001900824329,5.747818
593,1998,13.9127250906052,11.8286409049347,12.4352710292943,.134560703065873,9.7541971
593,1999,14.0526287349361,11.7296403969193,12.7178004621977,.173781416219155,4.8248777
594,1990,13.128491375611,10.4631033404715,11.4237225975095,-.209123333394759,-3.3632858
594,1991,13.1139291293403,6.880384082186,11.3359472072936,-.122945637153706,.045387015
594,1992,13.2249698033381,6.78332520060396,11.2478147324097,-.0276354573493811,10.498402
594,1993,13.1221324710894,8.450198322591961,11.2095746091038,.0019233448921633,11.618162
594,1994,13.226229052689,7.03174125876313,11.1258929284133,.021725972188343,10.999341
594,1995,13.3081099489923,9.07863588097876,11.1447792627257,.0512847744298874,9.2654772
594,1996,13.4297674757732,8.96865090337487,11.1478136015363,.0905054875831688,10.835582
594,1997,13.476105826802,7.19218205871325,11.0665086664317,.148774395707145,12.232582
595,1992,12.8729894431351,0,11.0420366440579,-.0647281753760692,13.297445
595,1993,12.6805326318262,0,10.9416631184003,-.0647281753760692,3.9155762
595,1994,12.8727354499471,0,10.8412853406947,-.0255074622227878,2.2536271
595,1995,13.031146968009,0,10.740912550498,.0137132509304934,4.5047474
595,1996,13.2279053133078,0,10.6405391719996,.0335158782266733,7.7126718
595,1997,13.2969336088899,11.3217286392369,11.5875476620305,.0533185055228529,7.0354986
595,1998,13.2983888859756,11.1240371986668,11.948049046728,.0731211328190327,10.160837
595,1999,13.2889898628186,11.5810512940178,12.3426442869113,.0929237601152125,15.118845
596,1992,12.2160195819772,7.3038432252777,8.99698624748167,-.0966341868942308,-2.3942637
596,1993,12.000813131929,8.51719319141624,9.38788386531704,-.0478440227247987,3.3983188
596,1994,12.0278817050826,8.89795568688403,9.767673556754049,.0009461414446333,1.812301
596,1995,12.0003622708811,9.56395062454207,10.2488841341782,.0497363056140651,1.7334489
596,1996,12.0146727832217,11.0219841645096,11.2641191743949,.0792951078556096,1.6993108
596,1997,12.0115363110958,9.845381631129101,11.3654516121087,.0792951078556096,5.2680354
596,1998,12.0236060757862,9.053569596026231,11.3504394761064,.0990977351517894,8.7438898
596,1999,12.0136946376163,9.268797941547749,11.3564084876681,.128656537393334,7.1407256
597,1992,12.6116975692057,9.09223228349585,10.8095238873337,-.149468612785286,2.2812827
597,1993,12.5737144212837,7.12849594568004,10.7737678532009,-.09119970466131,3.0201702
597,1994,12.6408180342093,7.20637729147225,10.7404341659998,.0398285577450941,4.2660327
597,1995,12.6933677664614,8.867990898182089,10.8140760575725,.0297782218915927,4.4060626
597,1996,12.9174253177129,8.967504187316241,10.8880087319926,-.0006809855931159,7.7648511
597,1997,12.8715181268488,9.748411444632371,11.0805566766623,.0946291942112091,4.4208755
597,1998,13.0775833766865,10.4502496561064,11.4095684964263,.104579525064377,9.026886
597,1999,13.1119391168579,8.901366564056779,11.4189982284589,.104579525064377,7.1482668
598,1992,11.1388232249904,0,9.450427565620281,.0491048194826401,-2.0596571
598,1993,10.8630349219773,0,9.34695824651113,-.0234658733521956,-3.4075487
598,1994,10.9223074706766,0,9.24346562240801,-.0234658733521956,-3.268584
598,1995,10.9192473865814,0,9.13999301215536,.0157548398010857,-.77773297
598,1996,10.9159434954213,0,9.03652255567345,.0157548398010857,1.6100446
598,1997,10.910391001179,0,8.93304417907682,.0157548398010857,4.4499297
598,1998,10.8718868452565,0,8.829577632508361,.0157548398010857,3.1050735
598,1999,10.8636875742179,0,8.72610799247971,.0355574670972654,6.1275783
599,1990,15.1056656490383,10.6970681304173,13.2252664760849,-.103159273078586,18.205891
599,1991,15.0494359136383,11.6504675539887,13.3570135924117,-.0736004708370412,22.831659
599,1992,15.207730858986,11.4807947582158,13.4388879762158,-.0440416685954968,22.249674
599,1993,15.093787015547,10.8102328715668,13.4470964069441,-.024239041299317,31.823202
599,1994,15.1703257176026,10.9201121877938,13.4610682626668,.0149816718539644,29.500462
599,1995,15.2597340776564,10.908759386883,13.47043733871,.0445404740955087,30.210352
599,1996,15.3012585927402,11.1259091269305,13.4934237727898,.0740992763370531,35.266052
599,1997,15.3381814721477,9.980633761712779,13.4590872966365,.093901903633233,34.812592
600,1991,14.5522539247689,9.37509180757667,13.2026132636149,-.109319771242355,17.597755
600,1992,14.6819885151271,10.5319361991571,13.2088019570435,-.0797609690008104,22.458426
600,1993,14.6202790906196,9.922456499083729,13.1843406839301,-.0599583417046309,24.468527
600,1994,14.6060715199816,11.1320310107963,13.2411549709618,-.0207376285513495,27.969278
600,1995,14.6656723422694,10.7134617563626,13.2522116456458,.008821173690195,26.16378
600,1996,14.7414420812527,10.4575163336028,13.2456277187751,.0383799759317393,29.328426
600,1997,14.803323546954,10.0023369165783,13.2193407121877,.0581826032279192,28.740221
600,1998,15.4119864070287,11.3585730981388,13.0189312234835,.116451511351895,44.856022
601,1992,14.168957426555,10.3537348034162,11.4174239668657,-.128657969325548,3.6448135
601,1993,14.0894265857717,10.6162657770452,11.6857924679932,-.0990991670840037,5.9831791
601,1994,14.0584352860727,10.4150828800042,11.8233543557429,-.0598784539307223,13.345677
601,1995,14.0513544031918,9.430519533826381,11.7942254652549,-.0016095458067465,10.806387
601,1996,14.0746114903394,10.6905803459386,11.9561396911461,.0471806183626855,10.263148
601,1997,14.1047345088993,10.0792040102779,11.9768104132078,.0669832456588653,12.990981
601,1998,14.2117576278987,10.3004499481525,12.0239996578404,.143944286794994,14.025949
601,1999,14.08146734753,11.2685838131398,12.2742358395966,.183164999948275,13.158787
602,1992,16.0808943895647,12.4389090688153,14.2864822185165,-.0406894557774987,45.950256
602,1993,16.0883221909217,13.8131367426929,14.6912388033097,-.0406894557774987,48.292191
602,1994,16.2304940996284,12.3966930051388,14.7019715749034,-.0111306535359543,51.209167
602,1995,16.315977359897,11.3658629380614,14.650512012186,.0376595106334778,52.102829
602,1996,16.3511497343456,11.6909879648438,14.612882068968,.0376595106334778,54.78743
602,1997,16.4606664001981,11.8147618902653,14.5826201215089,.047609841486646,55.306351
602,1998,16.4022201408245,12.2352770160362,14.5817144547306,.0674124687828257,56.214977
602,1999,16.422332752369,11.8802386219288,14.5560991363743,.0872150960790055,59.04324
603,1990,16.6369654032099,13.3280433237755,14.343888042657,-.226812816222876,41.413441
603,1991,16.7624144047258,12.6847107650429,14.4330437097594,-.131502636418551,44.759888
603,1992,16.6093827868458,12.9135122017567,14.5425927279742,-.063843987944736,43.573818
603,1993,16.7148475079486,13.0171428519474,14.6489822617515,-.0246232747914546,48.85376
603,1994,16.8213311044038,13.205586253746,14.7672463070914,.0049355274500897,58.469364
603,1995,17.0649154374511,12.7186716958453,14.7898061253625,.0344943296916341,57.208191
603,1996,17.0405851094407,12.3759082428133,14.7760521000458,.0640531319331785,59.848274
603,1997,17.0807168340614,12.9535967362439,14.82147305818,.0740034627863467,61.057621
604,1992,14.9995356095549,13.1279457668339,13.9944659555961,-.108286881957284,26.621374
604,1993,14.9117232352709,13.0278131087943,14.2091616209155,-.0594967177878522,29.129467
604,1994,15.305534746292,12.6892978581543,14.2912956920557,.0081619306859626,35.182114
604,1995,15.5612223578711,11.8294719238554,14.2500024821743,.0664308388099386,36.175396
604,1996,15.6341449025451,13.541783986274,14.5177093983668,.095989641051483,44.939758
604,1997,15.8827927341539,12.8177277352347,14.5557802271812,.0341142373333954,42.867249
604,1998,15.9355331811865,12.8625402814315,14.5943788167697,.0240639014798939,41.308685
604,1999,15.6023586324572,12.4227835516738,14.0070472744492,.0438665287760737,41.149231
605,1990,15.5154459897957,14.9910761716894,14.5561470569606,-.0791603095717206,40.046024
605,1991,15.7608046509269,13.0994324621136,14.6655079285358,-.0021992684355924,44.24165
605,1992,15.9889155739222,13.3087748922389,14.7906647758829,-.0224019757531119,48.793991
605,1993,16.0788289474301,13.0586202731722,14.8447069213851,.0263881884163202,52.149132
605,1994,16.495216762818,13.2777812539985,14.9230999317583,-.0040710190683884,55.264385
605,1995,16.7870584655725,13.9035745474296,15.1116724219169,.13569092330677,54.664352
605,1996,16.9995689732801,14.0286546812201,14.9637522775665,.0191571070508187,60.90802
605,1997,17.1847832835561,13.743575147166,15.0953585641162,.0389597343469983,63.118183
606,1990,14.0804192621462,10.7449254195082,11.1850739628092,-.166439505362781,19.459923
606,1991,14.023125715618,11.6855080852323,12.0995447821203,-.108170597238806,31.096313
606,1992,13.8702813930959,9.87939975700704,12.1054475666392,-.0593804330693736,31.074306
606,1993,13.9809014668431,10.8399141894966,12.2593730992251,-.0201597199160922,40.315166
606,1994,13.9641714736078,9.65213740933174,12.2299805600817,.0093990823254522,32.607548
606,1995,14.5843838238387,10.3287879671451,11.6820587711688,.0389578845669969,41.370956
606,1996,14.673676348706,10.4779919529653,11.8312570068058,.0587605118631765,40.768993
606,1997,14.6056846523606,12.2970689886516,12.6434426689171,.0785631391593562,40.814865
607,1991,12.517211192031,0,8.74800327959144,-.213368865779204,14.651949
607,1992,12.7113411347694,0,8.647659892667919,-.100040180472201,14.87713
607,1993,12.5146119602236,0,8.54714026778419,.0132885048348029,16.410126
607,1994,12.6062620817702,6.5875500148248,8.580036526537549,.0232388356879709,16.338457
607,1995,12.6639464430176,5.99645208861902,8.550415178907141,.0232388356879709,12.734049
607,1996,12.6827569594061,8.484876589939701,9.085649784017139,.0331891665411388,14.852923
607,1997,12.7000292266343,7.61085279039525,9.17938619665428,.0724098796944203,12.866045
607,1998,12.880568729395,6.3491389913798,9.132465313253221,.111630592847702,10.56341
608,1991,11.6513073207154,5.8664680569333,8.172672653935431,-.151437997576102,-5.7967615
608,1992,11.8324162524365,8.71127861513043,9.09658919743317,-.131635370279923,1.954698
608,1993,11.6649522947038,6.0591231955818,9.04446286759816,-.0828452061104905,5.6204896
608,1994,11.3932851826936,5.00394630594546,8.961750799330501,-.0340550419410586,6.2019138
608,1995,11.2331847882646,9.03598698483141,9.57714087893878,.0147351222283736,5.4185061
608,1996,11.4719385225031,4.97673374242057,9.48625093122849,.0442939244699179,3.8105266
608,1997,11.4336688994114,0,9.385880654481911,.0738527267114624,3.1071465
608,1998,10.9671336685573,8.31016902198191,9.56117328443128,.103411528953007,5.1083088
609,1992,11.7112528280285,7.86326672400957,9.496766656255961,-.0874624144558957,10.567935
609,1993,11.7269541270963,7.69938940625674,9.544202061224651,-.0579036122143512,12.974574
609,1994,11.4535951596593,6.78445706263764,9.495098172910719,.0097550362594638,11.704114
609,1995,11.8494271280312,9.230731061623921,9.945147595795421,.0197053671126317,19.534819
609,1996,11.7409010683501,6.57507584059962,9.865775301082209,.0197053671126317,19.733381
609,1997,11.730857066391,8.14728825870662,9.910810672915909,.0197053671126317,20.865534
609,1998,11.6162925122139,8.538954683197749,10.0131039988595,.0296556979658,20.341953
609,1999,11.5085854563601,8.227375506834029,10.0469253394051,.0396060288189681,20.566845
610,1992,11.2185544043677,10.0888461594876,9.86775156068277,-.0474438107926005,10.130827
610,1993,11.0261743766454,0,9.766389808032001,-.0474438107926005,11.101508
610,1994,11.2205658029673,0,9.665052682652959,-.0474438107926005,12.797689
610,1995,11.487228097783,0,9.563683772481861,-.0276411834964208,10.997783
610,1996,11.3995215768356,7.3132203870903,9.55763243403212,.0019176187451237,10.072442
610,1997,11.5753555148437,0,9.45626251017973,.0314764209866678,10.713164
610,1998,11.7268910270986,8.90490157793514,9.784568872279451,.0706971341399491,15.851644
610,1999,11.595196457403,8.460411177317249,9.90327252942031,.100255936381494,16.569122
611,1992,11.3485171570122,8.371242135931929,8.36646332061107,-.121946397516561,-9.9001598
611,1993,11.2335670313322,8.34735341212434,8.962916935387961,-.0636774893925848,-4.8086724
611,1994,11.141808757894,8.87234697898303,9.515122894718321,-.0054085812686088,-5.0697389
611,1995,10.8746719420696,7.58731050602262,9.544144767357229,.0143940460275709,.73867178
611,1996,11.038407505002,8.730367211692959,9.792444253742801,.0631842101970029,-12.210459
611,1997,11.4029196660652,9.69202550599576,10.3038295599455,.0631842101970029,-2.3603024
611,1998,11.7088823395721,9.96246375763643,10.7093270552527,.0731345410501711,-2.9174104
611,1999,11.8624620364351,9.12325626506907,10.7796726998738,.0731345410501711,-5.0250244
612,1990,14.6789368103132,11.4633675061219,14.1179649799939,-.216623451182908,22.012363
612,1991,14.9433395001188,11.8885016496862,14.1033890861174,-.196820823886728,29.856684
612,1992,15.0979494022552,10.4888824706018,14.0058584011048,-.138551915762752,34.418045
612,1993,14.6289235076783,8.612866941484519,13.8847495458288,-.128601584909584,34.390842
612,1994,14.7464784647211,10.1038127337697,13.7822205433996,-.0332914051052593,34.249966
612,1995,14.8516250742977,10.2396383089167,13.6847330841078,.197820315858127,34.181118
612,1996,15.029767355818,11.47210347045,13.6599788082322,.197820315858127,39.622566
612,1997,15.0233789187945,11.6123996903633,13.6509159463163,.197820315858127,41.887218
613,1992,16.5996957702628,12.9626428815771,15.0473122224425,-.171547149154768,56.867401
613,1993,16.6478673319302,12.8841061882801,15.0555763719668,-.141988346913223,57.263294
613,1994,16.589301218147,12.9214704350249,15.0649662061575,.135643389685056,45.724915
613,1995,16.4031931307079,13.1753125001511,15.098320836269,.03028287402723,61.154182
613,1996,16.4290281890012,12.6666570528594,15.074631244699,.079073038196662,64.857353
613,1997,16.4380846132432,13.0647194339492,15.0891974016731,.183433053520905,66.692566
613,1998,16.2833738794312,13.0877263829431,15.1040435676116,.0891223740496636,66.795525
613,1999,16.3209883106388,12.7520066924094,15.0846356200529,.0483003795294084,74.489296
614,1992,13.2427964181111,10.2605674144845,10.7689396235034,-.116314760782649,29.388248
614,1993,13.0570446909351,6.00141487796115,10.6639428528522,-.106364429929481,26.069862
614,1994,13.1230847067122,8.20357773693795,10.6340027695648,-.0387057814556666,24.589472
614,1995,13.0334193111985,8.15363748638528,10.5993236148113,.0005149316976147,26.157629
614,1996,13.1302955048376,7.1693500166706,10.5161375471629,.0203175589937944,27.546675
614,1997,13.3761473433246,0,10.4022972736235,.0498763612353389,30.933842
614,1998,13.5018506118414,9.414504956692589,10.5895094081535,.0696789885315185,38.681335
614,1999,13.4284532103267,9.835422821622,10.8408526517218,.0992377907730631,35.061848
615,1992,13.1309846688954,10.9536271266423,13.0170866360151,-.0648299547261932,16.738764
615,1993,13.1727410264961,10.9965679015354,13.0354418145631,-.0352711524846488,17.515694
615,1994,13.2688888243589,9.88037244503008,12.9671518016927,.0039495606686325,16.239422
615,1995,13.2081118260398,11.6932617190209,13.0987665492229,.0335083629101769,19.340895
615,1996,13.4277877971981,10.0893860378204,13.0340216613605,.0630671651517215,22.736086
615,1997,13.50991802577,9.95532070117615,12.9657098012771,.0730174960048896,22.896646
615,1998,13.5866616258652,10.2171297266574,12.9132479699647,.0829678268580577,25.344013
615,1999,13.6476233357357,10.6949177623286,12.8991120702847,.0929181577112258,24.221313
616,1992,11.9905313735227,0,10.2259803882055,-.408005764689415,5.0552888
616,1993,11.868079252537,0,10.1255825543144,-.31269558488509,6.9468389
616,1994,12.1834793278774,8.75888368001702,10.2545492717649,-.172933642509932,6.9615865
616,1995,11.9177036705482,0,10.15417622952,-.0419053801035275,6.8188171
616,1996,11.9132708228282,0,10.053802313195,.0891228823028766,7.2418218
616,1997,12.0714949914793,9.251770181739319,10.3039568690992,.20245156760988,3.0391538
616,1998,12.3694661924386,0,10.2035847375516,.306811582934123,10.465954
616,1999,12.2898207872879,8.356319965828151,10.2392702657764,.420140268241126,15.146441
617,1990,16.9785357723562,15.396139652848,16.7913396711688,-.222528331759263,56.1241
617,1991,16.7798950226529,14.0114489829673,16.7491405031186,-.173738167589831,56.046547
617,1992,16.7203459351075,13.9014441877263,16.7014497844695,-.124948003420399,57.095089
617,1993,16.6475652253424,12.6244704315501,16.6121807365643,-.0666790952964234,62.580307
617,1994,16.8047161004717,13.3095397969245,16.5422318902532,.019498600944629,60.01759
617,1995,16.9373540200331,14.1439254209578,16.4716648410325,.0777675090686051,65.648384
617,1996,16.8895535393661,14.9380496376009,16.5521982697353,.136036417192581,67.675056
617,1997,16.9306256934925,15.6099183506194,16.7582637485663,.25825404991683,61.971527
618,1992,11.9994853406956,0,9.24914753809221,-.056912857033954,10.643564
618,1993,11.9437831590611,0,9.12584945232728,-.0469625261807859,12.153055
618,1994,12.0381596431584,0,9.00254099439657,-.0077418130275047,13.147228
618,1995,11.7237253123323,0,8.879249629107379,.0314789001257768,12.146963
618,1996,11.6055932548929,0,8.75594233950884,.0414292309789448,12.057169
618,1997,11.8213053663284,0,8.63264462210422,.0513795618321128,14.393878
618,1998,11.4513480179562,6.07993319509559,8.58088135109897,.061329892685281,12.413046
618,1999,11.7735307262011,5.85793315448346,8.517852973712021,.0811325199814608,11.929532
619,1990,14.767666675633,10.1903567947309,13.1151071142896,-.0376194317863074,30.822557
619,1991,14.7134202070974,10.0858091093301,13.0474777491083,-.0276691009331394,33.094574
619,1992,14.7387512551256,10.6948951022636,13.0235021400517,-.0276691009331394,38.538422
619,1993,14.6094324981358,10.5839546799387,12.9870864622413,.0018897013084049,36.420094
619,1994,14.6785465205664,10.6492983381789,12.9638568580003,.0018897013084049,39.972542
619,1995,14.9130777109079,12.7966387774659,13.4534915025224,.0216923286045845,43.003414
619,1996,15.2630790068893,12.072866914158,13.5518642320071,.0216923286045845,43.562271
619,1997,15.0784435266057,11.4253830379076,13.540385712487,.0216923286045845,39.755127
620,1992,12.9158744152118,9.444858981311899,11.8214647555006,.013392906772045,21.825775
620,1993,12.9297840745019,10.5864328706115,11.987781054397,.013392906772045,21.431513
620,1994,13.3152825757025,10.0183329442052,12.0246970411821,.549886277286614,21.77352
620,1995,14.1193913752979,11.2939606704774,12.31205431823,.207395968339837,24.15674
620,1996,13.631381190212,10.3207494705238,12.3387924589133,-.238891134288582,25.140196
620,1997,13.5714266679515,10.2075472760964,12.349244853291,-.290184428676133,24.283087
620,1998,13.6108623525908,10.9952262722611,12.4691159101941,-.300234764529634,27.302698
620,1999,13.6223536606123,9.636588019266879,12.4274790889457,-.310285100383136,27.844286
621,1992,13.3881850135798,5.7037824746562,9.72345736854127,-.0309935513558263,14.257925
621,1993,13.1694650238592,8.63319686717254,9.92037908395629,.0177966128136057,11.764437
621,1994,12.9546569657364,7.86748856869913,9.942044583962939,.0177966128136057,13.114038
621,1995,13.0974506546391,6.37161184723186,9.86862692040012,.04735541505515,15.151092
621,1996,13.210757985384,6.39359075395063,9.79719326771821,.04735541505515,16.375683
621,1997,13.2854948982773,6.65544035036765,9.73647619423291,.04735541505515,16.452009
621,1998,13.1985689833593,7.81601383915903,9.763949585076711,.04735541505515,16.602993
621,1999,13.1743824454973,8.62011072542292,9.921710501424551,.0769142172966946,17.203352
622,1992,12.0088007268816,7.15305163493748,8.17188200612782,-.0701709478664858,2.808872
622,1993,11.7364454354245,8.174984532943091,8.783871215154059,-.050368320570306,3.4274387
622,1994,12.0798005103025,9.21034037197618,9.62133682064189,-.050368320570306,6.32794
622,1995,12.0973035664714,8.36637030168165,9.769721846748141,-.0208095183287616,7.0478201
622,1996,12.1078615641668,7.83201418050547,9.80233483831848,-.0010068910325818,6.9322691
622,1997,12.0616159744262,8.760923376338839,9.991699874768919,.0089434398205861,7.3769736
622,1998,12.2403229086801,8.648221453822639,10.1132580822682,.113303455144829,9.2048244
622,1999,12.4237578074879,9.52515111181622,10.4309637823711,.142862257386373,11.678015
623,1992,11.1340234486908,7.57967882309046,8.16439643187516,-.0646008187790507,4.0837469
623,1993,11.0149079962582,6.39692965521615,8.223251568793311,-.0158106546096185,1.4788074
623,1994,11.0597304414607,0,8.11996407423279,.0329795095598136,3.1112258
623,1995,11.4193788293835,7.54855597916987,8.45474315454303,.0329795095598136,6.8959379
623,1996,11.3399322708184,5.28320372873799,8.390382024549851,.0329795095598136,8.25667
623,1997,11.3326328834949,6.92755790627832,8.48369845353233,.0329795095598136,10.818733
623,1998,11.4126711043304,6.18826412308259,8.470101583882389,.062538311801358,9.9434414
623,1999,11.4332517123226,8.324093761450399,8.95513839696808,.0823409390975377,12.208132
624,1990,11.5161312800405,0,9.12150915826957,-.124704413280548,10.589563
624,1991,11.4944473834481,0,9.01004627225962,-.066435505156572,12.284549
624,1992,11.3213960008598,5.85793315448346,8.942578566959529,-.0564851743034038,13.083261
624,1993,11.6508983958565,8.69951474821019,9.4281738497715,-.0465348434502359,12.884233
624,1994,11.6317053261543,0,9.31671637185533,.0756827892740133,9.7055092
624,1995,11.8974913342017,9.615805480084351,10.0485398242353,.0756827892740133,12.289088
624,1996,12.3864646682464,0,9.93704804605809,.0554800819564939,15.313676
624,1997,12.5680707394547,9.568014816248001,10.3290820319395,.065430412809662,6.5230327
625,1992,12.5017228876311,9.89988105694202,9.68990440457809,-.16130001490515,23.296604
625,1993,12.5833474479115,9.38362118411799,10.1627084201659,-.122079301751869,25.673269
625,1994,12.8278258599956,8.300528606199739,10.221595769426,-.026769121947544,25.22484
625,1995,13.0972609308435,11.0826501123533,11.3189122260506,.0501919191885845,26.32519
625,1996,13.2880489876719,9.580454602781421,11.3859973653962,.0894126323418658,27.653105
625,1997,13.7163684456755,10.8712315659992,11.7399502744479,.128633345495147,28.589001
625,1998,13.7649264857035,11.1523715790825,12.0666318265894,.158192147736691,29.630268
625,1999,13.9617151798979,10.3626198018932,12.13497828174,.187750949978236,33.650963
626,1992,12.424000972052,9.90323752128092,9.823171890947391,-.147981910030701,4.2332654
626,1993,12.2947071920251,8.081784206935,9.87775427364037,-.138031579177533,5.1583161
626,1994,12.453110998094,8.38935981990635,9.97237441840468,-.0427213993732084,9.1960974
626,1995,12.4254956012972,9.145375093123819,10.2168008213609,.0883068630331958,8.5664568
626,1996,12.5248469554509,5.59842195899838,10.1128445039176,.0883068630331958,8.6086473
626,1997,12.7081517789781,8.306472160100579,10.1442352377987,.0883068630331958,10.046988
626,1998,12.7117624418979,9.392911897525339,10.3988085991411,.11786566527474,10.43375
626,1999,12.6781329330095,9.0079793598445,10.4949258753459,.166655829444172,11.965953
627,1991,11.0815214592292,7.88645727097769,10.350833294608,-.250983609309122,-.51082796
627,1992,11.3157251211752,9.086363192156471,10.505514015228,-.231180982012942,2.5799079
627,1993,11.5301037564133,8.43054538469057,10.5235316404971,-.0827609768946689,3.1718211
627,1994,12.1185366975227,9.664595644253779,10.7770795298772,-.0057999357585405,7.3948092
627,1995,12.1958498006253,10.0858091093301,11.0705883633062,.0524689723654354,7.4871483
627,1996,12.8518920282321,0,10.9665590156185,.0916896855187166,3.3550599
627,1997,13.1276818827491,9.542230699092279,11.0664055227368,.121248487760261,4.0691476
627,1998,11.9005966561413,6.42648845745769,10.9224702426338,.101045780442742,3.8553782
628,1991,12.6167942272416,8.298290634359279,10.3894137423257,-.204465992423235,17.508427
628,1992,12.4273097679825,0,10.2605569186802,-.13680734394942,19.534641
628,1993,12.171026541719,8.84217104861172,10.3601051117806,-.0785384358254439,23.054628
628,1994,11.8575037004809,8.85495031650033,10.4390009108318,-.0202695277014681,17.224144
628,1995,12.2235063381492,6.4085287910595,10.3277384312476,.0379993804225077,20.090218
628,1996,12.2941170421331,6.38687931936265,10.2176630541587,.105658028896322,19.655596
628,1997,12.0789065091361,6.68586094706836,10.1165928891355,.135216831137867,19.759335
628,1998,11.7698796625975,0,9.987736784981029,.155019458434047,16.724787
629,1992,15.7321271748455,13.610727417982,15.6777518363279,-.15516467223832,42.177372
629,1993,15.8675002273293,13.7086644949828,15.7034617577106,-.135362044942141,52.76894
629,1994,15.9615168458422,13.5990943273995,15.7109347858667,-.0043337825357363,51.460323
629,1995,16.1070496486757,14.0399029291782,15.7702861072569,.0633248659380784,52.816967
629,1996,16.0286448700917,13.9832352638646,15.8091553074749,.053274530084577,54.336292
629,1997,16.0888286291941,13.469170595078,15.7864722934986,.0828333323261215,56.00021
629,1998,16.1131847209513,13.4958533529615,15.7674859050347,.0927836631792894,55.555012
629,1999,16.1232448738529,12.8507121220251,15.7069304129333,.0927836631792894,56.100853
630,1992,15.2392967841745,11.6773291172617,13.4504447950727,-.0146987690968425,27.885067
630,1993,14.9295840330702,12.5189764588519,13.6736244762015,-.0247491049503439,27.031054
630,1994,14.9200160674059,12.1116026127035,13.7457466750387,.0048096972912006,26.024834
630,1995,14.9998014943171,11.9455062639023,13.7734887814934,.0048096972912006,26.792328
630,1996,15.2695982582418,11.9263322873512,13.7915797875984,-.0052406385623009,28.765713
630,1997,15.5513365520076,12.296320030992,13.8618949734968,.004709692290867,31.017199
630,1998,15.6987705240241,11.8615168245998,13.8587714639207,.0146600231440354,33.187389
630,1999,15.6547119165776,12.2129489494696,13.9020720337635,.0146600231440354,36.587959
631,1991,12.9123458787357,10.0438580053834,11.7450644359094,-.256831546110096,20.468782
631,1992,13.1482851016018,9.40869930646776,11.7317685826607,-.246881215256928,25.329737
631,1993,13.1609923895166,10.5629745316034,11.9016803992153,-.227078587960749,23.462988
631,1994,13.3116438439814,10.3877946477413,11.9942065143935,-.131768408156424,24.104477
631,1995,13.3589163145175,10.5704704130754,12.0960244933853,.130595856311067,23.880207
631,1996,13.5510692533654,10.4193604175236,12.1506053891123,.179386020480499,23.398762
631,1997,13.8012197057739,10.5817494955966,12.220202349436,.274696200284824,25.855816
631,1998,14.0733636482385,11.9016037935382,12.6308703358401,.313916913438106,26.279547
632,1990,17.1969224572993,14.0497918536889,16.7195605080779,-.113661097311966,32.119534
632,1991,17.384271374037,15.453490833911,16.9099270809242,-.0648709331425336,44.657051
632,1992,17.3945058953866,14.6590159503127,16.9460857736855,-.0066020250185579,43.287907
632,1993,17.5738502343989,13.898453670778,16.9277450561752,.00334830583461,54.063011
632,1994,17.4480640182678,14.2041048169117,16.8483157349711,-.0271109016500985,51.935398
632,1995,17.498207442414,14.0922183830392,16.893680142148,.002447900591446,54.997402
632,1996,17.4991810164603,14.0986438001572,16.878967627337,.0794089417275743,57.064907
632,1997,17.4782555180595,14.4160061216077,16.884010718659,.108967743969119,64.424644
633,1992,12.6242450330849,10.1671586550264,9.4318746290708,-.0919929645308481,.96738201
633,1993,12.5559419602761,7.30451594646016,9.45435264876857,.0123670507933948,2.2461624
633,1994,12.5861023402521,9.53647363080222,10.0985607932552,.0611572149628269,2.7404714
633,1995,12.5798373343219,8.797095076549059,10.2389199630112,.0711075458159949,4.6482368
633,1996,12.3662579745373,8.99118884193151,10.3856235362297,.0909101731121747,7.3185172
633,1997,12.5310931683202,6.18414889093748,10.3069907373308,.100860503965343,7.6518831
633,1998,12.4833795559638,9.802948727157521,10.6577980333286,.100860503965343,4.4046912
633,1999,12.7909392581761,9.405002140854741,10.7980703631938,.120663131261522,9.1940069
634,1992,12.4954097841726,10.6387119395082,12.0004705886455,-.0898693344987534,13.052725
634,1993,12.4206793624126,8.895218583765621,11.9320298011471,-.0506486213454721,12.537149
634,1994,12.9999991648574,8.386628821395121,11.8470077049663,-.0210898191039276,15.382362
634,1995,12.5899458647281,9.260653185849771,11.8043330889287,.0084689831376168,11.760571
634,1996,12.4469097617605,10.3559316618383,11.893832818061,.0380277853791614,11.676162
634,1997,12.4611461425427,9.39847831409158,11.8550232769001,.0479781162323293,8.8250275
634,1998,12.5214213626719,9.293853972203999,11.8111742624237,.0677807435285092,14.197749
634,1999,12.5175639399962,10.0735256421632,11.8496291033874,.0973395457700535,14.62565
635,1991,14.8256591852743,11.049523993439,13.9478009183267,-.136867228707523,20.593487
635,1992,14.9110810571045,11.0816039423168,13.8920002843453,-.107308426465979,25.968582
635,1993,15.0451520693175,11.5727591858717,13.8755920676161,-.0585182622965467,27.809483
635,1994,15.2394778415856,13.8301587474701,14.444310292464,.009140386177268,31.265543
635,1995,15.4428417498017,13.6799038705473,14.7074424475406,.0579305503467002,33.408241
635,1996,15.3465112323396,13.2788969302191,14.8011768934074,.0678808811998684,31.7834
635,1997,15.3682389656358,12.7423993354876,14.8017326061816,.0778312120530365,32.848042
635,1998,15.5880229620559,13.8560774799563,15.0001476565692,.0877815429062044,35.537582
636,1992,12.5463287929797,0,8.89322948883359,-.158091005514002,-.06260699
636,1993,12.4756199280321,0,8.779434371386071,-.158091005514002,4.5568075
636,1994,12.622523980942,8.811652248147039,9.387498621813259,-.148140674660833,4.3803043
636,1995,12.9264542690275,8.727616178321069,9.684896124569139,.0750028766533763,5.6810088
636,1996,12.8674453981312,9.33846969968671,10.0897056745166,.0948055039495562,8.2127495
636,1997,12.9286269719824,7.85515700588134,10.0726014374304,.0948055039495562,10.506871
636,1998,13.0133780009961,8.42726848388825,10.1259748885882,.134026217102837,12.402166
636,1999,12.7866720578719,9.35832924968963,10.3731880108302,.192295125226813,14.048764
637,1992,11.0848857965769,6.13988455222626,9.654821043990831,-.0926714632429438,-13.315949
637,1993,10.8278695675124,7.0833878476253,9.630267072025349,.0026387165613811,-18.115059
637,1994,11.6639710903874,5.99146454710798,9.55607670687569,.0418594297146624,-14.114138
637,1995,11.7697814455043,0,9.45569932378144,.0616620570108422,-13.209567
637,1996,11.198746190519,5.17614973257383,9.368377774416009,.0814646843070218,-12.881351
637,1997,10.9191990957161,9.426580146973601,9.95730790123061,.101267311603202,-9.2087669
637,1998,11.2438751233799,8.705331133531629,10.0928881602854,.11121764245637,-5.1904254
637,1999,11.0834015337952,7.82404601085629,10.083827981525,.0910149351388502,-7.6492672
638,1990,14.9107578021163,11.5964482639415,13.7281874960423,-.0988111215024905,20.373144
638,1991,15.1808632248475,11.2346919473381,13.736489103634,-.0500209573330584,26.411314
638,1992,15.3210717560148,12.5333527637825,13.9283543042788,-.0108002441797772,32.929264
638,1993,15.2998603837474,11.9558083799211,13.9849178332398,-.000849913326609,30.528164
638,1994,15.5258787693079,11.810693997623,14.0169762736777,.0091004175265591,34.931587
638,1995,15.592549562592,11.7388172364656,14.0353969705566,.0386592197681034,42.523094
638,1996,15.4349494033062,10.4016533781553,13.9854285914542,.115620260904232,39.708736
638,1997,15.5624822078671,11.5289956451477,13.9866334767605,-.0122131106056529,41.38261
639,1992,12.7730811430094,9.412137705270791,9.260320304281199,-.0459199738531988,1.4774932
639,1993,12.8648387221746,8.81655676864186,9.69129630517986,.0938419685219599,3.0169587
639,1994,12.7895611367879,7.77988511507052,9.76478854504548,.0319665648038723,4.2305703
639,1995,12.7951154028075,8.79754848848156,10.0075997894181,.0711872779571535,6.1501422
639,1996,12.6742520646662,6.99484998583307,9.99061892232633,.0509845706396341,4.6448202
639,1997,12.79373809581,7.55381085200823,10.0055521425936,.0409342347861327,6.6959052
639,1998,12.8845452509533,9.28683834294891,10.3065998950607,-.0316364580487028,9.4608631
639,1999,13.0814376055581,9.447938944259979,10.5653375457383,.0171537061207293,3.2412252
640,1992,15.5625545268851,12.1542160346149,15.1662233362565,-.0715225425589047,29.28685
640,1993,15.6491285228119,12.1256811270292,15.1374547802015,-.0419637403173603,32.231419
640,1994,15.6661657942005,12.3084126038945,15.1183945325571,-.002743027164079,36.397362
640,1995,15.7081503947003,11.838380087108,15.0777231945198,.0268157750774654,38.172485
640,1996,15.6892221525745,12.6758012369565,15.0824765838171,.0466184023736451,41.081802
640,1997,15.7571067806601,13.5358482411327,15.1845279785542,.0565687332268133,40.581436
640,1998,15.7837656702539,12.0768462587704,15.1486230002625,.0665190640799814,43.704399
640,1999,15.8469519167088,14.1330671595097,15.355595519805,.0863216913761613,46.731579
641,1992,12.0443231249914,7.26682734752059,9.970753600588001,-.357704233855291,-5.1448116
641,1993,11.9733788321289,8.35960327084147,10.0548300072734,-.280743192719162,.72821063
641,1994,12.0425766574666,8.870101048785729,10.2215302901175,-.132323187600889,.66081053
641,1995,12.0096953921976,10.8494147535386,11.1564976333539,-.01010555487664,1.9805766
641,1996,12.0397482949191,9.849136957786049,11.2820307004701,.048163353247336,2.2938492
641,1997,11.8832649733676,8.276903481267061,11.224025317633,.125124394383464,4.3216591
641,1998,11.7347850757096,8.33758794211651,11.1713108288481,.202085435519593,4.6678672
641,1999,11.7769474115802,9.25894004181225,11.1962195804775,.241306148672874,5.1873999
642,1991,12.9859366114527,0,12.4974503806006,-.143189906905774,17.678289
642,1992,13.0800679637121,8.97132147150368,12.4170225556511,-.0849209987817982,20.137218
642,1993,13.041085107805,9.893740201081251,12.3862686115224,-.0361308346123661,23.149336
642,1994,12.9692241545459,10.0345158149425,12.3681702362772,.0126593295570658,25.381849
642,1995,12.7543870040237,10.0392851254333,12.3485188082474,.0518800427103471,27.386856
642,1996,12.3895445062493,7.42595365707754,12.2445401905081,.0911007558636285,29.105568
642,1997,12.0604896722653,0,12.1336089362197,.120659558105173,30.00717
642,1998,12.234618776453,0,12.0226773124447,.140462185401352,28.77618
643,1990,15.8451290873011,12.8038481443946,14.8375135436291,-.172423087286964,24.912273
643,1991,15.7087015677043,13.084873325792,14.9125070419228,-.162472756433796,28.149696
643,1992,15.7025185501295,12.4838217994772,14.9062881352773,-.152522425580628,34.07024
643,1993,15.593125077398,12.9235757966571,14.9446569983087,-.0848637771068126,37.910679
643,1994,15.8496391618588,12.37718157511,14.9256275463858,.0284649082001906,44.132393
643,1995,15.7495833650876,12.9361325895136,14.956177169524,.168226850575349,42.12907
643,1996,15.7841866522508,12.731646970525,14.9601035122988,.14802414325783,44.789787
643,1997,15.7849892749724,12.7702522889302,14.9661853967335,.14802414325783,44.532173
644,1992,11.6695359740781,8.87821865809223,11.1927615222732,-.0335319667209082,7.4186397
644,1993,11.7598949119207,0,11.0800357156779,-.0137293394247285,7.2560372
644,1994,12.1268833236194,11.3628348651854,11.8252162440533,.0060732878714512,3.3662121
644,1995,12.2002406725872,10.3244322314927,11.9106587594949,.0060732878714512,9.7365866
644,1996,12.3415384160389,9.780189336191629,11.9059339774993,.0060732878714512,7.3266397
644,1997,12.1460200475769,9.941313062076111,11.9179911599903,.0060732878714512,11.991513
644,1998,12.2095416216689,8.94663520890585,11.8524152869548,.0060732878714512,13.259528
644,1999,12.4467810280239,8.92996487470684,11.7888208464913,.0160236187246193,13.206513
645,1992,15.575852675573,12.0376539939052,15.0046434230619,-.084741643594036,39.419605
645,1993,15.3300247670089,11.3850920934603,14.9379300592418,-.0649390162978563,47.504822
645,1994,15.5387553638479,10.3089526606443,14.8539288654103,-.0161488521284241,36.117851
645,1995,15.684167550524,11.5028751291167,14.7934127563282,.0230718610248572,40.634647
645,1996,15.7679911464065,12.3238556811866,14.7763536108314,.0526306632664017,43.047539
645,1997,15.6125149494873,13.3982117064946,14.8931896004275,.082189465507946,45.60968
645,1998,15.5117816531988,11.6417847100918,14.8346003397421,.121410178661227,43.67765
645,1999,15.8261765987782,0,14.7408389667259,.141212805957407,45.748798
646,1992,15.5219300797035,12.7885480081831,14.1827313880512,-.0961048842470051,37.642265
646,1993,15.6949010805161,11.744830521953,14.1595381097476,-.0763022569508254,43.964916
646,1994,15.7898612445719,11.7445291284021,14.1367069971453,-.0180333488268495,45.226913
646,1995,16.2381568463441,13.2453630051757,14.3645222636834,.021187364326432,47.333218
646,1996,16.3134058274238,12.2607549407616,14.3648653096397,.0409899916226117,49.888027
646,1997,16.3815414804293,13.5323436103114,14.599162664293,.0509403224757797,50.931351
646,1998,16.5079359913745,13.3550389542725,14.7286979594861,.0707429497719595,53.977863
646,1999,16.6114938548082,13.6491347886478,14.2778130469053,.0905455770681393,66.560112
647,1992,14.4525939095802,10.9492087798385,13.3318679391208,-.0463687628190555,40.670223
647,1993,14.5073013486886,11.2858115421521,13.3481444075115,-.0265661355228759,40.388107
647,1994,14.7084613597127,10.6454248972655,13.3044999170837,-.0166158046697079,41.221813
647,1995,14.9198535879853,11.5941920387986,13.3578390545082,.0129429975718365,39.422985
647,1996,15.0535765924649,11.7354768409832,13.421141312456,.0327456248680162,41.500946
647,1997,15.0418543769395,12.1251120166959,13.5413218393712,.052548252164196,43.253277
647,1998,15.1441846219384,12.1217286170923,13.6362283775827,.0424979163106945,47.336636
647,1999,15.153585998797,12.1805804633692,13.7233484477849,.0524482471638628,49.087109
648,1990,16.8953012132759,13.852806342708,14.833646795079,-.192480512748079,42.133488
648,1991,17.0200610247245,13.2223209232727,14.9185873990038,-.254355916466167,45.54649
648,1992,17.0442118204578,14.7164845857265,15.428902622425,-.295177910986422,54.355343
648,1993,17.2635963649751,13.0456075952011,15.4106784157583,-.0720343596722121,53.398022
648,1994,17.591434169354,13.4065041869797,15.429747018927,.110287197121743,55.974575
648,1995,17.6836106733396,14.9503358359877,15.7942063086355,.177945845595557,58.409321
648,1996,17.5407491033227,14.9781828157822,16.0373793564761,.177945845595557,60.319237
648,1997,17.7438980478566,13.002903937367,15.9720206581482,.197748472891737,61.257458
649,1992,14.7092827328674,9.17066355482328,12.9641666232467,-.0564985035589705,25.81802
649,1993,14.692002203049,9.522958929718,12.8952835892646,-.0366958762627906,29.917776
649,1994,14.8481360045727,8.22550309756692,12.8033573938225,-.0168932489666109,35.70932
649,1995,15.032942915595,10.124228219234,12.766552916835,.0029093783295686,39.874454
649,1996,14.9260756227534,9.066931788680829,12.6883913815985,.0227120056257485,42.321259
649,1997,15.0936799226887,10.8277662951325,12.7231235519522,.0522708078672929,43.85976
649,1998,15.2511705772635,11.1922379909045,12.805364262818,.0720734351634724,45.004616
649,1999,15.2897963943326,9.34522085417,12.7326598011775,.0918760624596522,45.777214
650,1990,10.8181519626657,0,10.810636626493,-.157122623199278,-22.423246
650,1991,12.7290510677379,0,10.687329733872,-.0801615820631492,11.087446
650,1992,12.2776825604031,0,10.5640443903756,-.0218926739391734,18.433191
650,1993,12.6707249114257,0,10.4407408681374,.007666128302371,18.286295
650,1994,12.0766825231395,0,10.3174497908982,.0274687555985506,13.382806
650,1995,11.758622245626,0,10.1941514250004,.0472713828947303,15.651697
650,1996,11.905957771777,0,10.0708562031029,.0670740101909102,16.114
650,1997,12.0627125649938,0,9.94755706814686,.08687663748709,17.44965
651,1992,11.4413525129361,0,8.93529807987084,-.184709020608256,11.978333
651,1993,11.7874752435748,0,8.81075792702617,-.145488307454974,13.077025
651,1994,11.4603118530311,6.0913098820777,8.752375979408789,-.145488307454974,14.21998
651,1995,11.6783532980027,6.93244789157251,8.777370450745829,-.0321596221479711,13.877995
651,1996,11.7891242003125,0,8.652947112393861,.0631505576563538,13.911726
651,1997,11.8834843831295,7.30988148582479,8.751933242655991,.158460737460679,14.644348
651,1998,11.6985014799742,0,8.62749945666706,.188019539702223,13.819272
651,1999,11.8820344944226,6.36302810354046,8.59689122431163,.217578341943767,13.238206
652,1991,11.9079692067688,9.25913053614561,10.230922648362,-.18334510453167,-1.8026102
652,1992,11.8310081656327,9.25913053614561,10.4535348509934,-.125076196407694,-1.8026102
652,1993,12.1928444048234,10.3794421893586,10.3766393461082,-.0574175479338793,1.7491933
652,1994,12.1928444048234,0,10.2632646797249,.0102411005399355,4.924963
652,1995,12.4936681239722,10.2363819678095,10.8215686806939,.0494618136932169,9.684514
652,1996,12.5965797072513,0,10.708176107829,.0692644409893967,7.0081487
652,1997,12.7040672527603,9.393494915074029,10.8217004358929,.0890670682855763,8.2366667
652,1998,12.8467596910375,9.75243207761617,10.9887004692411,.108869695581756,9.557126
653,1992,11.3533945967504,7.09007683577609,8.004198550365411,-.168457028935043,-16.080297
653,1993,11.3509525930949,6.21460809842219,8.051277196398861,-.129236315781762,-10.831572
653,1994,11.397694855647,8.51719319141624,8.90581050241455,.0447169913416764,-5.8971806
653,1995,11.5030553713048,6.21460809842219,8.856974233612,.0742757935832208,0
653,1996,11.7125134695338,8.595449689382001,9.297270078964241,.103834595824765,1.415586
653,1997,11.5667683090237,0,9.18388345391382,.123637223120945,-.46182626
653,1998,11.4884935500692,6.34738920965601,9.124292167350729,.153196025362489,-1.6642343
653,1999,12.0291789168704,10.3361786468979,10.4331830157458,.192416738515771,-1.266629
654,1992,15.7589070700868,12.9580522546519,15.8715619709532,-.0016337161832501,32.701656
654,1993,15.8816388670562,11.4640187940141,15.8231615728307,-.0529270105708006,35.658634
654,1994,16.1473565669007,12.0495299404235,15.7848418496136,.0147316379030144,32.785095
654,1995,16.1281218328496,11.9518962686356,15.7444461218969,.0539523510562957,39.647697
654,1996,16.3639311176233,14.0429448906956,15.8378119562255,.0234931435715869,41.589157
654,1997,16.4667034058284,14.5948547006347,15.7191528761148,.0627138567248684,41.351936
654,1998,16.5699173275756,14.003672526303,15.8079139768423,.0425111494073488,39.420479
654,1999,16.791213382704,15.3390580648854,16.1894853304714,.0120519419226403,42.386723
655,1992,14.9037403446761,12.3462649300775,13.0357114267224,-.103976251048562,33.437988
655,1993,15.1446749286947,12.2414301368112,13.3280957500283,-.0744174488070176,33.43877
655,1994,14.9579339896831,11.6846325537541,13.4192021985795,-.0256272846375856,36.091106
655,1995,14.9747543369161,0,13.3342977802869,.0326416234863902,41.584267
655,1996,15.0401695168397,11.6817564315817,13.413953603067,.0814317876558223,39.162971
655,1997,15.0211499601519,9.546812608597399,13.3481488757012,.130221951825254,43.356487
655,1998,15.040865063926,11.0233719764798,13.3490802169133,.130221951825254,45.896717
655,1999,15.1838940626543,11.5480029915829,13.4041964276271,.130221951825254,44.558937
656,1992,15.0577686240067,12.4498694426542,13.1246084553298,-.0811379859569061,45.796143
656,1993,15.28554257342,11.6536260970731,13.2491228925368,-.0515791837153617,52.100891
656,1994,15.3448884224574,11.2415497187928,13.2897210313703,-.0220203814738173,49.402954
656,1995,15.3878324822561,12.0682750226157,13.4531115484901,.0075384207677271,53.539356
656,1996,15.2295518326234,11.5101616491475,13.4937736807148,.0174887516208954,61.519489
656,1997,15.1596422481031,11.874529242229,13.5765593463362,.0274390824740634,55.119854
656,1998,15.4900216561578,12.0422116393797,13.6719491467402,.0373894133272315,59.218681
656,1999,15.6519565669603,12.2684181387389,13.7888975525995,.0571920406234111,64.133934
657,1990,16.5025169672128,12.3617678462564,14.6090671677565,-.12753296162057,36.142323
657,1991,16.5046822074458,12.2916033435222,14.599807229199,-.0979741593790258,43.708382
657,1992,16.3542828976358,12.5292823219178,14.6142370552433,-.0684153571374813,51.74509
657,1993,16.1849150646621,11.8557205274749,14.5679343934178,-.0388565548959369,53.778339
657,1994,16.1465047301565,12.0258568700217,14.5350757398238,.0099336092734951,52.359406
657,1995,16.0008505293035,12.6458232316049,14.5631483859265,.07759225774731,59.534996
657,1996,15.9895707998858,12.1546688187184,14.5356302866705,.0973948850434895,63.538979
657,1997,16.0040099216463,12.1928151520382,14.5124043611601,.117197512339669,62.197933
658,1992,12.0813863455897,8.006367567650249,11.0811435885445,-.0377642377522226,4.5933232
658,1993,12.3293746407664,9.98916053427428,11.2753266884864,-.0179616104560428,11.208483
658,1994,12.4619593102578,9.25894004181225,11.2985074848962,.0115971917855018,7.3962669
658,1995,12.4928646955509,9.71353696857768,11.3770324287165,.0411559940270462,7.6787696
658,1996,12.4251467275796,9.495594499353301,11.4089162581055,.0411559940270462,8.327755
658,1997,12.4845919344745,9.564091044397671,11.4438400892049,.0411559940270462,4.9963689
658,1998,12.4749019657562,8.081784206935,11.3722140720095,.0511063248802144,7.0399342
658,1999,12.443475989119,0,11.2687408448076,.070908952176394,8.0860901
659,1992,11.8790650957343,8.52218073292728,10.4499688885382,-.0059820716775475,14.925708
659,1993,11.6712812086685,10.7163492356022,11.1967616100828,-.0059820716775475,15.084095
659,1994,11.8480533431063,8.574329382787051,11.1565804665935,-.0059820716775475,16.481054
659,1995,11.7302128301093,8.972083182851931,11.149584063787,-.0059820716775475,16.449532
659,1996,11.7382997248974,0,11.0377581266969,-.0059820716775475,17.442509
659,1997,11.8815357306614,9.188094763028859,11.0647835181815,.0138205556186323,16.907755
659,1998,11.9306511678448,0,10.9529586154199,.0138205556186323,16.453745
659,1999,12.1389321483424,0,10.8411326483167,.0138205556186323,18.472178
660,1992,14.3580612314319,11.8913413525342,14.5313750356092,-.282006064580764,22.209549
660,1993,14.308802549397,11.3024513167567,14.4599794430972,-.282006064580764,30.169868
660,1994,14.2415684749201,11.0539804630812,14.3815185578263,-.0351459866492381,35.341167
660,1995,14.3905859686881,10.5940814763084,14.2916970960743,.147175570144716,34.324547
660,1996,14.3484908851698,10.0895936057478,14.1941234849583,.074604877309881,37.932858
660,1997,14.3781994843656,11.8878076466006,14.1724559253353,.160782573550933,36.691818
660,1998,14.2970588061912,10.645496323286,14.0879256813621,.160782573550933,32.319939
660,1999,14.2435363005271,9.826822467600641,13.9892042515591,.170732904404101,39.518913
661,1990,11.7203568356138,5.29831736654804,9.148996741735131,-.11546150212464,4.4821091
661,1991,11.5622616580791,6.53233429222235,9.142586018922829,-.0385004609885117,10.229849
661,1992,11.3674083128277,7.54855597916987,9.250954344861441,-.0385004609885117,8.4659595
661,1993,11.2605566235169,5.25227342804663,9.18928015424453,.0384605801476167,13.568513
661,1994,11.2080657784102,5.87773578177964,9.1447025801953,.106119228621432,14.060299
661,1995,11.2171383139219,2.39789527279837,9.065800031218039,-.044703661113152,11.470952
661,1996,11.2648697554006,8.705828110266779,9.485537328720341,.0229549873606628,12.711284
661,1997,11.1004368132163,5.35658627467201,9.420179814806881,.0525137896022072,13.368625
662,1992,13.8286573200582,10.4341158035983,11.9171711632337,-.0998838393654984,17.970114
662,1993,13.4003678157249,9.168267595554269,11.8567016767894,-.0800812120693188,19.783848
662,1994,13.6638769963357,9.38974100034247,11.8151404216273,-.021812303945343,19.749481
662,1995,14.0635407828798,11.1232844922089,12.0938077941511,-.0020096766491632,24.675791
662,1996,13.8583139103358,10.7730639641852,12.1987685353447,.0177929506470165,24.535578
662,1997,13.5210350013517,9.787346917401321,12.155493832682,.0375955779431962,26.894817
662,1998,13.4584683625476,9.38731432244354,12.0877979890481,.0573982052393761,27.775467
662,1999,13.7128390035199,9.53184399290347,12.0329185389609,.0772008325355557,34.847973
663,1990,14.1752382132353,0,10.3930793252937,-.286570642364957,-2.0273595
663,1991,13.9379658896836,7.68753876620163,10.3619087385075,-.155542379958553,-1.3838124
663,1992,13.8152102764742,0,10.2618400885301,-.0878837314847383,-1.9959509
663,1993,13.8350533994423,0,10.1618129023269,-.0878837314847383,3.3869996
663,1994,13.8927827759318,0,10.0617767995252,-.0017060352436859,6.7349586
663,1995,13.8609818936482,0,9.96173287547632,.0659526132301289,6.5700059
663,1996,13.7891157842674,0,9.861691125076931,.231467051707702,6.2971787
663,1997,13.8026126850634,0,9.76165321423119,.231467051707702,5.6739039
664,1991,15.7965922075777,11.6293831783304,14.641312440718,-.0932310508594537,29.736013
664,1992,15.8513005981384,13.9565082582152,14.8249045634885,-.0162700097233252,34.924858
664,1993,15.938408229683,12.3229663970017,14.794987709799,.0132887925182192,38.232212
664,1994,15.9665851319215,12.7235798974199,14.8043807086352,.0715577006421951,40.39711
664,1995,16.0626892032448,12.8124084291032,14.8182928083917,.120347864811627,45.204998
664,1996,16.1269258296422,12.8740020131062,14.8350865296001,-.0189142025218804,46.930954
664,1997,16.2708452754897,14.3728632155223,15.1910736443737,.0393547056020953,48.880615
664,1998,16.5230219631605,14.1380975535462,15.3632606661037,.0393547056020953,50.135101
665,1990,10.6008757273533,0,8.311643948502979,-.0421510309599416,-4.5365162
665,1991,11.045265646852,7.49554194388426,8.59552366482219,-.0421510309599416,-6.0868726
665,1992,10.9835989816253,0,8.49210099900448,-.0029303178066603,-.80995977
665,1993,11.0939711311159,6.43454651878745,8.512562486231539,-.0029303178066603,2.4900644
665,1994,10.8637140108473,0,8.40907331667081,.0168723094895194,6.8299794
665,1995,10.8724336795634,0,8.3055828759157,.0168723094895194,6.3777294
665,1996,10.6688523034944,8.698180525197049,9.081187949082221,.0268226403426874,5.2714229
665,1997,10.4440834946341,0,8.97771450527248,.0268226403426874,11.365102
666,1990,11.973657847103,7.32909373624659,9.612132074718041,-.239277573500208,-.3520647
666,1991,12.2233307662547,7.34148385236316,9.60084749851795,-.143967393695883,1.3332857
666,1992,12.3182827551946,8.32530602975258,9.743835099003119,-.0670063525597543,2.151742
666,1993,11.9380700024919,0,9.629958189684061,-.0087374444357785,5.3288641
666,1994,11.3919543065748,0,9.51552831855763,.0774402518052739,5.0031576
666,1995,11.7344843602374,0,9.401109480851691,.0774402518052739,5.7805786
666,1996,11.5918730555991,0,9.28669938007493,.0972428791014537,5.8428998
666,1997,11.6559069656293,0,9.17209837971931,.146033043270886,6.4323206
667,1990,11.9706649916062,7.60090245954208,9.775256374639049,-.0914506303853716,-10.848636
667,1991,11.8015393182397,0,9.65963095962438,-.111653337702891,-1.28696
667,1992,11.7864249289896,0,9.544030169773681,-.101703006849723,2.2194607
667,1993,12.3263619942038,0,9.42839901703956,-.0340443583759081,11.477175
667,1994,11.7961597482641,0,9.312761572075329,.0429166827602202,3.3049517
667,1995,12.2686809069464,0,9.19712341149333,.0627193100563999,-3.7851017
667,1996,12.1531626460605,0,9.081495125056639,.101940023209681,6.7698979
667,1997,12.3047569751151,0,8.96585826443061,.101940023209681,7.2476773
668,1992,13.2127730396613,6.22455842927536,9.82235341613756,-.0840798951256643,8.8546534
668,1993,12.9595748941928,9.357897936333799,10.221479358802,-.0545210928841201,16.442085
668,1994,12.9618887806307,10.0800844211932,10.7514823128893,-.0249622906425755,15.119562
668,1995,12.9921083955517,8.948066103458929,10.7999571369426,.0045965115989687,12.760139
668,1996,12.799881740229,8.331104548053039,10.7773404017123,.0341553138405132,19.073072
668,1997,12.5354364071377,9.93459854756118,11.0160224700446,.0539579411366928,14.172319
668,1998,12.5997936455032,8.611957767860661,10.9968963263726,.063908271989861,7.1961884
668,1999,12.5765014276473,8.97689392766608,11.0126885820917,.0837108992860408,6.5236096
669,1991,13.1267397520041,0,11.4430929553715,-.304815699958235,1.9829497
669,1992,12.834603329203,0,11.3312680875603,-.304815699958235,1.6937331
669,1993,12.7254021141592,7.85864065562079,11.2512554594492,-.246546791834259,1.9235159
669,1994,12.5119045515031,7.57558465155779,11.1650077783621,.138715608956386,7.0139294
669,1995,12.5930292557007,0,11.0531826134336,.138715608956386,11.46375
669,1996,12.5508332378227,9.25913053614561,11.089353411085,.138715608956386,11.578205
669,1997,12.6391205421312,0,10.9775270547678,.138715608956386,15.285186
669,1998,12.6576956622531,10.8459137580149,11.4757312570674,.138715608956386,12.483293
670,1992,14.8408116587999,11.1516973137551,13.3810457952624,-.0361222692339345,25.965559
670,1993,14.9753203065562,11.8368695510142,13.4561491515717,-.0361222692339345,29.799713
670,1994,15.0533801266377,11.3640889731334,13.4480977402847,-.0163196419377547,32.24509
670,1995,15.0961481929074,12.058135123998,13.5414477212598,.0419492661862211,33.522491
670,1996,15.0131919493991,12.4477709870921,13.6953991136672,.0318989303327198,36.195545
670,1997,15.1907510273084,12.5257765040047,13.8281982279926,.0318989303327198,37.7756
670,1998,15.2247443828224,12.4076125086112,13.9074290835154,.0218485944792183,39.985943
670,1999,15.1667918465831,12.1314999500247,13.9278975500173,.011798258625717,39.376408
671,1992,11.598377861188,8.97449144816442,9.852004766511961,-.0850025112233974,8.42169
671,1993,11.8885534961651,9.54824016058858,10.3152991457032,.001175185017655,10.563894
671,1994,11.8928849861628,0,10.2118358498646,.0307339872591994,11.052306
671,1995,11.7429508786241,0,10.1083612213006,.0307339872591994,14.545487
671,1996,11.8369885670434,4.56434819146784,10.0086040384211,.0307339872591994,12.472735
671,1997,11.8596182848719,6.53524127101366,9.933837304030749,.0307339872591994,14.123244
671,1998,11.7882232205673,7.75061473277041,9.93038261599877,.0505366145553793,14.07137
671,1999,11.766609062885,8.26384813136891,9.988315714712369,.0604869454085473,13.505758
672,1990,15.3232162919658,9.21034037197618,13.4350726406153,-.312608005716554,21.09741
672,1991,15.3383420901361,12.4850179130083,13.6732362572582,-.312608005716554,21.899284
672,1992,15.2835847827465,9.89444680788398,13.5868393824456,-.263817841547122,35.071507
672,1993,15.0769779927221,11.8534750920115,13.645402551188,-.168507661742797,29.426477
672,1994,15.1343885923401,12.5871528437026,13.838578925353,.0466037178741483,35.935986
672,1995,15.1667544182927,11.2859244833287,13.8020077033644,.237224077482798,32.366211
672,1996,15.1991697167092,11.8447655612037,13.8187234909628,.164653384647963,30.648754
672,1997,15.4961958737499,12.2350681823714,13.8859007061387,.184456011944142,32.456814
673,1990,15.7061917463155,11.6945217588246,12.5239662197901,-.228873370316842,29.483307
673,1991,15.5972093101745,12.4284318893557,13.110834980059,-.199314568075298,44.016079
673,1992,15.4495029235548,12.9830116508791,13.6706654632325,-.160093854922017,48.35817
673,1993,15.4277955148518,12.2386995518572,13.8049461506047,-.130535052680472,66.959747
673,1994,15.5505938592934,0,13.7228684855936,-.0352248728761472,53.946983
673,1995,15.8602853263443,11.3594945260673,14.9190218270081,.0869927598481019,38.092476
673,1996,16.0150779677115,10.3035045130706,14.8461169878881,.135782924017534,45.039284
673,1997,16.1527873825504,0,14.7640388698809,.184573088186966,41.680904
674,1990,11.6862981181686,7.66246781520024,9.925787060030901,-.0309043095259364,-10.204847
674,1991,11.594032356679,0,9.848561351337089,.0083164036273448,-2.9288263
674,1992,11.6550628940588,4.68213122712422,9.777153057149979,.0182667344805129,-6.8388119
674,1993,11.6853287238768,10.3089526606443,10.6979789441895,-.0760439449907284,-8.0099783
674,1994,11.8391735438641,8.25009775257285,10.7027454672696,-.0083852965169136,-3.3782947
674,1995,12.0202459072701,7.72223474470961,10.6736559576063,-.0083852965169136,-3.6154611
674,1996,11.627130576344,8.37885024179449,10.6865896901665,.0308354166363677,-.013605103
674,1997,11.7865635968921,6.55677835615804,10.6245003551439,.0603942188779123,.076537259
675,1992,12.0052583332915,8.38935981990635,9.37605817960336,-.125200017839879,4.0718794
675,1993,11.9124580247006,8.06274790108635,9.52050530023002,-.057541369366064,8.5934963
675,1994,11.9091253389838,5.88887795833288,9.44683440765853,-.0087512051966319,7.5086389
675,1995,11.7956786700836,6.62007320653036,9.402661763348471,.0495177029273439,8.6516323
675,1996,11.7408550662009,6.71295620067707,9.364553906970871,.0495177029273439,9.8346233
675,1997,11.8495856928283,0,9.26426968900126,.0790765051688885,8.9650602
675,1998,11.5675119762541,0,9.164223132358989,.11829721832217,6.6222034
675,1999,11.5739803269113,0,9.06418100967834,.147856020563714,7.1766138
676,1992,16.3372134991368,13.9405057456381,15.4521102856557,-.206880186221162,58.452816
676,1993,16.3391578913373,13.2306131152372,15.4977852220364,-.12070248998011,40.761532
676,1994,16.216526508316,11.6550238062733,15.4624711080217,-.0814817768268286,42.5037
676,1995,16.0963149829533,12.1935394319053,15.4413627755738,-.0232128687028528,38.527172
676,1996,16.0448247322885,11.4667558641234,15.4024290407345,.0255772954665793,41.443878
676,1997,16.1935049402206,11.9114129526733,15.3735172717656,.138905980773583,41.667976
676,1998,16.2970854914894,11.6395669264375,15.195624459329,.187696144943015,41.960194
676,1999,16.3384519121227,11.7038846101598,15.1659397079319,.217254947184559,51.089863
677,1992,15.5521739097929,7.80913539812054,14.3305378622947,-.0793376770310009,32.047054
677,1993,15.5639392673117,9.105757331783741,14.242595921527,-.0497788747894565,39.653034
677,1994,15.5450681531706,12.5700349718795,14.3218836037007,-.0497788747894565,42.965805
677,1995,15.5555061136808,12.0723183709265,14.3252796437906,.0363988214515959,43.99371
677,1996,15.5824671095643,13.4272609097897,14.5565740924612,.0363988214515959,47.939728
677,1997,15.6629081249802,12.5974962988718,14.5863174707041,.0363988214515959,45.950146
677,1998,15.8409317607412,13.1734100413811,14.6958188573899,.0363988214515959,45.048542
677,1999,15.9442401132389,13.0152056922488,14.7602368984273,.0659576236931403,51.364132
678,1992,12.3159238155809,8.41183267575841,10.4599297384913,-.085424988300124,1.9123105
678,1993,12.2301249652157,10.0824702080646,10.8873135607881,-.085424988300124,7.5670075
678,1994,12.2933990399967,10.1658518170036,11.1792301690776,-.0462042751468426,8.492363
678,1995,12.7430449813866,10.3478207475297,11.4236646508018,-.0166454729052981,13.396435
678,1996,12.6828179987308,7.89431806384162,11.3399057119495,.0129133293362465,20.007664
678,1997,12.756864768517,8.365206834418361,11.2756234033228,.0521340424895277,22.095257
678,1998,12.8017868359455,9.589256144850809,11.3247870228547,.10092420665896,21.741713
678,1999,12.8155806205237,8.60977237270933,11.2733425243292,.149714370828392,26.354382
679,1992,11.5209300524504,0,9.355245586759709,.0889406226495615,-5.6556792
679,1993,11.4306011918189,0,9.251798963825349,.118499424891106,-4.8405886
679,1994,11.5662741353045,9.561841957140921,10.0166242551299,.167289589060538,-7.0872989
679,1995,11.553306037258,6.19236248947487,9.934196178913361,-.0811717702379617,-1.7570591
679,1996,11.5295041063022,5.33271879326537,9.840222886367361,-.11163097772267,-1.5930843
679,1997,11.2945334580961,0,9.73674796386846,-.0918283504264906,-2.1097538
679,1998,11.3070371742904,4.57471097850338,9.638610132737609,-.0818780195733226,-2.68591
679,1999,11.2494490043473,6.60800062529609,9.57894092234892,-.0523192173317781,-2.2785027
680,1992,13.1468615599034,9.988104398256009,10.0318763697575,-.0841327744499181,1.5065402
680,1993,13.0750380594774,8.746080217357511,10.1719409329594,-.0545739722083737,6.6024938
680,1994,13.3049227455439,9.55215545300789,10.4975323720529,.0316037240326786,12.429953
680,1995,13.2743482646306,11.3556749857251,11.5841655429296,.0611625262742231,8.5339375
680,1996,13.4899302127911,10.0360497256191,11.6566724997844,.0809651535704028,12.447171
680,1997,13.6990920735624,9.718362068409441,11.6712616590137,.0809651535704028,8.5092115
680,1998,14.0758941107695,11.2686604170339,12.0466835189678,.0709148177169013,12.868959
680,1999,14.5032077613684,12.0142218292201,12.5786212339007,.090717445013081,10.565922
681,1992,12.2777853826579,6.72743172485086,9.36828385004214,-.175995226954214,2.2046411
681,1993,11.7798366239521,7.60389796852188,9.4193687715987,-.0716352116299711,2.8416722
681,1994,11.7160289007977,7.9298464297425,9.5137727545192,-.022845047460539,1.7934111
681,1995,11.6447211525134,7.37650812632622,9.510170852787279,.0354238606634369,-1.6284291
681,1996,11.6685147533918,6.46302945692067,9.441396535840751,.0936927687874126,-.20545202
681,1997,11.6768045990174,8.61468281269349,9.675099020326201,.142482932956845,1.7098237
681,1998,11.6710949571064,6.97914527506881,9.623389978257441,.172041735198389,3.8699191
681,1999,11.6586414515375,8.553332238032111,9.78854797043131,.249002776334517,4.7216311
682,1992,15.4556754522574,14.193748343818,13.5026029809604,-.156161005954536,4.4000983
682,1993,15.5398147257695,12.0273525955179,13.5884937653259,-.0608508261502111,16.761921
682,1994,15.5694897673793,11.2583041463782,13.5534497074621,-.0312920239086667,8.1607428
682,1995,15.5265441915856,12.2006479584849,13.6520523639663,.0456690172274617,9.3116894
682,1996,15.6657380941082,12.5505165948782,13.8019237742236,.075227819469006,27.806423
682,1997,15.7813170183438,13.7394898345908,14.1019067289991,.124017983638438,25.361219
682,1998,15.8470190487554,12.1136667442232,14.015444272832,.153576785879982,30.919069
682,1999,15.825502655959,11.6340185718469,13.9682210869863,.211845694003958,28.795561
683,1991,11.8409596279839,0,8.62506056228524,-.342759818949127,-1.4209012
683,1992,11.7745822642841,0,8.50819280921894,-.256582122708074,-4.6240492
683,1993,11.594479239368,7.26122509197192,8.654377902538659,-.152222107383831,-1.3202907
683,1994,11.5146833354177,0,8.53758388106397,-.0388934220768282,-.078310616
683,1995,11.4719407160183,0,8.42072634292853,.0287652263969866,1.1376561
683,1996,11.4492726024155,0,8.30385144507429,.0870341345209625,3.5417564
683,1997,11.4790214389792,0,8.186965417492351,.135824298690395,4.7515631
683,1998,11.4277877821139,0,8.07009325853079,.175045011843676,5.4019794
684,1992,11.3732520698571,7.90100705199242,8.55445043977195,-.0415721651661231,6.1140399
684,1993,11.2024913354643,6.10924758276437,8.528884580005821,-.0217695378699433,8.302145
684,1994,11.2297038989891,5.85793315448346,8.48572316394675,.017451175283338,8.302145
684,1995,11.2758554675093,7.9373746961633,8.823559619072149,.0074008394298365,8.5603981
684,1996,11.2363928871399,7.90100705199242,9.03465276181827,.0074008394298365,8.9799166
684,1997,11.3470225154778,8.318742252692401,9.302855740841331,.0272034667260162,8.4122076
684,1998,11.4768547887526,6.90475076996184,9.27255431838223,-.0136185277942388,9.2830343
684,1999,11.6219547339577,7.40853056689463,9.295563484306591,.0061840995019409,10.742536
685,1990,13.2076412314774,8.51036996606811,10.2548132145436,-.0806100782050841,18.313068
685,1991,13.4783029304984,9.772239265926171,10.6563577721383,-.111069285689793,21.07262
685,1992,13.1588827882519,0,10.5404796392916,-.0718485725365115,21.771896
685,1993,12.6639010663173,0,10.4283580832227,-.042289770294967,35.032875
685,1994,12.5603103773788,0,10.3188699876525,.0159791378290089,16.867289
685,1995,12.6056588621584,7.49052940206071,10.2570451425723,.0551998509822902,17.64488
685,1996,13.1856021437997,8.053887083618219,10.2393274464137,.0750024782784698,19.038527
685,1997,13.1819564479441,8.587465244401571,10.2949112058777,.133271386402446,20.411848
686,1991,15.3860294204392,11.3943671288461,14.290495198849,-.174419653916447,21.762659
686,1992,15.2104005048378,10.6003777193749,14.2046723530283,-.154617026620267,23.856518
686,1993,14.8467070276872,10.8060646813225,14.1276352849402,-.134814399324087,27.19912
686,1994,15.1257665513001,11.7337703764349,14.105237637962,-.0395042195197625,27.908806
686,1995,14.9161443407084,11.0319498631731,14.037882531689,.0558059602845624,26.280178
686,1996,14.9632943407649,9.93285216116603,13.9417834966318,.0756085875807423,28.598541
686,1997,14.9908402346953,10.6322914103041,13.8640034398545,.133877495704718,30.639446
686,1998,14.7980259757259,11.3480979904789,13.8257649020067,.173098208857999,30.55653
687,1992,11.360818528123,8.294049640102029,9.226036540082511,-.176679672853501,3.8362045
687,1993,11.3643892280819,0,9.110321121884111,-.109021024379686,4.1441751
687,1994,11.4500249025686,0,8.995648504351781,.0131966083445628,4.4600205
687,1995,11.4032223715624,0,8.87990388352431,.0901576494806913,1.8759629
687,1996,11.5033174474104,7.52402141520612,8.985845908591021,.119716451722236,3.8821359
687,1997,11.5849409066868,7.74022952476318,9.1119334020633,.139519079018415,2.6265728
687,1998,11.7832706666864,8.012349639327789,9.26981609877129,.139519079018415,7.1107268
687,1999,11.9468918789561,9.06508335931904,9.722187473855721,.159321706314595,6.6512184
688,1991,16.436162179851,14.1496608151623,15.3884818939265,-.128126537207644,43.465343
688,1992,16.5856430787093,13.2507020612224,15.3888866905573,-.0698576290836681,54.942886
688,1993,15.8947963375138,12.9516035257697,15.3591737294559,-.030636915930387,57.67345
688,1994,16.168913757462,12.4548761462916,15.2966643382203,-.0010781136888424,58.991234
688,1995,16.3681880773434,12.2775743672189,15.2264523843139,.0284806885527019,51.469921
688,1996,16.2863304536841,12.0348868552966,15.1480153537084,.0580394907942464,50.987862
688,1997,16.5064261973158,12.1431115462749,15.0767919981796,.077842118090426,55.72646
688,1998,16.2843682765157,11.8765333206413,15.1111903127992,.0976447453866058,55.453335
689,1991,11.4569157658914,8.030734924098541,8.603701108357789,-.377364777327186,-3.574156
689,1992,11.4721792774552,7.82404601085629,8.872711466671589,-.347805975085642,-4.1853056
689,1993,11.5503706840713,0,8.74100851703955,-.190802226275977,-3.1784565
689,1994,11.5554146512788,0,8.609334719979779,-.0423822211577039,-3.8150213
689,1995,11.4960600677993,0,8.477620416296411,.0709464641492993,-3.1880639
689,1996,11.4020169567897,0,8.345930261979021,.201974726555704,-4.6307397
689,1997,11.4778068893315,7.69621263934641,8.62265170227238,.341736668930862,2.5082943
689,1998,11.0682781007252,8.41693076947784,9.06853484289941,.390526833100294,-.013801944
690,1992,11.3869395221359,8.574329382787051,9.215974470593279,-.39594836435527,3.5302191
690,1993,11.1620097011992,6.70318811324086,9.232297539328229,-.11831662775699,3.7521405
690,1994,11.0328049718427,6.93147180559945,9.26439285629576,-.0413555866208616,6.9881859
690,1995,10.9459909946832,0,9.203577555596789,.0719730986861417,6.084549
690,1996,10.9716314280877,8.64347335732657,9.56189121007939,.0719730986861417,6.16044
690,1997,11.0532091982898,4.00733318523247,9.504553570119141,.0415138912014332,3.8206658
690,1998,11.0455270853521,4.82028156560504,9.45197588812208,.0807346043547146,8.4953413
690,1999,10.9470613731497,6.38350663488401,9.43164222841102,.185094619678957,5.3739257
691,1992,14.2025839726696,11.809334347802,12.2063726005392,-.090492870787064,12.691828
691,1993,14.3167416434227,12.242211692146,12.8355912907898,-.0706902434908843,14.16977
691,1994,14.6093033360516,11.7972769973256,13.0460858226382,-.031469530337603,18.217278
691,1995,14.6730294871095,0,12.9523244789769,.0077511828156781,14.725811
691,1996,14.6967185868922,12.0992110037461,13.1960382843703,.0373099850572227,14.882938
691,1997,14.6145203271115,11.0373543660876,13.2042911380179,.0668687872987672,18.443756
691,1998,14.622912020611,12.0414632973348,13.3644057751788,.0866714145949469,18.915497
691,1999,14.5149185734016,9.679968930891841,13.2934428110072,.116230216836491,22.540018
692,1992,16.0057482943056,11.8696904048592,15.2789266417548,-.244996734662666,33.255589
692,1993,15.8432240231412,11.4420200514545,15.2069864964954,-.122779101938417,36.985847
692,1994,16.0135511477119,12.4781587303574,15.1767483846573,-.0094504166314134,43.173351
692,1995,16.1658577220216,12.5912738199567,15.1531536052746,.029770296521868,43.056057
692,1996,16.1709610171323,12.8633516867755,15.0387768011484,.097428944995683,48.09491
692,1997,16.3342302869596,12.6656218168721,15.0281312711025,.117231572291863,45.149345
692,1998,16.5014804354282,12.6427715277355,15.016050627191,.0764095777716075,53.408215
692,1999,16.7102758152528,13.3536131840715,15.0828628401215,.0764095777716075,56.038895
693,1992,11.9692792407217,4.27666611901606,11.670614449038,-.063561177923891,5.7770762
693,1993,11.9765304366397,6.5694814204143,11.5734079590399,-.063561177923891,2.339844
693,1994,12.0530218718087,0,11.4699396727941,-.0340023756823465,3.9603298
693,1995,12.1093517773567,0,11.3664662961553,.0052183374709347,12.245535
693,1996,12.0488871538252,8.423541635334781,11.3119188241959,.0347771397124792,14.95904
693,1997,11.8539360896407,0,11.2084457656824,.0643359419540237,9.6348095
693,1998,11.6535721296393,0,11.1049722641249,.0643359419540237,14.198137
693,1999,11.6722695887248,7.48885295573346,11.0261255648069,.0938947441955679,13.057155
694,1992,12.8707171087594,10.6728084273189,12.267120236706,-.143111075761659,6.3468394
694,1993,12.8949565493398,9.57574708283836,12.2354794944798,-.0943209115922266,5.24403
694,1994,13.6004799059422,10.7810166658569,12.3481519008605,-.0455307474227945,9.3938379
694,1995,13.5353087219164,8.55545190353333,12.2707202232209,.0127381607011815,10.278182
694,1996,13.3150806430879,11.0049624068177,12.4084014655437,.0519588738544628,12.155988
694,1997,13.5335645684695,9.08681588569068,12.3425457072006,.0717615011506427,13.686313
694,1998,13.5590150912796,11.5404628079633,12.5918678975277,.0617111652971412,17.093065
694,1999,13.5824942195721,9.641408247463851,12.5399880447983,.0617111652971412,17.907852
695,1992,11.0953274890828,7.54960916515453,9.14994259942751,-.325172346951639,1.0459396
695,1993,10.8111444434868,0,9.036617738245591,-.211843661644636,-2.3460486
695,1994,10.9355464584306,0,8.92315151120885,.0112998896695738,.96244907
695,1995,11.0955918035435,8.28172399041139,9.227099155791141,.0695687977935496,2.5359361
695,1996,11.213271806961,0,9.1137083188822,.0695687977935496,1.3964982
695,1997,11.3419417680796,0,9.000310459807361,.0695687977935496,4.7381687
695,1998,11.3721275761918,0,8.88692058036589,.108789510946831,5.1993914
695,1999,11.251497087922,0,8.77352390595812,.118739841799999,3.6244619
696,1991,15.2143616062482,11.744981184671,14.0211117783867,-.187941700793286,-7.9640718
696,1992,14.7702631701525,11.2690816335901,13.9706735537982,-.158382898551741,33.919132
696,1993,14.747054243964,11.1727142470622,13.9167129807234,-.138580271255562,34.33474
696,1994,14.823150844996,11.5791063866294,13.8954945254511,-.0709216227817468,33.126392
696,1995,14.9597309944934,11.1720113779215,13.842462859436,.0424070625252564,35.956253
696,1996,15.0205286061391,0,13.7267152998954,.0816277756785375,35.544643
696,1997,15.140157620256,11.8791298591251,13.7505993807324,.0816277756785375,41.873486
696,1998,15.3003566308669,12.399861533765,13.8538469379025,.111186577920082,42.385517
697,1992,14.2820483873088,13.1295375811523,12.9947636149694,-.0547337402658425,1.7061925
697,1993,13.9648751425956,11.9265637481675,13.179697697994,-.0447834094126744,-1.9290347
697,1994,14.9361651805975,9.558317600211719,13.08258999956,-.0348330785595062,7.1840439
697,1995,14.4260477962416,10.0131936126242,13.0033212494238,.0043876345937752,12.531325
697,1996,14.2675716899559,11.4842893369339,13.0717121926098,.0339464368353197,16.485966
697,1997,14.9502149483248,12.1880970481978,13.2811414486085,.0537490641314991,16.819092
697,1998,15.2410546716208,12.0330635924585,13.3986061194932,.0436987282779979,16.607277
697,1999,15.3997842986563,12.077795993968,13.499518856063,.0536490591311658,23.533297
698,1992,13.7905240424964,9.7412626974413,12.3831961324035,-.0901278191300903,18.962393
698,1993,13.7892214447566,10.0661164759843,12.4144671626091,-.173509428069141,23.696943
698,1994,13.9610025981131,9.670987868797891,12.4128937068394,-.143950625827597,21.321438
698,1995,14.1359760846269,11.6386237588231,12.7088916013059,-.0129223634211926,24.295389
698,1996,14.0135836464934,11.3027351569936,12.8484834818402,-.0331250707387121,25.627285
698,1997,14.2416508389947,0,12.7860312509672,-.0035662684971676,33.314575
698,1998,14.4402755394221,10.5156144644321,12.8120582560039,.109762416809836,27.497227
698,1999,14.5080836043999,13.669952852555,13.8807820604054,.231980049534085,22.582432
699,1990,15.6547942062136,0,13.3319092985484,-.166618716884408,34.263088
699,1991,16.136856720335,10.181460140129,13.2682028143395,-.127398003731126,44.283791
699,1992,16.5160838059667,12.9323789355571,13.7176607660734,-.0881772905778451,49.750595
699,1993,16.5921271884319,0,13.6048952000773,-.0586184883363007,51.618832
699,1994,16.3850210518874,12.2927181222531,13.7349926707442,-.000349580212325,56.367813
699,1995,16.6858073417824,12.3364296300484,11.7423945677335,.0388711329409563,56.78429
699,1996,16.7344230944543,10.5585953219308,11.8859713704561,.0780918460942376,54.291073
699,1997,17.096254266926,10.5026811327216,11.985174695964,.117312559247519,55.472881
700,1990,16.1647896392543,12.955897846782,15.2774118030224,.0019095473055233,33.695896
700,1991,16.2309962391674,13.5819352849469,15.3563191185444,.0118598781586914,35.58976
700,1992,16.3049127401544,12.8993973103389,15.3419645649735,-.0083428291588279,34.156841
700,1993,16.2503628235732,13.4382407015257,15.3848585620043,-.0388020366435365,40.253658
700,1994,16.3203205812766,13.2256182778095,15.395350891605,.0004186765097447,45.385834
700,1995,16.4659361407688,13.964034006008,15.5041016071364,.0004186765097447,47.702461
700,1996,16.5048078380749,13.5923670066501,15.5354036382486,.0004186765097447,46.53289
700,1997,16.5500192152982,13.6534209480604,15.5687984280497,.0004186765097447,56.638962
701,1992,17.3618074304372,14.4334006448447,15.6052798981987,-.0403294104914093,38.571877
701,1993,17.3378424579249,14.2259426435246,15.7258973877876,-.0503797463449108,43.71003
701,1994,17.5599507201067,14.3291913019926,15.8390394683183,-.0305771190487311,40.592224
701,1995,17.1775025969379,14.5545866704126,15.9646031661399,.0086435941045502,34.604645
701,1996,17.3995123569889,13.485206260438,15.9264596692801,.0382023963460947,42.861668
701,1997,17.5270094159635,14.9880642096695,16.1272063819214,.0677611985876391,39.585876
701,1998,17.5195701296516,15.5079793858517,16.4250971678158,.026939204067384,44.062069
701,1999,17.4812481748237,14.1723594867668,16.4034515700119,.0661599172206651,45.858982
702,1992,10.9526261962928,7.51752085060303,9.569747579879889,-.0024193936806384,2.6042266
702,1993,10.7248240387847,6.58202513889283,9.51708214876639,-.0024193936806384,.031743333
702,1994,10.5641525440189,6.97914527506881,9.490688113860349,.0173832336155412,.48407376
702,1995,11.066736197062,5.08140436498446,9.398991852465009,.0173832336155412,2.8485065
702,1996,11.093339626971,0,9.29551756788365,.0173832336155412,3.7187688
702,1997,11.0698555004718,0,9.19204400969307,.0173832336155412,4.0603127
702,1998,11.0351495864372,5.39362754635236,9.109270637735509,.0173832336155412,-4.1451344
702,1999,11.1118072841578,0,9.00579774581111,.0173832336155412,-1.2253274
703,1991,15.6386758612507,11.9699514983163,13.3814177085428,-.0723416310587393,-8.0763264
703,1992,16.0802155342736,12.5231472442645,13.636144628996,-.0427828288171949,7.5988603
703,1993,16.0724740618883,11.8592773085859,13.6833176976769,-.0132240265756506,18.160242
703,1994,16.1553878858762,12.1733273217171,13.7719959833683,-.0032736957224826,16.28269
703,1995,16.2235818066992,10.9895210589974,13.7154759455827,.0165289315736971,17.619232
703,1996,16.157877914019,11.5904789231853,13.7085972818421,.0264792624268651,17.735666
703,1997,16.3799655205785,11.469777851627,13.6893700708984,.0364295932800333,19.249481
703,1998,16.7108527585021,13.1124423261225,13.9994022980417,.0463799241332013,25.618919
704,1992,15.5712072444253,10.7510710864005,13.3237181479247,-.0921621917742504,33.175285
704,1993,15.674541005635,12.3236645518114,13.537550803574,-.062603389532706,33.739002
704,1994,15.749585755561,12.8878630817009,13.7639226938795,.0143576516034225,36.510033
704,1995,15.7481119149038,12.3532202898165,13.8682430362297,.0631478157728545,40.480251
704,1996,15.9387990140184,12.347298732913,13.9480933132747,.0223258212525991,44.899612
704,1997,15.9234785314367,12.7925278689017,14.0985307808616,.0322761521057673,46.679935
704,1998,15.7387238651773,11.8260047797513,14.0808230107122,.0018169446210587,44.314148
704,1999,15.647388061475,12.1599606418852,14.098837259543,.0600858527450346,46.469673
705,1992,17.5894562310406,13.4356693359937,15.5276259358941,-.295698283024355,60.875801
705,1993,17.7028341344194,13.5254509948534,15.5519388194647,-.218737241888227,61.364594
705,1994,17.7110187758541,13.15390274131,15.5337001076982,.0123744790751596,61.423813
705,1995,17.5983087607319,14.4811554951151,15.446410621883,.116734494399403,66.217659
705,1996,17.6308831836694,14.340981414856,15.6142757629511,.0333528854603515,65.004967
705,1997,17.7231138379039,13.4012049878706,15.6056492811594,.128663065264676,66.458641
705,1998,17.7888265965302,13.2710385223855,15.5857793309091,.0452814563256254,66.929604
705,1999,17.8390441423217,13.6745815848736,15.6079975791289,.0940716204950574,74.433632
706,1992,16.3500868109912,14.2126269120102,14.1132499109954,-.148725576357661,64.236458
706,1993,16.3742684973279,11.978023330611,14.1157840250434,-.119166774116117,69.524139
706,1994,16.3423327343696,11.2008550669614,14.0560065215618,-.0608978659921407,69.083168
706,1995,16.3792054421581,11.4890322827502,14.0149940034695,.0524308193148627,70.409775
706,1996,16.4422153566868,12.9751850011458,14.1936729150325,.0524308193148627,71.76915
706,1997,16.4750000911423,11.8049157437595,14.1633057331936,.0524308193148627,71.094337
706,1998,16.5112003123549,13.8702704866258,14.5822624126161,.0916515324681441,69.772949
706,1999,16.5550465778358,14.5114069559604,15.0958880820416,.0508295379478889,70.545845
707,1992,15.7443408575541,11.9609454652638,13.4437399601002,-.0705120178130507,38.545528
707,1993,15.4264268535313,10.430580148766,12.3912509512618,-.0312913046597694,42.093628
707,1994,15.3903440763526,11.2427820209938,12.5574546063153,.007929408493512,41.244572
707,1995,15.4988996203848,12.0313680062274,12.9008594811208,.0374882107350564,48.229652
707,1996,15.5891204930334,11.7981044072039,13.0625849224877,.0374882107350564,48.282906
707,1997,16.1183325837341,11.7611595984549,13.1770322281856,.0374882107350564,56.436993
707,1998,16.2422448361283,11.5353520975318,13.2294510207182,.0374882107350564,58.813835
707,1999,16.0171974895109,12.2019089895322,13.4034384214338,.0572908380312361,58.130875
708,1992,14.2854669164283,9.13776967914135,12.9561212902547,-.140720257033125,21.374933
708,1993,14.2462218369651,11.4257104308803,13.062247913445,-.111161454791581,23.463865
708,1994,14.7535888983206,10.7100080602638,13.0592853359136,-.0623712906221485,21.892944
708,1995,14.7623655591373,11.1009039102628,13.0925946531307,-.0231505774688671,25.674488
708,1996,14.715989534642,11.7903829439623,13.2263298017683,.0351183306551087,26.120438
708,1997,14.6135269671325,10.6872064312805,13.2027369226528,.0743390438083899,29.290922
708,1998,14.6714244010145,10.5294259834026,13.168243215442,.113559756961671,28.499125
708,1999,14.6049655141763,0,13.0724381993503,.0831005494769626,38.359955
709,1991,14.9957238779502,12.0782392740203,14.1965103493151,-.152465146785353,33.848732
709,1992,14.9890877384437,12.3227617497283,14.2436587161284,-.132662519489174,38.430054
709,1993,14.7877368923213,11.4230554605412,14.2018970885889,-.112859892192994,72.441353
709,1994,14.6254807737478,12.8292505852526,14.328857879576,-.0545909840690181,37.592369
709,1995,14.9595978880721,12.0365883375377,14.3211588625126,.0315867121720343,36.483803
709,1996,14.9833423914793,11.6498137170323,14.2833758400745,.126896891976359,46.798817
709,1997,15.3250478002002,12.9743968694407,14.4076438735892,.146699519272539,52.97168
709,1998,15.4360504060006,12.6012348606424,14.4486501107028,.0954062248849882,47.2313
710,1991,15.7923736304556,11.8802316959776,14.1404825625415,.0352137915963473,24.964369
710,1992,15.8759364031231,11.3636827214956,14.0983114869945,.0150110842788278,22.894474
710,1993,15.7772804245571,11.9622989996632,14.0988568444662,-.0051916230386918,27.232769
710,1994,16.329726028889,12.94297351898,14.2649540180514,-.0051916230386918,33.480518
710,1995,16.3236432991562,12.7402035785627,14.3473168795347,-.0051916230386918,27.464827
710,1996,16.3636135575346,12.2914564487399,14.3521083089959,-.0051916230386918,32.956467
710,1997,16.6062263444861,13.3805605098867,14.5455750316104,-.0051916230386918,38.14941
710,1998,16.9183397504128,13.3625921416963,14.6840098987291,-.0253943303562111,41.35796
711,1992,15.570272494724,12.0845149949698,14.7077622945937,-.520057020371598,35.235165
711,1993,14.8319999030574,12.4575703903409,14.7047338495758,-.490498218130053,35.590046
711,1994,14.7207722584357,12.3104146426741,14.686810451083,-.190393625679715,37.271862
711,1995,15.5062232798725,11.8693613803439,14.6368632047983,.497741013056686,38.598446
711,1996,15.3400977829983,11.9142553682252,14.5909841749645,.15525070410991,40.200867
711,1997,15.4441534004501,12.0919068099106,14.5588476844467,.222909352583724,40.423466
711,1998,15.6236853107089,12.5427055835239,14.5696888659413,.0950759810738394,43.939857
711,1999,15.6410376267811,11.8361966643412,14.5216975000888,.226104243480244,43.215904
712,1992,16.3935846679206,14.1936476338123,14.2376239117692,.0556015474491331,29.590298
712,1993,16.6435764449874,13.748303947306,14.6160228735893,.0754041747453127,36.610554
712,1994,16.860375187839,13.7638687818114,14.8603821035438,.0345821802250577,41.552597
712,1995,16.883453368886,14.1904277948634,15.1497078543914,-.016711114162493,40.12941
712,1996,17.0118803567338,12.8872079717569,15.1233310842525,-.0267614500159944,43.908131
712,1997,17.0629020254683,14.3177302567584,15.3570302926498,-.0368117858694959,45.280003
712,1998,16.973410913824,13.9721886127157,14.982546622882,-.0468621217229973,53.255516
712,1999,16.7886744082158,13.0005391872714,14.9798103636713,-.0468621217229973,53.653187
713,1992,14.5048923070657,0,14.2435082890273,-.108583094209316,20.95439
713,1993,14.4474577473257,12.3007644523632,14.309965002277,-.108583094209316,21.999582
713,1994,14.4909290340959,11.7020571136927,14.3125514270612,.206227645630717,25.851105
713,1995,14.6093829437104,11.9611307267546,14.3312105228045,-.0682092000710431,28.556702
713,1996,14.6146520372991,12.2450192826665,14.3720631448003,-.0289884869177618,29.23498
713,1997,14.6295905462142,11.83679721933,14.3743621682761,.0102322262355196,28.783197
713,1998,14.6215048069387,10.6659042329845,14.3291940541199,.0300348535316994,32.755154
713,1999,14.7324195945093,11.7263257040014,14.3263147815013,.0300348535316994,34.378372
714,1992,14.167644122358,10.5279275350863,11.7433147027833,-.107224998387245,26.013327
714,1993,13.7655464554135,10.7749901016201,11.9631427542871,-.0680042852339634,21.208399
714,1994,13.7778863318496,10.0177978987135,11.9857046138952,-.0287835720806822,17.004143
714,1995,13.9170408910287,10.7144177687525,12.1153363395987,.010437141072599,17.083868
714,1996,13.9124673265256,10.3449630981673,12.1527762937303,.0496578542258806,20.370382
714,1997,13.738502973261,10.5733661061567,12.2172751623682,.0888785673791619,20.271063
714,1998,13.8503088208358,11.8366163672267,12.6007612282471,.0888785673791619,22.785421
714,1999,13.9705996607774,10.535796025865,12.5989002355293,.0888785673791619,23.261974
715,1992,15.4797983944929,12.2020696442004,13.2907230862922,-.107224998387245,36.373444
715,1993,15.2306065662968,13.018330868444,13.7617266909898,-.0680042852339634,35.617142
715,1994,15.1916016290227,12.2192701737742,13.845769309359,-.0287835720806822,28.713791
715,1995,15.2153621513853,11.9255184426844,13.8663734297333,.010437141072599,31.736324
715,1996,15.2154481820661,11.5003770620487,13.8385968078739,.0496578542258806,33.512302
715,1997,15.0001869188978,11.408497847361,13.8046707186157,.0888785673791619,34.221008
715,1998,15.0819529992355,11.4737271515661,13.7782504415845,.0888785673791619,37.381039
715,1999,15.0550616726735,12.1050526959708,13.8260852483199,.0888785673791619,38.365078
716,1992,11.7677424759702,6.71901315438526,8.895040412487729,-.155127565705843,-9.1078033
716,1993,12.2927949272574,7.95752740223077,9.132519361172109,-.115906852552561,-2.5620532
716,1994,12.4100556558663,7.69484807238461,9.24452921571288,-.0297291563115091,.32468507
716,1995,12.3133776241517,9.44367184967788,9.923741058563371,.0285397518124666,2.8768334
716,1996,12.4562502810703,9.37398866350452,10.2573470367852,.067760464965748,3.1003368
716,1997,13.0004378714522,10.3888415103284,10.88170464683,.0875630922619277,-.16704307
716,1998,13.5266430135209,9.69196372993396,11.0272963918372,.0975134231150957,2.2308083
716,1999,13.3655433604358,9.676398728859629,11.1375437787482,.117316050411276,4.6694064
717,1992,10.5630417573502,8.784774592161019,9.126241114284509,-.0744965975814581,-1.570915
717,1993,10.4228196354429,0,8.997394645638421,.0024644435546703,-3.6774409
717,1994,10.748441874333,6.61204103483309,8.959992619171089,.0024644435546703,-4.0372238
717,1995,10.6888922440748,0,8.83114224624374,.0222670708508502,-.40529299
717,1996,10.2976184607577,0,8.702277594699121,.0222670708508502,-1.3625959
717,1997,10.5314581163836,0,8.573422284682669,.0222670708508502,2.5115223
717,1998,10.8672189009445,0,8.444579486903731,.0420696981470298,3.7568636
717,1999,10.83165078958,0,8.31571327973805,.0618723254432095,6.2324815
718,1992,13.2576327509015,9.803667217253921,10.0642449314142,-.168119538459508,20.163288
718,1993,13.3489951393962,10.3686984650412,10.8404628756031,-.273480054117335,23.609863
718,1994,13.4857570449663,10.5638532435717,11.3126631305618,.11178234667331,24.685181
718,1995,13.7967005256324,10.8525745588254,11.6940696622818,.426593086513344,28.757551
718,1996,13.8184336248293,11.2811825448426,12.0844963620975,.0841027775665678,29.2969
718,1997,13.9482370957991,11.5161602274802,12.4135765323817,-.258387531380208,30.593664
718,1998,13.9793946740337,12.8176083886031,13.1887099505304,-.136169898655959,31.315754
718,1999,14.1074825159137,13.7399752599732,14.0478237790594,.0789414809609867,28.363302
719,1992,11.1309766681251,8.79102985704596,9.371497875153571,-.0805933252866015,-.41026068
719,1993,11.0036985625679,6.26909628370626,9.35457057764742,-.0510345230450571,-.42166352
719,1994,10.9122116027414,0,9.29418507367123,-.0118138098917756,-1.2720221
719,1995,11.1644170836979,0,9.23379319195096,.0274069032615057,-2.9207029
719,1996,11.0978796077052,8.929832503272401,9.687623689874821,.0274069032615057,-3.45806
719,1997,11.2025068655446,0,9.627239857710009,.0274069032615057,1.9369476
719,1998,11.4138893524917,7.43543801981455,9.662065461913381,.0274069032615057,1.5566442
719,1999,11.3668239700288,5.29330482472449,9.612867836096999,.0274069032615057,1.6252208
720,1992,12.1948312976731,9.51848661756032,10.1503671615269,-.289196417190276,11.503302
720,1993,12.3682584995645,0,10.0388878227206,-.166978784466026,15.606122
720,1994,12.1424906800806,0,9.927418899827829,-.0716686046617016,15.618872
720,1995,12.9417625153657,0,9.81592875301085,.159443116301685,21.799479
720,1996,12.5284059792959,0,9.704438874225961,.0651324368304437,23.821802
720,1997,11.8405502121205,0,9.592946185938271,.0651324368304437,23.651409
720,1998,12.1831174764141,0,9.481458516877289,.0651324368304437,20.506292
720,1999,12.2275583146853,0,9.369964615911311,.0946912390719882,19.724478
721,1992,10.9941108159816,8.363342466597979,8.233051511040451,-.288128022051476,-9.8560419
721,1993,11.2945662314348,7.57558465155779,8.55829674629465,-.192817842247151,-14.897955
721,1994,11.6831861529143,7.99193051985248,8.90951902271704,-.0975076624428259,-7.5670605
721,1995,11.4625021232335,8.89439598980643,9.47864847524477,-.0113299662017735,-11.2796
721,1996,12.3278317076039,9.866564198431529,10.2515071467715,.0748477300392789,-.78578305
721,1997,12.2281904821423,9.06762406977459,10.400701962587,.0748477300392789,-2.1907496
721,1998,12.2188049088221,9.474165107897401,10.6117597708411,.151808771175407,-4.4662895
721,1999,12.0104977629297,10.025351140293,10.9242770288499,.191029484328689,-7.8741212
722,1992,12.8367757234594,9.73068058811076,10.4086471546755,-.099355510601816,23.600935
722,1993,12.5907361595409,9.542804587199861,10.6661188172517,-.0795528833056363,1.6900663
722,1994,12.7258323756665,8.15075647027555,10.6414407807266,-.0499940810640917,-9.1756334
722,1995,12.9351166734989,10.4174183502555,11.1137187323125,-.0107733679108104,-7.2013636
722,1996,13.0377408232258,0,11.0102449131947,.018785434330734,7.6594262
722,1997,12.8662201968042,0,10.9067721612468,.0483442365722786,7.7949772
722,1998,12.9523378596761,0,10.8032972146292,.0779030388138229,.96852338
722,1999,12.8623305929239,0,10.6998251457828,.0779030388138229,-7.1097598
723,1992,10.731519412546,6.78332520060396,8.61024628045201,-.0813352506461151,-6.664227
723,1993,10.6974611140188,7.31521838975297,8.75842810272203,-.0517764484045707,-3.6274042
723,1994,10.6773773922382,5.80513496891649,8.709399070284171,-.0418261175514027,-.64571261
723,1995,10.6873431382663,0,8.60902460003385,-.0026054043981213,-2.2965922
723,1996,10.7500984235032,0,8.50865686039395,.0171972228980585,-3.5838296
723,1997,10.7384090381071,0,8.40829308545988,.0369998501942381,-3.7673686
723,1998,10.7765731826837,0,8.30790323439056,.0469501810474062,.70271426
723,1999,10.7451145347494,0,8.20753813815405,.0667528083435858,-.4269304
724,1992,12.0528974272855,8.74671634969449,9.3126171377611,-.101346825810487,-1.8979206
724,1993,11.9790151948948,7.01391547481053,9.33445001902172,-.101346825810487,2.3658321
724,1994,11.9271182095506,9.341894811716481,9.926925720102661,-.0717880235689424,6.6293068
724,1995,12.036574875018,6.34388043412633,9.83474822033395,-.0325673104156609,4.5160928
724,1996,12.016094923136,7.8815599170569,9.843610151480711,.0066534027376203,6.6085377
724,1997,11.9491993293123,10.3147359054,10.6516743761478,.0458741158909016,6.6314368
724,1998,12.0152945234777,0,10.5319281978449,.0458741158909016,10.011172
724,1999,12.0958927702407,9.47270463644367,10.6948928362288,.176902378297306,5.5746779
725,1993,13.8667419511501,0,12.5808616841528,-.0430354661200032,45.998283
725,1994,13.9533900900784,0,12.4794921138791,.0057546980494288,39.108891
725,1995,14.4487142956387,8.650849576228911,12.3990315908285,.0157050289025968,34.860172
725,1996,14.4010909935847,10.4874892858353,12.4289997734265,.0355076561987767,39.300568
725,1997,14.4988259262242,9.12565356380899,12.3615007947601,.0553102834949563,39.986015
725,1998,14.7026031033623,8.9445502459405,12.2902423638294,.0553102834949563,41.057549
725,1999,14.8166037834056,9.484709215365839,12.2433231498653,.0848690857365009,41.691536
726,1990,12.4591632732123,8.85366542803745,9.607235529401279,-.0962009221962843,7.4733334
726,1991,12.2562224292156,0,9.491503743790849,-.0862505913431163,0
726,1992,12.4089435162333,9.952277716705559,10.3604565995114,-.0374604271736843,-3.6830094
726,1993,12.16411810516,7.77106708606541,10.3203145360537,.0208084809502917,2.8029327
726,1994,12.3417446026538,9.74096862303835,10.6589708306784,.0884671294241065,-.33989546
726,1995,12.5337729936884,9.473473571506551,10.8065917226061,.0476451349038513,7.4843063
726,1996,12.6686897502241,8.274102002292331,10.7645805354454,.0476451349038513,13.066917
727,1993,15.7792352021253,12.0229487669622,14.3156796621845,-.057316711251577,34.814835
727,1994,15.6654050560323,11.8130300574206,14.2712784000169,-.0085265470821449,20.795097
727,1995,15.8804665609318,12.0946996466213,14.2524148352378,.0306941660711363,24.626627
727,1996,15.9090964432191,12.4408720032401,14.2740386569563,.0794843302405683,26.754025
727,1997,16.3663828390143,11.5537794589785,14.2094668934795,.109043132482113,35.531628
727,1998,16.3581948532565,12.9571608502774,14.3248669829862,.109043132482113,36.363953
727,1999,16.3539655943703,12.7949642553114,14.3857462121114,.109043132482113,38.581963
728,1993,12.713608819436,0,10.7471559773402,-.151834611615431,5.2391829
728,1994,12.2648687223616,9.80095636388846,10.9771904967959,-.0296169788911824,2.5393615
728,1995,12.3525161602047,8.069968149059839,10.9275522852682,.0656932009131424,5.6927829
728,1996,12.6046271026407,6.62539236800796,10.8389552258098,.133351849386957,4.8855443
728,1997,12.5395028337277,9.62284729487339,10.9826893370177,.153154476683137,9.6733904
728,1998,12.8841949569203,9.274159884689141,11.037249779987,.172957103979317,6.3198509
728,1999,12.761470508426,8.910315776326019,11.0405141395489,.192759731275496,11.288176
729,1992,13.6711722053354,9.7375510249915,12.0617760873077,.0007673656728877,12.494502
729,1993,13.6103701945751,12.1186393613684,12.6908457299244,.0007673656728877,14.893119
729,1994,13.9522610332226,11.5590835969513,12.8602502813914,.0399880788261691,16.474701
729,1995,13.7519863209198,11.1247156247444,12.9038189837322,.0499384096793371,16.3302
729,1996,13.8130012304155,7.81399567500279,12.7928685420055,.0697410369755168,17.745575
729,1997,13.9396158331956,10.2381366997679,12.7473562787802,-.0136405719635343,18.491508
729,1998,13.8812827307195,10.6276245497828,12.7380825886749,-.0136405719635343,19.125135
730,1993,15.2523417425345,11.4449463651574,13.1999519993482,-.0676322982712466,14.704212
730,1994,15.2736310036092,11.5130354589207,13.2777158490761,-.0284115851179653,16.00561
730,1995,15.1711284224087,11.670817707841,13.3617688637829,.0298573230060105,18.650267
730,1996,14.8051362205177,11.0581177901464,13.3590496901481,.069078036159292,14.572913
730,1997,14.9675165489558,11.1454206606485,13.3632000384286,.07902836701246,16.344067
730,1998,14.987158472287,11.7306785135954,13.4365590376107,.0588256596949405,18.905006
730,1999,14.976441214021,12.3640417402094,13.6169455883489,.0883844619364851,21.720911
731,1993,12.2179101047549,0,8.352294963042221,-.0676997395013611,-1.4442799
731,1994,12.3679623534203,7.43602781635185,8.59757430336305,-.0094308313773852,1.2796726
731,1995,12.5317129469638,6.61338421837956,8.63000388544606,.0297898817758961,.36237857
731,1996,12.5381181887343,0,8.538093255523981,.0593486840174405,1.5644535
731,1997,12.5588096069537,8.006367567650249,8.881530702756979,.0889074862589849,2.9617763
731,1998,12.5372382031795,8.406261630708959,9.24307858056396,.118466288500529,1.4291939
731,1999,12.4793404376505,7.29165620917446,9.27360620859427,.148025090742074,-3.9097226
732,1990,13.0406955165511,9.42545175159313,9.93556744599954,0,-3.5726242
732,1991,13.3225625071514,8.915297945118111,10.167865173456,0,.93379802
732,1992,13.1123251626895,9.805488761654029,10.6185747803642,0,4.231813
732,1993,12.9636724060349,8.966228514225779,10.7066767732973,0,7.5345507
732,1994,12.960733464379,8.720134035412929,10.7449771489975,0,9.0649652
732,1995,12.9728512561443,8.30498958014036,10.7350740620732,0,10.211036
732,1996,13.0366486139933,0,10.6447127389791,0,10.858062
733,1991,12.9123558906829,9.6614159913364,10.118118978284,-.210273417441122,-7.9069462
733,1992,12.9003596547385,0,10.0012447359835,-.12409572120007,-2.2434227
733,1993,13.1467216042995,9.21034037197618,10.2729074336272,-.0107670358930668,-3.0889783
733,1994,13.3848752375172,10.0858091093301,10.772565076192,.0568916125807479,-1.1814495
733,1995,13.6966418798339,9.26530193005016,10.8534393405026,.133852653716876,-.4659707
733,1996,14.0988153252866,9.609384912281421,10.9817593692956,.163411455958421,-1.9669183
733,1997,13.8276850015822,9.016876974763379,10.9901234091936,.183214083254601,-2.8370123
734,1992,11.1307399362252,8.510571315107351,8.801996123117171,-.0640398986682837,-3.0623014
734,1993,11.1223587500277,7.26262860097424,8.898748047476859,-.0152497344988516,-4.9679704
734,1994,11.028412325476,7.43307534889858,9.00568731297564,.0335404296705804,-.66902947
734,1995,10.9832713131465,6.92362862813843,9.016816300674231,.0533430569667601,-.16780485
734,1996,10.9367290868882,5.95324333428778,8.956827815294499,.0731456842629398,-1.0917392
734,1997,10.9773677402095,0,8.85335109292506,.0929483115591197,6.3153462
734,1998,10.98395097841,0,8.749875107549141,.112750938855299,6.8192492
735,1990,12.417605358263,9.43019853229886,9.52259309836217,-.108735479198804,-.72567081
735,1991,12.3298848127082,8.752581469146881,9.821588539660359,-.108735479198804,3.8558152
735,1992,12.1368385646387,10.7268732100198,10.9945430269368,.0045932061081995,5.3261638
735,1993,11.980234620095,0,10.8910677167814,.0045932061081995,6.7441015
735,1994,12.1141814618953,7.86901937649902,10.8358110696749,.0145435369613676,8.375576
735,1995,12.0044951451277,8.835937789319839,10.8561680711932,.0822021854351825,2.9780388
735,1996,11.8777070187228,4.47733681447821,10.7543091970969,.0921525162883507,1.8694836
736,1992,12.7558567793939,9.14633504200027,12.0410783017799,-.0783139802476557,9.6435337
736,1993,12.7508292164751,6.80903930604298,11.9827447022168,-.0390932670943745,10.329104
736,1994,12.8467083303675,5.82304589548302,11.9211115345696,.0096968970750576,10.269394
736,1995,12.8540962742783,10.0986019311288,11.9939753589676,.0489176102283389,11.75474
736,1996,12.8305534735289,8.761393485256059,11.9648714061275,.0489176102283389,13.106517
736,1997,12.8429523491674,8.27231514795602,11.9184799024217,.0784764124698834,11.23914
736,1998,12.6564658664267,7.31055015853442,11.8606484595071,.108035214711428,12.072152
737,1990,12.6863107986861,9.73654709778048,11.6674046622583,-.213886440168729,5.6451621
737,1991,12.5965157938109,0,11.5415032036019,-.213886440168729,5.3506312
737,1992,12.5869749816359,9.99688681679468,11.6210217350371,-.213886440168729,3.9701526
737,1993,12.7253303579039,10.9218835073474,11.917228564875,-.213886440168729,5.9762855
737,1994,12.6946050431856,9.76709492763057,11.9053681481729,-.0232660805600791,9.2577477
737,1995,12.8207147285791,9.85293082891897,11.8998327706661,.0989515521641699,8.3213387
737,1996,12.7181634186525,10.8393455899028,12.064270573505,.157220460288146,8.2431383
738,1993,10.9397738150228,7.69621263934641,9.009887430581671,-.0943812490782675,5.0535302
738,1994,10.884678176606,7.65964295456468,9.138726210766389,-.0455910849088355,1.5447525
738,1995,10.9004338332481,6.5510803350434,9.104624237537941,.0126778232151403,3.0521085
738,1996,10.874889830594,6.71052310945243,9.083086378049231,.0518985363684217,5.6448212
738,1997,10.8596943529824,8.278428259199069,9.32969550457368,.0911192495217029,6.0668788
738,1998,10.8241772804807,0,9.225652540077791,.0911192495217029,5.6261444
738,1999,10.9005163608537,7.65917136766606,9.29869001974853,.120678051763247,4.5310845
739,1991,11.993217986196,10.6942150614349,9.69519566722035,-.149335841769466,6.7216916
739,1992,12.0007610753176,0,9.61029029939624,-.0910669336454904,5.3743134
739,1993,12.0014339003128,0,9.525348172690419,-.0327980255215145,9.7772198
739,1994,12.0284749138851,6.92755790627832,9.511947538699889,.0625121542828104,9.9708776
739,1995,11.9852823594389,0,9.427039200606369,.0625121542828104,9.3644743
739,1996,12.015922447814,8.74830491237962,9.72988983218422,.0625121542828104,12.215971
739,1997,12.0727559225772,0,9.64498233236964,.0625121542828104,4.8783431
740,1992,15.418740047495,11.4439825922333,13.2819484072244,-.0826682320957779,36.215843
740,1993,15.5700417698852,11.7752897294377,13.3762577192888,-.0057071909596495,39.98629
740,1994,15.6865598886786,12.0063403984764,13.4938678976114,.0140954363365305,39.251308
740,1995,15.6587298472038,12.194910580824,13.6178423615982,.100273132577583,44.652428
740,1996,15.7834735398279,11.7534451726679,13.6428702265109,.0902227967240813,46.347675
740,1997,15.8976375684539,12.3611214933124,13.7628135419783,.0801724608705799,47.907051
740,1998,15.9774646770659,12.3325995640018,13.8524765195362,.0801724608705799,51.359348
741,1990,16.4988790092569,13.1030092894993,15.0532405235421,-.255937087852915,42.361862
741,1991,16.6123911669193,13.2894731528244,15.1339104263013,-.197668179728939,47.666744
741,1992,16.7511296158605,13.3577153023326,15.209112950255,-.139399271604964,58.477901
741,1993,16.8731871494021,13.607636088628,15.3102416583107,-.0811303634809876,60.435566
741,1994,16.9254526717367,13.5911112184781,15.3895170870578,-.0228614553570118,60.501831
741,1995,16.9841725466651,13.7523641340762,15.4751798431467,.0259287088124203,64.059059
741,1996,17.0261610158664,13.8236126472172,15.5549836082408,.0747188729818523,70.224327
742,1993,11.0997995972622,0,10.0410819300477,-.181636557109438,14.84971
742,1994,11.11853975579,7.24565506759454,9.99018804787373,-.0594189243851885,13.490351
742,1995,11.32623900798,7.83002808253384,9.985938128198169,.0539097609218147,12.610701
742,1996,11.3907714469659,7.85360481309784,9.982127738674439,.140087457162867,12.642895
742,1997,11.3261180666024,8.021256180144,9.99571115557775,.179308170316148,15.655331
742,1998,11.2837510409481,6.55819780281227,9.91402187125103,.21852888346943,13.505353
742,1999,11.3369181449515,7.53422832627409,9.88552213653327,.267319047638862,14.713752
743,1990,16.9627212495994,14.7399591240398,16.0359925721772,-.134195941103261,45.385323
743,1991,17.0310931234391,14.1738728774838,16.0949393820873,-.0759270329792849,46.712502
743,1992,17.0858057491447,14.2068672757928,16.1469811877726,-.027136868809853,52.204391
743,1993,17.0963128237842,14.1108616481809,16.1788789990006,.0024219334316914,62.377583
743,1994,17.1305727463339,14.0099854627308,16.194096212463,.0319807356732359,53.990868
743,1995,17.130539059012,14.5071496018576,16.2648719524874,.0712014488265171,56.911472
743,1996,17.0507492609349,14.2481886770245,16.2895298297575,.110422161979798,64.557999
744,1993,12.1621803356888,7.99226864327075,11.4978625872932,-.0297357301580314,18.217527
744,1994,12.2412380343337,7.21817683840341,11.4009788641443,-.0001769279164871,19.004086
744,1995,12.2370582261105,10.9490154701118,11.775205110473,.0293818743250573,19.834152
744,1996,12.3049649062003,8.68996933536666,11.7071574765233,.0491845016212372,19.075533
744,1997,12.3866592789621,9.34548296591848,11.6816576024534,.0591348324744052,20.190472
744,1998,12.6417656626518,9.57553888685579,11.6791083240728,.0789374597705851,24.269897
744,1999,12.6867303395976,10.7704829926854,11.8877691531252,.0987400870667647,24.143824
745,1992,11.3798325129825,9.428431179653741,8.871252718131149,-.0626726566130994,-.033523433
745,1993,11.3691793610363,0,8.75944893565323,-.0626726566130994,2.6296177
745,1994,11.4046926055331,8.85936344915209,9.403832636772311,.0049859918607155,.069854066
745,1995,11.3517221937391,8.296795865770051,9.573134555122939,.0726446403345303,2.9464774
745,1996,11.6728747942225,9.16565676434954,9.96807138514712,.102203442576075,4.3356223
745,1997,11.5662583161067,9.42003387556599,10.2928503786182,.131762244817619,6.6126175
745,1998,11.8846771894588,0,10.1875116929044,.131762244817619,5.2294135
746,1993,12.8019463486582,7.92008319905323,11.3829796365208,-.41428647399427,13.013446
746,1994,12.717105746934,7.93272102748195,11.3238946513637,-.129107531760607,14.343902
746,1995,12.709244325632,8.975883060761699,11.3214113861135,.125534686612974,14.560515
746,1996,12.5831276431374,9.61453801051738,11.3883458850435,.0847126920927183,15.892579
746,1997,12.7308703143511,10.2271639852113,11.5527998106131,.13350285626215,22.052364
746,1998,12.747774584492,11.3298916545839,12.0147668510647,.182293020431582,21.56864
746,1999,12.8662883251561,8.98017220572501,11.967479740161,.231083184601015,22.375683
747,1991,17.2619484942877,15.8487266001589,15.4503437628807,-.360123667344747,83.642776
747,1992,17.1282118956206,14.8361775212474,15.7896944398076,-.301854759220771,88.133125
747,1993,16.90673318515,13.141442213415,15.7490153347311,-.224893718084642,93.129845
747,1994,16.849895092214,12.1165964151018,15.663883336008,-.157235069610828,94.222603
747,1995,16.8340105050295,12.1285758609091,15.5802835799403,-.0174731272356688,93.226501
747,1996,16.7420054487415,12.50137312409,15.5116459214517,.156480179887769,95.00428
747,1997,16.8787700146693,13.217318948888,15.4910176694506,.287508442294173,96.429161
748,1990,15.5375649370535,11.5066860401802,13.8424056214269,-.0986748918445345,32.97551
748,1991,15.5416888571996,12.3916223196756,13.9544849729298,-.0691160896029899,38.758266
748,1992,15.5309711588735,11.6149765103676,13.9375502102492,-.0298953764497086,38.992477
748,1993,15.5394600569431,11.9136593987025,14.0613551204345,.0093253367035727,43.562252
748,1994,15.6324403420752,11.6779821715859,14.0378349738787,.048546049856854,45.5107
748,1995,15.6708676325989,12.2165772781753,14.0717648870415,.0584963807100222,48.099957
748,1996,15.6346226016288,12.6304739926567,14.1628522220347,.0684467115631903,49.69418
749,1991,10.9150884642146,7.3132203870903,9.726153537253211,-.40843535140203,.30884811
749,1992,11.0821425488778,0,9.636529251624321,-.268673409026872,6.5205107
749,1993,11.0821425488778,0,9.54693402979697,-.128911466651713,6.5480909
749,1994,11.1683202451188,0,9.457317630541789,-.0336012868473882,3.5758111
749,1995,11.1591035900139,0,9.367720118465931,.0433597542887402,7.51759
749,1996,11.176753183358,0,9.278120508397141,.129537450529793,8.0673237
749,1997,11.0855981100049,9.711115659888669,10.075615665594,.206498491665921,4.6571794
750,1993,14.6111925220276,12.5444216912714,14.160679369518,-.0490120829819769,35.709587
750,1994,14.8808480230483,11.7668077047107,14.1265779498466,-.0490120829819769,37.560989
750,1995,15.0244536116916,12.9226262460356,14.263261612492,.0279489581541517,41.558044
750,1996,15.159625245684,12.7110572436712,14.3259139526041,.0767391223235837,43.038776
750,1997,15.3938347015222,13.3099593334009,14.4995248604655,.0866894531767517,45.521358
750,1998,15.4870712150099,13.3873027848816,14.6477766481111,.0966397840299197,45.153748
750,1999,15.5167313302555,12.8227355712733,14.6654142772928,.0966397840299197,45.422924
751,1993,13.3233127751641,8.94441979130591,12.353154255397,-.0342202624819965,28.471014
751,1994,13.6494347839639,9.093132171070639,12.2662934211058,.051957433759056,24.105558
751,1995,13.4138042862928,10.5689808653142,12.3079769453491,.051957433759056,24.261103
751,1996,14.1122782136625,10.6917403465236,12.3587546759911,.051957433759056,20.553474
751,1997,14.4182917437379,10.5335351761528,12.376782041396,.0317547264415364,26.363373
751,1998,14.4227720722675,10.6339786862365,12.4054065842947,-.0090672680787186,28.693716
751,1999,14.4852296447005,11.1016434715405,12.5086105713184,-.0498892625989737,30.7113
752,1993,16.8376545630805,14.3231236269977,16.5856834895301,.0296539977586494,55.070518
752,1994,17.1103248920757,13.6433618815149,16.5144396075491,-.0111679967616058,62.686447
752,1995,17.1613589703273,13.6427891717146,16.4447795664592,.0280527163916755,54.533901
752,1996,17.1442035449404,14.3779771356772,16.4363275392897,.0180023805381741,57.2938
752,1997,17.2321869118759,14.1851287751749,16.4080782925704,-.0022003267793454,60.586609
752,1998,17.4529962501941,15.2744204209151,16.551255663517,-.022403034096865,61.767464
752,1999,17.3740991630905,16.2132979158491,16.9428600564171,-.0324533699503664,63.251362
753,1993,12.3267350347603,5.03043792139244,10.3709911843909,-.114879558484371,13.66594
753,1994,12.4394070162042,8.5167931113949,10.3955950806888,.0757408011242791,14.517194
753,1995,12.6601621177889,0,10.269691946691,.161918497365331,16.396084
753,1996,12.6257606910716,0,10.143787094637,.0226564300318238,15.659438
753,1997,12.7450241118984,6.3261494731551,10.038774278661,.0714465942012559,15.527433
753,1998,12.6777204300023,7.85399308722424,10.0148947501103,.0613962583477545,17.130743
753,1999,12.5779700272352,9.329278296047701,10.279510118311,.0613962583477545,18.685127
754,1990,13.4342486127624,11.2105898857185,11.2390805493065,-.0149323244166255,-10.576202
754,1991,13.7407715084622,11.5379204708595,12.0197430673387,.0146264778249189,21.357365
754,1992,13.7445705080143,8.84793475332846,11.9376701878103,.0146264778249189,20.810547
754,1993,13.7582956018003,9.273502946933821,11.8827903380775,.0245768086780871,15.736849
754,1994,13.7640106445001,9.979105098994721,11.9006067067125,.0345271395312553,15.34027
754,1995,14.0498749339036,10.9480131753005,12.0998311864,-.0380435533035802,17.192417
754,1996,14.304934030024,11.1197199006178,12.2851407245613,-.0380435533035802,23.960373
755,1991,12.9008282216955,10.1681568506788,11.2469631352223,-.0691917197304235,-2.8724444
755,1992,13.0438238191367,10.0372314225857,11.4222127008365,-.0109228116064475,-.47063053
755,1993,13.0481149092608,8.649273531773449,11.3904210511282,.0378673525629844,1.4147067
755,1994,13.0450788537977,0,11.2966582175954,.0961362606869603,-.58591777
755,1995,13.1413486783054,0,11.2028968923195,.0961362606869603,-.72140992
755,1996,13.1772404867436,0,11.1091349539414,-.0316971108229248,4.3178554
755,1997,13.1485385249141,0,11.0153746727792,-.011894483526745,5.8643584
756,1993,17.8037333392474,14.1796521569259,14.9042087977877,.017460945657676,71.491234
756,1994,18.4764961252743,15.4607593381695,15.8208656484127,.027411276510844,71.794189
756,1995,18.9871065303468,15.4910646214232,16.250622684383,.0072085691933246,75.204498
756,1996,19.2464579018448,14.6728586027764,16.329870365255,.0654774773173005,77.177689
756,1997,19.3226695657919,15.4590903465272,16.5608988422091,.0950362795588449,83.987968
756,1998,19.5307494246281,15.3159790058672,16.698751339667,-.0912932986326486,87.997429
756,1999,19.6104192213084,16.196797398408,17.0434406014059,-.0051156023915961,91.129349
757,1992,11.0760330145318,8.69951474821019,8.640684349146341,-.167376073598652,-2.0796084
757,1993,11.0973428011185,0,8.527242527269239,-.167376073598652,-1.0572323
757,1994,11.065998218573,0,8.41374196302003,-.0363478111922478,.76281267
757,1995,11.422205305885,0,8.300354721236619,-.0363478111922478,4.2288628
757,1996,11.4076804436528,6.19031540585315,8.297119921959251,.0680122041319951,5.2567863
757,1997,11.2668440743285,8.26642147298455,8.83596687134569,.107232917285276,8.1832638
757,1998,11.4710333004844,7.53529670244409,8.9511291315001,.146453630438558,10.242085
758,1993,12.2756883189304,9.72681003812726,10.5149500531235,-.0562900533219872,9.8969822
758,1994,12.3887667129822,7.58933582317062,10.4550394862448,-.0074998891525551,7.5956426
758,1995,12.3504714198409,8.26487826280175,10.4460705308292,.0317208240007262,10.408013
758,1996,12.2059294097951,7.80098207125774,10.3986623383884,.0612796262422705,9.8597794
758,1997,12.1789448392401,6.50876913697168,10.3044793369006,.090838428483815,10.163263
758,1998,12.147398355053,7.43838353004431,10.2433647001489,.130059141637096,14.417732
758,1999,12.1170837849177,6.93731408122368,10.1637303374872,.140009472490264,12.882773
759,1990,14.8323334988962,11.8913619006905,14.1783694418718,-.202437418941075,25.405926
759,1991,14.6004176725485,0,14.066746438716,-.163216705787793,28.298857
759,1992,14.350038857614,8.807920622053979,13.9616938393421,-.193675913272502,43.578026
759,1993,14.1112972295793,11.3555462456803,13.9255207073025,-.154455200119221,51.248501
759,1994,14.0618317938124,11.492243050775,13.8996512267445,.244320919838147,40.111519
759,1995,14.2265181338576,12.5293655579916,13.3153332062523,.18244551612006,40.328056
759,1996,14.3086048294116,10.3704553282382,13.2480161651686,.16224280880254,42.782879
760,1993,14.0922051859173,10.892415175054,13.0941110114032,-.0252060869870021,32.349072
760,1994,14.1298431960807,12.1906493151003,13.3169607767736,.0140146261662792,34.164879
760,1995,14.3292003251557,11.1336104434064,13.2947571497576,.0338172534624589,38.508789
760,1996,14.3201118297784,10.7472936093812,13.2395037176874,.0237669176089574,38.298203
760,1997,14.4229797801429,11.4155772097003,13.2551478161282,.0237669176089574,39.79158
760,1998,14.5430958190931,11.3671132565923,13.2616481624798,.053325719850502,41.771233
760,1999,14.3763007395698,11.0961213121921,13.2363259688932,.0331230125329825,41.626991
761,1990,12.2613724307545,7.98548435673382,9.74899514766085,-.088879091436619,12.903962
761,1991,12.4076639713541,7.59940133341582,9.76491490267219,-.0496583782833377,10.727314
761,1992,12.246680796176,7.67832635650689,9.785244411047289,-.0904803728035928,15.300724
761,1993,12.2960660522485,6.44571981938558,9.719799061913671,-.0805300419504248,19.308167
761,1994,12.3790474828695,8.72745411689943,9.9370142006109,.0056476542906275,16.305487
761,1995,12.4861688061347,10.3960473674952,10.7670439522263,.0826086954267559,16.494717
761,1996,12.6142332974,8.520188700396041,10.7613204384387,.186968710750999,19.092642
762,1993,12.5012888399193,6.35088571671474,8.82154062213692,-.0777991287976404,-2.7979445
762,1994,12.5981217721884,8.668368019213361,9.34580614248487,-.000838087661512,3.7028222
762,1995,12.8159182447619,8.33902300574476,9.54906720793427,.0383826254917692,6.3262935
762,1996,13.1869511099989,7.53955882930103,9.568364405484211,.0679414277333138,5.9436336
762,1997,13.4798729153281,8.4156033356546,9.726983043863729,.0877440550294934,4.0965075
762,1998,13.6972925576663,8.88183630500415,9.96288318415928,.107546682325673,2.8905826
762,1999,13.756893137678,11.3571017196825,11.4158185720431,.127349309621853,-3.384084
763,1991,14.8642800542609,12.2944406019497,10.1241760927752,-.32828471763983,26.269676
763,1992,14.9849192427778,11.6802518202567,11.8011546377353,-.279494553470398,30.916767
763,1993,15.1859384535892,11.7256792288844,12.3590078727083,-.211835904996583,39.29565
763,1994,15.4437289753082,11.294906261729,12.5401155050316,-.0808076425901788,39.535332
763,1995,15.7826228808848,13.1920386826471,13.4834241096977,.0847067958873945,41.672161
763,1996,16.0895758911597,13.3562252813991,13.9770873387793,.215735058293799,39.891689
763,1997,16.2436573323382,13.5353018237581,14.3329437833693,.311045238098124,41.464653
764,1992,15.9725148819777,12.6919834570213,13.1913209949365,-.0569448672871513,37.935566
764,1993,15.9833143194657,11.6714664930988,13.2935567449422,-.0569448672871513,34.376476
764,1994,16.2481057913003,11.7866632663975,13.3956216248319,.0013240408368247,44.254608
764,1995,16.2900219352072,12.565916064546,13.6485965725777,.030882843078369,45.092564
764,1996,16.212070346927,11.751257091324,13.681485329137,.0604416453199134,50.161007
764,1997,16.0536594227341,12.1215762850517,13.7609997772249,.0802442726160933,52.543354
764,1998,15.9948318974177,12.5561518855576,13.9069314570393,-.0031373363229577,53.839756
765,1990,12.4211460082955,8.006367567650249,8.88640916684928,-.155876877019404,-.68452513
765,1991,12.3638493348836,9.505767374875409,9.874079338955539,-.0789158358832755,3.9943905
765,1992,12.1678504444794,8.85366542803745,10.0824911108561,-.0206469277592996,8.8160048
765,1993,12.0481553562541,0,9.969748027759429,.0185737853939816,5.9684038
765,1994,11.5260821898447,8.09407314806935,9.844225751657239,.048132587635526,7.0386496
765,1995,11.1049618722925,0,9.719005663904831,.0580829184886941,7.7487402
765,1996,10.4326664240603,0,8.063787058517731,.106873082658126,1.2579857
766,1993,14.4897346742121,9.86697915771961,12.9274816711413,-.150688679734577,40.694614
766,1994,14.6326447724621,9.754929537894981,12.8592180680006,-.0109267373594183,40.58316
766,1995,14.7635404270904,10.6595860578035,12.8522367032376,.102401947947585,35.485851
766,1996,14.8553631783822,10.6555166608323,12.8432511454134,.151192112117017,42.228874
766,1997,14.8911580653913,10.5958844517054,12.828328636079,.228153153253145,46.76585
766,1998,15.042246474154,11.6351430976945,12.9195833254799,.197693945768437,42.690243
766,1999,15.089636645637,12.3458345879053,13.2320452425673,.197693945768437,43.954781
767,1990,15.5946493072164,11.4760954917195,11.9749347242236,-.159831620546676,30.321276
767,1991,15.9117508047043,11.3524749829944,12.3266366994569,-.0921729720728614,32.10685
767,1992,16.0826366657036,11.4229679341465,12.5776137879184,-.0339040639488856,36.750164
767,1993,16.1902583085935,11.6817986632732,12.8275691400268,.0053166492043956,42.985317
767,1994,15.4967650028852,10.3931406110693,12.8111926606348,.0445373623576769,48.124264
767,1995,15.8532553802428,11.525654110947,12.9478399758079,.0837580755109584,41.882828
767,1996,15.800741449395,10.9631337622956,12.969086548991,.12297878866424,46.235069
768,1993,16.6166281536592,12.0160011352762,14.0942721862974,-.116807064131139,51.462086
768,1994,16.6908363084056,11.952025200244,14.0954281648178,-.0775863509778575,53.083321
768,1995,16.8411078545593,12.354721072834,14.1421523479745,-.0480275487363131,52.020718
768,1996,17.0500864140094,12.956901297556,14.2871099757619,-.0282249214401334,51.106045
768,1997,17.0779258196827,13.1654305296707,14.4437999130811,-.0382752572936347,37.937759
768,1998,17.1409845403234,12.4837384724565,14.4560904750879,.11872849151603,42.409763
768,1999,17.2920062685592,12.7493848203305,14.5006116554399,.157949204669311,41.213722
769,1992,14.5060834731448,11.6259148069925,12.9880270895099,-.169720349874483,20.740883
769,1993,14.4717526717642,13.4721663634342,13.8645613548327,-.140161547632939,27.873989
769,1994,14.549871710256,11.2835123006424,13.8236610522611,.0586893111122264,27.219976
769,1995,14.7782127293688,11.1238896538129,13.7720869530218,.107479475281658,30.092043
769,1996,14.8685512856014,11.41877960708,13.7439277640933,.137038277523203,28.838116
769,1997,15.0369214358298,11.0238124081099,13.6889190286854,.156840904819382,33.343063
769,1998,15.0811740887375,12.994254968075,13.9596778261055,.166791235672551,38.649063
770,1992,12.6332246821959,8.81729778386658,10.7042574380731,-.325659064384708,18.750433
770,1993,12.337994029244,0,10.5886202023722,-.248698023248579,18.124783
770,1994,12.7856407513884,0,10.4729744602668,-.0335866436316337,20.949095
770,1995,12.759678193317,0,10.3573395689138,.13192779484594,13.755152
770,1996,12.8523535494475,0,10.2417046944956,.208888835982068,18.865042
770,1997,13.0682476846829,0,10.1260669447425,.208888835982068,12.46339
770,1998,13.1637953926948,9.615805480084351,10.4597950168561,.228691463278248,17.814997
771,1993,13.1862373085138,9.73240262766816,11.3629301396864,-.105126936196221,25.832829
771,1994,13.3651196719498,9.952753793839049,11.4723523977983,-.0468580280722455,25.039272
771,1995,13.5933750725514,11.8204101647182,12.2313840909942,.0208006204015694,28.200554
771,1996,13.4300144580305,11.8209688321639,12.6107894737468,.0600213335548509,27.384144
771,1997,13.6550925833686,10.1145585226161,12.572228156535,.0798239608510306,26.507179
771,1998,13.6969658136303,8.95789673495042,12.4834774624447,.0996265881472103,30.251043
771,1999,13.8117296587261,12.1337599839185,12.8767218846961,.11942921544339,26.676197
772,1991,12.9193544106635,8.417151837236011,9.96434744079289,-.0810734961406056,5.050561
772,1992,12.9137906873133,7.44658509915773,9.921735049675361,-.121895490660861,8.9000034
772,1993,12.7104736075689,8.30721262662831,9.9872540873817,-.063626582536885,11.874551
772,1994,12.8096172723808,8.131824785007201,10.0122477826103,.03168359726744,7.9812875
772,1995,13.1503724058784,0,9.887022748504879,.03168359726744,8.7111273
772,1996,13.1935190236052,8.507950610049299,9.98078187146238,.0709043104207214,9.4948673
772,1997,13.3852961762039,9.76801141297368,10.429824255122,.110125023574003,9.7277317
773,1993,15.0773000373076,11.7525563501419,14.1045648385078,-.0487376232518654,24.663437
773,1994,15.2940201669476,13.1472764534957,14.3230970815045,.0189210252219494,29.690952
773,1995,15.4992475589079,13.5070650768136,14.571390818333,.0677111893913815,30.625185
773,1996,15.4616953522186,13.2547468614338,14.6870452755332,.0776615202445495,32.299187
773,1997,15.5300764017793,13.2778754158765,14.7814589633271,.0876118510977174,35.477329
773,1998,15.6461628652312,13.2462274416267,14.852315525703,.0975621819508856,36.549274
773,1999,15.7333232588901,13.2533916398107,14.9122346317428,.107512512804054,29.421919
774,1991,13.2761641889874,10.5462094829018,9.424620761254991,-.0909889417119984,11.663063
774,1992,13.3377268880682,10.0919982503559,10.4289909291281,-.0614301394704539,17.163092
774,1993,13.0003231320699,8.440312147080281,10.4499515188829,-.0416275121742742,13.778238
774,1994,12.2866257778464,9.59621483031934,9.409764836669799,-.0024067990209927,-.5764811
774,1995,12.6140374961184,5.84354441703136,9.32161337438561,.0368139141322886,7.4843788
774,1996,12.4633638619279,0,9.20598088319873,.0760346272855699,7.9153042
774,1997,11.7634217590646,0,9.09033987957884,.115255340438851,7.72328
775,1993,16.6457811854737,13.5015912806534,15.2222867029562,-.0081140654339374,34.561539
775,1994,16.7395247381031,13.7526059013428,15.3233430289496,.131647876941221,35.55724
775,1995,16.983968096189,12.9638364691761,15.3020792796563,.20860891807735,39.897346
775,1996,16.918016883748,13.2868874951677,15.3123610366965,.125227309138299,42.246685
775,1997,16.9063878708958,9.17884970488481,15.2045939261856,.174017473307731,43.402466
775,1998,16.8699099639387,13.3751309715503,15.235227557766,-.0367035580079219,42.61832
775,1999,16.77638685129,13.2675367385628,15.2480196267537,-.109274250842757,43.349964
776,1993,15.5199799261983,10.383039203997,13.2548826329909,-.0553654402041651,10.757811
776,1994,15.5571209019875,10.9149066295019,13.242907575319,-.0161447270508836,12.442509
776,1995,15.6917191552276,12.140418836023,13.4182049702442,.0036579002452961,20.625381
776,1996,15.6928986132804,11.6860717238287,13.4686539701167,.0332167024868406,26.004074
776,1997,15.8998504096238,12.1102223198733,13.5799122673825,.100875350960655,12.448766
776,1998,15.9859193281572,12.3915392514682,13.7253178714259,.187053047201708,17.847754
776,1999,15.8756235530965,11.6727968929266,13.7326594604531,-.0743117169326998,17.633135
777,1990,11.8447690177187,11.7360690162844,12.3983239059018,-.0314889881642472,.52040642
777,1991,12.4513172520059,0,12.2868329418292,-.0314889881642472,.24786022
777,1992,12.5622468735994,7.3132203870903,12.1826049199593,-.0215386573110791,7.7534986
777,1993,12.6349251621728,0,12.071112232342,-.0215386573110791,8.5572376
777,1994,12.6405284065636,10.1903192635331,12.1044894313228,.0176820558422022,7.6799178
777,1995,12.5314516367166,6.90775527898214,11.9984178960182,.0374846831383818,9.2569418
777,1996,12.6293826976959,8.824383730256059,11.9262601928981,.04743501399155,13.904442
778,1992,11.5258424824406,0,10.9482506517189,-.115837731557486,1.2281126
778,1993,11.6498007754265,7.00124562206948,10.8547959463365,-.067047567388054,5.2446051
778,1994,11.5474215650053,5.33753807970132,10.7455093762301,-.0278268542347727,3.7952414
778,1995,11.7134676181604,7.91753635394363,10.688655417529,.0209633099346593,.68068182
778,1996,11.5341403872842,0,10.5752604213507,.0979243510707878,2.8991077
778,1997,11.7579747410845,0,10.4618682923993,.127483153312332,2.4540017
778,1998,11.8315662627991,8.006367567650249,10.4262852244831,.166703866465613,3.1722288
779,1993,12.6976200355905,8.600062669238531,10.5805129730884,-.163025845235041,10.973899
779,1994,12.7592066818924,8.364741068224561,10.6437115255202,-.114235681065609,7.3426466
779,1995,12.8745032355355,7.08590146436561,10.634195415314,.068085875728346,7.8862333
779,1996,12.9288535072576,7.76089319585102,10.6480737668631,.068085875728346,7.6642294
779,1997,12.9086182899631,0,10.6129631952082,.068085875728346,5.073802
779,1998,13.0078037628478,0,10.5778544829942,.190303508452595,8.2049751
779,1999,12.9553137997444,0,10.5427459681237,.28561368825692,8.7094698
780,1991,12.4977749120992,7.60090245954208,10.4780369906562,-.125026705075353,3.5080204
780,1992,12.0785453649538,8.85366542803745,10.6027808072291,-.125026705075353,5.4480867
780,1993,12.1773606221702,7.92371033396924,10.6138457698264,.0319770437343113,7.6842203
780,1994,11.5357712512751,9.310818990542399,10.7925735691305,.0419273745874793,4.2499514
780,1995,11.5510509054544,7.75448154747038,10.7818043137505,.0419273745874793,5.3314996
780,1996,11.5332987067459,5.17614973257383,10.7308836807164,.0419273745874793,4.40376
780,1997,12.0177729580739,8.648045999835,10.7822342448539,.071486176829024,4.1934729
781,1990,12.4304522899524,0,10.1704565833904,-.18868147874329,-1.2609311
781,1991,12.4947717690636,0,10.1034525445027,-.111720437607161,-1.8197834
781,1992,12.4335249247957,8.83535597112161,10.2860422090612,-.0534515294831854,-1.3859346
781,1993,12.3618145765544,8.30967689598773,10.348349640313,.0048173786407904,4.4233561
781,1994,12.3947875876059,7.25770767716004,10.3248588176613,.0630862867647661,5.6211152
781,1995,12.2711961537734,6.87419849545329,10.2872215750672,.102306999918047,5.946538
781,1996,12.2984799717752,8.962135390066599,10.4383743700774,.141527713071329,7.1348004
782,1990,14.5008979479383,10.8011661481983,12.180734324515,-.123437773733314,8.4488773
782,1991,14.6233542359244,8.332308352219121,12.1028459627419,-.0842170605800325,10.866369
782,1992,14.7038746910739,8.60886037994206,12.0336329023907,-.0449963474267512,20.203369
782,1993,14.3594989816741,8.79026911147866,11.9726767177516,.0037938167426808,25.343826
782,1994,14.5112795914011,8.525161361065409,11.9039711105166,.043014529895962,24.317041
782,1995,14.3236518431892,7.93236215433975,11.8217276787682,.0822352430492434,24.199417
782,1996,14.2734805133081,6.52795791762255,11.7261067573601,.102037870345423,25.53138
783,1990,16.9506536174626,13.9207656680671,15.4107414265839,-.176073553078389,43.041592
783,1991,16.9715820469394,13.8031940198494,15.517604312381,-.127283388908957,43.507267
783,1992,17.3018275839732,13.8351053205208,15.6077519943608,-.0784932247395248,48.105934
783,1993,17.5379103744438,13.7505922313764,15.6705808262375,-.0297030605700928,54.966984
783,1994,17.5854884568805,13.6916952396198,15.7153707251192,.028565847553883,58.784492
783,1995,17.5727215967606,13.888708044323,15.774343207827,.0773560117233151,61.781261
783,1996,17.4891027227827,13.4419263113118,15.7769944893755,.10691481396486,64.628677
784,1993,13.8337571083703,8.75841238945768,11.5057004271302,-.0725665279453971,29.132757
784,1994,13.6741356618278,7.57558465155779,11.4253197295664,-.0333458147921157,23.38032
784,1995,13.7434294108059,11.7997646823194,12.2054994813029,-.0037870125505713,25.081964
784,1996,13.835740479147,10.9048728254431,12.3351406545614,.0257717896909731,20.229189
784,1997,13.9540549655255,11.1840046445019,12.4943865183541,.0455744169871529,22.162079
784,1998,13.913462656369,9.697446909121579,12.4495426085102,.0653770442833325,23.629713
784,1999,13.9121193681484,11.0453668442536,12.554018804225,.0851796715795123,24.546337
785,1993,12.9600699854302,0,9.618195953956979,-.148723479478574,3.8873093
785,1994,13.3449750715869,0,9.51403849993665,-.0904545713545977,3.3547859
785,1995,12.9602278661972,0,9.40990409132994,-.0321856632306217,4.9872189
785,1996,13.0100913407563,0,9.305759636739619,.0070350499226595,6.1879129
785,1997,13.0820562193957,0,9.201622481356461,.036593852164204,5.8554201
785,1998,12.9073129130879,0,9.0974851745561,.0563964794603837,7.2339549
785,1999,12.6087925409542,0,8.99334041010993,.0155744849401286,7.677134
786,1991,12.3367196216317,8.18813341451048,9.328123407632569,-.381525026580129,5.7595363
786,1992,12.5928440902244,8.41316512099219,9.55850117324959,-.381525026580129,12.719868
786,1993,12.7071071514808,7.48436864328613,9.557328550325369,-.190904666971479,13.150373
786,1994,12.7439548216841,8.12266802334641,9.65220169527564,.187531768748766,17.299318
786,1995,12.6640422676512,6.81234509417748,9.58286897983808,.245800676872741,16.036161
786,1996,12.638785434916,7.53849499941346,9.575587469795559,.275359479114286,15.809616
786,1997,12.6650149254042,6.3919171133926,9.48870668719036,.285309809967454,13.812581
787,1990,15.5522537866109,11.3461622470921,13.3657376996423,-.227460849298761,44.813992
787,1991,15.778654690842,12.1907457870207,13.5616536431591,-.159802200824947,43.751923
787,1992,15.845145071315,11.8941115416182,13.6529123312049,-.0375845681006975,52.195065
787,1993,16.0514140003465,11.2065497500712,13.6522001388506,.0206843400232785,61.118305
787,1994,16.0875428707079,11.453759154301,13.6705553036588,.0789532481472543,68.585815
787,1995,16.4693769813169,12.5639044200823,13.8593686747971,.108512050388799,76.509598
787,1996,16.8509195218382,13.5927394372892,13.4016738556422,.157302214558231,88.19191
788,1992,17.6491017935691,13.6304332074565,15.5947012364967,-.0158534862665135,53.252834
788,1993,17.4227857924045,13.7147029952018,15.6270333726712,-.0158534862665135,60.959976
788,1994,17.6711572325098,14.3414253652413,15.7611701756392,-.0059031554133454,53.283981
788,1995,17.6833358162842,14.1309444612619,15.8220078693109,.0617554930604694,57.682911
788,1996,16.8328377819943,13.1022627056973,15.1186191605304,.04155278574295,41.555485
788,1997,17.0259761179468,14.324543776331,15.3603540756999,.0007307912226948,45.772556
788,1998,17.1605328750307,13.7928558673995,15.4245204588145,-.0194719160948249,45.818413
789,1993,11.9865494738209,9.445333439647539,11.415565084941,-.112410540869799,8.6900511
789,1994,12.0850038810265,7.09257371597468,11.3290519044413,-.0731898277165177,5.917675
789,1995,12.051973367485,7.34923082461333,11.2472044729914,-.0055311792427029,7.5520945
789,1996,11.9613287285476,0,11.1473841881545,.0044191516104653,10.289858
789,1997,11.9954608640762,8.07961802938984,11.0901763451891,.0626880597344411,20.549376
789,1998,11.9378527156174,0,10.9903561532471,.0922468619759855,22.026196
789,1999,12.0082269466959,9.46931428029122,11.0744049987877,.131467575129267,21.967113
790,1993,16.1662738125018,12.2430022746151,14.7383467812941,-.176151502766277,26.437687
790,1994,15.7242612614499,12.1454358361395,14.752356143945,-.281512018424103,30.270018
790,1995,15.7321746757469,11.5453926551077,14.7334270475779,-.124508269614438,32.364414
790,1996,15.4582635178388,11.2893068008078,14.7061490669694,.204795477528162,22.985577
790,1997,15.5393370767131,10.5625866189565,14.6644262803353,.353215482646436,36.57185
790,1998,15.4681815599111,10.3982142817124,14.6210117972513,.322756275161727,43.918327
790,1999,15.5614881884182,10.4806344823339,14.5791566021023,.381025183285703,47.975231
791,1992,17.4230969249097,14.2313991522967,16.1178486304513,-.0729805810636016,66.181107
791,1993,17.3845949064839,13.57725336884,16.1264435500884,-.0434217788220572,68.413918
791,1994,17.3012352444079,12.8966289727262,16.0974089796103,-.0042010656687757,73.515778
791,1995,17.3565406090902,13.2029843793719,16.0810677103212,.0350196474845055,65.79287
791,1996,17.246408373541,13.6558545851158,16.0920835096728,.0548222747806853,66.429062
791,1997,17.2361287001622,12.0432124813479,16.0407587251864,.0647726056338535,69.484833
791,1998,17.1653511298832,13.0544891656984,16.0181959313098,.0747229364870215,72.622566
792,1993,16.9745785149172,13.5887002924624,16.3410074234139,-.290266490363968,67.535133
792,1994,17.368314686015,13.5264101468122,16.3102718492089,-.0126347537656883,65.114456
792,1995,17.2369005048701,13.8555885958174,16.2993911315161,.144368995043976,71.690689
792,1996,17.2375943724505,14.341911061152,16.3360992955545,.113909787559268,70.722336
792,1997,17.1830172795486,14.731886886175,16.419749967891,.103859451705766,69.441719
792,1998,17.320997461218,14.5144613648579,16.4625511860825,.0836567443882469,70.161758
792,1999,17.3781481429114,15.3196010657657,16.6354449074847,.0428347498679916,72.840424
793,1993,16.3331301492704,12.8315510775653,15.17118185797,-.103665648549773,42.956505
793,1994,16.4021470039997,12.953885552431,15.1667665835835,-.0453967404257969,45.109127
793,1995,16.4853413428314,12.8979565284656,15.1535158968221,.103023264692476,49.478512
793,1996,16.2193556463422,13.8873371440203,15.2826194980192,.161292172816452,48.94458
793,1997,16.4680315328655,13.4740816573553,15.3168146237218,.181094800112632,52.084785
793,1998,16.7987879645544,12.798191579256,15.2799677377963,.0532614286027469,52.681816
793,1999,16.7463821219398,13.2264350628772,15.2832225426659,.0730640558989267,40.596066
794,1993,12.1769889447196,9.12717613071541,10.2194108119828,-.0286205192401758,7.8669171
794,1994,12.1576195174149,8.857372832825771,10.3371448336805,.0296483888838,8.3046045
794,1995,12.343633927075,8.953381472167241,10.4422298542963,.0494510161799797,11.405816
794,1996,12.3873994030647,8.62227366786674,10.4714852567153,.0594013470331478,7.928863
794,1997,12.2309219893805,9.071423072789511,10.5663456142383,.0493510111796463,14.601638
794,1998,12.6027672995784,8.56025268087669,10.5702702236647,.0593013420328144,13.3088
794,1999,12.6224588037795,8.680841482944571,10.5872155111796,.0593013420328144,16.382545
795,1992,14.4773725406652,9.177093778182551,12.3474328751809,-.0698286265173868,51.493168
795,1993,14.2214813158286,10.5506693255424,12.3804825710766,-.0402698242758424,38.08884
795,1994,14.4334699269062,10.4374045075255,12.3905481309535,.0179990838481333,35.021416
795,1995,14.642755194637,10.3370540907552,12.3822746828677,.0762679919721093,34.210365
795,1996,14.4672466948809,7.81116338502528,12.2634623937214,.096070619268289,34.514645
795,1997,14.0186765636887,8.668368019213361,12.1607117197957,.115873246564469,33.088387
795,1998,14.1038587318466,9.63887075301534,12.1059445280813,.15509395971775,32.582069
796,1990,15.6038997389785,11.0853987800595,12.4094174895405,-.177016957297701,30.444927
796,1991,15.5523004583199,10.9117556438063,12.5001222769799,-.100055916161572,37.5513
796,1992,15.6665355446811,11.5656886784971,12.7226401530852,-.0608352030082909,41.325584
796,1993,15.739502237612,11.3214016974115,12.8256984126464,-.0312764007667464,47.121376
796,1994,15.7758673655035,11.6926269256415,12.9857880423986,.0269925073572294,51.709621
796,1995,15.7988865951075,11.4082202900853,13.0444604288126,.0369428382103973,52.6413
796,1996,15.8664568177127,11.4417301699281,13.094969364315,.0567454655065771,54.290607
797,1993,16.7831281142065,12.3002731189289,15.0568396654338,-.0589904263787739,60.937965
797,1994,17.1026925923997,12.9446280875917,15.0514549698212,-.000721518254798,54.978455
797,1995,17.250643189902,13.085394367264,15.058385255395,.0669371302190168,53.784039
797,1996,17.4224259263148,12.9681136926762,15.048400473255,.0867397575151965,58.000916
797,1997,17.6834655318257,13.6025833912167,15.1285681442509,.0966900883683645,59.829498
797,1998,17.843266147445,13.3546902328086,15.1550447817652,.076487381050845,65.201088
797,1999,17.5740554608796,13.0232698497567,15.1380896056848,.0562846737333254,62.310001
798,1993,12.5854777768702,9.47355043250348,10.4364835864221,-.134176930913773,6.7089558
798,1994,12.9074838433499,0,10.3230889376595,-.0759080227897973,6.4077077
798,1995,12.9851167500826,9.87816974455184,10.6985187125991,-.0176391146658215,10.817303
798,1996,12.8236688661935,8.15392513200786,10.6578403625655,.0311510495036106,7.2127738
798,1997,12.9648495906632,8.6255093348997,10.661591135659,.0703717626568919,9.6334848
798,1998,13.019790361616,0,10.5481978815044,.0901743899530716,12.764788
798,1999,12.9118049055727,0,10.4348038021671,.129395103106353,8.5708914
799,1993,14.7733412418464,12.5872962892653,13.9834878086862,-.110802875629488,19.978413
799,1994,15.3043235760861,12.2887488056987,14.0625290608459,-.0431442271556734,19.830111
799,1995,15.5392697180553,12.1045602718232,14.1000688565107,.033816813980455,23.59516
799,1996,15.5390491441426,12.4689790706943,14.1790438197834,.12912699378478,24.645561
799,1997,15.579711577684,12.0798743002724,14.1969655838386,.14892962108096,28.568533
799,1998,15.5957941539697,11.7111285729866,14.1812266373851,.14892962108096,28.976339
799,1999,15.8485148302838,13.4111733135786,14.4446830050952,.14892962108096,27.171041
800,1993,12.6884711891624,8.49658223751211,9.943198530105549,-.0623082191473366,24.804815
800,1994,12.5994464691143,0,9.827443091212359,-.0327494169057921,21.09988
800,1995,12.7414560150382,0,9.711697308879909,.01604074726364,24.135582
800,1996,12.4382980370361,0,9.595949651372999,.0455995495051843,23.516886
800,1997,12.8128084159684,0,9.48019955615462,.0848202626584657,24.062376
800,1998,12.9939053895773,7.43838353004431,9.480161381076069,.11437906490001,24.185434
800,1999,12.7816838570703,7.32580750259577,9.467753940407681,.143937867141555,22.769754
801,1993,13.5904098459956,9.28163725385822,12.4357583502155,-.0468322165258241,28.067543
801,1994,13.6021442013507,0,12.3343915391551,-.0172734142842797,29.603233
801,1995,13.5693418651143,8.145549631783579,12.2476530723679,.0122853879572647,28.656961
801,1996,13.4978687788861,7.76259604854007,12.1569317698687,.0418441901988091,27.322538
801,1997,13.5540138233014,8.42726848388825,12.0778067941507,.0616468174949889,27.955595
801,1998,13.6570830577605,8.619027497297511,12.0053325032122,.0814494447911685,25.635767
801,1999,13.4611961168241,8.60886037994206,11.9344837143516,.111008247032713,24.800987
802,1990,12.491605287688,9.23014299927236,10.2814786836435,-.23391777938936,5.7825675
802,1991,12.6447140862197,10.7363966754712,11.1679193178987,-.185127615219928,3.5215049
802,1992,12.538571698086,0,11.0700979959022,-.117468966746114,8.028595
802,1993,12.4282788943492,0,10.9719618879538,-.117468966746114,14.467744
802,1994,12.4448110264141,0,10.871489891293,.129391111185412,16.977392
802,1995,12.4698570146873,0,10.7715266751941,.187660019309388,16.497381
802,1996,12.7207251140164,0,10.6741303535414,.226880732462669,18.102961
803,1990,12.1030232831307,10.0182883680133,9.295232838994149,-.0412303929428369,12.457685
803,1991,11.6326799232911,10.2186267055959,10.492839658163,-.0116715907012926,.78209758
803,1992,11.4759930949229,0,10.3676208601101,-.0116715907012926,2.6807957
803,1993,10.849458657284,0,10.2423782907946,-.0116715907012926,.063060485
803,1994,10.8468275713836,0,10.1171583789253,.0081310365948872,4.1111321
803,1995,10.8852027158174,0,9.99193789372001,.0180813674480552,4.8982749
803,1996,11.1719083977159,0,9.86671464107037,.0476401696895997,5.8288469
804,1992,12.7808790323446,7.54486106865846,10.1758059559227,-.0794978634889811,10.533412
804,1993,12.9232149060481,8.02191277898571,10.1883318523171,-.0402771503356998,10.644182
804,1994,13.0156905716195,6.99668148817654,10.1286889849598,-.0107183480941555,10.421051
804,1995,13.232990231903,9.23620303150191,10.3631630295632,.028502365059126,13.438848
804,1996,12.906667061521,7.06390396147207,10.2971937953782,.0772925292285579,16.24202
804,1997,13.0146579058073,8.585599224080299,10.3530205814414,.12608269339799,17.644173
804,1998,13.437824019476,8.601718146485929,10.4023731773715,.14588532069417,18.803873
805,1993,12.0159712702877,7.60090245954208,9.72543686259282,-.138212503998943,6.4805498
805,1994,12.1097351435378,8.779557455883729,9.95402856402985,-.061251462862815,11.46452
805,1995,12.0933860055363,0,9.850550803152769,.0249262333782374,13.058805
805,1996,11.9673055922015,7.24422751560335,9.81493498852767,.0737163975476693,10.409574
805,1997,11.8206538944966,0,9.711461054778439,.112937110700951,11.251568
805,1998,11.6871657847057,0,9.607988339029779,.161727274870383,11.499495
805,1999,11.706838238314,0,9.504516313544279,.210517439039815,13.041406
806,1993,14.165265717971,11.6827019942619,12.3671854619141,-.0439217709072169,35.493046
806,1994,13.8382910692738,8.75825524323279,12.277331348082,-.0143629686656724,44.972385
806,1995,12.3429879962957,10.5653504430563,12.3240449965986,.015195833575872,25.156134
806,1996,14.698678307806,10.2598674529538,12.3222125542147,.0447546358174164,31.63945
806,1997,14.7526655451297,10.8025507387437,12.3941327055739,.0743134380589607,22.87348
806,1998,14.9625949229313,11.8070343412055,12.6996191412957,.0941160653551406,24.794832
806,1999,15.3468901267841,10.5505907945947,12.6863223539704,.11391869265132,30.07383
807,1992,15.5276615625766,12.3151019230435,13.7332876253266,-.054480242544193,39.783051
807,1993,15.2049266252322,12.4247823819984,13.865239804867,-.0346776152480133,56.519886
807,1994,15.1627654086148,11.8742296772926,13.879325098341,-.0247272843948453,71.811111
807,1995,15.8755859222239,12.3923073692231,13.9634946059981,.0240628797745867,53.668072
807,1996,15.7050355166394,12.5687520267015,14.060562909192,.0240628797745867,50.3871
807,1997,16.2733099395699,11.7686678531288,14.0351332784213,.0240628797745867,54.091377
807,1998,16.3892766739031,12.0341745749605,14.0382436250414,.0240628797745867,55.476963
808,1993,11.04690552265,5.61677109766657,8.891208911250811,-.0002971064905893,-8.8952694
808,1994,11.0098705403916,0,8.787617196431739,.0195055208055904,-.68298703
808,1995,10.9564638136367,0,8.684130346166439,.0195055208055904,-3.7726998
808,1996,10.9799515647983,6.86484777797086,8.724109795065569,.0195055208055904,-3.5756984
808,1997,11.2990093023288,10.9850723596266,10.9240590173125,.0294558516587584,-8.0921087
808,1998,11.6589656227734,8.708144074908249,10.9175381884612,.0394061825119267,-2.4754241
808,1999,11.6647040308189,8.02845516411425,10.8643615165995,.0493565133650947,-.51768279
809,1993,11.1069705177934,9.062420241899559,10.4717487184052,-.0477031240688986,-1.901413
809,1994,11.3002676349309,0,10.3677308730131,-.0181443218273541,.82463062
809,1995,11.4206678070944,9.96833852485574,10.7666643863608,.0114144804141902,2.2823656
809,1996,11.5303228880897,6.82546003625531,10.6809552011689,.0409732826557346,4.2071662
809,1997,11.6058035573117,7.5847730776122,10.618540539317,.0409732826557346,2.4566338
809,1998,11.615257615348,3.40119738166216,10.5151968860013,.0409732826557346,4.6599536
809,1999,11.6255373038706,10.2846258144866,10.9631840149016,.0409732826557346,4.9259243
810,1990,16.0205820677343,12.8874002492848,14.28177470405,-.114097556466131,32.472363
810,1991,16.1364689879071,13.2912619138661,14.5392178354194,-.0845387542245865,35.803677
810,1992,16.1757453870656,13.2655975454902,14.7205831612693,-.0453180410713051,41.601555
810,1993,16.2588175900616,13.2898047716688,14.867258781343,-.0157592388297607,41.328869
810,1994,16.3474566170249,11.7755050908612,14.8437237010911,.0234614743235207,51.537888
810,1995,16.5131682314144,11.746146071781,14.8182603776778,.0722516384929526,55.993382
810,1996,16.5036319518492,11.3712927738353,14.7800524516293,.139910286966768,59.240398
811,1993,13.8066742302358,5.92958914338989,12.8609544564509,.0358642509932907,10.289433
811,1994,13.6572606704277,9.872358017339209,12.8724417216225,.0458145818464587,13.971765
811,1995,13.4975841224242,10.3713012857088,12.9092604993969,.150174597170702,18.333153
811,1996,13.5172641645863,10.5403024485056,12.9540114691141,.236352293411754,19.152601
811,1997,13.5169655268081,10.465956409454,12.9892296199982,.205893085927045,18.973906
811,1998,13.7894335767063,10.4757374782891,13.022347663921,.144017682208958,18.468782
811,1999,13.8573609828426,10.6734337240657,13.0666783481882,.0821422784908703,20.049809
812,1993,16.2571461019291,12.4896826885118,14.9549146326964,-.114210256560945,47.24044
812,1994,16.4714299791907,11.9743990667542,14.8956180507885,.0681113002330093,45.794697
812,1995,16.7879168084387,13.2868857985717,14.9649238131798,.126380208356985,50.539177
812,1996,16.5203885276873,13.4381984099956,15.0440533722432,.0320695288857438,51.998322
812,1997,16.7482852881628,12.3757732251342,14.9977416754326,.0808596930551759,53.859489
812,1998,16.8357453427685,12.0719239195375,14.9370758331292,.0908100239083441,53.040012
812,1999,16.8540868194881,11.0992719229565,14.8471631924718,-.0035006555628973,53.703979
813,1993,13.5570391891312,9.9572652582166,12.5064564582542,-.0238822349785467,28.732752
813,1994,13.501156114531,10.5641373675033,12.5294078971621,.0249079291908852,30.238211
813,1995,13.5335226567886,11.1164696510197,12.630047061297,.0447105564870649,29.516485
813,1996,13.6250939861028,11.7243202692499,12.8442283861947,.0546608873402331,29.630608
813,1997,13.5799528999835,11.1272629841582,12.8874751263195,.0744635146364128,28.992552
813,1998,13.6217513931359,10.8585950698419,12.8902524894398,.104022316877957,28.371187
813,1999,13.6975562142055,9.603260452582051,12.8104981692235,.133581119119502,30.516592
814,1993,14.8006268785048,8.446126742982379,12.3569989899131,-.171491336831217,11.008306
814,1994,14.6837392934804,10.3071510386977,12.3756736379147,-.0144875880215527,16.341475
814,1995,14.8527062091063,9.435481925953059,12.3217641621514,.151026850456021,11.837102
814,1996,14.7326885400247,9.23581316794921,12.2601947600306,.120567642971312,7.8243561
814,1997,15.0159381156279,9.885425409717721,12.2398734087935,.100364935653793,13.522808
814,1998,15.0756477341709,10.3613237073814,12.2691756054927,.0801622283362732,19.035583
814,1999,15.2670284930474,11.5453926551077,12.5365684876006,.119382941489554,22.485565
815,1992,14.8230412078862,10.2162889757809,11.5765535718064,-.296201635242732,13.533759
815,1993,14.7148660325051,0,11.4724117562584,-.122248328119294,19.492783
815,1994,14.723918278626,9.7981270368783,11.5424211584243,.0766025306258709,27.691805
815,1995,14.5229726152317,8.91449171019134,11.5063066085883,.19882016335012,5.361949
815,1996,14.4952342641598,9.544524278079381,11.5277825498734,.19882016335012,8.7040844
815,1997,14.6275328619066,10.7456580044885,11.7812289801954,.228378965591664,12.308147
815,1998,14.7519128473483,10.8381681495219,11.9873667333146,.134068286120423,21.871016
816,1990,11.5406962619156,6.31354804627709,10.1755736373634,-.114297603509224,-21.623436
816,1991,11.5633714004506,0,10.0752030635429,-.0560286953852477,-14.001286
816,1992,11.2451113771559,0,9.97484030398137,-.0072385312158158,-3.831809
816,1993,10.5829414059641,0,9.87445516171578,.0415516329536162,-25.770666
816,1994,10.8715354711831,0,9.774090459050059,.0415516329536162,-35.959431
816,1995,10.9864107417396,0,9.673722124913031,.0415516329536162,9.8528433
816,1996,11.3548203098352,7.06902342657826,9.641102787858509,.0415516329536162,10.213133
817,1992,13.0200745599142,7.62364194651157,10.2776167803344,-.223101006548324,10.05386
817,1993,12.8627781466231,8.273591798199631,10.2954451772858,-.164832098424349,10.920564
817,1994,12.88087972627,9.92808259939151,10.7179470889242,.0174894583696058,11.832539
817,1995,12.8156813046882,8.86488793377419,10.7475688166484,.112799638173931,9.4579048
817,1996,12.8825509378889,7.70975686445416,10.6787767740881,.112799638173931,11.241093
817,1997,12.9252221315552,7.99665387546261,10.6278378138385,.112799638173931,12.597898
817,1998,12.8840807587021,8.66492330344057,10.6384098732287,.132602265470111,14.858957
818,1990,14.6898357373795,11.8933257245502,13.1376361525514,-.0469689257687506,-1.3854842
818,1991,14.7669765527539,12.117847805319,13.3606020223566,-.141279605239992,4.7009306
818,1992,14.6331955243656,11.3065161126472,13.3828555829702,-.073620956766177,5.6595969
818,1993,14.5318591521157,11.4737167517449,13.4218624532331,-.0059623082923623,8.5249681
818,1994,14.4861889079107,12.0064380797669,13.5385493445151,.0616963401814527,19.056501
818,1995,14.4996241302251,11.413105129688,13.5450674372421,.0616963401814527,23.68507
818,1996,14.4617376068585,10.5254609136415,13.4869892686217,.0616963401814527,22.985905
819,1993,11.2199554046651,8.1605182474775,8.56613572492925,-.0137947531657526,-2.3888297
819,1994,11.3324630069438,9.138522084185711,9.487919076865269,-.0442539606504611,-2.7130384
819,1995,11.4440639798455,6.0137151560428,9.40784606409518,.0045362035189708,2.6436911
819,1996,11.4272904869122,9.036344063928221,9.80489850310917,.0340950057605153,-5.8826337
819,1997,11.6766948425709,9.073259831427819,10.0700946142225,.0636538080020597,2.6223395
819,1998,11.7576471007535,0,9.960581242059281,.0834564352982395,5.8710294
819,1999,11.9205437400672,6.96129604591017,9.896256471170631,.103259062594419,5.7611136
820,1993,11.5690362226492,0,9.086872457975939,-.177559705627,-1.0736837
820,1994,11.8851720156885,8.493310250952909,9.44920765495533,-.0913820093859473,4.1209254
820,1995,12.1577101401289,7.38894609761844,9.491692452233091,.0825712977374906,3.5884764
820,1996,12.2298239003813,0,9.42073905134203,.140840205861466,6.4188528
820,1997,12.2906593141343,0,9.34978052345177,.217801246997595,9.8519068
820,1998,11.9720603592473,9.997023431927291,10.2817664416,.247360049239139,9.1525249
820,1999,11.8592355227675,0,10.2108067974207,.21690084175443,11.926526
821,1992,12.1132027152668,10.1558403304343,11.3560435587375,-.0938143169702767,5.3774638
821,1993,12.0903054544514,0,11.2433203486938,-.0642555147287323,10.859281
821,1994,11.8092145980545,6.95654544315157,11.1445856068343,-.0250348015754509,6.8056078
821,1995,11.9042348911878,10.4119904809325,11.4188136668197,.0141859115778305,5.6438136
821,1996,12.1496700738515,8.20138595523861,11.3438320295168,.0534066247311117,6.7551613
821,1997,12.1544375557164,10.6483017076565,11.6182741805584,.121065273204927,8.593399
821,1998,12.1089248820346,9.87374973427217,11.6579604369782,.179334181328902,-9.5357389
822,1993,14.6957100688005,11.4616321705827,14.2625715050978,-.420102707669664,43.290539
822,1994,15.0852653045254,10.8617068664367,14.176618262686,.104625821265318,29.006836
822,1995,15.3736199244701,12.8755186593548,14.293638718642,.15341598543475,30.630686
822,1996,15.4764452509906,12.6218147637993,14.3379123584962,.221074633908565,34.505417
822,1997,15.6160462511094,12.99937280604,14.437809432497,.260295347061846,37.611378
822,1998,15.7451615706913,14.1635901676272,14.8584273856842,.318564255185822,39.880116
822,1999,15.8149504535781,13.590840842654,14.970308926798,.298361547868303,40.589317
823,1993,13.1360895027757,5.77455154554441,8.938649751942449,-.0611732633102828,15.783069
823,1994,13.0859264027496,6.99393297522319,8.9724891917897,-.0219525501570015,17.752586
823,1995,12.7847668333744,8.533066540572531,9.35742327667743,-.0021499228608218,22.781143
823,1996,13.0579707026896,10.1344802187937,10.3760098821913,.0370707902924595,22.619408
823,1997,12.9115377768829,0,10.2746406799265,.066629592534004,22.204672
823,1998,13.2751173809625,9.21034037197618,10.4519441649743,.0864322198301835,22.561405
823,1999,13.3314917884902,11.5464859584922,11.6762527676463,.106234847126363,24.072187
824,1992,14.0245000669119,10.0676451387024,12.695118196142,-.164044409678451,16.719982
824,1993,13.6248460526509,8.294049640102029,12.583544575168,-.115254245509019,23.661194
824,1994,14.0309700031648,9.70296129108733,12.5155924054906,-.0290765492679671,25.901257
824,1995,14.2010542490335,11.8176711228479,12.7932305016624,.0385820992058477,27.229416
824,1996,14.0662388911583,7.18916773842032,12.672371608466,.0873722633752797,26.278975
824,1997,13.8827551437954,13.0547738065446,13.425791920885,.136162427544712,23.938829
824,1998,13.952549678102,10.2808274969184,13.3415999463931,.165721229786256,23.381573
825,1993,17.427066267173,12.6908448061686,14.9327603837098,-.0452316741290786,73.666473
825,1994,17.5665670048138,13.2892396000971,15.0188106460674,-.0060109609757972,94.60714
825,1995,17.9336307270897,12.9373221255904,15.0191610403501,.0332097521774842,76.383469
825,1996,17.5523246437174,12.0713748586466,14.9528014898154,.0627685544190287,135.09961
825,1997,17.1540986496584,12.4712138200424,14.913646833356,.0825711817152085,89.081757
825,1998,17.0576614839109,11.3963916487143,14.8256732722962,.102373809011388,81.321388
825,1999,16.8892218728349,11.2100485331359,14.7349737721904,.122176436307568,76.987366
826,1992,13.7488642169343,10.4035959514609,11.8650242542667,-.0833529945688796,26.884573
826,1993,13.4909279586441,10.0574953650155,11.9066890431041,-.0833529945688796,30.192263
826,1994,13.6230319929609,9.85539964172907,11.9139413566444,-.0250840864449038,30.688431
826,1995,13.9042592582668,10.794542524342,12.0764097605716,.0237060777245283,32.169445
826,1996,13.9362527665022,10.9318919461607,12.2272331739905,.0629267908778097,28.951883
826,1997,14.0341568115783,11.9842781837853,12.6679738511151,.092485593119354,26.178587
826,1998,14.0392899071162,10.1661594619837,12.6257690072619,.092485593119354,29.425556
827,1993,13.2050031970768,7.9291264873068,11.1131625683088,-.0274098393889852,28.095598
827,1994,13.1563317889727,9.958401783413519,11.2886224917862,.0021489628525591,30.824781
827,1995,13.0646192749864,9.18255799096373,11.2990587504362,.0120992937057272,32.056377
827,1996,13.602297872587,9.271999752362911,11.3119762862908,.0513200068590085,34.231998
827,1997,13.6214741781632,9.29311779843375,11.3236191715982,.0905407200122898,31.573505
827,1998,13.4900110860474,9.16387749756584,11.3224027705922,.11034334730847,32.32494
827,1999,13.6272975446657,9.539140395148859,11.3631462164991,.130145974604649,38.01239
828,1993,16.1856099483037,12.7129143439939,14.9486562775192,-.024002067755914,42.744755
828,1994,16.2463351651471,11.8913208039556,14.8851129663723,.024788096413518,45.873783
828,1995,16.2166217278275,12.8848774643742,14.8992491461941,.0347384272666861,45.005062
828,1996,16.2382040307143,12.3110270787477,14.8585975573418,.0246880914131847,50.663151
828,1997,16.4159887764809,12.7433931592476,14.856427629916,.0246880914131847,52.201885
828,1998,16.5025008620071,13.0602964659881,14.891202811265,.0246880914131847,55.242825
828,1999,16.607863571192,13.5884367934704,15.0071564369723,.0346384222663527,55.450161
829,1990,12.1470103921339,10.1266311038503,10.6711158499084,-.272782583708444,-23.046408
829,1991,12.1470103921339,7.74066440191724,10.634156889133,-.150564950984195,-25.917337
829,1992,11.8020136680479,7.60090245954208,10.5907927016124,-.0372362656771914,-9.587822
829,1993,11.4640697608153,6.90775527898214,10.5242575699203,-.0174336383810117,-14.420289
829,1994,11.4035095699128,0,10.4323701632072,.104783994343237,-9.5656214
829,1995,11.4501877165566,0,10.3404739372672,.134342796584782,-2.512507
829,1996,11.3837813770479,0,10.2485761330499,.163901598826326,-3.4959579
830,1992,11.5489126257549,8.006367567650249,8.800294789493909,-.111152471624282,-.91694963
830,1993,11.7412845184024,0,8.683368428467491,-.0434938231504671,-10.723665
830,1994,12.0232685697395,8.455317787698149,9.164432549864969,-.0042731099971857,3.415895
830,1995,11.7563223957669,6.94793706861497,9.14974074984725,.0445170541722462,-1.563144
830,1996,11.9834792852767,6.93342302573071,9.13280036327067,.0643196814684259,.49144146
830,1997,11.8073350096878,7.80384330353877,9.24066587052225,.0841223087646056,1.3044649
830,1998,11.9494257822405,8.519789817263501,9.50232318297966,.0841223087646056,2.1471577
831,1991,12.3542855089478,6.37672694789863,8.563045711598329,-.145451309488418,-.62203795
831,1992,12.4986819707673,0,8.44623410247574,-.0966611453189859,-13.346078
831,1993,12.1986641560013,0,8.329416783939321,-.0574404321657046,-10.500716
831,1994,12.3958176427876,7.60090245954208,8.61531758940944,-.0086502679962727,-12.085533
831,1995,12.3343452296021,0,8.49843841493259,.0305704451570087,-4.7396321
831,1996,12.4551335883497,9.7060117479705,9.822646192691501,.060129247398553,.041127775
831,1997,12.2932169306738,7.90691548867859,9.83692565241391,.0799318746947328,2.064671
832,1990,11.5136825473111,9.433483923290391,8.00001409367807,-.371920393347307,-.33246535
832,1991,11.2725204904942,8.006367567650249,8.62349726178628,-.323130229177875,6.7933469
832,1992,11.6491961011396,8.268731832117741,9.064956154189041,-.313179898324707,-.87649286
832,1993,11.5984237757661,8.1605182474775,9.30505037170848,-.217869718520382,.7555443
832,1994,11.5021210400491,8.202482446576539,9.48556011113687,.0896149812275781,1.3516711
832,1995,11.4543234317924,8.1605182474775,9.607538065665921,.157273629701393,.7555443
832,1996,11.5660758135425,6.16961073249146,9.52607039717312,.157273629701393,1.464306
833,1993,12.3385658851841,7.61233683716775,8.360399020643561,-.0559050058035603,4.2759795
833,1994,12.3044425027688,5.99146454710798,8.35763458172714,-.0071148416341283,4.9734364
833,1995,12.3787587063534,8.593413217327649,9.06236226920468,.0416753225353038,11.44381
833,1996,12.1610157863045,4.89034912822175,8.98421738655297,.0808960356885852,10.682789
833,1997,12.2949051395448,6.13122648948314,8.943845588648809,.100698662984765,11.321423
833,1998,12.1335354087218,9.57574708283836,9.85820248832044,.130257465226309,13.185942
833,1999,12.2361406919486,4.79579054559674,9.771440771615801,.150060092522489,13.177734
834,1991,16.4005452638513,10.6366243813122,15.4287353112573,-.122648936674588,49.089657
834,1992,16.4133023616203,12.08966803441,14.7185026131267,-.0834282235213063,49.67094
834,1993,16.3865858156001,11.1384501735488,14.652863574769,-.0442075103680249,56.756813
834,1994,16.4767606854029,12.3706968573651,14.6566948255111,.004582653801407,62.294529
834,1995,16.554426638579,14.5686412136736,15.1959199113458,.0438033669546883,61.488262
834,1996,16.5430585670109,15.5349996476819,15.9447370545594,.0337530311011869,57.363674
834,1997,16.6908243685768,12.3949683783287,15.8773463616685,.0337530311011869,66.617821
835,1992,15.6325722079332,13.0744936894666,13.4343393000245,-.236249795384969,41.787247
835,1993,15.7902153353774,12.1484647189098,13.5778159009445,-.187459631215537,41.893112
835,1994,15.9826046107967,12.3251836878841,13.7247919905551,-.0390396260972635,43.375267
835,1995,16.0474776976165,12.8924645605752,13.9712917649023,.230987511115797,51.173958
835,1996,16.1322688332554,12.9557490142313,14.1601627473626,.125626995457971,46.456219
835,1997,16.2603702063391,9.50829450569857,14.0600911648746,.174417159627402,48.696297
835,1998,16.3318248130367,12.2581004201211,14.0949407521254,.0801064801561612,51.246891
836,1993,16.6135328561544,12.0750295830142,13.2283107808098,-.056784445147456,33.442638
836,1994,16.8894974799697,12.9679666673141,13.7328543380409,-.0175637319941747,36.465252
836,1995,17.012431356774,11.9349788896816,13.7816199027809,.0119950702473698,37.289433
836,1996,17.0122976836681,12.7085737161499,13.9621261775369,.0317976975435496,45.825886
836,1997,16.8770083315993,12.7566275069751,14.1089545734933,.0516003248397293,49.068886
836,1998,16.9130177925365,12.8434692443188,14.2417111261187,.0811591270812738,53.306602
836,1999,16.8187080560675,10.926585752727,14.1743701039214,.110717929322818,52.779339
837,1993,15.7201923696565,10.945141407367,14.5665764910112,-.153183361227153,29.549129
837,1994,15.9578894161593,12.3810338479178,14.5653833809544,-.0762223200910247,32.101166
837,1995,16.4103852659976,13.3279228306655,14.7058261992246,.0721976850272484,37.296307
837,1996,16.4971738923561,14.801296755004,15.3154209961259,.0621473491737468,37.991737
837,1997,17.0127901186022,12.7570397122938,15.2762313851562,.101368062327028,40.711269
837,1998,17.0885629056906,14.4517354732696,15.5113741725807,.0394926586089406,37.505817
837,1999,17.2965552318775,14.7219961764407,15.7548781367206,.069051460850485,40.778095
838,1991,16.1743612568492,13.1654228668648,14.2050600824243,-.128351608581853,22.589714
838,1992,16.4025696029882,13.1021606700868,14.3956011841862,-.211733217520904,32.861774
838,1993,16.5339210002905,12.6989012908345,14.4615847366873,-.201782886667736,32.162525
838,1994,16.5582074427411,13.0476269000903,14.5715082576627,.0605813777997549,34.949699
838,1995,16.5582139127906,13.5291609307463,14.7567222470879,.0605813777997549,37.102478
838,1996,16.8402657503309,13.5583977802707,14.8987296435209,.0605813777997549,35.586205
838,1997,17.006904799217,13.8482787676505,15.0726801743379,.0605813777997549,37.964611
839,1993,13.7881804702923,8.99702338147971,12.4514691529647,-.0637106154448786,44.277607
839,1994,13.8055915266213,10.8906467292427,12.5296495941657,-.0244899022915973,33.826752
839,1995,14.8474287594864,11.598111844331,12.7409345689994,.0050688999499471,38.813976
839,1996,15.6692405663849,12.9061904745709,13.3834164749758,.024871527246127,37.585751
839,1997,15.7463676910123,11.8931889976551,13.4604738428242,.0446741545423067,40.662453
839,1998,15.7068228608658,11.8153606727588,13.510937160261,.0546244853954748,43.462238
839,1999,15.4979089272653,12.5077833548913,13.6898598028134,.0744271126916545,46.329285
840,1993,16.6209356583473,6.85435450225502,13.6753559084898,-.0413674355756279,33.592072
840,1994,16.6262930381862,9.412709624073919,13.5959672679247,.0074227285938042,32.694416
840,1995,16.585326065556,12.4916049087973,13.779833327255,.0369815308353484,39.691151
840,1996,16.5613265199623,11.3160951635236,13.7635099608655,.0469318616885166,36.117226
840,1997,16.5419489199125,10.5331356715332,13.7061827385092,.0568821925416846,35.878445
840,1998,18.0974465991246,14.017319332841,15.4681843044625,.0568821925416846,58.887672
840,1999,18.1580852497379,15.3381344557497,15.9659059904086,.0366794852241652,58.759125
841,1993,13.546625649427,0,11.3240396102379,-.0894516595566611,11.368446
841,1994,13.3378317355745,6.41017488196617,11.2326293821517,-.0032739633156087,7.7740693
841,1995,12.7544861165713,6.59304453414244,11.1403650118013,.0262848389259358,8.4080515
841,1996,12.2366383448392,0,11.0409214362589,.0262848389259358,11.737957
841,1997,12.8483172837283,8.187299270155149,10.9916740139873,.0460874662221156,11.716902
841,1998,12.8491858307385,9.45336497888354,11.0729682860367,.0560377970752838,15.867008
841,1999,13.7547346404313,8.4084937744929,11.4392681604813,.0855965993168281,17.120415
842,1992,11.6212250352298,9.10497985631836,8.98525744128092,-.0449781644914872,-9.6262445
842,1993,11.7063930475997,0,8.883875890301921,-.0154193622499428,2.2577903
842,1994,11.6694869213568,4.61512051684126,8.78466745449667,-.0154193622499428,6.3066654
842,1995,11.8262860789933,0,8.671286726753641,.0238013509033385,2.7318239
842,1996,11.8461040612015,0,8.557893578542609,.0238013509033385,7.8102522
842,1997,11.9481620164937,9.7981270368783,9.898072919834631,.0436039781995182,8.9352951
842,1998,11.893365675692,0,9.7846758629967,.0436039781995182,9.5429544
843,1992,13.462939591506,10.4602421081905,10.8329886421313,-.332825442703476,14.108737
843,1993,13.4663951744283,9.30900854377288,10.9142553900319,-.284035278534044,20.668699
843,1994,13.7703266998669,10.2921794400585,11.2309934956101,.0380482206350692,16.981133
843,1995,13.912438249513,10.5820032125514,11.5241284762381,.261191771949279,11.889939
843,1996,14.0556833562113,11.2307349529276,11.9437301308262,.121929704615771,12.76998
843,1997,14.1331713265771,11.8349147568034,12.4391570227019,.24414733734002,12.531508
843,1998,14.4034495985915,12.2172944449522,12.8812742633816,.104885270006513,17.137402
844,1993,11.8334671617378,7.94697135769359,9.66088718912477,-.13375308417251,9.600318
844,1994,11.938246511856,6.88243747099785,9.62048783406855,.0060088582026488,8.0449953
844,1995,12.076351969011,8.679652119113941,9.840718132283049,.04522957135593,8.655055
844,1996,12.3813576299569,8.934323331054911,10.0639553799615,.0747883735974745,9.208293
844,1997,12.016806785792,9.02893839224161,10.2499384081535,.0945910008936543,11.333525
844,1998,12.193125382728,9.078065332666361,10.4021241915321,.114393628189834,11.912061
844,1999,12.2943397771252,9.039433419997479,10.5133319253999,.143952430431379,14.913121
845,1991,11.9407110866566,9.565494159542981,10.3222340709502,-.0885768291250301,6.4176965
845,1992,12.0678241801484,8.597666575566111,10.3895613619594,-.0885768291250301,8.319459
845,1993,12.1402647694126,9.162409838218631,10.5506483845594,-.0493561159717489,3.0868137
845,1994,12.0043339449945,7.67878899819915,10.5029969041332,.0183025325020659,12.936142
845,1995,12.0255194007587,0,10.3995243588287,.0183025325020659,14.239782
845,1996,12.3337092125345,9.07176772211224,10.5209166192057,.0765714406260418,-3.7679894
845,1997,12.4328084723033,7.74196789982069,10.4741280586033,.0963740679222213,8.3068562
846,1991,12.2065745030225,7.34342622914737,9.50438963080612,-.201877585059642,-17.707706
846,1992,12.0469997544546,7.95717732345947,9.5917996316175,-.115699888818589,-1.5260854
846,1993,12.2074990067025,8.05832730658096,9.67965001046603,-.0574309806946135,-1.6391044
846,1994,12.0481706418784,0,9.56406998267629,.10808345778296,.053783782
846,1995,12.1882130703204,8.51719319141624,9.745622482896151,.0567901633954092,-3.096262
846,1996,12.3531341775262,8.752107198329361,9.93492323311577,.0567901633954092,-3.522186
846,1997,12.5782515762043,10.0253068758572,10.5325014631665,.0567901633954092,3.1842203
847,1993,11.4497798111506,0,9.04939667174132,-.374820955627847,-5.3629189
847,1994,11.3987493227191,0,8.945202263959301,.0569614607976906,-2.7733777
847,1995,11.6013050559672,0,8.841057712319801,.105751624967122,-.80974489
847,1996,11.5661579491792,0,8.736922922270599,.135310427208667,-.9449293
847,1997,11.5936506261896,8.34283980427146,9.123616226458919,.212271468344795,-3.6763225
847,1998,11.784748031536,0,9.019470381212271,.24183027058634,-2.8062754
847,1999,11.8296700760908,8.51719319141624,9.360999248261299,.261632897882519,1.3368396
848,1993,11.536451352227,9.078749951588589,8.83627218156505,-.0591942998599776,-2.8891063
848,1994,11.6666271256233,9.30882731869084,9.698613591271659,-.0393916725637979,-4.2730699
848,1995,11.8244544093401,8.31139827843664,9.812873329447569,-.019589045267618,-1.9043459
848,1996,11.7369500186914,9.87565376160669,10.4089789747114,.0196316678856632,4.2080112
848,1997,11.7365800611022,9.399058096275381,10.5997224611536,.039434295181843,3.7679648
848,1998,11.7965554956563,6.37842618365159,10.5098587829368,.049384626035011,2.3485236
848,1999,11.7759207090047,7.96241568012106,10.4764622825602,.0691872533311906,1.9294497
849,1993,11.8871139109405,9.159362817211321,8.923751035604139,-.188377104472886,-1.2388996
849,1994,11.9468218629749,8.00869818298853,9.152488776765059,-.111416063336757,3.7923326
849,1995,11.8543575256165,6.67708346124714,9.116524075771901,-.0161058835324324,6.6236968
849,1996,11.7152828424679,0,9.000890137793981,.0421630245915434,4.8708553
849,1997,11.436318382311,7.20711885620776,9.032050676295601,.109821673065358,1.6750367
849,1998,11.2520013150566,0,8.916412166319009,.139380475306903,.82789552
849,1999,11.2857391912603,4.99043258677874,8.81913313561472,.178601188460184,4.9199409
850,1992,14.9072422173313,13.0093312881084,13.4754940879616,-.233052441011675,-26.525213
850,1993,14.7068675813051,10.4186139148538,13.4188388741271,-.203493638770131,-16.548077
850,1994,14.8310729255246,12.0843738281979,13.5515260015324,-.0379792002925576,-28.49881
850,1995,14.5783904655112,10.9556544259613,13.5175522655632,.0108109638768745,-37.717823
850,1996,13.3617377558644,9.41540141573963,13.4290323033228,.0969886601179269,-17.414145
850,1997,13.5865067766522,9.30437701390256,13.3399738896508,.0969886601179269,-17.766897
850,1998,12.4486806271047,9.30946146284399,13.2522945469964,.0969886601179269,9.1070461
851,1992,12.4657243934539,11.9511803959014,11.613849855559,-.11141597970031,14.896544
851,1993,12.3770679542656,9.316770315592031,11.6092233386625,-.0721952665470291,21.53179
851,1994,12.3806308055231,8.74719318352693,11.5620984130114,-.0329745533937477,4.6873846
851,1995,12.5053313507879,11.346256760584,12.0379651880828,.0158156107756843,10.541517
851,1996,12.6356968063809,9.697201118288341,12.0221023302807,.0453744130172286,11.247921
851,1997,12.5956214706215,11.2268554258276,12.2720892924514,.0453744130172286,12.133001
851,1998,12.5635038661793,9.71824172422493,12.2387145541886,.0941645771866606,11.764778
852,1992,10.8480029932613,6.19236248947487,9.71433471558916,-.132322775948573,-4.9950395
852,1993,10.9717406287199,8.039479919100449,9.77659124184758,-.112520148652393,1.2915944
852,1994,11.0491570761474,0,9.659701146033131,-.0172099688480682,-1.5734472
852,1995,11.1561403721082,8.006367567650249,9.715886081494389,.0123488333934761,1.9269365
852,1996,11.2169897080712,4.87519732320115,9.60660326931955,.032151460689656,5.5037465
852,1997,11.3616200243883,8.006367567650249,9.66546510743094,.0519540879858356,3.4634001
852,1998,11.0862824129748,0,9.5485967303909,.0619044188390037,4.7033477
853,1993,11.6487666362545,8.55986946569667,8.68462105237019,-.125548535936983,8.3078318
853,1994,12.0687829727267,7.00669522683704,8.79095380852697,-.0302383561326581,6.9057412
853,1995,12.5663454168163,8.25919936266628,9.16761030824912,-.0006795538911137,11.909672
853,1996,12.3148878498997,8.936692688488201,9.6514492909225,.0288792483504307,13.764539
853,1997,12.1964183099502,8.240385115516331,9.789405783732921,.0680999615037119,12.052353
853,1998,12.320793360989,8.45765547870004,9.940961548759519,.116890125673144,11.653947
853,1999,12.5428435957133,8.493924564476879,10.0703358467951,.146448927914688,10.939493
854,1993,11.6869887104151,9.11745724449613,9.220102566320911,-.433885208475388,-2.1366353
854,1994,11.4155083438626,0,9.12028436480033,.153901456426731,4.0240946
854,1995,11.7190458283937,8.294049640102029,9.37444704034923,-.0945599028717688,-1.0357193
854,1996,11.8835514538441,8.51719319141624,9.61265385225197,-.0083822066307163,2.1593432
854,1997,11.9002188421386,8.85366542803745,9.87611121698065,.0777954896103362,5.7440705
854,1998,12.0638728693977,9.02401079378469,10.1104244831653,.117016202763617,6.5523715
854,1999,12.1539840289302,9.786504197050309,10.5223905978264,.0761942082433623,10.394913
855,1993,13.5800862158133,10.3417424834673,14.1653352524282,-.0104316472272211,12.744973
855,1994,13.7824446475309,10.4664406226881,14.0788348998714,-.0104316472272211,20.061392
855,1995,13.8429861824,10.8778396238236,14.0065456249584,-.000481316374053,23.412445
855,1996,13.9153208328074,11.2447583967557,13.9586592804587,-.000481316374053,28.315653
855,1997,14.2239842800766,12.3510730172578,14.0251262185828,.0094690144791151,24.649296
855,1998,14.4588837977781,12.2572551837845,14.0664938425343,.0292716417752947,24.227129
855,1999,14.6111414408548,13.6883156189766,14.4531666456965,.0392219726284628,26.75803
856,1993,10.9816543110403,8.006367567650249,8.429847212999251,-.0024968801985875,-4.4621067
856,1994,10.9479788904813,0,8.32956156110339,-.0024968801985875,-.049063604
856,1995,10.9890329230007,0,8.229191067753529,-.0024968801985875,-3.2777445
856,1996,10.9492750896468,8.01201823915906,8.695958432007419,-.0024968801985875,-4.9698486
856,1997,11.0662059574731,6.9037472575846,8.74051272724426,-.0024968801985875,-2.3380747
856,1998,11.0872043086043,0,8.640136224690689,-.0024968801985875,-2.9543483
856,1999,11.0922592863728,8.12681372072611,8.98012185199001,.0173057470975924,-6.5492811
857,1993,12.5660066896742,6.21460809842219,9.42434630209924,-.0569273038833958,14.364728
857,1994,11.8707501431081,7.76895604453833,9.499698538996361,-.0177065907301146,22.769272
857,1995,12.4489069026932,7.36327958696304,9.506964841744169,-.0077562598769465,19.783319
857,1996,12.6601571063041,0,9.405594606681859,-.0077562598769465,23.682894
857,1997,12.7215380485784,0,9.304231363390709,.0410339042924855,17.212694
857,1998,12.4783379538145,0,9.202862482120221,.0802546174457668,14.218942
857,1999,13.209004674892,7.44833386089748,9.24997446121626,.119475330599048,16.399679
858,1993,10.8886197929712,8.51719319141624,9.246691587440679,-.156467219066934,-6.0831966
858,1994,11.8129032158679,9.842515995544639,10.1882453534707,-.070289522825882,-1.1028025
858,1995,11.8144261084666,0,10.087873643379,-.0214993586564499,-.86852056
858,1996,12.311278733048,5.01063529409626,9.997305710738679,.0272908055129821,1.6600493
858,1997,12.2608860375358,10.4666968759817,10.8136113076388,.0665115186662635,7.2912369
858,1998,12.4743193103193,9.84966474583862,11.0199315733135,.0665115186662635,-2.2818995
858,1999,12.803141598726,9.93551902336679,11.1945546054178,.0665115186662635,4.5074677
859,1993,11.2458424466358,0,10.4391062716488,-.13802409451666,9.4509764
859,1994,11.5473178412199,0,10.3276173858734,-.0518463982756074,2.4659777
859,1995,11.5155562661038,0,10.2161243983331,-.0126256851223261,10.868693
859,1996,11.4241534811839,6.87729607149743,10.1380892083324,.0169331171192182,11.045407
859,1997,11.4485915282407,5.77144112313002,10.0385471518577,.0367357444153981,12.342086
859,1998,11.6030367155064,0,9.92705270050878,.0565383717115777,11.823418
859,1999,11.5253910729841,8.080237416216701,9.953101187084551,.0763409990077575,11.456264
860,1993,14.9363102430349,12.3705102332256,12.1009554336049,-.0841473843853993,28.708363
860,1994,15.0317440084821,12.6608135141725,13.0195638019603,-.0643447570892197,42.415447
860,1995,14.7427135741188,10.7039183983157,13.0112094456057,-.0251240439359382,34.884598
860,1996,14.742663007692,11.8440189764352,13.5102437089661,.0792359713883047,34.022869
860,1997,14.7476227560434,11.8113323207846,13.5683866372293,.0384139768680493,34.700615
860,1998,14.7476780517316,12.432068126225,13.7298374124161,.0079547693833407,34.044823
860,1999,14.711520449741,12.1619378781656,13.8061681532865,.0375135716248852,33.970909
861,1993,11.695194700196,0,8.03660575071086,-.0956287198681682,8.7053566
861,1994,12.2675164113342,7.25981961036319,8.30251371851416,-.056408006714887,19.726589
861,1995,12.2636401828089,7.00397413672268,8.419117190251891,-.0171872935616056,18.668213
861,1996,12.1363275785237,0,8.29582306665117,.002615333734574,21.071869
861,1997,12.0770351925225,6.0591231955818,8.269936234738759,.0321741359761185,19.369286
861,1998,12.5249672162441,7.21303165983487,8.43252815053499,.0519767632722982,20.753098
861,1999,12.2403039742417,8.28045768658256,8.903883144198071,.0717793905684779,19.778168
862,1993,10.8363207010296,8.20357773693795,8.2043163803299,-.121985110623549,-1.0283248
862,1994,10.9514554590346,8.207401833376361,8.79220027450175,-.0543264621497337,3.7419319
862,1995,11.3519112851216,6.62671774924902,8.775796546367349,-.0543264621497337,3.7112548
862,1996,11.6574845781522,7.00124562206948,8.8038447330535,-.0055362979803017,4.6019568
862,1997,12.0133309875582,9.246575864558279,9.59295300673214,.0527326101436741,9.3548698
862,1998,12.0208990254676,10.1397447429957,10.4419789257134,.0725352374398539,12.683232
862,1999,12.2694605049103,8.27537637483641,10.4205447198411,.0923378647360335,12.989051
863,1993,13.164437707425,11.6620348875581,11.5349051325583,-.124906676330766,6.9864225
863,1994,13.2967367643491,9.8671865728098,11.5877295519227,-.0572480278569508,11.813293
863,1995,13.7330969586136,11.6636015439286,12.1915659301045,-.0276892256154063,12.205205
863,1996,14.0042009572234,11.6506592650981,12.5144495941645,.0115314875378749,11.991742
863,1997,13.6139817166225,11.0559407210718,12.5901625905556,.0410902897794193,12.754083
863,1998,13.8956009568083,11.0684336248932,12.6535996192007,.0608929170755992,16.863235
863,1999,14.593949262414,11.5621726675388,12.8041047022611,.080695544371779,16.003546
864,1993,12.4969801860881,9.388904879892429,10.7290195311322,-.283344004856605,-8.2536774
864,1994,12.7096318219235,9.62251624577579,10.9246246679248,.0093256091062148,5.7552862
864,1995,13.2111943610241,10.2763261578172,11.2415077413399,.0485463222594962,7.5673113
864,1996,13.2726995048552,9.831991550831059,11.3576157804231,.0283436149419767,9.5962324
864,1997,13.4286683799187,11.3239296850171,11.9070990632466,.0283436149419767,14.57636
864,1998,13.6687446442296,11.0109935083744,12.1359725541586,.0481462422381565,15.595588
864,1999,13.7668783874644,11.1002091301479,12.3269154397917,.0777050444797009,18.748796
865,1993,11.8653841080411,8.520587424484249,8.806588794934759,-.163220714947951,-1.0225331
865,1994,11.9321092338966,8.444837529224101,9.25508426578557,-.104951806823975,-4.4815655
865,1995,12.2044477987938,7.35691824235602,9.31360068374897,-.0466828986999991,-1.6025926
865,1996,12.2257487074136,8.27563105457801,9.52510731523672,.0115860094239766,3.3865371
865,1997,12.197571875735,7.14519613499717,9.531140439203099,.041144811665521,4.8491182
865,1998,12.3517590358338,0,9.45790332783114,.0994137197894969,4.2284656
865,1999,12.2175154999188,8.11910083763749,9.598978022578081,.128972522031041,5.9585595
866,1993,12.0881641320018,0,9.5636978191026,-.380828069763992,-.092907421
866,1994,12.288547354974,7.91205688817901,9.648904932386539,.0444396656403519,5.4866009
866,1995,12.4167157703629,9.19836900019496,10.0363868704435,.0739984678818963,5.852355
866,1996,12.5040913119976,8.33038156934942,10.1034484506972,-.0093831410571547,8.4859686
866,1997,12.542299997216,9.253112463820051,10.346720395659,.0394070231122774,8.7484484
866,1998,12.5241562350095,9.344346651823921,10.5476545508744,.0394070231122774,8.0979586
866,1999,12.5670115891357,11.2895068758366,11.5294836189642,.116368064248406,10.244831
867,1993,11.0800942987989,0,8.610719963712519,-.0616056530529337,1.8439268
867,1994,11.1730795438699,0,8.50924166162862,-.0033367449289579,8.2717133
867,1995,11.4564397659834,7.90912218321141,8.83529777067927,-.0033367449289579,4.7249422
867,1996,11.3808558605554,7.81237820598861,9.02757071480025,.016465882367222,9.7601767
867,1997,11.2186349380375,8.61450137388324,9.408650100730361,.016465882367222,10.568128
867,1998,11.40068578648,0,9.30728557803266,.016465882367222,8.8928547
867,1999,11.4640607980255,0,9.2059105748968,.016465882367222,11.396284
868,1993,11.8616329375694,0,8.86680726598439,-.0921008296306993,2.6533024
868,1994,11.7387834484486,5.33753807970132,8.7829976853487,-.0921008296306993,-1.7214344
868,1995,12.1349096758001,4.74493212836325,8.686800935790121,-.0433106654612673,3.1429849
868,1996,11.9788516996267,7.72797554210556,8.886975852651,-.0040899523079859,2.4377551
868,1997,12.1061111840511,10.1453350886441,10.2410734545161,.0351307608452954,3.6419091
868,1998,12.0966251705173,7.53529670244409,10.1887755113837,.0743514739985766,7.667522
868,1999,11.9538632621723,6.34388043412633,10.0952147374042,.103910276240121,6.9828072
869,1993,12.4266515394918,8.977525200965241,10.3158223435799,-.0501864145384669,.64320534
869,1994,12.5218155690548,6.89770494312864,10.2867888479426,-.0402360836852988,.86352754
869,1995,12.7488785084051,9.57519179719905,10.6034042680029,-.0204334563891191,.045605276
869,1996,12.7842906988541,9.15302900526307,10.7366488175938,-.0006308290929393,-5.037765
869,1997,12.756213248022,8.62676482784553,10.7797809497646,.0191717982032404,4.2650256
869,1998,12.9569097256506,8.782169426332381,10.8338882687286,.03897442549942,3.3026853
869,1999,13.0812544086043,10.5355568835875,11.2797644055465,.0489247563525881,5.8674736
870,1993,14.6001748766898,14.0627986692764,13.8416745753124,.0460824732752755,8.4283667
870,1994,14.8082300464792,11.9174634767907,13.8572948093668,.132260169516328,-.68670648
870,1995,14.9816643828094,12.0861848965177,13.8885709458789,.132260169516328,12.883208
870,1996,15.0982872835671,10.9933785880589,13.8157992162984,-.0908833817978821,16.660343
870,1997,15.1864582004015,9.09054280852059,13.6991955941629,-.0710807545017023,17.88563
870,1998,15.180537335213,11.0982127290553,13.6425359817275,-.0912834618192218,20.912882
870,1999,15.0853356919,10.1643506908774,13.5463399528229,-.0912834618192218,20.918756
871,1993,15.6179977315116,10.997254789541,14.0170637457337,-.257023727464522,35.87899
871,1994,15.5791156346704,11.5605530488431,14.0090369389336,-.161713547660197,39.140045
871,1995,15.7401749816785,10.8144239756484,13.9573126786292,-.0047097988505322,42.937462
871,1996,15.5547937752979,10.9181383540234,13.9109175512638,.0535591092734435,41.33181
871,1997,15.5514770045566,10.9124668489642,13.8657376892018,.0831179115149881,43.291134
871,1998,15.6154146744972,9.829518032335949,13.791519971396,.102920538811168,43.53944
871,1999,15.6178673498295,12.0708999066335,13.8528319685839,.122723166107347,45.173138
872,1994,18.6810286549151,14.9139731687645,16.8223585325687,.0022628471084673,66.892288
872,1995,18.7833340992721,16.1932277984654,17.1232987694245,.0414835602617484,67.522514
872,1996,19.1183731876946,16.3717178919675,17.3760294362797,.0314332244082472,59.362919
872,1997,19.5022754986619,15.9320062848774,17.407419876309,.0009740169235386,63.839699
872,1998,19.6924946512269,15.9814104904317,17.4892341424119,-.0294851905611699,71.667068
872,1999,19.7467665000078,16.3446474675323,17.6282897315134,-.0496878978786893,85.458557
873,1990,15.9365405469687,14.6662138988291,15.3762366831574,-.1500245852368,24.041496
873,1991,16.0164215062214,13.6540005311177,15.4561818115643,-.13022195794062,32.386013
873,1992,15.9691421756147,13.5044684180227,15.4998408733772,-.0910012447873386,25.541584
873,1993,15.8805365254236,13.7647592219539,15.5722819371717,-.0614424425457941,29.650208
873,1994,15.9456213565241,13.4841663504977,15.5961233666888,-.0222217293925127,37.273609
873,1995,15.9499530052794,13.5543509675855,15.6206100356346,.0265684347769192,41.186146
874,1990,12.116236017099,7.3132203870903,9.43003799288609,-.125600995317962,14.755754
874,1991,12.1535454346433,8.493924564476879,9.668214485168511,-.07681083114853,8.7474384
874,1992,12.1440249064522,0,9.552901178437949,-.0375901179952487,12.170033
874,1993,12.0064061420532,0,9.436902074748859,.0016305951580328,11.734759
874,1994,12.1824063916676,0,9.32580071226292,.087808291399085,8.5891685
874,1995,12.3370923633902,0,9.209790220670699,.127029004552367,9.1940479
875,1994,11.1233255575668,0,8.72912209296285,-.004222368418587,.39703971
875,1995,11.1003851931807,4.60517018598809,8.643367587587189,.0349983447346944,4.1424079
875,1996,10.9640572106572,0,8.54200287032481,.0645571469762391,3.5872428
875,1997,11.3061629781648,6.68461172766793,8.577139936467301,.0941159492177835,6.2176986
875,1998,11.3450033726028,7.47533923656674,8.745443680098591,.0941159492177835,6.8690658
875,1999,11.2886773760299,5.71702770140622,8.687880667311831,.113918576513963,7.6603551
876,1991,10.6983793321606,4.79579054559674,9.542560724995139,-.0348844018535019,-1.6381952
876,1992,10.8595798260385,0,9.44350553873147,-.0348844018535019,-1.0904667
876,1993,10.2658892525283,6.49526555593701,9.396969305356439,-.0348844018535019,2.0305917
876,1994,10.172469827788,7.32646561384032,9.417825974933679,.0139057623159303,.64903492
876,1995,10.1439363823825,0,9.318782135709791,.0434645645574745,1.851651
876,1996,10.2466468545923,0,9.21973609361654,.0434645645574745,.25838104
877,1994,12.271037365875,10.5955591548691,11.4043587036848,-.0104726580612225,-5.368145
877,1995,12.6954047799345,8.10258642539079,11.3466583432977,.0383175061082096,-7.391232
877,1996,12.5369265257426,8.61395685984855,11.3135069851587,.0678763083497539,-4.8776121
877,1997,13.0700103177036,0,11.2209528680346,.0974351105912985,-9.5769682
877,1998,13.2616805579706,8.048788283534201,11.1663719829269,.117237737887478,-2.3660753
877,1999,13.0395077449181,6.8501261661455,11.0859889879908,.16602790205691,1.3737833
878,1993,13.6888027873715,8.911529941736561,9.1456205010624,-.0669535362598438,24.063297
878,1994,13.7084268525583,8.36637030168165,9.41708621268066,.0463751490471594,26.064827
878,1995,13.8341714908599,9.270494294795929,9.91837616502988,.0855958622004408,25.513832
878,1996,13.89161679524,9.2593209941978,10.2081705370251,.10539848949662,26.898087
878,1997,13.9715447549286,9.299815378403791,10.4182882651574,.1252011167928,27.482168
878,1998,13.9749600367868,9.32776778885215,10.5797911734377,.1252011167928,29.098396
879,1990,12.5348947765945,7.07411681619736,9.745253547271229,-.200069834072005,6.4981675
879,1991,12.2920491820904,7.09007683577609,9.70301017172083,-.151279669902573,12.279169
879,1992,11.8705894684061,5.08759633523238,9.597763701583579,-.0290620371783238,12.272868
879,1993,11.8598643685222,6.20455776256869,9.516677354525131,.0101586759749574,7.372798
879,1994,12.0339632996301,7.15773548424991,9.49365291191002,.132376308699207,7.475462
879,1995,12.4684899080629,8.76248954737158,9.76636113411465,.181166472868639,9.3490295
880,1994,12.461380496891,8.54090971803355,11.3859939593843,.0664960850333131,-.65758836
880,1995,12.4909518287137,0,11.2600904526157,.134154733507128,5.0247102
880,1996,12.0869625825282,0,11.1341874837897,.173375446660409,-10.574997
880,1997,12.1414097271686,9.92230930677672,11.25971180572,.173375446660409,-3.8283
880,1998,12.1543987025026,10.2035921449865,11.4205349188844,.202934248901954,7.2282763
880,1999,12.0916512310197,10.1658518170036,11.5339861241418,.222736876198133,4.830894
881,1994,12.3635527754249,8.23057721714645,9.67699464839677,.116497844976468,.18426649
881,1995,12.4562137107223,0,9.58739914682856,.116497844976468,4.6927013
881,1996,12.4429085269544,0,9.49780242022441,.116497844976468,-.039006706
881,1997,12.2874880875096,0,9.408207140105601,.116497844976468,-.18876989
881,1998,12.2950129357225,7.22620901010067,9.417427709415371,.0756758504562127,9.5999432
881,1999,12.1384050190233,0,9.32783892272613,.197893483180462,9.1160154
882,1990,12.4310577854121,8.05515773181968,10.6216687508157,-.0802239835497642,7.4048262
882,1991,12.4333368031655,8.69951474821019,10.6712249103988,-.0802239835497642,3.1819344
882,1992,12.4382029928167,8.294049640102029,10.6682714399017,-.0604213562535846,4.781733
882,1993,12.2779520367265,0,10.5735042747072,-.0406187289574047,8.3947773
882,1994,12.2193469035399,0,10.4787516924394,.099143213417754,7.2257543
882,1995,12.1996490882574,0,10.3840013806322,.138363926571035,8.9106579
883,1990,11.6827055251696,0,8.748622322317219,-.290765733885167,-18.733181
883,1991,12.5341962638168,7.43838353004431,8.88831527110186,-.116812426761729,-10.120474
883,1992,12.6281180252704,8.6429443967218,9.37502395691595,-.10686209590856,-9.5873356
883,1993,12.7444317526586,8.508757712595139,9.623012778333701,-.0299010547724323,-5.6518512
883,1994,12.8230184063499,8.15478757276852,9.718668880543561,.0093196583808491,-1.24233
883,1995,12.8257851100433,0,9.60179444906997,.0581098225502812,3.3519597
884,1994,14.7528206034633,13.9324407856388,14.7677242637296,-.0392946393231996,33.252655
884,1995,15.1007879111471,13.1261681301442,14.8388239912997,.0283640091506153,36.375591
884,1996,15.0489626092711,11.6096528219227,14.7743483108446,.0283640091506153,34.562225
884,1997,15.0561265195092,11.9351034647334,14.7263262088994,.0383143400037834,34.445698
884,1998,15.2041316909369,11.9214126686107,14.6797990284036,.0482646708569515,36.473339
884,1999,15.2265137387273,12.3383939312706,14.663699906572,.0680672981531312,35.813
885,1991,12.3692856453554,6.96129604591017,9.76080585181202,-.123082957337936,-8.7285156
885,1992,12.6957458642197,9.022563964499261,10.0534795972145,-.0838622441846548,-2.4922225
885,1993,12.6686660404519,8.88183630500415,10.2176447942212,-.0162035957108399,2.7512126
885,1994,12.8228255045902,8.052933036797571,10.2122728766936,.0420653124131359,1.1385882
885,1995,12.6266443907573,0,10.0954004648682,.0420653124131359,2.4566
885,1996,12.7901778681647,9.062536177207789,10.2735879701373,.119026353549264,10.438355
886,1994,16.8593213596777,12.8106754564857,15.2539664177233,-.0259354702941878,68.65049
886,1995,16.9468739254763,12.7339795500266,15.2431688387365,.0036233319473566,71.986671
886,1996,17.1222600466602,13.5956503605395,15.3235884974435,.0234259592435363,74.140495
886,1997,17.0895809339494,13.215751711646,15.3448485577553,.043228586539716,77.671394
886,1998,17.1476614612945,13.3564199643396,15.3781385422667,.043228586539716,78.455673
886,1999,17.3675886450412,13.6383711506097,15.4414820936517,.043228586539716,83.890198
887,1990,15.889676551911,12.5537673878881,13.6677167967144,-.09836138324265,47.21188
887,1991,15.5388738750055,13.903948999546,14.4102949041073,-.0400924751186742,52.410488
887,1992,15.7636187919468,12.6249375737014,14.4467691432298,-.0105336728771297,53.610043
887,1993,16.0775730370875,11.0497306033681,14.3527711194927,.0092689544190501,52.270199
887,1994,16.3634912761969,11.6581420688109,14.291843924588,.0388277566605946,51.33305
887,1995,16.6051275794874,12.9554630990942,14.3961016187116,.068386558902139,64.040428
888,1990,12.6693657889108,0,9.981651573505481,-.169809245739301,10.477592
888,1991,12.3328213573583,0,9.890685960698921,-.102150597265486,14.187931
888,1992,12.3357535025337,0,9.799670289894999,-.0344919487916717,15.469579
888,1993,12.4062491343554,0,9.71057612042403,.0516857474493808,17.461439
888,1994,12.6432762753695,0,9.62145615159316,.0909064606026621,18.998981
888,1995,12.6406409580542,0,9.532351404751561,.130127173755944,19.3943
889,1990,11.5888514026704,6.21660610108486,8.573762542904131,-.059110857987211,.3558417
889,1991,11.6692594738847,5.73009978297357,8.53367659067459,-.0008419498632351,10.175947
889,1992,11.5708723685759,7.78447323573647,8.833666781530759,.0383787632900464,7.3659363
889,1993,11.4420675901391,7.55485852104068,8.98545780945812,-.0024432312302088,9.6171942
889,1994,11.2345078577517,0,8.885011813292129,.0463469329392232,14.476686
889,1995,11.1032601196314,0,8.784636841627011,-.0262237598956124,16.176443
890,1990,12.0344563071009,8.70797882662232,8.361941906144949,-.169341879695694,8.0489969
890,1991,12.1958249495535,7.84424071814181,8.746620955637461,-.130121166542412,7.3015656
890,1992,12.4764404932801,9.166388484446999,9.5916084113585,-.0909004533891312,12.176795
890,1993,12.5210067794096,9.70210549300343,10.2515636319795,-.0613416511475867,12.634734
890,1994,12.6997348707704,10.1001639176352,10.7704913968942,-.0221209379943054,12.316069
890,1995,12.8499574762034,9.260938424739271,10.8550990951279,.0361479701296705,14.290177
891,1994,16.6087137015869,12.8136837239835,15.3429558311767,.0161910010278266,50.045536
891,1995,16.5684651055545,13.2014924370594,15.3305442700707,.055411714181108,50.953213
891,1996,16.6270762884195,12.9229094968781,15.291448163005,-.0064636895369797,54.035847
891,1997,16.6404339035219,10.3876097934676,15.1755574996578,.11575394318727,55.660263
891,1998,16.6603311188732,13.5898638764319,15.23056349832,-.0120794283226154,56.794147
891,1999,16.6686864930538,14.6861145650155,15.5448162647677,.027141284830666,57.521248
892,1990,15.7042620230886,12.9309655556503,13.9825898730784,-.198523808111467,44.168423
892,1991,15.9234838592816,12.8168784368045,14.1809625804083,-.0941637927872239,50.847752
892,1992,16.0133132529105,12.7722639104123,14.3198026244525,-.0172027516510956,56.24115
892,1993,16.1045630856074,11.9187638367402,14.3228275536874,.0220179615021857,60.323975
892,1994,16.1051507590527,11.7034301154055,14.3079372140428,.0802868696261616,57.51844
892,1995,16.2184382333138,12.0371331482295,14.3171503811493,.166464565867214,63.901512
893,1991,15.0107696323051,11.3975482829257,13.2524919369539,-.112442047976379,24.614706
893,1992,15.0476135542474,12.5336482816436,13.5467766301953,-.0926394206801991,31.240862
893,1993,14.8460765786176,11.3290026268093,13.5310640454385,-.0728367933840195,37.486053
893,1994,14.9798345454306,12.3572001888531,13.6844230338019,-.0240466292145873,39.334583
893,1995,15.1066426193505,11.941423272189,13.7204465178651,.0342222789093883,41.079769
893,1996,15.2022860379446,11.919323471127,13.7447755984943,.0441726097625566,43.283897
894,1994,12.9361737356525,0,10.9755641979424,-.0589663975372924,12.444739
894,1995,13.4206010970183,8.050703381470299,10.9166998924392,.02721129870376,15.71632
894,1996,13.6085715383512,8.603003847829349,10.8970355779556,.113388994944812,18.087473
894,1997,13.6661959574429,7.46106551435428,10.8168700596211,.199566691185865,16.496546
894,1998,13.9925075345552,10.9228762424139,11.4220758221628,.257835599309841,15.922512
894,1999,14.2555218299227,10.8998456071655,11.7525964821684,.287394401551385,19.344778
895,1991,14.1098870331672,10.5507216760817,12.0273358557743,.0340197788435479,33.353317
895,1992,14.2536378880611,9.89600966268017,12.0426438905019,.043970109696716,37.438515
895,1993,14.5866449924888,9.729550745276571,12.0384252940099,.043970109696716,39.8913
895,1994,15.0844879078317,10.764836236146,12.1864177473215,.0735289119382603,44.576164
895,1995,14.6671770406411,9.306559229716729,12.1381770289816,.131797820062236,45.249821
895,1996,14.710223652245,8.632127729508341,12.0649024370136,-.116663539236263,44.620754
896,1990,13.172964186167,10.3570123993879,11.6109410727109,-.0426375860962592,24.948557
896,1991,12.6377964078292,11.1772149381744,12.0296295765203,.0061525780731728,18.28541
896,1992,12.8303940266753,10.3527462356427,12.0979015171315,.0061525780731728,19.393114
896,1993,12.7870303234947,7.48605261786314,11.9966994708796,.0161029089263409,24.248388
896,1994,12.9312241218426,10.5002614884385,12.091360203273,.0456617111678855,25.049469
896,1995,13.4296139678648,8.820847033377721,12.0164859614948,.0456617111678855,27.537104
897,1990,16.2772347011836,13.445027867186,15.2930269811837,-.0511429101637432,37.72694
897,1991,16.451073594735,14.0764684493372,15.4665631234818,-.0611932460172446,48.198116
897,1992,16.5320423657488,14.0903801500178,15.5989524653128,-.0124030818478125,53.689732
897,1993,16.5818872335633,13.8026633853135,15.6554961593097,.0363870823216195,52.705658
897,1994,16.8620600032506,13.460756624845,15.660947704179,.0363870823216195,61.444672
897,1995,17.1010706195023,13.9711047668305,15.724551796495,.0463374131747876,61.041592
898,1991,12.0138738980654,9.615805480084351,8.8075018114699,-.278127387810123,1.5269105
898,1992,12.0138738980654,9.615805480084351,9.904846628573759,-.268177056956955,1.5055374
898,1993,12.0782068059607,9.21034037197618,10.2026287180768,-.268177056956955,3.1205306
898,1994,12.1134612018119,9.7981270368783,10.6027286275471,.285708056269482,3.0462437
898,1995,12.1119712586507,0,10.4768230786833,.285708056269482,3.9995346
898,1996,12.1064890620148,9.903487552536131,10.7881018415497,.285708056269482,3.2737026
899,1990,13.7367263358433,10.1876885731513,12.4587672320655,-.16709243839559,19.767633
899,1991,14.1226398489738,9.62284729487339,12.4336718556374,-.099433789921775,26.155193
899,1992,14.288193512319,10.3346528954941,12.4651021250087,-.0411648817977992,33.472332
899,1993,14.3242064781805,10.6971811796956,12.5384949063454,-.0019441686445178,39.98819
899,1994,14.3696395289614,10.7899992579212,12.6133797228377,.0178584586516619,38.778744
899,1995,14.3716456690726,10.4739584952286,12.6351256912593,.0570791718049433,40.116241
900,1990,12.2996347533156,9.5324238711453,10.200253243721,-.0615905802263942,7.0956326
900,1991,12.3771940259839,8.887928819003299,10.3515746342298,-.0417879529302146,17.428833
900,1992,12.2017832085746,7.37775890822787,10.302139503711,-.0025672397769332,12.027297
900,1993,12.2303037231114,6.24997524225948,10.2185281929543,-.0025672397769332,12.443916
900,1994,12.0373762992955,8.04237800517328,10.2258789753064,.0366534733763481,16.592348
900,1995,12.4853707154432,9.19451582162921,10.4220194068863,.0662122756178927,19.304279
901,1994,14.2710974184286,0,11.2288581846115,.03590289915036,12.029016
901,1995,14.7684485505865,0,11.1208364960953,.03590289915036,16.7703
901,1996,14.3594099104107,11.6555268505692,11.978880283834,.03590289915036,18.734632
901,1997,14.7571305137949,11.902328939531,12.4977141191976,.03590289915036,28.873257
901,1998,14.5191670582114,12.3450125109622,12.9778833523608,.175664841525519,33.958225
901,1999,14.7535357511442,12.1758865966106,13.2180940142587,.306693103931923,37.975998
902,1994,11.4308769820888,0,8.930917432130761,.0077621182130523,13.235925
902,1995,11.9571691832358,0,8.829548364072901,.0077621182130523,15.109869
902,1996,11.496224494014,9.00011304592852,9.481382261329671,.0177124490662205,16.433901
902,1997,11.4353326691679,0,9.377996583017181,.0375150763624003,15.077303
902,1998,11.5302877436434,0,9.27259190494879,.0573177036585801,16.664507
902,1999,11.6832215538159,7.55485852104068,9.31619476565618,.0573177036585801,18.121218
903,1990,15.7444644220453,12.038978560067,13.3264219638411,-.158480077019207,26.013577
903,1991,15.8212493206879,12.8985420964833,13.7506913574399,-.138677449723027,32.801571
903,1992,15.6431436627231,12.1579847347231,13.8330329404183,-.0898872855535951,39.701077
903,1993,15.6369553666269,11.0270038135704,13.7835280258611,-.079936954700427,41.529297
903,1994,15.6694512517288,13.0259031365332,14.0655655267923,.094016352423011,44.928272
903,1995,15.5870016508078,12.3634822948571,14.1212538158115,.292867211168176,53.690052
904,1994,13.260408635501,11.1570502012021,13.5032682708238,-.0541713697240992,23.432203
904,1995,14.4010157392208,10.8895468549649,13.4491690429088,.0040975383998766,28.94035
904,1996,14.819622465071,11.9069520687775,13.5135326519573,.0717561868736915,30.041441
904,1997,15.5236010245928,13.4809534862434,14.0457271164845,.0915588141698713,34.224525
904,1998,15.5236010245928,13.2115292651014,14.2676906626973,.0402655197823208,36.752895
904,1999,15.5539352276164,13.3700512376295,14.4696108342653,.107924168256136,38.37088
905,1990,14.814508710595,11.4690153738507,12.6852527914606,-.0996294178829245,21.593584
905,1991,14.8208835695133,11.0032824749505,12.7733785032241,-.0700706156413799,24.83474
905,1992,14.7698878633375,10.9915274835992,12.8414050498327,-.0502679883452001,28.423143
905,1993,14.7347528154992,11.5077621580133,12.9874916583721,-.0304653610490205,29.202875
905,1994,14.8155379949957,11.1525579977651,13.0436766000417,-.0009065588074759,27.436213
905,1995,14.8049491422385,10.5822568651501,13.0303020344098,.0188960684887038,34.182384
906,1990,15.387182445927,0,13.3479806665047,-.171365954728907,33.720108
906,1991,15.4886438092019,12.6180299668747,13.6551739513491,-.161415623875739,29.208319
906,1992,15.6492542540997,12.4855209130549,13.8266369296835,-.122194910722457,36.709671
906,1993,15.5839049105708,11.7723855162903,13.8404676233888,-.112244579869289,42.431919
906,1994,15.7055677777681,11.2220650134856,13.8008802551057,.0099730528549597,46.712421
906,1995,16.0610460274451,11.5798548756522,13.7906104063392,.0961507490960122,53.443916
907,1994,14.2734033410736,9.69664786792845,11.8751058262494,-.0013018539436207,32.633347
907,1995,14.6829756447196,9.716615658643359,11.8801250302713,.0474883102258114,36.046654
907,1996,14.9941442833105,9.256651274839429,11.8453581249054,.0867090233790927,35.429543
907,1997,14.7317983322583,10.1021334722499,11.8958170303394,.106511650675272,36.670143
907,1998,14.4836874764585,9.77366356469993,11.900232033529,.136070452916817,34.688843
907,1999,15.0136405867754,9.548525426601071,11.8832945151607,.165629255158361,49.714058
908,1994,14.367964815066,10.1357890416351,12.8398858710049,-.0267799775094524,27.270473
908,1995,14.2975977083717,10.3424519091847,12.8201365746579,.002778824732092,26.876648
908,1996,14.1151355096433,9.36426245424844,12.7531102299204,.0225814520282717,23.348848
908,1997,14.1952217304451,9.632990304838451,12.6966754597358,.0423840793244514,22.800314
908,1998,14.1955642175725,10.7735039528783,12.7268953317307,.0621867066206313,29.438744
908,1999,14.3129328971628,11.0160520548222,12.7838732261622,.0917455088621756,27.106178
909,1994,16.1376051850361,12.2199311710162,15.0082822129897,-.02271453871107,35.009781
909,1995,16.536985273148,13.2250715787843,15.0371837225472,.0542465024250584,39.328712
909,1996,16.8732754453266,13.3224528130586,15.0726541176444,.0029532080375077,45.257778
909,1997,16.9453083601179,13.8801459494098,15.2025166407502,.0129035388906759,51.278744
909,1998,17.0239514266289,13.2879642528241,15.2082868906418,.0028532030371743,46.568233
909,1999,16.8690945143601,10.4604140131848,15.0905719162997,-.0071971328163272,38.733109
910,1992,12.5199171097677,7.42714413340862,10.0688875776891,-.0486467219388014,15.730401
910,1993,12.1930354667941,7.18992217074581,10.0103714073235,-.0190879196972569,6.1499844
910,1994,12.2540389652725,9.05660627203414,10.2279956462308,.0201327934560244,4.4384322
910,1995,12.4534022813819,7.42892719480227,10.1706365059476,.0593535066093057,6.0193567
910,1996,12.6998323961178,7.65728279297819,10.1301010765256,.0791561339054856,7.3050699
910,1997,12.7927292095052,9.21034037197618,10.3357730891287,.0989587612016652,8.2737885
911,1994,11.3958009624333,6.18001665365257,10.097432956565,-.02437826727872,14.918973
911,1995,11.8723841641187,8.408047744155439,10.1522442682126,.0338906408452559,14.953585
911,1996,12.0164650409977,8.553525120663631,10.2176594021979,.0731113539985371,17.779772
911,1997,12.0054818113449,7.73499619402278,10.181956060156,.102670156240082,15.943446
911,1998,12.1250638035254,7.92551897978693,10.1641542230599,.132228958481626,20.536263
911,1999,12.0890889913702,8.392083380373389,10.1998369549295,.171449671634907,21.491335
912,1994,14.9760835808567,10.4381078248678,13.187733989758,-.0752312886088474,42.852306
912,1995,15.1154591059762,11.2313712454846,13.2209293422928,.0380973966981559,43.886536
912,1996,15.2393205764612,11.9146904025496,13.3536339746351,.0868875608675878,46.46096
912,1997,15.2589209847471,12.1373172458446,13.5025072587189,.116446363109132,46.537853
912,1998,15.3779305840438,12.1076491243041,13.6142756255726,.136248990405312,44.781654
912,1999,15.2934310627581,11.34259967046,13.6101051268663,.175469703558593,53.926891
913,1994,11.5474402796139,10.4040506967356,10.5707731875697,.0347395322985874,3.2232697
913,1995,11.906061004256,7.39018142822643,10.5195835879007,.217061089092542,4.799798
913,1996,11.8458123141768,0,10.4270941505668,.207010753239041,8.0841293
913,1997,12.0097282577846,9.903487552536131,10.7730157631828,.22681338053522,7.7726316
913,1998,11.9887769472718,9.507106063161009,10.9119362284083,.22681338053522,8.6401672
913,1999,11.9798866841635,0,10.8173172585689,.266034093688502,7.4612885
914,1994,14.4589225630082,0,13.1908661554818,-.0520647778327558,26.489939
914,1995,14.6037011924232,0,13.0861698217829,.00620413029122,32.411037
914,1996,14.6776273365734,10.6213273456864,13.0569021907418,.0454248434445014,33.879208
914,1997,14.7625904796867,11.9447078813958,13.2191729779698,.0652274707406811,34.865963
914,1998,14.8577548307976,12.1615720181291,13.3935746986908,.0850300980368607,35.384499
914,1999,14.9949368714625,11.841653506858,13.4673026671482,.10483272533304,37.084641
915,1994,16.6918042691375,11.5028751291167,16.5766623079094,-.0391104667310688,7.3123417
915,1995,16.8377329574553,0,16.4729005133841,.0191584413929071,9.8131247
915,1996,16.7921417159004,0,16.3692578209819,.0487172436344515,11.543721
915,1997,16.860982064007,0,16.2655817804953,.0685198709306312,12.913518
915,1998,16.8749969808519,0,16.1619138276386,.0883224982268109,11.519573
915,1999,16.4338343706894,0,16.0581673928744,.108125125522991,18.635263
916,1990,15.0524125618717,12.2320230034126,13.7579089871212,-.115624811506909,29.722136
916,1991,15.0408286559498,11.7301797083042,13.7958195564377,-.0860660092653649,29.608929
916,1992,15.1168028226089,11.8835575532381,13.8453815444809,-.0565072070238205,29.383343
916,1993,14.9927197374606,11.7220999009236,13.8681802347029,-.0367045797276407,29.399164
916,1994,14.9927755441195,12.2047167266876,13.9496539632708,-.0071457774860963,32.981987
916,1995,15.0346292472972,12.1382594351123,14.0033090887165,.0224130247554481,35.544952
917,1991,10.9156215069565,8.109826276018479,8.527955074060269,-.103466200591441,-1.1460538
917,1992,10.9236465773736,8.67948209445996,9.216342324171819,-.103466200591441,3.1448524
917,1993,10.7832610250245,7.70706265537047,9.31181334090682,-.103466200591441,2.4812334
917,1994,10.5838028032114,7.65207074611648,9.377717481384311,-.0642454874381593,1.0712601
917,1995,10.6743082178783,6.81563999007433,9.338927059672169,-.0250247742848779,3.6013024
917,1996,10.6408103288418,7.96346006663897,9.444162701632539,.0237653898845542,5.0146689
918,1991,14.9707262608342,9.151757414543891,12.1788114118554,-.0106259230257874,8.8630686
918,1992,14.8253187069025,9.196545660953991,12.1305594557512,-.0106259230257874,14.002715
918,1993,14.3298428471663,8.72712991524317,12.0642060399043,-.0106259230257874,23.453074
918,1994,14.3515018636893,9.689117897773279,12.0541520605253,-.0006755921726192,23.263632
918,1995,14.3353017391791,9.01930092456251,11.9998667144333,.038545120980662,23.541666
918,1996,14.16076151689,7.58018941794454,11.9108448421894,.0080859134959535,23.661221
919,1990,13.7018731462222,0,12.3418920436727,-.174920626234262,17.22378
919,1991,13.667947577674,0,12.2261453343957,-.0796104464299374,17.960777
919,1992,13.841075660996,0,12.1103950982547,.0156997333743877,21.393864
919,1993,13.9123278321346,0,11.9946470450763,.0644898975438198,24.8195
919,1994,14.4269545073691,11.1686166020476,12.2501129756482,.0744402283969878,29.590395
919,1995,14.9853535679665,11.5096501068363,12.5197637807446,.0744402283969878,29.274012
920,1994,14.4567435325781,10.3160937687957,10.8238957958136,-.138315757658647,29.604977
920,1995,14.8248598364904,9.21870528830781,10.888830354145,.0440057991353076,32.69083
920,1996,14.9544454947061,9.074176947163309,10.9187997506816,.120966840271436,37.135418
920,1997,15.0902479565164,8.961750799330501,10.9290792263812,.179235748395412,35.606968
920,1998,15.0951860472233,9.885883506587771,11.1007498919706,.179235748395412,37.943039
920,1999,15.2977155669738,9.98934409629581,11.2542169102458,.179235748395412,38.697891
921,1990,13.5082040708155,9.52515111181622,11.414132226353,-.224265375167798,31.251314
921,1991,14.0485532242253,9.852194258148581,11.5031589272261,-.119905359843555,34.120373
921,1992,14.063475486507,9.74096862303835,11.5542737209906,-.119905359843555,34.157009
921,1993,13.7231713930126,0,11.4385283741026,-.0065766745365513,28.022755
921,1994,13.9719009209535,9.065314599925919,11.4141476799662,.133185267838607,33.448528
921,1995,14.1832377823866,10.2577646238749,11.5671636189991,.255402900562856,32.904247
922,1994,14.6752233681263,10.3442232747262,12.2294536666531,-.0266673956519867,27.113142
922,1995,14.7430761819802,10.5288375750302,12.2914270671939,.0866612896550165,30.983011
922,1996,14.8516401566428,11.2079887164359,12.4686445807403,.116220091896561,30.291109
922,1997,14.6652157305788,10.3773898221975,12.3054146864479,.116220091896561,35.264122
922,1998,14.6968499770546,11.0821425488778,12.446315959003,.136022719192741,36.368107
922,1999,14.8292340627726,11.4164476036912,12.6304236209692,.165581521434285,32.375034
923,1990,14.8808035218336,11.0170377135684,13.5186922098931,-.0788323564202993,23.160765
923,1991,14.7810135690856,11.175716957368,13.5070123928337,-.0888826922738007,22.136049
923,1992,14.8183394557254,11.1141926440754,13.4886373825875,-.0789323614206327,32.010624
923,1993,14.4116773847057,10.1879895739813,13.4161103212866,-.0493735591790882,40.853771
923,1994,14.5635571020121,9.37381884096866,13.3237281228671,-.0594238950325897,34.263161
923,1995,14.6980257594798,11.211387846228,13.3237178208757,-.0011549869086139,42.174053
924,1991,11.3521233829666,10.1266311038503,9.95737423119378,-.102857406491551,5.0326071
924,1992,11.3042494837118,0,9.84553529427329,-.0351987580177363,3.7683556
924,1993,11.3644735782691,9.25138634141218,10.1880497632766,.0135914061516959,7.2872243
924,1994,11.2503122173825,7.74066440191724,10.161017071511,.0528121193049771,6.2795281
924,1995,11.4582741936299,7.27931883541462,10.1027645499795,.0920328324582585,8.160533
924,1996,11.4234119972961,0,9.990939665720621,.13125354561154,9.0000267
925,1990,14.3130646589901,8.28425179762192,12.7086735387381,-.204187248234557,8.4355526
925,1991,14.4950918116244,9.29670153762423,12.6313864583043,-.194236917381389,25.034737
925,1992,14.5551045402903,9.732046586838379,12.5755353760828,-.155016204228108,27.874971
925,1993,14.8465086594252,8.8376812155932,12.4877726108044,-.155016204228108,31.455553
925,1994,14.770429635758,9.02773877597491,12.4071509397309,-.015254261852949,33.343102
925,1995,14.7901126319563,9.646140679880419,12.3551484700347,.158699045270489,36.125679
926,1994,15.2173102181055,11.1224130067142,13.826628227015,-.0466743657950212,22.362566
926,1995,15.1297507601147,12.1097764798014,13.8937742687762,-.0268717384988415,22.767094
926,1996,15.2010175845949,11.9274362043853,13.9250395335087,-.0070691112026616,24.260065
926,1997,15.3864988672378,12.6669440779098,14.0668503525901,.0127335160935182,23.301159
926,1998,15.2194354155351,12.5377046155092,14.1568136073973,.0226838469466862,25.996307
926,1999,15.1916009243809,12.8445048951012,14.2850182517543,.042486474242866,28.809338
927,1994,11.6783227516885,5.6937321388027,9.93076219467101,.0031291117160809,3.5713921
927,1995,12.0558568542512,7.64969262371151,9.960807897708939,.0519192758855127,9.4938707
927,1996,12.0260485401426,6.40025744530882,9.925659918801269,.0618696067386809,11.51004
927,1997,12.0803584573797,6.22455842927536,9.887246375739551,.101090319891962,6.9515224
927,1998,12.2225973931815,9.310276200588779,10.2337728322065,.187268016133015,13.323201
927,1999,12.263815573416,8.86785006302941,10.3776450425443,.236058180302447,12.297819
928,1994,14.0365950623838,11.2540770127852,12.4540691868175,.0207592571963364,23.824299
928,1995,14.3064509598342,11.8157005625196,12.7585524614439,.0599799703496178,22.549866
928,1996,14.5208197213413,11.5377448987867,12.8940720992501,.0599799703496178,16.623693
928,1997,14.7888833642522,11.1740904391598,12.9368801879128,.0599799703496178,24.450905
928,1998,14.9212723237066,11.2991008571073,12.9911356150991,.0599799703496178,25.146975
928,1999,15.0019246243691,11.9070464713777,13.1523090950757,.0599799703496178,28.102249
929,1994,13.7189232166169,11.0686207710705,12.7583728828143,.0122410849909273,19.394125
929,1995,13.8385257166998,10.6669999957566,12.7589457525982,.070509993114903,25.327627
929,1996,14.2558358235976,10.6051483888613,12.7505469490024,.0903126204110827,27.680763
929,1997,14.1133185639081,10.0571952771303,12.6986113786905,.0903126204110827,23.83416
929,1998,14.2715712071925,9.729074639810211,12.6317305009063,-.0039980590601587,23.661589
929,1999,14.2512595369951,11.2032022616416,12.7201891484086,-.0140483949136602,26.691069
930,1991,13.949943926656,9.903487552536131,13.2704090021062,-.0415647841836963,13.043767
930,1992,13.9413875216957,0,13.1562309418358,-.0415647841836963,16.929005
930,1993,14.0069488935578,0,13.0420540008445,-.0023440710304149,20.022417
930,1994,14.0518397486699,0,12.9278779801514,.0076062598227532,22.879242
930,1995,14.2514444898643,0,12.8137008803253,.0274088871189328,28.109655
930,1996,14.1451601114921,0,12.6995239053807,.0472115144151126,22.529194
931,1990,12.4931917545399,9.87816974455184,10.3187379613791,-.140030700459368,-4.5115867
931,1991,12.3995961234252,5.29831736654804,10.2253753803889,-.110471898217823,-2.3126621
931,1992,12.5820304228632,7.60090245954208,10.1978087868974,-.0616817340483913,4.5590496
931,1993,12.3146891545918,7.82404601085629,10.189031089951,-.0418791067522116,4.5769329
931,1994,12.3288443099485,7.35883089834235,10.1465984234663,.140442450041743,2.3542025
931,1995,12.3316231852209,7.43838353004431,10.1089354553146,.170001252283287,4.3737559
932,1990,15.3524701850501,10.9297979294488,13.8785717383712,-.0661225881843795,9.6970663
932,1991,15.5489391615935,9.202308200278919,13.8527293647934,-.0173324240149473,13.802405
932,1992,15.4579767896124,9.305650551780509,13.827908978907,-.0073820931617792,8.0755434
932,1993,15.4654344277661,11.1933123119818,13.8597411047644,.0025682376913888,12.26543
932,1994,15.5432433637458,11.5812100857068,13.9172349408967,.0321270399329334,19.946442
932,1995,15.5473017098849,11.6150306879074,13.9692137376783,.0519296672291131,19.90679
933,1993,14.9605492830723,12.0032769160039,14.281623440562,-.16516235564319,32.559502
933,1994,14.9583409490746,10.7276191348915,14.2180406297308,.000352082834383,32.020576
933,1995,15.0445995784405,11.7361730108768,14.2035014778568,.122569715558632,32.127754
933,1996,15.0587633553283,11.6632402256291,14.1832321226998,.122569715558632,33.217091
933,1997,14.9947808935872,11.570741440347,14.1573179657871,.122569715558632,36.449936
933,1998,15.0280317584224,11.7129641425693,14.1425663847426,.122569715558632,36.062916
934,1994,12.9072166782427,9.766808353620871,11.0208528982864,.0906030162197531,1.8593861
934,1995,13.025082781998,8.92132407651127,11.0244384658255,.049781021699498,2.1437252
934,1996,13.074575475741,8.10379671298179,10.9649343479722,.0295783143819784,2.6374421
934,1997,12.9613979519173,0,10.8551203314076,.019527978528477,8.0097961
934,1998,13.1044688088421,6.14418563412565,10.753721811767,.0490867807700214,10.26856
934,1999,13.0455525682123,8.79437027922287,10.7674802749392,.03903644491652,9.798193
935,1994,15.5094325233459,12.0678789727771,14.2218562782197,.0320757135476355,36.650528
935,1995,15.3257074361511,12.1861097053846,14.2156147218553,.0518783408438152,38.06781
935,1996,15.6752415036706,12.4206919686233,14.2369928369069,.071680968139995,43.488083
935,1997,15.5211702365697,12.3945170858235,14.2501611300235,.081631298993163,47.392311
935,1998,15.8054497040493,13.1192344875297,14.3905971393506,.101433926289343,47.961731
935,1999,15.7085705693455,12.8591111187867,14.4487567142229,.130992728530887,48.45248
936,1990,12.4166537479083,8.43098149459717,9.573106725551231,-.0617259759234537,-14.572232
936,1991,12.7024890456985,8.295548516225759,9.733043181888069,-.0321671736819092,-16.897108
936,1992,12.8207019498545,8.855378246041131,9.992537267369631,.0070535394713721,-7.2301807
936,1993,12.7082976490107,7.48380668766583,9.9726217473698,.0366123417129166,-12.119568
936,1994,12.737266289204,8.905986765236429,10.1708623203635,-.0042096528073387,-15.509063
936,1995,12.8291150833055,9.287949351303171,10.4080707327308,.0253491494342057,-11.670236
937,1994,14.2693742015286,10.4598695459612,11.8570476516799,-.0276100922980735,17.187716
937,1995,14.7949960856733,11.3221280896952,12.1916435449447,.0211800718713586,24.26358
937,1996,14.9519616046676,11.9392710506577,12.6295371220531,.0604007850246399,26.780781
937,1997,15.1070241807718,11.1418617835794,12.701198673044,.0899595872661842,27.670122
937,1998,15.2601443617121,11.2136025669172,12.7718193154279,.138749751435616,31.2173
937,1999,15.0496688843789,10.9299770767084,12.7872477801317,.177970464588898,35.327515
938,1994,14.2286716051179,9.39266192877014,12.4231405775914,-.0718697590165084,24.023626
938,1995,14.2894936217225,0,12.329379065841,-.0718697590165084,26.445143
938,1996,14.2600078987051,0,12.2356178554463,-.0423109567749641,26.988939
938,1997,14.2903705036386,8.294049640102029,12.1597548475432,.0438667394660883,29.946259
938,1998,14.37354908489,10.9331069697173,12.3059102881626,.0926569036355205,35.780613
938,1999,14.5024922843649,9.92226023785941,12.2934354191061,.141447067804953,40.459858
939,1993,11.3631591643311,9.25913053614561,10.217747045577,-.0736017267301515,2.4868865
939,1994,11.0511455914505,6.68461172766793,10.1339323845118,-.0343810135768702,.8446216
939,1995,11.4635405889945,5.52146091786225,10.0309216443445,.0144091505925618,4.1751494
939,1996,11.8918853848305,10.4028072361159,10.79058219638,.0631993147619941,4.4409952
939,1997,12.1513672785343,10.0405066061942,11.0722615848494,.0631993147619941,4.727232
939,1998,12.2114330085833,9.83595789574253,11.2014492095526,.167559330086237,7.1183066
940,1994,13.4814684983965,9.355997944398551,11.2336096310758,.10477226285968,9.4228916
940,1995,13.4763241018324,10.4989392106226,11.5043538332745,.114722593712848,10.635363
940,1996,13.4052709116106,9.744140059301991,11.5409189650955,.114722593712848,11.524099
940,1997,13.480945046594,8.651024539049761,11.4755983977372,.114722593712848,12.218796
940,1998,13.5628513596582,9.02713842775492,11.4373286927959,.114722593712848,13.894067
940,1999,13.2280213448545,9.615805480084351,11.4619910535449,.114722593712848,12.085835
941,1993,14.00883200739,0,12.6346649139051,-.162071262173411,12.212179
941,1994,14.1177962614197,0,12.5087609343975,-.0223093197982523,7.4577837
941,1995,14.182254193078,0,12.3828576538864,.143205118679321,-4.3423591
941,1996,13.9183165746661,8.070906088787821,11.325112859927,.220166159815449,-8.0918312
941,1997,13.9482904967903,9.582248696555499,11.3545813382553,.342383792539698,-4.1762004
941,1998,13.929983902948,0,11.2286774892527,.342383792539698,1.1176325
942,1994,16.7048492429775,12.3552595978486,15.3555673949986,-.0138408187365624,58.897736
942,1995,16.7762436016598,12.312520569745,15.2914349518998,.0253798944167188,58.47995
942,1996,16.4720646126559,12.6083125582826,15.2450006779951,.0549386966582634,60.821751
942,1997,16.6209364122922,12.4641971657396,15.1921193146879,.0941594098115447,61.264973
942,1998,16.5689867424698,12.3374078783602,15.1349817100336,.198519425135788,62.563202
942,1999,16.6250206420729,13.3115993080589,15.165528230036,.0476965354012038,62.98064
943,1990,14.1292517694054,12.8339343593915,13.0415697211728,-.148737439697576,27.664883
943,1991,14.1750588722553,10.4517823564166,12.9959621616878,-.119178637456032,30.015676
943,1992,14.1129028630245,11.2514957636625,13.0425049027588,-.0896198352144871,38.293236
943,1993,14.0644116218814,11.598800363079,13.1404637724111,-.0600610329729426,35.639801
943,1994,14.3316582879381,11.697386398332,13.2348740496584,-.0402584056767629,39.596535
943,1995,14.4778488217659,11.3456659046529,13.2505271903124,.0367026354593655,39.888306
944,1990,15.4269025042614,11.9564054312756,13.1767360257112,-.0826737410866342,20.029734
944,1991,15.1292342751326,12.2435032959382,13.4067739041817,-.0434530279333528,28.080458
944,1992,15.0529009496622,11.4587543494142,13.4201062201552,-.0138942256918083,35.407089
944,1993,14.9833014637928,11.8285898549458,13.4866414243635,.0059084016043713,37.954716
944,1994,15.1156332671251,11.1890772095344,13.4572258905442,.025711028900551,38.378059
944,1995,15.3454270929539,11.6727287103336,13.4834133768154,.0356613597537192,39.987198
945,1994,16.2807655357302,13.0542686738723,14.8732834214047,.0317099662383409,48.389114
945,1995,16.7394312832549,12.5321914700719,14.8535933807052,.145038651545344,51.030823
945,1996,16.4587960881707,13.58693226516,14.9825389651627,.124835944227825,53.213337
945,1997,16.5453551898589,13.8790335636405,15.1453647972108,.19249459270164,52.036106
945,1998,16.6837582980929,14.8858519646654,15.5806168664829,.182444256848138,55.211365
945,1999,16.5319758392106,14.398744653408,15.7224772742777,.109873564013303,58.600246
946,1994,13.0108977793616,0,10.4011701843259,-.113669296554456,-18.45863
946,1995,12.9240981381337,0,10.2958100064113,-.0841104943129119,-17.10742
946,1996,12.9134336677555,8.88779076419533,10.400017478,-.0545516920713674,-21.091293
946,1997,12.767890022796,0,10.2946576386075,.144299166673798,-15.924161
946,1998,12.8661325423081,0,10.1892978743551,.266516799398047,-7.9226027
946,1999,12.6266051612622,0,10.0839365238024,.0801872212065533,-7.8572478
947,1994,11.5532203244131,8.24354550792826,9.839897914399989,.0196699270277974,4.371582
947,1995,11.4450297045497,6.26530121273771,9.766372603780249,.049228729269342,-4.3293219
947,1996,11.7087204790245,7.67554600253785,9.7768239511238,.0391783934158404,-8.5387545
947,1997,11.9663680306066,8.7677962556266,9.970108279378019,.0491287242690087,-12.788177
947,1998,12.0083754802484,8.9799204116912,10.1666860842905,.0491287242690087,-15.057708
947,1999,12.0884469426223,7.39572160860205,10.1225708722545,.0689313515651882,-14.719054
948,1994,12.6043286620997,0,10.7756090273855,-.0181476593226332,11.68118
948,1995,12.6702646042969,8.23057721714645,10.7398905647255,.0016549679735467,1.4935842
948,1996,12.5505668562078,5.29831736654804,10.6342146778478,.0116052988267148,9.5371704
948,1997,12.6238261681178,8.41183267575841,10.6218906016622,.0885663399628431,9.4471836
948,1998,12.6965319674254,7.90100705199242,10.5720756115954,.0885663399628431,12.056531
948,1999,12.8538145750988,7.0647590277918,10.4898509828981,.192926355287086,14.024656
949,1994,12.1303421508187,6.85540879860993,10.4289672785419,-2.22044604925e-16,11.825083
949,1995,12.2206173543168,8.724207360800561,10.4700817914858,-2.22044604925e-16,12.859343
949,1996,11.9699930360404,10.0305166006647,10.8312245255345,-2.22044604925e-16,15.384263
949,1997,12.1806856780648,9.91041351260686,11.0296615048604,-2.22044604925e-16,14.809603
949,1998,12.4372619804741,11.0064238126843,11.5630851670848,-2.22044604925e-16,16.111221
949,1999,12.3827684470714,10.8443343023062,11.8231446578757,-2.22044604925e-16,15.667732
950,1994,14.5337225921986,9.793058658766739,13.4227151985504,-.0280571172983084,29.489122
950,1995,14.5503058771631,10.5898618488086,13.3544122781252,.0111635958549728,30.47007
950,1996,14.5357900872332,9.6368491670127,13.2525317965672,.0111635958549728,32.692322
950,1997,14.5450964627194,10.6757000401923,13.1977268468057,.0503843090082543,34.146584
950,1998,14.7353305215981,12.3316827474067,13.4099053900482,.0603346398614224,34.296474
950,1999,14.7540971577271,13.3332189396703,13.9147397755709,.155644819665747,37.894974
951,1993,16.3835633411907,11.7006739360569,13.8594317450222,-.0434672988722008,54.02293
951,1994,16.5063119284687,13.1016094978111,14.1507747079998,.0787503338520484,47.396015
951,1995,16.5692201087397,11.9347952771037,14.1561251318194,.0787503338520484,53.847927
951,1996,16.5724071388056,12.9823861118488,14.3172455064673,.0787503338520484,54.45153
951,1997,16.6166082048654,11.707373201562,14.2887201052586,.0787503338520484,59.708183
951,1998,16.851074864944,12.663380397106,14.3613223070433,.0787503338520484,60.626526
952,1990,16.6387807711419,13.0098282971095,14.4811616623996,-.242108670157704,53.301121
952,1991,16.8588774724383,12.527775637533,14.5351213186109,-.174450021683889,59.202515
952,1992,16.9650924923436,13.5583990734608,14.7768054389462,-.116181113559913,60.16362
952,1993,17.118192369058,12.8611466542594,14.831085671123,.0908330558244127,69.698868
952,1994,17.1780229577815,12.5220979759235,14.8405096392419,.0603738483397041,74.587044
952,1995,17.1565674187044,13.3030736367555,14.9424818355346,.0801764756358839,84.892609
953,1991,11.2683105258643,8.666130304190609,8.941859438773371,-.046074411067388,-5.0473375
953,1992,12.4775876960784,7.82404601085629,9.123267174893909,-.0068536979141067,4.4563494
953,1993,12.2949822280177,6.56807791141198,9.08571774958128,.0323670152391746,7.7649975
953,1994,12.1193190609733,0,8.970050661827001,.0906359233631504,5.3856816
953,1995,12.1348000594323,5.85793315448346,8.89735416666028,-.0258978928928013,6.8664804
953,1996,12.1797922634222,0,8.78172433726885,.01332282026048,7.1159139
954,1990,16.1406129783482,12.4916725517776,13.7403936154326,-.131696726502605,35.855667
954,1991,16.3153590702686,12.0012170946516,13.8109750882534,-.0829065623331726,41.383774
954,1992,16.4352120695273,12.1469487720274,13.8898192885361,-.0436858491798913,44.135387
954,1993,16.477988653692,11.6439361833631,13.8920167734607,-.014127046938347,46.209713
954,1994,16.5464376010021,12.0015054797889,13.9328588324591,.0154317553031973,49.234867
954,1995,16.6733928592776,11.4360228221289,13.9084794536461,.0449905575447419,52.791927
955,1994,15.3457664783082,12.298209614203,13.6154499097188,-.0056734974908453,52.071976
955,1995,15.3858411374264,11.8040416341563,13.6614922193795,.0238853047506989,52.677238
955,1996,15.5558427226352,11.8638358255791,13.7061971287166,.033835635603867,55.507511
955,1997,15.4616267086625,11.8082631582329,13.7362585625954,.0633944378454114,56.015675
955,1998,15.6081503734305,12.0484066274686,13.7938304332724,.0633944378454114,52.464561
955,1999,15.8249831515294,11.9296337971577,13.826508755455,.0633944378454114,56.363152
956,1994,15.430592546384,11.525110919834,13.3054766207318,.0313062669121854,45.330795
956,1995,15.7903093938837,11.545644317533,13.3587472080879,.0895751750361612,48.700611
956,1996,16.0084092647515,12.6625698472493,13.1541102694673,.0591159675514528,51.418549
956,1997,16.197440792788,12.1575229524453,13.3498319622624,.0389132602339331,52.745464
956,1998,16.2217592206131,12.328046885805,13.5376427014919,.0187105529164137,53.549145
956,1999,16.1279685878483,12.3925397642625,13.694347842619,.0187105529164137,53.355759
957,1994,16.6402812689287,12.832874340041,14.5359010465429,.0159227585537705,45.787876
957,1995,17.0108523279644,13.1504161918464,14.6322358612913,.0258730894069387,50.126488
957,1996,16.6395468027539,13.0388382799104,14.6864642009364,.0358234202601068,51.07423
957,1997,16.502241669995,11.1973376232647,14.5891280316931,.0358234202601068,54.594101
957,1998,16.7353533803591,10.7462393810754,14.4831462194715,.0257730844066054,59.990898
957,1999,16.6748948902258,11.554547139661,14.4063836217003,.0257730844066054,74.176361
958,1993,16.8072193180329,12.2160229763833,14.505890814117,.0207267944118448,82.131149
958,1994,16.6138281222048,12.4450895460007,14.5059279660833,.0306771252650128,61.598267
958,1995,16.7835282636109,11.4894418712219,14.429104227841,.0306771252650128,65.094711
958,1996,16.7444147970229,12.3761444798952,14.5115916304512,.0306771252650128,67.75885
958,1997,16.8807507517864,12.2177195561796,14.5309239463594,.0306771252650128,69.187538
958,1998,16.7691952710141,12.3329871950524,14.5076932235291,.0306771252650128,69.379166
959,1991,12.0646940542249,0,9.909469624213679,-.0381367925902438,7.8259354
959,1992,12.0038138765597,9.13162178726478,10.1980546189283,-.0381367925902438,8.6627588
959,1993,12.1292675482781,7.35500192110526,10.1530315255968,-.0481871284437452,8.8894396
959,1994,11.8538977651817,8.272826003650399,10.193425827847,.0006030357256869,13.567194
959,1995,11.5748844256369,0,10.0899546712685,.0588719438496627,12.950583
959,1996,11.4926936027088,0,9.986481286261309,.0588719438496627,12.740222
960,1990,12.0880169774372,10.5966347330961,10.273912529999,-.206504116294131,-25.264238
960,1991,12.1526496206512,9.433483923290391,10.5501587641102,-.111193936489806,.48089826
960,1992,12.653524913564,9.47270463644367,10.7520645944217,-.0435352880159913,-5.6179156
960,1993,12.8288980366376,9.0825070004663,10.826382428962,.0334257531201371,-.95217288
960,1994,12.8387728942858,0,10.7229171024237,.110386794256266,2.3178248
960,1995,12.787665730687,0,10.6194426439221,.168655702380241,6.2864647
961,1993,15.8277780643427,12.1131346498709,14.0725849325257,-.104945814539963,.48671743
961,1994,16.3689471626043,12.0974902786124,14.1037813320972,-.0187681182989107,5.6700673
961,1995,16.6326246833286,13.0855894284806,14.304308953844,.0300220458705213,41.264618
961,1996,16.6551330928774,12.8927187397478,14.4121613204174,.0692427590238026,42.894798
961,1997,16.7187053958662,12.2648885738227,13.5331987066945,.146203800159931,45.439079
961,1998,16.7351692266828,12.2996813786947,13.6729485691153,.175762602401476,46.338715
962,1990,17.1483365120464,13.7873055089851,15.7748681689578,-.125443754167232,45.680309
962,1991,17.1685771460752,13.7998099458881,15.8098571215522,-.0958849519256875,51.309612
962,1992,17.1926148548103,13.9664222837528,15.8594376358558,-.0376160438017117,59.96032
962,1993,17.24198306102,14.051327856976,15.9124631326544,.0393449973344167,58.102531
962,1994,17.2305012961955,13.5305966506058,15.8985485372026,.0881351615038488,63.703403
962,1995,17.3399785525612,13.5428944221849,15.8834155336349,.107937788800028,67.165695
963,1992,13.3247154929998,0,11.1098205693679,-.0705153369684468,5.2090616
963,1993,13.0824614997865,0,11.0094477788668,-.0705153369684468,7.7088165
963,1994,13.0467449089636,0,10.9090722210441,-.0312946238151655,8.0740223
963,1995,13.0560802392856,0,10.808699136683,.0079260893381158,12.300873
963,1996,12.870128412173,0,10.708325917716,.0567162535075478,10.536215
963,1997,12.985923735458,0,10.6079529398615,.0862750557490921,12.393208
964,1990,13.8947549376714,11.3265838385134,12.8315831773743,.0486285026273632,9.1507998
964,1991,13.8514038067175,10.6541486392967,12.8524376570484,-.0679053136285882,9.2983027
964,1992,13.7620958044389,8.168202930236051,12.7694977402636,-.0481026863324085,13.338519
964,1993,13.6830298068489,7.45356187164337,12.6820605209044,-.0283000590362288,24.055346
964,1994,13.6730599813209,7.29844510150815,12.5942132133467,.0393585894375861,24.385256
964,1995,13.8476148555245,8.12888014212564,12.5127860920565,.049308920290754,13.779423
965,1994,13.6882638917503,0,10.1105667604558,.136146797216047,25.571634
965,1995,13.2894569259013,8.002694162283939,10.1114646727686,.136146797216047,21.50429
965,1996,12.8460395366226,8.13622555490846,10.1245729873809,.165705599457591,21.288986
965,1997,12.9693099434898,0,10.0127454634726,.185508226753771,23.992382
965,1998,13.1335592381771,9.864798697921019,10.4953132716876,.205310854049951,27.695778
965,1999,13.0739875306935,8.49739856408806,10.5028788447547,.263579762173926,28.270144
966,1994,16.5607483142038,12.7499857897383,15.377882711587,.0291750124833559,40.547871
966,1995,16.6206208795319,13.0018644069336,15.3730733014915,.142503697790359,43.619755
966,1996,16.6015339090035,12.9012876865921,15.3589986712096,.0259698815344076,44.387775
966,1997,16.5794057165386,13.1472276825718,15.3653097761456,.102930922670536,46.434277
966,1998,16.6014645164139,12.7564891062529,15.3405804620839,.142151635823817,46.843769
966,1999,16.6336509472549,12.9905060113865,15.3338936716037,.08027623210573,48.278015
967,1990,11.4890638854258,0,9.32687818822413,.0140367156316119,-13.311293
967,1991,11.7798749387359,9.053101595549689,9.820643842381839,.0532574287848932,-4.8857932
967,1992,11.8771404472124,0,9.720291613581489,-.0745759427249915,-1.1181656
967,1993,11.5140461035095,0,9.61986390021185,-.0547733154288117,-4.5249357
967,1994,11.1526878429204,0,9.51949279794243,.0128853330450031,2.3138332
967,1995,10.7448905882903,0,9.419125330311481,.0424441352865474,.83017904
968,1993,13.9557167535209,9.337941716569899,12.6166765274943,-.0730957592940473,21.664171
968,1994,14.2881294574317,9.978734161910671,12.5922757601733,.0038652818420812,19.38699
968,1995,14.4286325891933,9.997933722828069,12.5680827819851,-.0163374254754382,20.278732
968,1996,14.4055471926028,10.409521715566,12.5776006840905,.0513212229983767,23.77467
968,1997,14.5078350512845,9.95108653133541,12.5489440068673,.090541936151658,22.637524
968,1998,14.4783145779432,10.4802413564162,12.5656637832395,.110344563447838,22.893078
969,1990,14.93495111421,10.5058617446542,13.866715898484,.0294156106406176,26.164865
969,1991,14.8932188792344,10.0764740058524,13.765238846846,-.0984177608692672,18.833454
969,1992,14.8314368061183,9.921081860937081,13.6619507868494,-.0496275966998353,25.341642
969,1993,14.6490566310874,6.98007594056176,13.5373712085524,-.0800868041845439,33.028667
969,1994,14.5238197780975,0,13.4114679875694,.0854276342930294,31.322517
969,1995,14.7925553194496,12.1610961998827,13.5365265474556,.0953779651461974,31.839621
970,1994,15.8015662421532,10.4034746511211,13.4600667130549,.0124155867456266,44.198818
970,1995,15.8320218549494,11.2555527221054,13.4665149097551,.041974388987171,44.86647
970,1996,15.8483363297559,11.6653031453911,13.5164613234278,.0319240531336697,44.963619
970,1997,15.9705984356158,11.5017330630661,13.5387388834066,.0517266804298492,46.290173
970,1998,15.962464593657,11.3195470052981,13.5398386077296,.0416763445763478,46.294388
970,1999,15.9269976099598,11.0557353903701,13.5189560415305,.0416763445763478,49.887386
971,1990,15.1589509991314,12.3715870840077,13.633369784828,-.1595007169213,32.493805
971,1991,15.2233662422208,12.361455423156,13.7828297092034,-.110710552751868,36.015266
971,1992,16.2982684069802,15.0767143734949,14.6564731643695,-.0811517505103232,51.135597
971,1993,16.1063967722137,12.9523837447686,14.7149326103052,-.0419310373570418,58.627716
971,1994,16.2525624265084,13.3277632363604,14.8274847817713,.0068591268123902,56.951077
971,1995,16.4911910524367,13.5144324918422,14.9469851829552,.0364179290539346,60.534138
972,1994,15.2367396373068,9.224834818126631,13.0666688327613,.0024377598386125,22.354895
972,1995,15.3468997972337,4.00733318523247,12.9664087380868,.0512279240080445,24.751057
972,1996,15.5486642858398,2.39789527279837,13.3041317812374,.0512279240080445,24.900562
972,1997,15.4284231064218,8.45807992692373,13.2110899326344,.0310252166905249,44.320972
972,1998,15.25394847345,10.1375710438887,13.1528671698951,.0310252166905249,29.291077
972,1999,15.1383437174485,8.545002892055511,13.0616713158139,.0605840189320693,51.409866
973,1994,13.3522694562918,10.4771189470945,11.0115500470157,-.15720025523857,19.704426
973,1995,13.5752002206632,9.468310380442441,11.0869923082222,-.052840239914327,18.060106
973,1996,13.4843860141706,6.35088571671474,10.9796565303703,.0604884453926762,15.299819
973,1997,13.6560167252326,10.7280357330448,11.4173480494616,.17381713069968,18.183195
973,1998,14.0275695375788,11.4879460612592,12.0018354866803,.287145816006683,17.576006
973,1999,14.1896020407902,10.2996764358639,12.0440500634199,.391505831330926,17.573259
974,1994,14.2135479305043,10.1062651178975,11.9544588867401,.0722430545864591,29.048944
974,1995,13.6439626249983,7.0335064842877,11.8437984837589,.121033218755891,42.87973
974,1996,13.6545837168247,8.357728416765211,11.7585621385978,.140835846052071,25.218563
974,1997,15.1622382822647,12.0462090111434,12.7099062822257,.150786176905239,28.497488
974,1998,15.0986951665706,11.6383768016865,12.8730039226311,.170588804201419,32.488846
974,1999,14.9173039953432,10.6367444740239,12.8485742166462,.160538468347917,36.994141
975,1990,13.6402225076349,8.987196820661969,12.4840035797886,-.201142641571996,14.485307
975,1991,13.5362910392853,9.991864663153541,12.4541031320163,-.124181600435868,27.960876
975,1992,13.9624969682521,9.496796693502141,12.3918644241334,.0068466619705363,19.427925
975,1993,13.9071456691458,9.863238310628439,12.3562535992679,.0266492892667161,21.78631
975,1994,14.1978892463654,10.3285591902832,12.367279089095,.0165989534132147,25.64205
975,1995,14.4213966306569,12.380072170073,12.9440084232302,.0265492842663829,33.146225
976,1994,10.5993449268173,8.634086942887739,9.387188644305089,-.0722316765321052,4.6578078
976,1995,10.9988690301783,5.08759633523238,9.274713254396421,.0139460197089472,3.800561
976,1996,10.7608715658881,6.95749737087695,9.24036508508188,.0722149278329231,3.7171652
976,1997,11.037785935691,8.24748200428569,9.418881829746169,.101773730074468,2.2413912
976,1998,11.1341288438476,7.1074254741107,9.383394114949221,.121576357370647,5.2096376
976,1999,11.0604837649029,6.13772705408623,9.293761980115249,.295529664494085,5.0265522
977,1994,14.0955358499573,10.2774275932364,12.710589712128,-.0632667979812677,31.950222
977,1995,14.4380463201119,11.4944253889856,12.8596194808857,.0589508347429816,31.978268
977,1996,14.5982425813502,10.5395880777168,12.8484577063938,.0885096369845258,34.670803
977,1997,14.7864841082281,10.8777075122079,12.8708010612589,.108312264280705,35.132317
977,1998,14.7454924964225,12.1492800471245,13.1405038397557,.147532977433987,39.61351
977,1999,14.6788817553856,11.7175546787865,13.2360996582044,.167335604730167,40.774696
978,1994,15.6106569172889,11.2267489253017,13.8936117821779,.0197383273721839,39.530968
978,1995,15.6149616596723,12.1821282529534,13.9331216677311,.234849706989129,44.576439
978,1996,15.8559876894967,13.1309186762467,14.1691953759287,.0363987682652912,45.40678
978,1997,15.9385636784994,14.1230048164901,14.6940916967679,-.05791191120595,55.212742
978,1998,17.0944812652074,14.3580487793932,15.148340690977,-.130482604040785,60.707428
978,1999,17.1386838761212,12.7367008965923,15.1040487227189,-.0912618908875041,55.58712
979,1992,11.8821318531552,11.8610439062258,12.1059948185363,.0004530320035033,14.001487
979,1993,11.701121600885,8.14060704285845,12.0140588705691,-.0197496753140161,20.914196
979,1994,11.9710695457593,9.059517482241599,11.9544704615659,-.0097993444608481,16.547653
979,1995,12.23346542246,9.619996684702819,11.9338222236504,.0100032828353316,18.164539
979,1996,12.3960182487691,10.8947187670738,12.1144347645749,-.0101994244821878,18.924526
979,1997,12.4803513468142,12.4082907794552,12.8227514935532,.009603202813992,19.207272
980,1994,10.6983761069042,0,9.890123652077991,.0134486738872318,.77803409
980,1995,10.915144550796,7.92443418488756,9.90717574279314,.0134486738872318,-.96305728
980,1996,11.0919843684878,0,9.795350964931551,.0526693870405132,.53090602
980,1997,10.9938998192248,0,9.68352643191322,.0724720143366931,1.7689334
980,1998,11.1171284503846,0,9.571700324105169,.0724720143366931,2.9354002
980,1999,10.8185447620295,0,9.45987655344633,.0922746416328728,4.2342772
981,1991,16.8280745293242,11.8087542625578,15.4521914670172,-.16401871196159,77.123077
981,1992,17.0198124508763,11.1033318462783,15.3661706896207,-.105749803837614,74.703079
981,1993,16.8955620906643,12.5292425109115,15.3253482213926,-.0104396240332888,81.208374
981,1994,17.08541044985,11.8485687867078,15.2567106544927,.0572190244405261,68.402557
981,1995,17.2798812220669,12.6332633674116,15.2253390804411,.0867778266820706,72.288155
981,1996,17.5081725568171,12.1254047424627,15.1677564428225,.10658045397825,79.013138
982,1994,15.3256369140755,10.7484111680619,13.3452843439484,.0056074389523746,-6.5148973
982,1995,15.2981503066879,11.8961381474753,13.4471868874288,.0155577698055426,-12.724691
982,1996,15.3570225078767,10.8160513480026,13.1282983306756,.0155577698055426,-4.217504
982,1997,15.3103403082938,11.460526296171,13.1873828453684,.0155577698055426,-2.684715
982,1998,15.2964818175674,11.9323197763894,13.3193403503742,.0155577698055426,-14.907763
982,1999,15.3770390541302,13.9298182281948,14.2116185578946,.0353603971017223,11.587389
983,1990,12.5876736097119,0,10.6065355577733,-.180712947564484,12.525177
983,1991,12.7863695421743,5.78996017089725,10.5050784984146,-.103751906428356,18.302544
983,1992,12.9137984063823,9.928911604876291,10.8594527407604,-.0549617422589236,23.021698
983,1993,12.2535972255225,8.99218436217301,10.8983639310858,.0312159539821289,23.931103
983,1994,12.7545044815575,0,10.7882215676661,.0894848621061047,7.3732109
983,1995,12.9369712842958,11.8209320873164,12.0008383861658,.175662558347157,11.791018
984,1994,13.4267002440054,0,10.5092778418778,-.0020536844011797,-6.7686706
984,1995,13.4756738458908,0,10.4051412424194,.102306330923063,6.0277185
984,1996,13.6529156318256,10.3178463278144,10.9281841582541,.122108958219243,2.5332236
984,1997,13.6892639397673,0,10.8240451683,.141911585515423,3.7690101
984,1998,13.8279522714856,10.8780471925343,11.4060382289121,.0800361817973351,4.6632471
984,1999,13.9410829581294,10.2689636524279,11.5624401285313,.119256894950616,1.7982825
985,1992,14.323932733246,12.5287320657814,12.0969824053111,-.19676120356887,-.5022518
985,1993,14.4961949722763,11.4529206510332,12.4124911090617,-.167202401327326,3.3733146
985,1994,14.5486998270666,10.2576593662567,12.4001292432647,-.0361741389209214,7.0838389
985,1995,14.5827546979829,12.8146364083115,13.1935580099023,.170840030463405,8.1977224
985,1996,14.7399543409734,12.361994612844,13.4208057001607,.108964626745317,6.4462152
985,1997,15.03183382597,12.8189529266208,13.7176294461446,.167233534869293,10.418078
986,1993,14.1472129203376,12.0041400430871,13.5480127393264,-.0107723885835322,29.838017
986,1994,14.1309085066581,9.50211406233122,13.4516108639715,.0090302387126477,21.304298
986,1995,14.1950651368337,9.21034037197618,13.3514994973589,.0482509518659288,26.270441
986,1996,14.0846306512895,13.5817003192748,14.0304928969978,.0874716650192102,27.507309
986,1997,14.1517036086301,12.1422858417823,14.0505488455793,.126692378172491,30.380255
986,1998,14.1124726892963,10.7230691264923,13.969671123457,.146495005468671,29.124132
987,1994,17.5073020283886,13.7922419310249,15.9453050182669,-.0324761798526076,57.484596
987,1995,17.2321038458275,13.96479226068,15.9571250633368,.0067445333006737,43.118107
987,1996,17.3677244389811,13.759625685767,15.943006183449,.0555346974701057,54.832138
987,1997,17.479395272697,14.6623225860684,16.061663025435,.0850934997116503,50.544426
987,1998,17.5203343812606,14.4440872168746,16.1184506779288,.0546342922269417,54.534477
987,1999,17.2333393958781,14.2656487954442,16.1404602387274,.103424456396374,55.367828
988,1990,16.2242149858618,13.5143392467717,14.0222921799864,.0329128171615757,35.09404
988,1991,16.4891064071987,13.1661524856857,14.2792308634106,.0127101098440561,53.766983
988,1992,16.7350750997775,12.9952956218267,14.4137158159049,-.0074925974734634,49.621769
988,1993,16.7115237808867,13.0280329175177,14.523515759417,-.0175429333269647,48.564625
988,1994,17.0527173578794,13.5109345837695,14.7184470779497,.0120158689145797,34.231842
988,1995,17.4305730851414,12.9309800868379,14.7480021837713,.001965533061078,46.352379
989,1992,14.9735471420259,11.9781991757673,12.6704567648649,-.0400627047327083,20.680328
989,1993,15.012045037348,11.6331499622766,12.8700317176331,-.0400627047327083,25.223684
989,1994,15.1275810914116,12.1624550803744,13.1637519313994,-.010503902491164,27.538422
989,1995,15.0129125754073,12.2534809029252,13.3821649764325,.0092987248050156,31.039351
989,1996,14.9090139205875,12.5817037802073,13.6258466318273,.0291013521011954,32.57309
989,1997,15.1828896808465,11.7051065894226,13.6404949277754,.0489039793973752,33.412529
990,1993,13.5191390039044,10.7029073326789,12.6811717084763,-.0407786804509014,31.645742
990,1994,13.1560248250614,7.6231530684769,12.5625194134387,-.00155796729762,18.090557
990,1995,13.2303102802568,11.2613695789693,12.6770635997102,.0567109408263558,10.249311
990,1996,13.3983189409532,0,12.5518404725419,.0567109408263558,18.853251
990,1997,13.5574846912103,8.867990898182089,12.4504464320742,.0567109408263558,15.97743
990,1998,13.6271172495044,8.926915889777041,12.3529759838492,.0567109408263558,17.500553
991,1994,12.8447369165695,0,11.7076670726239,-.0054809191274672,17.863207
991,1995,12.9454556370285,9.046879822823151,11.6496994696413,.0044694117257008,18.969927
991,1996,12.7328110943564,10.2503343581559,11.7394991267236,.0144197425788691,15.014183
991,1997,12.8869580011754,10.0118934263799,11.7717588879623,.0342223698750486,16.466017
991,1998,13.0263611693295,9.421654227536809,11.7336132032426,.0540249971712284,20.900644
991,1999,13.0107908265781,7.68524360797583,11.6247923681084,.0639753280243965,19.325592
992,1994,16.0791329960874,13.5972077712207,14.1254864902493,-.0028283379297965,26.516817
992,1995,16.2711576767905,13.1717095774334,14.334969665723,.119389294794453,27.586428
992,1996,16.3255414393022,12.2315356929667,14.3341473152404,.0785673002741977,31.130175
992,1997,16.3718134731873,12.4417493280093,14.1517256186615,.108126102515742,31.679834
992,1998,16.622083865509,13.1133327235186,14.3277896649116,.0568328081281914,35.86554
992,1999,16.6803480558072,12.2941750937517,14.3316999509662,.161192823452434,38.912392
993,1991,11.136731705973,7.52886925664225,8.570032290431961,-.0842234050446101,.31703943
993,1992,10.8952840663752,4.26267987704132,8.470814118229439,-.0546646028030657,3.1361368
993,1993,10.7243232239638,3.80666248977032,8.36713744920919,-.0154438896497843,6.4909749
993,1994,10.7127882402009,3.46573590279973,8.26131981547911,.061517151486344,4.1920562
993,1995,10.7169050208375,7.15148546390474,8.42875534295432,.0813197787825238,6.0193772
993,1996,10.7051122407718,5.06890420222023,8.348182648681959,.110878581024068,8.7467928
994,1990,15.8732212084354,12.5864899946576,13.7679964293151,-.0852443805928212,10.779609
994,1991,15.8976293802573,12.4749808363455,13.9220550324661,-.0556855783512768,17.586657
994,1992,15.8127903460141,13.4624661584733,14.3253586841351,-.0164648651979955,24.78433
994,1993,15.7779030870136,11.3228176739758,14.2719226771775,.0130939370435491,27.055218
994,1994,15.8451919704436,11.6599997374101,14.240246191043,.0523146501968303,36.152
994,1995,15.7060565297249,11.4611373113179,14.1954901175248,.0818734524383748,38.372616
995,1991,16.5219402912365,13.0134075173458,14.0739435667006,-.133193362335201,46.257778
995,1992,16.4889136793889,13.5288626172805,14.4740627740797,-.09397264918192,56.930878
995,1993,16.0576681271698,12.9050154986867,14.5866226737382,-.0547519360286387,58.168991
995,1994,16.0927856120037,13.6279476894623,14.8461584460878,-.0155312228753575,68.13533
995,1995,15.9387329514142,12.0372278676233,14.8447860588702,.0236894902779239,61.939434
995,1996,15.9014005791647,11.5682655600034,14.8226309014172,.0629102034312052,62.737144
996,1991,10.9208815468619,0,10.3138804988806,-.114352458060161,-5.8719974
996,1992,11.4677519608816,0,10.200472469039,-.0655622938907288,-4.4312835
996,1993,11.1398227136974,0,10.0870957812127,-.0263415807374476,-.34305474
996,1994,10.4789479249525,0,9.97369901457326,.0128791324158338,-10.76254
996,1995,10.8622945042791,0,9.86030339530498,.135096765140083,-.11040883
996,1996,11.018255184517,0,9.74691561048451,.174317478293364,-3.4486723
997,1994,14.0292266223081,0,10.3893983640272,.0037015623825783,22.624256
997,1995,14.2128150855115,0,10.2489867801435,.0332603646241227,16.612116
997,1996,13.8479553157771,0,10.1085730339286,.0530629919203023,21.560286
997,1997,14.4104684625687,10.2355572550675,10.7131436240414,.072865619216482,23.167099
997,1998,14.4197548427313,10.6717653964086,11.2299549423818,.0828159500696501,25.777081
997,1999,14.146671544446,9.84649383101601,11.305642959587,.112374752311194,24.330887
998,1992,12.4195905883691,0,10.886857325692,-.0387947172460036,.73231363
998,1993,12.4047261838339,8.30893825259578,10.8682179109581,-.0288443863928355,-.2934998
998,1994,12.6023339322585,7.23849684089437,10.8010703776888,.0199457777765966,-2.7174089
998,1995,12.663458519153,0,10.7076370537998,.0495045800181411,-1.4003606
998,1996,12.7775014145267,7.75833346749091,10.6623545874347,.0495045800181411,1.8415675
998,1997,12.7746618287023,7.90100705199242,10.6260260455838,.0495045800181411,.7310856
999,1994,11.9120763330256,4.04305126783455,9.66789179328268,.0234583089405953,-6.456593
999,1995,11.9775453402791,9.199178307269991,10.0673268599512,-.0173636855796598,4.3103704
999,1996,11.9633630629551,9.53169897078735,10.4338216426902,-.0173636855796598,5.9611773
999,1997,11.8801940634697,5.33753807970132,10.3789232762059,.086996329744583,-1.9902217
999,1998,12.1516935359027,7.67647364638916,10.3767577158456,.116555131986127,-.20423651
999,1999,12.2742307393415,7.66434663209862,10.373650544083,.146113934227672,.78908712
1000,1994,15.6633506201612,11.2321925246067,13.1249761611103,-.0888203192567406,26.337831
1000,1995,15.5285534301599,11.5973401401126,13.2227482952798,.126291060360205,26.903051
1000,1996,15.6431173475748,12.6089978641815,13.5422336971146,.165511773513486,27.487803
1000,1997,15.6948118943931,11.8973235467666,13.6150746016154,.204732486666768,27.017679
1000,1998,15.8076107899355,11.2699235348058,13.6078196226255,.224535113962947,27.807358
1000,1999,15.6905050864065,11.2787209662966,13.6013242703178,.254093916204492,28.275808
1001,1994,14.9933378184456,11.107780305673,13.7866055029834,-.0740723330646514,33.059464
1001,1995,15.2044397057476,12.9042844790559,14.0269664741859,.0121053631764012,30.994493
1001,1996,15.2763472606511,12.8399633304621,14.1845475459989,.0608955273458331,31.588354
1001,1997,15.3655225274852,10.7113018080742,14.1196996862182,.0806981546420129,40.33358
1001,1998,15.2633848701569,11.3887331839106,14.083836554401,.0906484854951811,37.610992
1001,1999,15.3373263109758,11.519841494012,14.0572211500225,.110451112791361,41.274315
1002,1992,12.1069230396332,10.5114308125815,10.4125345955647,-.0861839435946426,10.106037
1002,1993,12.1004868371333,8.703174709041679,10.489689629308,-.0469632304413613,9.9285603
1002,1994,11.8855446855127,8.60959004068221,10.5395774906087,.0018269337280708,11.907228
1002,1995,12.364105296096,8.410053315858329,10.5554637193424,.115155619035074,10.366894
1002,1996,12.1471153603982,7.51261754467451,10.5068139588977,.144714421276619,9.1937256
1002,1997,12.1218130467361,8.202756381655639,10.502963958732,.174273223518163,10.015903
1003,1990,14.5481530293622,10.3863765576091,12.4905934765193,-.0436746514277268,15.098339
1003,1991,14.3723027060353,10.268130666124,12.5001081173291,-.0238720241315472,20.802912
1003,1992,14.3153030600707,9.039077442538961,12.4324537503077,.0056867781099974,20.608673
1003,1993,14.2829639380873,11.0227517809351,12.5569027415757,.0449074912632786,27.931114
1003,1994,13.8782141466425,9.778094383128071,12.5179550142826,.0449074912632786,28.749561
1003,1995,14.0765995480765,9.743729514150919,12.4769223451094,.167125123987528,27.840214
1004,1991,14.2675131361005,10.2310271545613,10.6533765323865,-.0738698485664556,23.180473
1004,1992,14.5089207039458,8.21959545417708,10.6143739585323,-.0250796843970237,27.239075
1004,1993,13.8098907966444,9.32349046990884,10.7412890361603,.0237104797724084,22.515747
1004,1994,13.911621326303,7.09007683577609,10.6390762155376,.0237104797724084,32.442635
1004,1995,13.9127543217351,0,10.5102186334392,.0237104797724084,30.212648
1004,1996,13.829900523987,0,10.3813632406618,.0237104797724084,31.080889
1005,1992,12.7481850130524,0,10.4453466188823,-.411751410696774,19.072609
1005,1993,12.8783098827705,9.375600540841839,10.639140908587,-.325573714455721,17.601
1005,1994,12.8993658405586,9.06044728240157,10.7187174009608,.0664683733203024,16.042095
1005,1995,12.8073394633928,8.42463920980563,10.7013370321769,.231982811797876,19.769257
1005,1996,12.7707751686225,8.884333185202729,10.7343816030977,.271203524951157,21.808313
1005,1997,12.7140044567674,8.442685139241179,10.713982118315,.271203524951157,21.292751
1006,1994,15.6041141572891,12.5531562391745,14.0125403333137,-.0214338125297538,21.526146
1006,1995,15.9963524129785,12.4385683290104,14.0873517739319,-.0214338125297538,28.776249
1006,1996,15.9961467098112,12.7194679647988,14.1954203598022,.0081249897117905,31.543478
1006,1997,16.2259417427991,12.2160229763833,14.2080292213493,.0081249897117905,33.584225
1006,1998,16.5529633706964,13.0181222350144,14.3493684704039,-.0019253461417109,32.717602
1006,1999,16.5025105061116,13.2407204704804,14.5077630383994,.0276334560998336,32.488323
1007,1994,14.3627053392418,9.76491490267219,11.9217622160301,-.0540679940096984,2.8892996
1007,1995,14.3749367602838,9.449357272446679,11.8848944564442,-.0052778298402665,2.3800406
1007,1996,14.4916606952893,9.44264186107516,11.8485366166785,.0339428833130148,5.3603902
1007,1997,14.7527884360186,10.2881715547941,11.9139306423563,.0537455106091946,6.7717967
1007,1998,14.957478301246,11.0113898881113,12.1218221809845,.0735481379053743,9.3509216
1007,1999,14.8881589539562,10.7096955253801,12.2111169018508,.103106940146919,1.8631986
1008,1990,10.7177681127005,8.575462099540211,8.84144824409886,-.186308165588022,-4.5359526
1008,1991,10.8355511483569,8.086410275323781,9.174298600628919,-.128039257464046,-4.8064337
1008,1992,11.1243754253875,8.54675199365778,9.54207282210683,-.118088926610878,-2.0026085
1008,1993,11.3316781944815,7.74802852443238,9.63399242378147,-.0692987624414456,-4.3116055
1008,1994,11.2015783765557,8.682707629893811,9.89224964310932,-.0205085982720136,-2.7355537
1008,1995,11.3057227319195,0,9.831862648860829,-.0205085982720136,-1.7854851
1009,1994,13.4196006253623,9.50450141052567,11.236156955684,-.0078915905214369,17.605232
1009,1995,13.5649041127411,9.39266192877014,11.2566335265565,.0216672117201076,21.581545
1009,1996,13.52971324596,9.137662146478201,11.2412794580945,.0414698390162871,21.016497
1009,1997,13.5972073827038,9.693568668550069,11.3012879644422,.0612724663124668,22.212194
1009,1998,13.6366637223255,10.2142023240985,11.4544814015075,.0612724663124668,25.443205
1009,1999,13.7074456727725,9.70424361654622,11.4810890208706,.0612724663124668,25.880394
1010,1993,17.5255327662131,10.2688942633983,14.89878722141,-.0374803277794077,52.547218
1010,1994,16.4243202718046,11.9373627903201,14.5168703227462,.0207885803445681,57.032825
1010,1995,16.321133191765,12.3823593625877,14.5391141960051,.069578744514,56.582844
1010,1996,16.4524804914628,12.3691051931036,14.5555149404872,.0991375467555445,57.780273
1010,1997,16.5644252519431,12.2813470799593,14.5612203969283,.0991375467555445,56.7146
1010,1998,16.7908469248157,12.9858263294628,14.6499535039911,.0991375467555445,61.465462
1011,1994,11.0994281851648,0,8.93312334937217,.0046220765837201,.21449415
1011,1995,11.3693937592911,0,8.817371855197299,.0341808788252645,4.562747
1011,1996,11.1918015052958,0,8.70162917789404,.0734015919785461,5.0744929
1011,1997,11.234973677161,0,8.58587934920468,.0734015919785461,5.1283092
1011,1998,11.09149356334,0,8.47012254802322,.0833519228317142,6.7710137
1011,1999,11.1512858364021,0,8.35439186910819,.0833519228317142,5.4700594
1012,1990,14.2863423441933,10.3670014187509,12.6041941888829,-.123907571053397,-1.4147137
1012,1991,14.1350700582837,10.5522125155433,12.618780792719,-.0846868579001157,13.730806
1012,1992,14.2904972405386,10.1005335047285,12.5848559388966,-.0264179497761399,14.32633
1012,1993,14.2499846744133,11.3501947483413,12.7347817031771,.0128027633771414,14.285648
1012,1994,14.24713108307,10.990937776498,12.7841456182447,.0804614118509564,18.644014
1012,1995,14.6698281093612,10.8051924260819,12.796152512367,.119682125004238,23.717476
1013,1990,13.5648635615636,8.799510901368871,8.232440158470339,-.15078426580869,-12.662828
1013,1991,13.7805285493279,7.61332497954064,8.586010047413369,-.0925153576847137,-7.8189969
1013,1992,13.647997756409,9.382527414289539,9.682703714906379,-.0342464495607378,1.2781726
1013,1993,13.5919074737937,9.47270463644367,10.1893129023447,.0145437146086941,7.2703571
1013,1994,13.7415232473356,0,10.0889583120484,.0822023630825089,12.169982
1013,1995,13.6459883178786,8.76060984757,10.2174804397777,.149861011556324,13.581726
1014,1990,12.8807163545256,0,10.1015594194213,-.0349380513612805,21.615622
1014,1991,12.9591383163014,7.60090245954208,10.0731290561727,.004282661792001,-1.1634974
1014,1992,12.9980314444551,8.88183630500415,10.2378504231511,.004282661792001,1.038565
1014,1993,12.3694520380568,8.8246778911642,10.3507661634577,.004282661792001,3.2218287
1014,1994,12.6348488325068,6.3456363608286,10.2558682895518,.004282661792001,2.7135167
1014,1995,12.8349999124727,6.19440539110467,10.1592725285661,.004282661792001,4.9432759
1015,1994,12.1902716343629,8.389587066811091,8.665130321348361,-.0286738554667846,10.170674
1015,1995,12.501335605313,9.94889103598998,10.0675942209092,-.0088712281706049,8.6034775
1015,1996,12.5054883944295,10.0959244430712,10.6425970932701,.0206875740709396,11.601448
1015,1997,12.5759690949695,9.888678436882421,10.899684982835,.0599082872242208,13.193216
1015,1998,12.8128942296747,10.7430484165516,11.3786795314078,.0498579513707192,13.549439
1015,1999,12.7837112659252,10.724478104556,11.6633787464081,.0794167536122638,14.389446
1016,1994,15.0684983583259,13.1877484151456,14.3754712578393,-.0316297315986288,13.486093
1016,1995,15.2419823859411,12.5442327426274,14.4764026410435,.026639176525347,14.986914
1016,1996,15.6418632229604,13.5086130457879,14.4480736283872,.0561979787668915,18.488337
1016,1997,15.8141729437758,13.4278549156544,14.6877108765185,.0760006060630713,15.69694
1016,1998,15.9571346836775,13.3951546298599,14.8672198306781,.105559408304616,11.630843
1016,1999,15.9720580376896,13.196962371844,14.9830982290775,.125362035600795,19.972607
1017,1994,14.239480616824,11.4158306937294,11.9272280737445,-.0098332914941283,4.3794532
1017,1995,14.2926075129419,10.8468680216004,12.1117344931541,-.0098332914941283,6.1138787
1017,1996,14.2406472978983,9.70978143687554,12.0937361878025,-.0098332914941283,9.3591995
1017,1997,14.0448935891669,9.984652706953639,12.1009693190186,.0197255107474161,12.990618
1017,1998,14.0140175428763,11.573126467661,12.4381941739267,.0492843129889605,7.721714
1017,1999,14.1100924219616,10.1136269147151,12.4243945915652,.0980744771583927,13.103651
1018,1994,14.9699330742999,11.2805897952871,13.107023724207,-.0248118330797423,50.551697
1018,1995,14.9118926950252,10.5151263685387,13.0544219529532,.0144088800735392,46.844296
1018,1996,14.8891649738636,11.6323782169852,13.14051621317,.0342115073697188,53.522854
1018,1997,14.9545735722409,11.6867106907419,13.2182931833825,.0441618382228869,53.442554
1018,1998,15.0362631902342,12.1881021388755,13.3867429942995,.0639644655190669,53.087864
1018,1999,15.3673049506783,11.78313579151,13.4366798345228,.0837670928152465,52.216347
1019,1990,12.5683885033631,9.81285143227668,11.2558243259276,-.0522715914072673,14.125625
1019,1991,12.7310239232247,10.0640320340938,11.4245313142076,-.0623219272607688,15.093045
1019,1992,12.8323845428613,9.533582619826509,11.4609161248094,-.113615221648319,17.702965
1019,1993,12.8962396271274,6.97447891102505,11.3568831638216,-.084056419406775,23.386599
1019,1994,12.8497484834174,9.971426535544319,11.4697872484109,.11479443933839,20.281168
1019,1995,12.9144480760257,8.268731832117741,11.3934017902803,.163584603507822,21.248938
1020,1993,12.8283019536998,7.18462915271731,9.376820445772781,-.0326377434247727,14.256952
1020,1994,12.5131639395346,6.22059017009974,9.317624037195859,.0161524207446593,13.334299
1020,1995,13.0790792827395,6.51323011091231,9.273427840846439,.0161524207446593,16.708241
1020,1996,13.2128986070466,0,9.172056819550569,.0649425849140913,21.159092
1020,1997,12.7774043398584,0,9.07068742366096,.113732749083523,20.915085
1020,1998,13.3688429805779,7.93487156594518,9.231064143516161,.143291551325068,21.3358
1021,1992,16.1122094709127,12.7014119732252,15.9082326218239,-.255611421297817,48.099735
1021,1993,16.1993588450895,10.7158167896662,15.8087720270252,-.226052619056272,47.2603
1021,1994,16.2346672693755,12.9545575557122,15.7604330051169,-.0520993119328343,42.173557
1021,1995,16.1969374882535,12.7869857414891,15.7039568045059,.194760765998692,44.645386
1021,1996,16.0705094855363,13.2563434193707,15.6779647940778,.07822694974274,46.545219
1021,1997,16.1999190256887,13.6699875524874,15.6915880595501,.07822694974274,49.012386
1022,1994,12.3350840955975,9.141097469234021,10.425529042661,.143159425248046,9.5675449
1022,1995,12.5328675898946,5.21493575760899,10.3065130204741,.191949589417478,11.096629
1022,1996,12.5909247341014,9.03228968203287,10.4224003864847,.221508391659022,12.95783
1022,1997,12.5900116206778,8.47324130388705,10.4259739247449,.241311018955202,10.63491
1022,1998,12.6835315630279,8.283494126162511,10.4076027114106,.290101183124634,11.740993
1022,1999,12.4299418586988,9.855661923053519,10.7183699485909,.309903810420814,13.246169
1023,1994,14.1385228974496,0,12.9986376941433,-.0581923329744867,25.17581
1023,1995,15.3937454422661,0,12.8742076124328,-.0189716198212054,29.589287
1023,1996,15.2857731459129,10.3707060569198,12.8262382961851,.010587182420339,37.067158
1023,1997,15.5107106953065,10.7021427378768,12.8103407970327,.0303898097165188,39.840603
1023,1998,15.7755168877007,11.8836127755424,13.0060897520149,.0403401405696868,41.293274
1023,1999,15.694859070292,11.870599909242,13.1472596765663,.0698989428112314,39.315521
1024,1993,14.7607373289493,10.8825089223113,12.7232979476009,-.110767412119716,24.516922
1024,1994,14.762677381048,11.037547419387,12.7920457224309,.0202608502866885,21.889605
1024,1995,14.8473355998961,10.9937315915337,12.8380800559826,.106438546527741,25.804628
1024,1996,14.8549507284234,11.3621025752356,12.9313384559716,.106438546527741,23.706066
1024,1997,14.8997922201374,10.8780471925343,12.9416407017185,.126241173823921,22.868771
1024,1998,14.8980607322561,11.2398035438498,12.9953705616194,.095781966339212,27.667398
1025,1994,14.7450247191246,9.197457746145171,13.1933821686626,-.0249843484347493,40.685261
1025,1995,14.6595732570774,10.4686024781738,13.1600066932742,.014236364718532,38.379875
1025,1996,14.6607816199203,9.513255825068549,13.0895484075985,.0437951669600765,40.466686
1025,1997,14.8295811697987,11.6453212129945,13.1933551564105,.0537454978132447,43.430069
1025,1998,14.7736558135868,12.2711438372736,13.4119522806981,.0735481251094245,45.03479
1025,1999,14.9002202575556,10.9927395029379,13.3958319144465,.103106927350969,44.850372
1026,1994,13.8865094311124,0,13.2156511498846,-.0534960356813564,10.674993
1026,1995,14.7952557832756,11.2083684752936,13.2285564863601,-.0635463715348578,16.673115
1026,1996,14.2971826552228,10.4338510626752,13.1745620118479,.0408136437893851,20.320604
1026,1997,14.4107099936648,9.81874632408104,13.096100302283,.0307633079358834,18.379072
1026,1998,14.5247000160512,11.3450510439232,13.1364053261607,.0505659352320632,22.699623
1026,1999,13.8031944673398,11.1771170079986,13.1491838707912,.190327877607222,24.77927
1027,1994,15.9523006435417,12.9920542163825,14.2658638145725,-.0223374609728342,34.548923
1027,1995,16.1387574123415,13.715120999932,14.6076794312263,.0168832521804471,36.72348
1027,1996,16.1929843837006,13.4369259112613,14.7623037631872,.0561039653337284,41.683868
1027,1997,16.4119434835962,13.6039978553349,14.91683682712,.0953246784870099,45.707455
1027,1998,16.6001050944152,13.928792813622,15.1112543319269,.124883480728554,48.402637
1027,1999,16.5684250017107,13.78832433892,15.2280658134726,.114833144875053,39.94643
1028,1994,15.2972054533761,13.0131510084308,14.4199038442328,-.0471676007629562,37.859013
1028,1995,15.4296411165953,11.4725616987807,14.3560979342498,.0016225634064758,39.234249
1028,1996,15.4128447134832,12.140845887612,14.3416984948181,.0408432765597572,39.331257
1028,1997,15.5835293563273,11.2466917237243,14.269599784711,.060645903855937,41.919647
1028,1998,15.741108948695,12.9013500555394,14.3706935067985,.070596234709105,43.220795
1028,1999,15.7838016849748,13.6622731276644,14.6359999614404,.109816947862386,43.644367
1029,1991,15.4980575749778,11.7719611188319,11.1254260038249,-.100294021986947,30.565163
1029,1992,15.3718465400681,10.3629356678423,11.410798604299,-.0610733088336661,36.020973
1029,1993,15.4546181124136,10.6277457281211,11.6857537697679,-.021852595680385,57.354649
1029,1994,15.4419113001616,10.5423633243143,11.8531243205419,.0173681174728963,40.010269
1029,1995,15.6242359485746,10.7114132597322,12.011054831275,.0565888306261777,43.528091
1029,1996,15.4902558737364,10.693534557836,12.1247465313093,.0958095437794591,46.453186
1030,1994,15.4617213742689,11.8567491845298,14.1459114009189,-.0288408971449945,37.365101
1030,1995,15.8963095229056,10.9341243091948,14.0691144079626,.048120143991134,40.233089
1030,1996,16.1288492355892,13.0988941162144,14.2645086066556,.0776789462326782,42.034367
1030,1997,16.1730426285812,13.3682432876284,14.4766112926614,.036856951712423,44.852657
1030,1998,16.1893362307905,13.1855090539841,14.5918719654557,.0268066158589215,45.568558
1030,1999,16.2005896469381,13.3162494730675,14.7089404814698,.0367569467120897,46.364365
1031,1994,15.898455622374,13.4932094351168,14.9352918276238,-.0080159440636241,53.881554
1031,1995,16.0765374469427,13.5989776083954,15.0430710817841,.0117866832325558,56.399391
1031,1996,16.0616231643257,12.9442744503816,15.031165015322,.0117866832325558,57.620098
1031,1997,16.0956555310201,12.7100941738496,14.9967079811365,-.0084160240849637,60.199642
1031,1998,16.2894372537829,13.4547802593219,15.0579132147187,-.0286187314024832,60.959763
1031,1999,16.1335058397475,12.9664064005377,15.0440813557702,-.0590779388871918,62.719215
1032,1994,14.812051069028,12.7947644562198,12.968005876191,.0160515705719274,37.229816
1032,1995,14.9721574212036,12.7683705476651,13.4450914513991,.0648417347413594,41.223274
1032,1996,14.9055784996327,12.9500293784934,13.7921730443125,.0135484403538088,42.361767
1032,1997,14.9951096241341,12.6378712955902,13.9397994070701,.0234987712069768,43.589893
1032,1998,15.0049799592495,12.7642988970783,14.0812397700247,.0433013985031566,44.977272
1032,1999,15.0816904105582,12.4755729264216,14.1394696883413,.0433013985031566,45.370808
1033,1992,17.0584747527636,14.164434238328,16.3274782005068,-.20653554402137,50.844696
1033,1993,17.1394824325667,12.8146772173646,16.2481920055893,-.0755072816149663,49.774719
1033,1994,17.0597690311952,12.6716383165913,16.1665273413599,.046710351109283,51.323807
1033,1995,17.126305250679,14.1705942365115,16.1817466533676,.0955005152787149,53.843231
1033,1996,17.089008707029,13.8304257710894,16.1591898868175,.0442072208911643,55.749706
1033,1997,17.2062902589566,14.8613688367965,16.2790025588472,.064009848187344,57.317902
1034,1994,18.2328326249844,14.5847559074932,14.8867234205923,-.0616015765975299,51.280701
1034,1995,18.3603959286392,13.2030655598842,14.9900476720701,-.0716519124510313,58.791168
1034,1996,18.3138179956855,13.7528965836978,15.1622469950817,.0853518363586334,61.725357
1034,1997,18.2901994821092,13.2269738118215,15.2223691925288,.0340585419710827,63.49752
1034,1998,18.3926719165399,13.8178348546926,15.9399036677261,-.0172347524164678,59.097527
1034,1999,18.2867514689088,12.2180703839638,15.8987430797899,.0219859607368136,58.11512
1035,1991,14.9796962596581,12.598307282335,13.885663103436,-.0781716497820813,16.612543
1035,1992,15.0805629659745,12.1922475173365,13.9579534251859,-.0389509366287999,21.001646
1035,1993,15.1691902325549,12.1527298839978,13.876523339731,-.0093921343872555,30.797625
1035,1994,15.8415123095217,11.2578396482214,13.8443798021269,.020166667854289,33.927269
1035,1995,15.8665046466109,11.3784564900957,13.8203798835329,.0399692951504687,36.534626
1035,1996,15.8793618878464,11.1910659407169,13.7832681119699,.0597719224466484,37.968468
1036,1993,13.9833842039073,10.2587114442075,11.3801960364008,-.0521159760622974,15.716326
1036,1994,13.9680287404997,9.84554059258128,11.4656535476805,-.022557173820753,17.346254
1036,1995,14.0071282030873,9.733944008101391,11.5120841111313,.0166635393325283,18.05051
1036,1996,14.0764728535665,9.85744361403472,11.5666387288681,.0558842524858096,19.212164
1036,1997,14.1208743255338,9.8888306631925,11.6156851012717,.095104965639091,20.631041
1036,1998,14.2428276894966,10.1017234681442,11.6901666384435,.095104965639091,11.198238
1037,1994,12.9307524073031,0,8.67687710605434,.0053050522296933,-8.4201527
1037,1995,13.3493857961761,0,8.56002276939159,.0053050522296933,-5.2744417
1037,1996,13.2496812560706,8.89727211313399,9.29790243064615,.0053050522296933,-9.7719603
1037,1997,13.2086052917668,0,9.18102484014199,.0053050522296933,-8.8902168
1037,1998,13.0112597348527,0,9.064157861798099,.0053050522296933,-2.5311687
1037,1999,13.2287088078743,7.31455283232408,9.09861520035366,.0053050522296933,2.1363676
1038,1992,12.2841372458409,9.18317470390341,9.69832511763278,-.10861251018706,.83418506
1038,1993,12.0758778900481,8.194505509765641,9.79353316786808,-.0693917970337788,1.3889387
1038,1994,12.3876441762269,5.70044357339069,9.69709663888759,-.0206016328643467,1.2572175
1038,1995,12.4174748408724,9.431562077727691,10.1457472210426,.0186190802889346,3.4344716
1038,1996,12.7583559438515,9.056489647157919,10.3124531932912,.0674092444583668,6.0285463
1038,1997,12.5193787225235,6.95654544315157,10.2316071456075,.0969680466999111,5.7390351
1039,1994,12.0510490848532,4.40671924726425,10.0753841241797,-.0227523930244482,17.22209
1039,1995,11.8295739312146,8.337348564497169,10.1196346858975,.0068064092170962,8.969058
1039,1996,11.7675831870996,7.4205789054108,10.0667621964098,.0266090365132759,8.4183788
1039,1997,12.7063841895665,9.107088742165709,10.2616234287934,.0561678387548203,7.8594208
1039,1998,13.2368146466638,9.56170122109115,10.5307753399911,.0661181696079885,7.7595296
1039,1999,13.3474761884532,9.452658902676429,10.6922834919397,.0956769718495329,10.62172
1040,1992,11.9877362712036,9.802008383586269,10.8730175841007,0,-3.2820234
1040,1993,12.4296321103404,0,10.7470957573652,0,-3.0863895
1040,1994,12.7301885608202,9.68034400122192,10.9264347599492,0,.98289979
1040,1995,12.8832733542604,0,10.8005322621808,0,3.0878925
1040,1996,12.8856177356718,9.7981270368783,10.9799275083724,0,1.2462405
1040,1997,13.065005414244,0,10.8540231771377,0,10.011122
1041,1992,11.8595645231467,7.41577697541539,8.648151275921631,-.136273761391567,4.3712049
1041,1993,11.898172567972,5.82894561761021,8.59291272145556,-.0686151129177522,8.8538485
1041,1994,13.6849626713335,9.98598877404787,11.121979935754,-.0198249487483203,11.435593
1041,1995,13.7704571225777,9.6679550744091,11.2252327257949,.0289652154211116,13.765898
1041,1996,13.9270647866428,0,11.1238645690227,.0681859285743932,17.421015
1041,1997,14.0872718583633,9.46335335689267,11.1863972225484,.107406641727674,17.177605
1042,1993,11.4648972798812,9.21034037197618,10.5078745551177,-.44159859221265,-5.9968648
1042,1994,11.4618431011125,7.81359155295243,10.4829619886075,-.0033436612814941,-1.6649911
1042,1995,11.5164975270682,0,10.3926011672963,.145076343836779,-1.0075487
1042,1996,11.590560619414,7.94661756324447,10.3804450723429,.145076343836779,.10703067
1042,1997,11.576041057116,9.07394774707063,10.5140028430476,.145076343836779,.79808402
1042,1998,11.8682940126912,0,10.4236405408749,.145076343836779,3.7774665
1043,1993,16.232881492148,13.0808578159721,13.7476619244444,.0226035462098533,11.014714
1043,1994,16.4037912117355,12.3094186333888,13.8430239688475,.0024008388923339,14.428072
1043,1995,16.5376364367692,12.9145492281214,14.0500590648203,.0024008388923339,19.232471
1043,1996,16.6550802281136,11.9187571725393,14.0347434325404,.0024008388923339,21.293522
1043,1997,16.6890222732058,12.0050024258244,14.0289717057296,-.0178018684251857,34.010872
1043,1998,16.6655992087296,12.2169087226082,14.0492439187899,-.0178018684251857,26.321438
1044,1994,11.8214564016512,6.30261897574491,9.659873400881411,.0936322852213612,-1.9832848
1044,1995,11.9215539229686,0,9.55983459614569,.142422449390793,-1.3171688
1044,1996,11.9422951273098,9.73429937413214,10.2153084257162,.152372780243961,-2.1038287
1044,1997,11.8055218919176,9.76629231335828,10.5836102819733,.181931582485506,-.50757587
1044,1998,12.1957897053621,8.81343849452851,10.6306471952876,-.415905418270115,-.7343086
1044,1999,12.3014961672266,0,10.5306071037871,-.467198712657665,-3.5535836
1045,1994,12.7967574318588,0,11.1923082702511,-.0746126067090459,5.6185575
1045,1995,12.9054795082847,10.6712318713029,11.5410239782076,.0023484344270825,13.152719
1045,1996,12.8248568716012,8.27893600229198,11.4637740855704,.0023484344270825,12.110116
1045,1997,13.1090092520188,10.168195222928,11.5837817991316,.0023484344270825,15.298021
1045,1998,13.2610972394428,9.45344340103,11.5794750874871,.0319072366686269,15.876079
1045,1999,13.3721984667779,10.7491412048108,11.8107251810103,.0319072366686269,17.489403
1046,1994,13.5150294964357,9.350102314351339,10.6790899130323,-.0203364005632903,7.9946194
1046,1995,13.7452160944793,0,10.588726041678,-.0005337732671104,10.538383
1046,1996,13.7711672961473,9.72298434154896,10.8297365360242,.0290250289744339,10.975945
1046,1997,13.9791934474821,9.492808877375079,10.956185039216,.0488276562706138,8.4695387
1046,1998,14.091722834225,10.3969024860423,11.2938834906771,.0686302835667935,7.0774741
1046,1999,14.3680929612112,10.4670953617411,11.5456549633931,.0884329108629732,5.3762436
1047,1994,13.655247472053,10.1860314471318,10.0233794740399,-.0643335626350124,-4.5744519
1047,1995,13.7819737941717,9.58100697454165,10.4081341252254,-.0155433984655804,-10.034886
1047,1996,14.299664865366,11.4778991430465,11.6334097378869,.0042592288305995,1.9371711
1047,1997,14.3227368059336,11.598442392493,12.1773078779596,.0042592288305995,8.3370733
1047,1998,14.5954110035619,11.2054351652066,12.3790338640578,.0240618561267791,8.3869963
1047,1999,14.6971116610091,12.2989480454804,12.8959111083156,.043864483422959,12.072988
1048,1994,11.9641693388247,8.600430789986291,8.779342048069751,-.064172432389841,11.616801
1048,1995,12.0042555778757,7.34018683532012,8.88425005622808,.0127886087462874,11.481599
1048,1996,12.2766439294804,7.91826468609527,9.09072315523764,.0227389395994556,13.555483
1048,1997,12.5738855212728,9.93986769662888,10.1496012582512,.0522977418410001,14.96549
1048,1998,12.8982347322108,9.23737171102721,10.3658338138288,.0721003691371799,15.201358
1048,1999,12.7465093585707,6.73578001424233,10.2853086647299,.0919029964333594,17.972393
1049,1993,10.8757777087072,0,8.48580571817461,-.105966983176361,-2.5869193
1049,1994,11.002105593357,0,8.425428718158409,-.0476980750523856,2.5084059
1049,1995,11.743343583644,7.04228617193974,8.57527340249276,.0010920891170465,1.121316
1049,1996,11.3156233539201,5.33271879326537,8.549853973655789,.0208947164132262,-.92037272
1049,1997,11.6527969942835,0,8.48947249881564,.0308450472663944,.80337369
1049,1998,11.1079580000327,6.3578422665081,8.529911963824009,.0308450472663944,3.2451012
1050,1994,11.1329153728393,7.78322401633604,8.200178424491961,-.0455844150789753,6.5440326
1050,1995,11.3412658844667,7.79152281915073,8.582662529209539,-.0063637019256939,6.707139
1050,1996,11.3753633801031,5.85793315448346,8.5192311134418,.0035866289274742,5.7648854
1050,1997,11.5487340117746,6.85646198459459,8.56119093789388,.0135369597806424,8.4570036
1050,1998,11.6044799663651,6.98656645940643,8.61627805630639,.0234872906338105,6.9738607
1050,1999,11.7502365009026,7.94626364358054,8.886422992275619,.0530460928753549,7.1692586
1051,1994,12.2007921184822,9.72454029638112,9.90333254052239,-.105072722249276,17.017637
1051,1995,11.9925009291543,7.29369772060144,9.85771059409918,-.0562825580798436,16.45713
1051,1996,12.2685472724526,6.53958595561767,9.77635847840515,-.0170618449265623,19.147959
1051,1997,13.2347300943122,9.92167122296976,9.665706138537811,.0124969573149821,18.256174
1051,1998,13.6180660560231,9.246961555431829,10.0335328758758,.0517176704682634,23.115843
1051,1999,14.04237012648,9.82693042981397,10.4851583312524,.100507834637695,24.321354
1052,1994,12.612521221784,9.067047202149711,9.38288933212131,-.0917635862420224,13.78511
1052,1995,12.6247319166049,10.3624618314966,10.5524633857507,-.0241049377682076,11.782929
1052,1996,12.5266835474475,8.650324504019419,10.5621364516885,.0246852264012246,16.72341
1052,1997,12.6524877429449,10.9417480988195,11.3133140971113,.0542440286427688,16.811329
1052,1998,12.8592263682927,11.0342442945308,11.7310411979623,.0740466559389486,19.627392
1052,1999,12.9213198952745,10.8183973313334,11.9277387424707,.103605458180493,20.212482
1053,1994,16.7727028343469,13.0762168158363,15.8511264711241,-.0497724653496566,57.438286
1053,1995,16.7267959914888,14.0663587664705,15.8962848361561,-.0105517521963754,58.742542
1053,1996,16.7683477596001,13.6791442937428,15.8884816362728,-.0105517521963754,62.052162
1053,1997,16.8338179197545,12.5228777456759,15.8138116865874,.028668960956906,63.606163
1053,1998,16.8694689028242,15.3442031659615,16.1680739566271,.0678896741101873,64.951271
1053,1999,17.0104117551494,14.2049079353586,16.1841483470292,.107110387263469,67.495827
1054,1994,14.637891150653,12.1844658917761,13.607239362854,-.0468377550776419,32.965351
1054,1995,14.509759861206,11.7148045209797,13.6300262850522,-.0368874242244738,38.841152
1054,1996,14.5234183401437,11.4960335973,13.6222234587642,-.0269370933713057,35.869888
1054,1997,14.6106994396681,12.2892090244028,13.7301693128005,.0122836197819758,38.811684
1054,1998,14.6271172544728,11.3799082258604,13.7006995265249,.0320862470781555,39.475681
1054,1999,14.5382380935912,11.7344276700123,13.7084099737093,.0616450493196999,41.364452
1055,1994,12.0591155298672,0,9.492552511584931,-.0561988424874705,20.722958
1055,1995,12.165929534153,8.66561319653451,9.73832395250755,-.0169781293341892,21.065863
1055,1996,12.2660053352967,7.60090245954208,9.733997321057339,.0028244979619906,24.207121
1055,1997,12.1510496501838,7.60090245954208,9.72880673083813,.0226271252581702,24.334461
1055,1998,12.1711772109668,9.48493720487931,10.1697174128745,.0226271252581702,23.034821
1055,1999,12.1187047670722,8.823942326585239,10.2760368298826,.0226271252581702,26.172817
1056,1994,11.6142267531002,0,8.3738076918803,-2.22044604925e-16,-2.5582092
1056,1995,11.3088612402176,0,8.273438686197901,-2.22044604925e-16,-5.8735309
1056,1996,11.6766841256836,0,8.173067743541241,-2.22044604925e-16,.67866611
1056,1997,11.8876357892693,0,8.0726857542434,-2.22044604925e-16,.081751741
1056,1998,12.5024294831718,8.454679286026989,8.832514749671439,-2.22044604925e-16,-.62385815
1056,1999,13.3406133747905,7.37775890822787,8.92755296773446,-2.22044604925e-16,-.61036652
1057,1994,13.4649582963793,10.9778413010575,10.6912060036105,-.0116475580317696,17.566282
1057,1995,13.5378009892109,9.062883902508309,10.7663500811467,-.021697893885271,17.532806
1057,1996,13.6295168983137,10.0827210127308,11.0571386955493,-.011747563032103,15.499102
1057,1997,13.7872897601954,10.453053004618,11.3700084505858,-.0017972321789349,14.182563
1057,1998,13.3149749731168,10.6734568756974,11.650640095641,.0180053951172449,15.103488
1057,1999,13.2328096184213,11.1020658325448,11.9782129908623,.0279557259704129,16.828499
1058,1994,12.1883589231522,11.0898054216233,10.1053829522872,-.0584206198856048,9.9211941
1058,1995,12.4403310757482,11.7746972462619,11.8202880984449,-.038617992589425,3.776566
1058,1996,12.848986835943,10.4175678740226,11.9202654810062,-.0188153652932453,4.957468
1058,1997,12.8479271570135,9.976040745217841,11.9355249378438,.0107434369482991,15.141418
1058,1998,12.7682204939421,7.06731984865348,11.8309099951221,.0107434369482991,17.373514
1058,1999,12.7341484139521,0,11.7190839838372,.0877044780844273,16.4858
1059,1994,13.2031543175252,9.719805070102829,10.9512608295796,-.0083153316037135,24.874208
1059,1995,14.2254259309538,10.0619005642784,11.1859133400545,-.0083153316037135,28.914186
1059,1996,14.079052033322,10.068111764371,11.3548835574603,.0016349992494545,35.70293
1059,1997,14.0902972960594,9.99697789562347,11.469460397274,.0016349992494545,34.354832
1059,1998,15.0577357469492,11.160114474909,11.8891011278903,.0016349992494545,33.81316
1059,1999,14.407164054133,10.6993718105472,12.035828660358,.0115853301026228,38.254738
1060,1994,11.7161601433444,10.7134395126382,10.8948022654711,-.0300151802858875,3.5850127
1060,1995,11.9122651844648,7.69712131728263,10.8094410387152,-.0200648494327194,4.0708733
1060,1996,12.532591944152,7.39633529380081,10.7157391176086,-.0101145185795514,9.6306772
1060,1997,11.8581167230677,9.250041738827729,10.7906995669096,-.0001641877263833,8.6928387
1060,1998,12.1461633927763,8.36915711258883,10.7467881487829,.0293946145151611,9.6264725
1060,1999,12.6692404637666,8.96277604612029,10.7692720486319,.0293946145151611,12.161205
1061,1994,11.976980038309,0,9.442197846542239,-.0607814722598589,1.4176453
1061,1995,12.1067445173139,9.174609562020381,9.88996655443135,-.0119913080904268,-1.8789587
1061,1996,12.1465147683288,8.942068693044231,10.0930950026309,-.0119913080904268,-.79515243
1061,1997,12.0648651220514,8.434897948689409,10.1457864628901,.0272294050628545,-2.1588259
1061,1998,12.201203156222,8.856376036730421,10.2632646797249,.0272294050628545,-1.3031946
1061,1999,12.3815473590932,8.157370441186769,10.257838297616,.0272294050628545,-.69890368
1062,1994,12.4195921221175,7.03790596344718,10.9350301192791,-.138214396993543,-.067905724
1062,1995,12.5170121845805,7.85321638815607,10.8785527251085,-.089424232824111,1.5398396
1062,1996,12.6813356791497,7.84658997529119,10.823210387999,-.0217655843502961,-.70708221
1062,1997,13.0195179669326,8.28197705886776,10.7942984120122,.0458930641235186,3.5833538
1062,1998,13.1022308580929,9.3726292750199,10.8967967313061,.0656956914196984,3.587328
1062,1999,13.2861141206454,9.83750799360215,11.0746824839677,.11448585558913,2.3184094
1063,1994,12.0445581701347,8.499640032168649,9.511540660228871,-.0385429771318425,-4.4143467
1063,1995,12.1381145498441,8.445052513638551,9.689470973406371,-.0385429771318425,-2.2082453
1063,1996,12.3834083599353,8.61250337122056,9.859159418686589,-.0187403498356628,-2.1281252
1063,1997,12.6455708023447,0,9.74572201363806,.0010622774605169,3.182863
1063,1998,12.7307523396282,9.166910814048849,10.0551737694965,.0306210797020613,-.5111379
1063,1999,13.09297390958,10.1611484658759,10.6542359655441,.0601798819436056,10.814564
1064,1994,11.8243820213441,4.77912349311153,8.37168175231588,-.113955860020391,9.1766253
1064,1995,12.1860035347304,7.40853056689463,8.569064318826131,-.0843970577788469,8.0713253
1064,1996,12.184965651918,7.70930833338587,8.78905071352105,-.0261281496548711,6.5044827
1064,1997,12.2325835390048,7.71110125184016,8.94705168035755,.022662014514561,4.0289435
1064,1998,12.6097777962354,8.09620827165004,9.16417077112933,.0618827276678424,7.1879315
1064,1999,12.9550489463168,9.44762348684411,9.853882306277519,.120151635791818,8.6749992
1065,1994,12.5966320802642,8.22147894726719,9.07410819265127,-.0729064868497141,11.293723
1065,1995,12.885986115467,10.1519869111126,10.3160209546273,.0040545542864142,12.874044
1065,1996,12.8411732933611,9.934647014785231,10.6995703109674,.0040545542864142,14.474883
1065,1997,13.1009712664802,10.0605340354754,10.9837304862823,.0140048851395821,13.539731
1065,1998,13.9581882850161,9.54158468105309,11.061355683532,.0338075124357619,17.48694
1065,1999,14.2958751499279,12.5807520323727,12.6094261925281,.0136048051182424,22.903046
1066,1994,11.8254928143782,0,11.0694219844684,-.114324712916299,4.3060985
1066,1995,12.3458693699091,3.36729582998647,10.9454413024059,-.0560558047923228,3.434149
1066,1996,12.6523373479077,8.35208267135264,10.9010245751793,-.0560558047923228,4.7085314
1066,1997,12.9844039095954,8.785692444451239,10.8964892942912,.0301218914487298,.74125844
1066,1998,13.2451313011686,9.328567753340829,10.9624490355744,.069342604602011,-2.7541499
1066,1999,13.3995253066907,10.2031846545661,11.212039267146,.108563317755292,-.55076319
1067,1994,11.5563079133054,0,10.4232184067726,-.0829263886353425,4.3340616
1067,1995,12.3618630411041,0,10.3081890358237,-.0341362244659104,10.566826
1067,1996,12.2018673633401,9.26823185039196,10.4902792782059,-.0045774222243659,12.39929
1067,1997,12.4052120813761,5.64544689764324,10.3875512491564,.0152252050718138,13.702893
1067,1998,12.9655750068927,11.9839785433515,12.006897054065,.0350278323679937,13.895267
1067,1999,12.908042730485,8.722905701000769,11.9315351368673,.0645866346095379,16.883101
1068,1995,15.5993960961947,12.8821499613945,14.4112858949509,.0027719344729836,32.52998
1068,1996,15.6575303106617,12.8116282808354,14.4782319325435,.0027719344729836,34.919643
1068,1997,15.7357126531645,12.632019888579,14.5074558165052,.0127222653261515,34.77235
1068,1998,15.9211095339141,12.7277076370121,14.5447460990562,.0026719294726501,35.673088
1068,1999,15.9074471937928,13.5398282000921,14.7288058479786,-.0698987633621853,37.673851
1069,1990,14.8334976255086,10.7180555883004,14.4188960374036,-.102994708942735,27.679977
1069,1991,14.7343397527335,11.581891669435,14.3782353935128,-.0734359067011904,31.510586
1069,1992,14.6213559038453,11.1654367693832,14.3179748429602,-.0438771044596461,37.402149
1069,1993,14.6552951917306,0,14.21660586572,.0143918036643298,36.866558
1069,1994,14.7139911637526,0,14.1152371530567,.179906242141903,35.864544
1070,1990,14.4144712140408,11.9705528231479,13.3356198118673,-.0481593785993715,27.750916
1070,1991,14.238273939945,11.1082000831971,13.3353615580463,-.0283567513031918,26.352943
1070,1992,14.213501741862,11.9583353829847,13.460630145747,-.0184064204500238,32.708263
1070,1993,13.9011837372023,11.8582300102366,13.5406840310835,.0111523817915205,40.315731
1070,1994,14.0267660649991,11.3996671771853,13.5438673065419,.0788110302653356,36.193249
1071,1995,12.2656771728449,0,9.41010065313697,-.0829500888753945,-3.03774
1071,1996,12.0285179298105,0,9.28419474054666,-.0059890477392661,-.15783814
1071,1997,12.0648916547607,7.0833878476253,9.259349559777229,.0235697545022782,1.7083346
1071,1998,12.1685481417391,10.0215816509186,10.2472935455909,-.187151276813374,1.9544442
1071,1999,12.0085463500797,8.85366542803745,10.3327440542507,.21831383129479,.93520015
1072,1995,11.6711967539269,8.385716828627849,8.773802466113439,.0795485715888103,-9.4505825
1072,1996,12.1287492957493,8.562166557058969,9.24907058023622,.0795485715888103,1.8176599
1072,1997,11.7736723215095,8.29729437026692,9.46516086903082,.0894989024419783,-.23508544
1072,1998,11.8101437623696,9.14782646658694,9.88859724004093,.0894989024419783,-1.9351151
1072,1999,11.7092210150906,9.46234345197094,10.2672066282214,.12871961559526,-4.0248184
1073,1994,11.7030096982764,4.60517018598809,8.85650425190415,-.0560499400780762,2.2154756
1073,1995,12.5509992536831,0,8.739632494806081,.0301277561629761,9.1906748
1073,1996,11.9417308894245,0,8.622759685858981,.0301277561629761,3.4764526
1073,1997,11.8454751407595,0,8.505889545244839,.0693484693162575,8.224515
1073,1998,11.7351416297532,0,8.389018852692731,.0693484693162575,5.5393066
1074,1994,14.7868739380462,11.8866040245851,13.1972197979721,.185083320882626,14.376051
1074,1995,15.6316392457156,12.7044116347423,13.5530039733698,.101701711943575,17.392815
1074,1996,15.4185239165675,12.6033678036329,13.7540256099233,.13126051418512,18.560572
1074,1997,15.6479361180898,11.9894825731858,13.7892273610651,.1110578068676,19.311764
1074,1998,15.7889797952221,13.2258563502892,14.1040541342151,.1110578068676,20.781162
1075,1991,11.4381300771133,9.033125752550371,8.91004576147356,-.111942034360519,-1.9279914
1075,1992,11.2068802619828,6.48768401848461,8.890121333619289,-.111942034360519,1.2264048
1075,1993,11.2432714614675,3.80666248977032,8.789279276243461,-.0166318545561942,-4.1959558
1075,1994,11.4332080831604,6.01615715969835,8.75959019965233,.131788150562079,.89371639
1075,1995,11.2720676043052,0,8.64639522587953,.161346952803623,10.205558
1076,1995,13.1939036355642,9.10364563330522,10.6096077188445,.0009342623476835,11.664123
1076,1996,13.4053276407609,10.4633890139487,11.0986637801785,.0207368896438631,12.637211
1076,1997,13.2693974691848,9.349667437197279,11.1349962405966,.0306872204970313,12.687577
1076,1998,13.6695896914309,10.5507216760817,11.4417516455157,.0504898477932108,13.967023
1076,1999,13.8078537483755,10.5570099383128,11.6527204502777,.0800486500347552,14.216839
1077,1995,13.618914575528,0,10.816332354006,.0723267662699743,13.819954
1077,1996,13.6088678788886,0,10.7096374724313,.121116930439406,15.037159
1077,1997,13.8180975976683,8.049427057110689,10.6667506404088,.121116930439406,12.167178
1077,1998,13.9763136888284,0,10.5600563259755,.100914223121887,14.708821
1077,1999,13.8427497317616,9.56366972566382,10.748617350087,-.0156195931340646,16.855761
1078,1990,11.8132628081098,9.011889433252341,10.5182136265831,-.351806770028224,3.2762098
1078,1991,11.5901192567956,7.69621263934641,10.455399455896,-.256496590223899,-1.9151145
1078,1992,12.1411266701944,9.47270463644367,10.665967213576,-.170318893982846,1.6498539
1078,1993,11.7564404722431,7.67786350067821,10.5919261651683,-.102660245509031,-2.8702137
1078,1994,12.1419771386892,0,10.4660418758871,.0371016968661274,4.9891405
1079,1990,12.527827464297,0,10.7189187352992,-.175654156732281,.94683009
1079,1991,12.5413096685231,7.82404601085629,10.6603041266517,-.136433443579,5.5938845
1079,1992,12.2585455092898,0,10.5434396314189,-.087643279409568,-2.4641297
1079,1993,12.5602651173988,7.71154897962915,10.4864180006371,-.087643279409568,3.4840386
1079,1994,12.4566209079553,0,10.3695396346932,.016716735914675,4.1681948
1080,1995,12.2544879298508,5.41610040220442,10.4060067734585,.0063439455369369,.47894621
1080,1996,12.149543682451,0,10.3456188316802,.016294276390105,2.6885467
1080,1997,12.081359331516,8.131824785007201,10.3790009749555,.0360969036862848,1.2862519
1080,1998,12.2036941721917,6.90775527898214,10.3460236288534,.0558995309824645,4.1873002
1080,1999,12.1823838242135,5.25227342804663,10.2910703882857,.0757021582786444,5.1298437
1081,1992,12.3236859355217,8.60098271714592,9.7223852521469,-.0028660894273684,-2.643044
1081,1993,12.1794592537805,8.41183267575841,9.858160634401081,.0070842414257996,2.6419725
1081,1994,12.4640644007278,5.7037824746562,9.76226379222557,.0268868687219794,-1.8032941
1081,1995,12.3863110581304,8.832003931256271,9.97786191777549,.0368371995751475,.31466901
1081,1996,11.1815885349139,0,9.866034875485481,.0368371995751475,1.984839
1082,1995,14.1505289938978,11.1288793242354,12.8667519014523,.0408023682184895,24.576019
1082,1996,14.0971567036317,11.4039919069256,12.9623835745356,.0507526990716575,26.255981
1082,1997,14.0915133900543,9.430519533826381,12.8860094520661,.0507526990716575,27.349579
1082,1998,14.0923254012928,10.3414521187349,12.8532664594032,.0407023632181561,27.670406
1082,1999,14.0895531286301,8.49678638163858,12.7616138579314,.0605049905143358,29.095966
1083,1990,15.7077556776702,13.699837045698,13.8501757180169,-.0310830380619457,31.101675
1083,1991,15.5696854281763,11.398434504483,13.8150000276659,-.0512857453794651,36.217918
1083,1992,15.2201137795104,10.7612377393963,13.7389348665714,-.0817449528641736,48.320164
1083,1993,15.0158749797416,10.3660258856706,13.6492792165732,.0135652269401513,49.079266
1083,1994,15.2823491702354,0,13.5240565808155,.1357828596644,42.910126
1084,1995,15.5113249554571,12.8935085477447,13.9118631034076,.0985434658861723,41.579586
1084,1996,15.5721467365727,12.6356448289816,14.0571720686048,.0783407585686529,44.259899
1084,1997,15.6423889848797,11.9559753334057,14.0771247719835,.0783407585686529,49.646587
1084,1998,15.6476308907977,12.8610557544945,14.2311609528197,.0682904227151513,51.225952
1084,1999,15.6722560646536,12.6500498824717,14.31671078588,.0880930500113312,51.563026
1085,1990,16.9129132443638,13.1780686247981,13.8860044357108,-.0702295763188559,59.199348
1085,1991,17.0087187420153,13.6813263808938,14.4196018001153,-.0406707740773114,64.283691
1085,1992,17.138973833537,13.3081871276865,14.6255443280484,-.011111971835767,70.401337
1085,1993,17.4327409907323,13.8262516651803,15.5553359837093,.0281087413175143,80.790184
1085,1994,17.4638675423437,13.6656801987641,15.6105871195534,.0863776494414902,85.845512
1086,1990,15.4834117013516,11.3229023269892,14.0823241402899,-.0529090165718846,24.67382
1086,1991,15.5086545310832,11.5324829641858,14.0529648208295,-.169442832827836,29.487967
1086,1992,15.5501943840426,10.2308469646407,13.9655719738512,-.242013525662672,33.976448
1086,1993,15.4201643248967,10.6596095322575,13.8928483799614,-.110985263256267,46.674931
1086,1994,15.2694849312785,0,13.7826987915672,.0023434220507359,40.92704
1087,1993,15.361099532122,12.3494844408204,14.3531570645314,-.008048017138667,57.081528
1087,1994,15.5009632474345,11.3658397692651,14.287884687852,.0117546101575127,59.174328
1087,1995,15.5079184715863,11.1320602822303,14.2132841621478,.0509753233107941,50.881512
1087,1996,16.9861822150652,10.9976901327155,14.144093469828,.0707779506069738,68.955521
1087,1997,16.9879923425533,12.2774067741345,14.0496581422183,.0707779506069738,68.517952
1088,1995,15.4571706607561,12.8880805136784,14.1329673559464,.0918476321222491,15.220246
1088,1996,15.2488342418034,13.1134235358349,14.3089728070371,.0613884246375406,33.301113
1088,1997,15.4592005962066,13.189666822614,14.4569516220953,.129047073111355,36.029518
1088,1998,15.6195301138557,13.8133041255816,14.7385567403139,.148849700407535,35.460926
1088,1999,15.6182718202706,14.3126805667825,15.0956440832556,.128646993090016,35.24371
1089,1990,19.0048405359658,15.4496383512777,17.6931259319558,-.113202879874581,42.960495
1089,1991,18.9563242435636,15.3718710591045,17.6705972147765,-.0739821667212995,49.1395
1089,1992,18.9905103335335,16.213181623812,17.7680753823472,-.0444233644797551,58.018555
1089,1993,19.0159688316671,16.7756221305381,17.9737312626246,-.0246207371835753,74.751122
1089,1994,19.48243840377,15.9134211174901,17.9740571331489,-.0048181098873957,80.952347
1090,1995,15.9021463044762,11.6945134194104,13.7225629051939,.0717492824367409,38.882511
1090,1996,15.9921228643448,10.9198588858203,13.6605781893646,.101308084678285,41.595715
1090,1997,16.2263916429378,12.0878407591554,13.7227503242822,.121110711974465,45.609005
1090,1998,16.2595912889609,12.0249283954386,13.7644389232189,.140913339270645,45.329422
1090,1999,16.3169055782479,11.8839992463101,13.7797210873596,.140913339270645,48.725452
1091,1990,12.7445290004104,9.867860374892979,9.129889247578561,-.327521127683536,14.011875
1091,1991,12.6106096537535,9.39266192877014,9.89585348706793,-.327521127683536,14.75678
1091,1992,12.5576187498278,9.21034037197618,10.2111964918464,-.327521127683536,20.817856
1091,1993,12.2835896209951,8.987196820661969,10.3681582368759,-.307718500387356,17.227125
1091,1994,12.4268116052728,7.09007683577609,10.2960970468742,-.0225395581536937,20.043688
1092,1990,16.4747436733111,12.6514857663477,14.2581295011143,-.0453813894642589,38.854721
1092,1991,16.5538257849921,12.3069672036284,14.2855959338687,-.0061606763109774,40.755257
1092,1992,16.6310412037813,11.5072795567834,14.2335158417007,-.026363383628497,48.727814
1092,1993,15.9856232841794,11.8168892677463,14.1243699006928,.0128573295247842,54.868183
1092,1994,15.536433374981,12.2697608052129,14.1576457298574,.0616474936942163,34.032352
1093,1991,12.4328381492784,7.60090245954208,9.823209817245759,-.22702092069661,18.415585
1093,1992,12.2797157471767,0,9.72379254334405,-.168752012572635,16.759729
1093,1993,11.7680904432402,7.82404601085629,9.767616281673281,-.129531299419353,18.432518
1093,1994,11.9747793564824,8.41183267575841,9.899625102871831,-.0342211196150283,19.513266
1093,1995,12.1598700982631,7.74066440191724,9.906383355648151,.0334375288587866,19.957264
1094,1993,14.8041321065808,10.9335354493354,12.5821927018839,.0007952785611752,32.374302
1094,1994,14.4646962371448,11.188551745247,12.6865141105416,.059064186685151,28.002789
1094,1995,14.606029031771,12.7958046392748,13.308497988591,.0690145175383192,29.835068
1094,1996,14.4580665469345,14.232962206272,14.421997445352,.0589641816848177,26.211969
1094,1997,14.6979742512709,12.413875122005,14.4225140032065,.0589641816848177,31.560913
1095,1992,13.9714445990381,8.61250337122056,13.8561293318366,-.0474940865283127,34.608227
1095,1993,13.6358491708904,9.615805480084351,13.8303180834267,-.0082733733750314,26.562181
1095,1994,13.9275788688635,0,13.7365566323524,-.0082733733750314,32.232601
1095,1995,14.0402000501828,10.1735146897492,13.6697745915892,.0309473397782499,24.475559
1095,1996,13.6900854407233,0,13.5760132601214,.0309473397782499,26.178738
1096,1995,14.9454246186299,10.2240844399991,13.4515066800217,.0325530275701123,40.650738
1096,1996,14.9651820633283,10.5386082955737,13.416078265773,.0621118298116565,43.420685
1096,1997,14.9063034091507,10.4776822639188,13.3788321436774,.0720621606648247,47.531666
1096,1998,14.8564542482661,10.8192581491634,13.3624002299877,.0918647879610044,45.178219
1096,1999,15.5210088060201,11.1936288787491,13.3764857707698,.111667415257184,45.725182
1097,1995,13.2627571920005,8.41249912030157,10.3893583793444,-.0144793612248486,19.703957
1097,1996,13.1626587764461,7.10906213568717,10.3141458194889,.005323266071331,19.653708
1097,1997,12.902951606709,8.912607963670901,10.4111451634444,.0348820683128755,15.768399
1097,1998,13.2119361370782,8.43315919580623,10.4214238355372,.0348820683128755,15.791857
1097,1999,13.4224361551353,9.140561477368269,10.5392042234179,.0644408705544198,19.194935
1098,1993,14.9805623443182,10.3136416501304,13.129399763872,-.042458676390681,43.6049
1098,1994,15.049808828837,9.78098087804333,13.0648997169814,-.0032379632373997,45.480343
1098,1995,15.1678194218993,10.3685728566253,13.0288962980464,.0359827499158816,45.786366
1098,1996,15.2875055357076,10.3318550538616,12.9914197194189,.0655415521574261,49.471256
1098,1997,15.3138517425978,10.1093628622838,12.9431089521498,.0853441794536058,49.557327
1099,1995,15.8615590932619,13.4784211309202,14.7551224648771,-.0001230693497339,40.877224
1099,1996,16.0231011644802,11.2592453835944,14.6935758380482,.0196795579464459,42.300346
1099,1997,16.1469636447833,12.9862389113834,14.7592391259741,.0196795579464459,44.680935
1099,1998,16.1489983336001,11.3029449001823,14.6982735027868,-.0005231493710736,46.591671
1099,1999,16.2675413632419,12.7010432399721,14.7256671946859,-.0005231493710736,50.258724
1100,1991,14.2263633571559,11.0951347071714,13.5519860606869,.140253455147774,26.399334
1100,1992,13.9674827728682,11.305642959587,13.5305322935935,.0124200836378888,24.833366
1100,1993,14.0692905412892,11.9119901338974,13.5923233806985,-.115413287871996,23.489792
1100,1994,14.3937114159168,10.9827471126884,13.5372094133624,-.0666231237025641,27.616856
1100,1995,14.6422274624521,13.4604471719111,14.0633625656458,.0103379174335642,25.34486
1101,1992,14.0860307033998,9.072915696064509,9.938386440040389,-.0908549215822817,17.299088
1101,1993,13.9674674045267,8.01102337918644,9.96432862151442,-.0420647574128496,18.578377
1101,1994,14.1429658351485,9.05543941075822,10.1948279252401,.0441129388282028,17.416433
1101,1995,14.2907069315461,8.168202930236051,10.2012375231872,.0929031029976349,18.706949
1101,1996,14.3366337790121,9.03085479000144,10.346909755255,.132123816150916,24.044937
1102,1990,16.3100960868783,13.5576202703202,14.5663510093027,-.0857662354558834,32.629055
1102,1991,16.2843729014605,13.5965034398025,14.8060781391602,-.0369760712864513,37.679024
1102,1992,16.2766503365676,13.6257389180911,14.9837476917153,.0022446418668302,37.095524
1102,1993,16.1821480086794,13.5817824372101,15.1097549515078,.0318034441083745,38.422581
1102,1994,16.267719490256,13.6171510784725,15.2146304936478,.0805936082778066,43.206795
1103,1994,15.9196070242199,12.7611208751778,13.3423807673641,.0033563479375531,5.5058718
1103,1995,15.9843312630804,12.2511559477683,13.5244554699527,.0033563479375531,13.890797
1103,1996,15.987287005373,12.7336049325671,13.7820068237005,.013306678790721,12.652861
1103,1997,15.9899078816772,12.2821165996038,13.8716366057644,.0032563429372195,14.063921
1103,1998,15.9835744631407,12.3840347135467,13.9623661503717,.0230589702333992,16.24593
1104,1991,13.5631817657914,8.268731832117741,13.2619792221512,-.0559939491597081,16.211483
1104,1992,13.6481591803111,7.58273848891441,13.1615163959587,-.0361913218635283,15.685751
1104,1993,13.6661768358812,8.89850220964664,13.07193812721,.0030293912897528,15.592005
1104,1994,13.6482539048844,8.73391617492752,13.0191722846239,.0612982994137289,15.166968
1104,1995,13.8076005408802,9.431000842996591,12.9417310330873,.10051901256701,22.32905
1105,1995,14.3479364550797,10.0425100911849,13.3117424710933,-.0788936241618296,24.287832
1105,1996,14.4944727476701,9.53162645184174,13.2292019402121,-.0396729110085484,25.692234
1105,1997,14.5632517010451,12.3054653894082,13.4422229562194,.0372881301275799,24.9181
1105,1998,14.554551375881,11.915954274378,13.5230281824712,.0372881301275799,26.570686
1105,1999,14.5261388327453,0,13.4190001862597,.0472384609807481,27.684971
1106,1995,12.3823458646177,9.54309140779554,9.569670787028571,.0147525888359863,1.6035138
1106,1996,12.0840792901539,0,9.4536864706079,.0917136299721144,9.8445139
1106,1997,12.6239458011042,0,9.33537703634387,.159372278445929,3.4454675
1106,1998,13.1683220378036,0,9.224844674178989,.217641186569905,6.423336
1106,1999,13.5232435961301,0,9.115073191247379,.294602227706034,6.3861752
1107,1995,12.939982201395,11.1194679759863,11.3025364772874,.0092957566913118,21.334696
1107,1996,13.153804267295,0,11.2011678894768,.0388545589328562,23.574734
1107,1997,13.2108923972706,0,11.0997995879604,.0684133611744007,27.154188
1107,1998,13.761373839031,9.03121370607875,11.1097217978757,.0684133611744007,32.502869
1107,1999,13.9594275296127,9.6476270924073,11.2026432558393,.126682269298376,35.137066
1108,1990,15.1120779474819,11.7193215572054,12.8752779940935,-.348690244781518,13.200186
1108,1991,15.0677920147314,11.2834871430933,12.9719245999357,-.379149452266227,20.828753
1108,1992,15.1259180548797,11.2834871430933,13.0485405030679,-.379149452266227,21.546286
1108,1993,14.8774086564517,10.1572766939647,13.0038255319507,-.379149452266227,21.661407
1108,1994,14.9774840670827,12.4489521552516,13.6702106442944,-.0355597478761498,25.316212
1109,1990,12.9851374621265,9.305650551780509,12.342127725974,-.145578468325529,18.801979
1109,1991,12.8165000368117,4.04305126783455,12.2498363888613,-.0686174271894002,15.574407
1109,1992,12.7391236700743,6.5191472879404,12.1606274806077,-.0103485190654244,17.659327
1109,1993,12.6325231034646,0,12.0680741473729,.0192102831761201,24.7152
1109,1994,12.462013813641,5.67675380226828,11.9772039870202,.176214031985785,18.170412
1110,1994,11.4366170053057,7.37775890822787,9.46159702081011,-.101392085470107,3.1297476
1110,1995,11.4914134012493,7.43070708254597,9.481138204493719,.0296361769362969,.83944011
1110,1996,11.4749007621963,8.779557455883729,9.76614892156865,.169398119311455,-.86417478
1110,1997,11.3034404731665,0,9.665775899858991,.273758134635698,.1612066
1110,1998,11.3575047943974,0,9.56540301685904,.273758134635698,-.21481603
1111,1990,12.8767779197591,0,9.42133036711782,-.0813311080983728,5.1411848
1111,1991,13.1940290382498,0,9.328896442097751,-.0325409439289406,.40211982
1111,1992,13.0396862486449,0,9.236466103502339,.0162492202404913,1.6826205
1111,1993,12.7800410157729,0,9.14402961468876,.0458080224820357,6.7614388
1111,1994,13.6126244735794,0,9.813732414875441,.0458080224820357,6.1890349
1112,1990,15.1637022881867,11.4654459415359,12.4749808363455,-.106760015900358,33.071854
1112,1991,15.3811670037072,11.4184059724903,12.6942025590685,-.0391013674265435,36.887787
1112,1992,15.4901494597011,11.4535257176886,12.8614805750298,.0191675406974323,35.692688
1112,1993,15.6612815096966,0,12.7667301763773,.0583882538507135,42.702179
1112,1994,15.7996088897026,11.079662553152,12.8426187863002,.0583882538507135,44.529301
1113,1990,15.0732947146514,9.55343349919151,13.080878663334,-.110219310460444,5.9738679
1113,1991,15.1323610055094,10.0940252641014,13.0390317672153,-.0709985973071628,15.235067
1113,1992,15.1327378895718,9.758924101344769,12.9837089415174,-.0912013046246823,23.533968
1113,1993,15.0922984274163,10.6236417385826,12.98264166422,-.0519805914714009,16.378504
1113,1994,14.6375271352909,0,12.8886173176154,-.0031904273019689,19.62764
1114,1990,12.0676120117216,0,9.956032563199891,-.0251237391541527,4.8129311
1114,1991,11.8327087145202,0,9.844215141071061,.0044350630873918,6.2222419
1114,1992,12.1081406996346,6.52502965784346,9.769801862294051,-.0260241443973166,6.6231899
1114,1993,12.0725066124639,6.45204895443723,9.69503554996491,-.0260241443973166,4.1246104
1114,1994,11.904971116344,8.467582690862899,9.845339237140561,.0692860354070082,3.3858719
1115,1995,12.6286757126113,0,10.9839749057957,-.0048095646823748,14.474556
1115,1996,12.4584710336025,0,10.8717006808716,.0344111484709065,10.219254
1115,1997,12.7475705601661,9.74096862303835,11.0262638588284,.0542137757670862,14.562292
1115,1998,12.8778928747309,8.914088348841331,11.0218893965196,.0740164030632658,16.584986
1115,1999,13.0983918270662,10.6401730351106,11.4034855286681,.160194099304318,19.792191
1116,1995,12.1035832482302,0,9.59684010219704,.0261338861541369,2.4560423
1116,1996,12.1591758270173,0,9.485909376544161,.0360842170073051,8.0370579
1116,1997,12.8754366459543,10.6468762245328,10.7665315042639,.0558868443034848,6.9301085
1116,1998,13.0731888527675,9.411892497046921,10.8728867304129,.0658371751566528,10.864444
1116,1999,13.0795136349588,9.353401214816831,10.9479621544884,.075787506009821,12.255717
1117,1994,10.6903428741886,0,9.84896800676032,-.0119116628892825,9.7871647
1117,1995,11.0901846386973,0,9.749922534508849,-.0119116628892825,7.5563827
1117,1996,11.3334517154436,5.8348107370626,9.669580026950699,.0273090502639989,8.4126854
1117,1997,10.9348209907114,0,9.570536110636811,.0568678525055434,7.5758662
1117,1998,11.3484556119983,5.49306144334055,9.48712326355896,.124526500979358,9.7681179
1118,1994,17.7692297877734,13.7334324469287,15.8777758030203,-.0690536991119993,54.447662
1118,1995,17.7943496386013,13.6873225781337,15.8808118838442,-.0298329859587179,61.759193
1118,1996,17.8283535559012,15.1918992697328,16.1701171031746,.0471280551774104,58.906757
1118,1997,17.7973050788474,14.4547177869326,15.7612312890811,.195548060295684,59.940094
1118,1998,17.7108900809719,13.8419353280399,15.7891379672289,.112166451356633,61.335728
1119,1995,14.1262069655955,10.8073007628992,11.7125088422434,.004231137404055,11.690042
1119,1996,14.1440205073766,10.0306046675956,11.7746002610398,.0337899396455993,12.68118
1119,1997,14.2976764056785,8.53817159780143,11.7103638512358,.0633487418871438,12.322212
1119,1998,14.3493725621629,10.596259662766,11.8765430528864,.0929075441286881,15.169905
1119,1999,14.3354963764038,10.6854236959101,12.0237422886975,.112710171424868,16.181646
1120,1993,12.1789032469364,5.19849703126583,11.2999042594167,-.0404814968060629,8.2760601
1120,1994,11.8209688401126,9.55364634817596,11.3514636236167,.0271771516677519,9.3686304
1120,1995,12.4194633663707,0,11.2387425343977,.0948358001415667,2.857116
1120,1996,12.4270264943703,9.45493225449626,11.2755574743005,.153104708265543,9.0585833
1120,1997,12.4329691285925,9.92059046043579,11.3815722697789,.192325421418824,12.089826
1121,1991,10.5659770523086,0,8.43706714693695,-.162515716226804,-10.041062
1121,1992,10.7201277321359,0,8.342958844804899,-.113725552057372,-5.8518462
1121,1993,10.6948680653766,0,8.2486860983505,-.0649353878879397,-6.2969489
1121,1994,10.7560787964215,0,8.154183942344471,-.0161452237185077,-7.7864728
1121,1995,10.7135191820027,0,8.05990833457828,.0230754894347738,-12.482513
1122,1995,15.351885774662,11.9088653518533,13.7601003797753,.0615832944287089,39.041168
1122,1996,15.3050658952038,11.7945794046837,13.8006253204648,.0813859217248887,37.139297
1122,1997,15.501551163832,9.69301340432258,13.7335529346762,.0813859217248887,41.157459
1122,1998,15.6340502228222,11.5104223347521,13.7458180846702,.101188549021068,40.637905
1122,1999,15.706224922447,10.998593701875,13.7202959535925,.130747351262613,45.989651
1123,1990,15.0192997000253,10.8549523594179,12.8112543577364,-.0079681696491771,23.306717
1123,1991,15.1317882183879,12.3859746108054,13.2320452425673,.0019821612039912,30.425905
1123,1992,15.2662645790873,12.0854179907193,13.4074716404485,.0019821612039912,30.723829
1123,1993,15.6929982383144,12.8145085291599,13.7491513937949,.0019821612039912,33.333424
1123,1994,16.4000332245543,14.23406561761,14.6152498554498,.0019821612039912,36.345989
1124,1991,11.0264213693364,0,8.40585931515403,-.12972896254144,5.0675216
1124,1992,10.8818024865811,0,8.305928802632099,-.0714600544174645,-5.2884021
1124,1993,11.0599194120931,0,8.205846644325749,-.0131911462934887,4.9783654
1124,1994,11.0583576438543,7.24064969425547,8.43143920539733,.0821190335108362,4.7759967
1124,1995,11.1899314323437,7.02553831463852,8.544847268198049,.11167783575238,6.524509
1125,1995,16.3531669159349,11.5121651760238,13.6134904524578,.0390661030335349,19.829432
1125,1996,16.4462450872582,12.1572762313412,13.7131169699539,.0588687303297147,29.58733
1125,1997,16.5081154267206,11.3809699728192,13.7000461696663,.098089443482996,29.013
1125,1998,16.5083393134793,12.4539361261348,13.8371243871808,.0147078345439451,29.486757
1125,1999,16.5106125678674,13.5134387818764,14.2490516218676,.0442666367854895,32.026726
1126,1993,18.3847014670341,11.1506635141627,15.4164072376999,-.0611067047896169,79.716942
1126,1994,18.567595991017,11.2317422292583,15.3250873608042,-.0611067047896169,76.712303
1126,1995,18.5537795135966,15.6939527946402,16.0992420637811,.104407733687956,77.733932
1126,1996,18.6677296621853,12.7885368378381,16.0267788699126,-.0234256378219284,79.97229
1126,1997,18.7811851351638,16.6817760244058,16.9546117089014,.0253645263475036,83.396355
1127,1990,11.9236246394236,0,8.858510813033931,-.199118108067932,-5.4668417
1127,1991,11.814167989286,9.615805480084351,9.940590640487629,-.199118108067932,-9.7712393
1127,1992,11.9989375695769,8.12029131396856,9.985007629899901,-.199118108067932,-8.6744947
1127,1993,11.4064361858319,4.9416424226093,9.878328706275729,-.199118108067932,-9.642993
1127,1994,10.3017181707143,8.27969713387763,9.95315828127571,-.0769004753436834,-4.502212
1128,1995,11.8564651738807,6.3491389913798,9.42167041780484,.065145527504561,11.582187
1128,1996,11.9705186644538,7.97728198675515,9.52236621569247,.0947043297461055,9.1549397
1128,1997,12.0021751828429,9.111182800442959,9.904162324826091,.133925042899387,9.6288042
1128,1998,12.0687342925246,8.33014046024638,9.979299785897069,.229235222703712,7.9927402
1128,1999,12.2272228374094,8.0519780789023,10.0042736213476,.258794024945256,11.512312
1129,1994,12.2293897185656,8.10167774745457,10.3705744322005,.0836971428527574,6.0834532
1129,1995,12.2915780623582,9.145375093123819,10.5121818984256,.0936474737059255,7.2848625
1129,1996,12.2091961362515,11.2245898456699,11.4841267338015,.103597804559093,10.245377
1129,1997,12.3369289456262,9.961992281908691,11.5601725344192,.123400431855273,10.00873
1129,1998,12.4113945100893,8.36776467792431,11.4862837040238,.123400431855273,11.141366
1130,1995,12.8061866342365,0,9.609539221362819,.0669101917418641,11.976101
1130,1996,12.7620582182292,6.74405918631135,9.58057891303234,.0768605225950323,11.983187
1130,1997,12.6101935009442,0,9.500020447090639,.106419324836577,13.193468
1130,1998,12.2086985209047,0,9.419458018557259,.106419324836577,12.732707
1130,1999,11.2460791792724,0,9.33890067920426,.106419324836577,10.784229
1131,1995,12.4547593055152,8.46800294722547,10.6177771487494,.137778951223705,4.757906
1131,1996,12.4857385760127,8.35514473946184,10.588320263492,.0759035475056172,6.121438
1131,1997,12.3591599300248,6.90073066404517,10.4861751280393,.274754406250782,5.3537822
1131,1998,12.3646196636898,10.3064161129923,10.946756250165,.135492338917275,5.5288005
1131,1999,12.4678584508591,10.2422072616978,11.205288273596,.174713052070556,8.9718008
1132,1995,16.4474181821382,11.2443006440519,13.4162959248741,.0227709872160237,20.719788
1132,1996,16.5174103409529,10.6689553946757,13.3752454429663,.0619917003693049,22.122829
1132,1997,16.5540398600396,12.2643604214007,13.5438284670705,.101212413522586,28.256975
1132,1998,16.6435669315542,12.8588664717409,13.8283726850252,-.0731409736221914,29.97213
1132,1999,16.5720346822732,12.32769275464,13.9156873312149,.0130367226188608,35.950314
1133,1995,16.2099040351423,11.7840207338176,13.261816576471,.0369769805300467,23.704441
1133,1996,16.2503117162626,10.7353744140096,13.2348274032868,.123154676771099,25.585989
1133,1997,16.2601795801065,10.4281273201355,13.1897784448128,.152713479012643,26.810221
1133,1998,16.4175073508316,10.980484572065,13.186985082582,-.121723366689117,28.034479
1133,1999,16.4592514769227,11.4526976394197,13.2380576553466,-.194294059523952,28.198952
1134,1991,12.6110104207805,8.574518258035511,9.85855294614225,-.141526688641888,-7.4680853
1134,1992,12.6127041996598,0,9.79153312250763,-.0927365244724554,-2.1544719
1134,1993,12.5933730470841,0,9.72454627615156,-.0439463603030234,-6.0746055
1134,1994,12.5913790831749,0,9.65753586189591,.0513638195013017,2.1732342
1134,1995,12.4715539103921,8.04109100370863,9.76154949413705,.0513638195013017,.43050057
1135,1995,11.8807906879965,0,9.65521848244118,-.001543826891409,9.6364937
1135,1996,12.338541276662,0,9.5307848475202,.0567250812325668,6.6026754
1135,1997,12.7824994672519,8.398184404834041,9.67560780312148,.0959457943858482,10.256227
1135,1998,13.1889010276062,8.93813787037279,9.926871992768859,.115748421682028,6.0334563
1135,1999,13.401018741409,9.897922094063251,10.4547168433356,.135551048978208,3.2696075
1136,1995,16.9539806553682,12.4392932523409,15.9333568790524,.017177846283501,42.11837
1136,1996,16.9722562268715,12.0791195682658,15.8596841838835,.027128177136669,42.005299
1136,1997,16.9507774077125,13.1567474126661,15.8266890912066,.037078507989837,40.805279
1136,1998,17.0567701315401,14.3414945115416,15.9232994402069,.037078507989837,41.631618
1136,1999,17.230725006736,13.7883901005423,15.932930262305,.0168758006723177,48.162231
1137,1991,16.3941028875043,13.4815332065272,14.8080298776109,-.0873928712385685,15.100257
1137,1992,16.2513251687113,13.558243878704,14.9514795800646,-.0578340689970241,30.834438
1137,1993,15.8390853447062,13.2970827775582,15.0123733962789,-.0380314417008444,34.490211
1137,1994,16.0590573728589,12.2844493508075,14.9551852282573,.0107587224685877,38.9366
1137,1995,16.8473818522458,13.4202640615504,15.5001768261165,.0305613497647674,52.569557
1138,1994,13.7840765435337,10.3089526606443,13.0945487112727,-.0220817338578999,23.16828
1138,1995,13.9809578159598,10.7144177687525,13.071246488509,.0074770683836445,22.743479
1138,1996,14.1434248497332,11.4831979484972,13.1278731705779,.037035870625189,27.553183
1138,1997,14.3295657886404,11.7743893241946,13.2247851190929,.0665946728667335,31.093763
1138,1998,14.3996345539934,11.5743591711543,13.273502269205,.0765450037199016,33.305771
1139,1994,16.239064656777,12.3092743325935,14.2414223996131,.0328300033533534,51.969921
1139,1995,16.3550542981128,12.4333715513879,14.2755353134495,.0427803342065217,45.371292
1139,1996,16.5558658047809,12.5016931252835,14.3111381951853,.082001047359803,46.928406
1139,1997,16.6861184749098,13.1499376875715,14.5673139772864,-.0013805615792479,46.119991
1139,1998,16.7099820343458,11.9618012141601,14.5190469334585,-.0114308974327494,49.616837
1140,1995,14.0255426146867,10.1842205358997,12.4574129068107,-.0219775154134596,32.261646
1140,1996,14.1873067301504,11.9832103046726,12.8277018048086,-.0120271845602915,35.165855
1140,1997,14.6417135232937,10.7973077012829,12.8528548936673,-.0020768537071235,38.246899
1140,1998,14.685066580856,11.5072393294992,12.9781525333257,.0177257735890563,40.009033
1140,1999,14.6660639478543,11.9081853430745,13.1613992657863,.0177257735890563,40.456867
1141,1992,13.0604230662078,0,12.2892729780396,-.0167047649288361,24.747084
1141,1993,13.0611025674456,0,12.1857990173305,.0225159482244452,23.162041
1141,1994,12.9852074617057,0,12.0823241015591,.0423185755206251,26.033087
1141,1995,12.9941521532901,11.0790608823404,12.2842186324888,.0423185755206251,27.508722
1141,1996,12.9126217016088,0,12.1807450939087,.0423185755206251,27.046059
1142,1992,15.1557756954519,0,11.9799383764747,-.0347567126603844,25.522955
1142,1993,15.7321431325736,12.292346667407,12.7542374057013,-.0448070485138857,15.658413
1142,1994,15.9233775385528,12.8556544887102,13.4002605333212,.0321539926222427,38.775497
1142,1995,15.9915093166332,13.2456070322604,14.7969599561462,.0998126410960577,39.346306
1142,1996,16.0239851516602,12.8681753958496,14.8172211209906,-.0167211751598938,44.76704
1143,1995,11.9785782811248,10.630407943203,11.1325021767651,.0214078041542096,22.869648
1143,1996,12.0343851034906,0,11.0223517139798,.0214078041542096,17.724239
1143,1997,12.2108941798984,10.0894275548528,11.228419676118,.050966606395754,16.734089
1143,1998,12.2776611150524,9.305650551780509,11.247016625914,.0707692336919336,27.838409
1143,1999,12.315963114722,9.68408698750075,11.3155044834632,.147730274828062,27.158878
1144,1995,14.970753162598,10.2198299654811,11.3140146644286,.0202948545810683,41.540966
1144,1996,14.9065212469417,9.717157974344641,11.3884942540886,.0302451854342365,44.397423
1144,1997,14.7944366776408,10.0073970159266,11.4986084640754,.0302451854342365,44.757027
1144,1998,15.0498119646836,11.6648393593428,12.1392130327423,.0401955162874047,47.449841
1144,1999,14.9115735110113,9.34013980951103,12.0926373945452,.0599981435835844,43.828983
1145,1995,14.7605108471492,11.0424097046077,12.4862466024916,.0103119093772773,20.752253
1145,1996,15.043034762685,11.6027570281604,12.7055780365557,.0964896056183297,22.01309
1145,1997,15.1778556899217,11.1969536513448,12.7807096198593,.116292232914509,18.871811
1145,1998,15.2042401865378,10.7581794381913,12.7827938691857,.136094860210689,16.055437
1145,1999,15.4020117556657,11.7801318336607,12.9630123659278,.155897487506869,17.989065
1146,1991,10.5451045685517,8.244334047856089,9.19381457001885,-.159566660319906,.97486198
1146,1992,10.5834735028183,5.98393628068719,9.125218118559349,-.159566660319906,2.728092
1146,1993,10.5660982030344,0,9.015115929826701,-.159566660319906,3.3429861
1146,1994,10.8122903194444,0,8.904942293718619,-.0198047179447474,7.5720768
1146,1995,10.5201585743855,0,8.794794624525069,.0663729782963049,7.3417444
1147,1995,13.5000024197271,9.94994165690801,11.1157960185016,.0234461606740309,17.57947
1147,1996,13.7615226081452,9.73737393458638,11.2218068276211,.0432487879702108,23.343386
1147,1997,13.7406213984035,10.4125315902197,11.462933428842,.0630514152663903,18.633795
1147,1998,13.9329510725601,11.2873790290397,11.9341602423194,.0828540425625702,21.566978
1147,1999,13.9066570799125,10.5818763621205,12.0402889808145,.10265666985875,17.410769
1148,1992,16.8769081543869,14.2049092902877,16.870759310159,-.0721930025865841,54.289711
1148,1993,16.8757202727003,14.2068767416929,17.3404196356231,-.0426342003450396,56.324341
1148,1994,17.1250939919012,14.4719937541526,17.3131862490229,-.0034134871917583,65.285446
1148,1995,17.1212407257263,11.6998862439126,17.4314166763657,.035807225961523,67.365639
1148,1996,17.0699303156145,15.7627061661771,17.5110398105778,.0556098532577026,72.573982
1149,1990,11.4963650958698,0,9.246575864558279,-.0078491149433991,-5.4281411
1149,1991,11.5054149313897,0,9.132724716626919,-.0078491149433991,.76033914
1149,1992,11.5353044415754,0,9.018901377377331,-.0078491149433991,3.0791969
1149,1993,11.4903614665567,0,8.905078001025309,-.0178994507969006,1.9773432
1149,1994,11.6000204649834,5.60947179518496,8.82849412946665,.040369457327075,-3.7135394
1150,1991,18.3203452162905,15.6200919735824,17.214308082271,-.0918039880924057,82.932945
1150,1992,18.4049203391032,16.1551771545566,17.4176786618942,-.0818536572392376,80.391479
1150,1993,18.3527849460857,14.6848061137136,17.3762180520037,-.0426329440859562,86.586273
1150,1994,18.5622929296104,14.368919120877,17.3185892127332,-.0326826132327882,92.433876
1150,1995,18.6118090826063,15.883396085371,17.4210306365876,.0349760352410267,96.19754
1151,1990,16.4849381281702,14.5737518865226,15.6857929652162,-.0935216176438223,48.112881
1151,1991,16.4845750395877,14.0897342209442,15.7701491318193,-.0447314534743902,51.913719
1151,1992,16.4965720377207,14.2463652714792,15.8633658655509,.0135374546495856,58.906406
1151,1993,16.4781630939848,13.8104980161407,15.8858630188086,.04309625689113,63.459721
1151,1994,16.594037481866,13.5873544648265,15.8699630837556,.0726550591326745,61.198521
1152,1990,15.7633786713238,11.7769498890713,13.7567420250486,-.0874861426039315,48.577812
1152,1991,15.9177402045471,11.6563589199563,13.7928179165975,-.0292172344799554,52.785576
1152,1992,15.8178842313562,11.7570630903886,13.8336132117121,.000341567761589,56.366764
1152,1993,15.9606485609899,11.5059008500333,13.8430223149814,.0299003700031333,67.254715
1152,1994,16.1771103977319,10.4499891527546,13.7910274784203,.0786905341725653,68.208565
1153,1994,16.1445522224718,10.3693576505003,13.4551076738835,.013735082963111,52.791302
1153,1995,16.2417875016513,10.9227138622816,13.4434289673753,.023685413816279,57.926056
1153,1996,16.3822006728476,11.9084479755287,13.5418367105789,.0336357446694473,63.401772
1153,1997,16.5158667169651,11.9368000735611,13.6268290595489,.0336357446694473,65.084267
1153,1998,16.6492599938492,11.5802008624427,13.653796363404,.0336357446694473,66.855583
1154,1990,16.3766481960449,14.1694816497872,13.3427174417148,-.0896712198026882,50.440945
1154,1991,16.6452126851422,14.3528421735445,14.6149080382068,-.0408810556332561,57.489124
1154,1992,16.9798371472164,14.4947291850263,15.1768855445352,.0079091085361759,64.135834
1154,1993,17.1300825820674,13.9427500731764,15.3506623285272,.0374679107777202,65.016106
1154,1994,17.2076224390132,13.670157564753,15.4358827328736,.0766886239310016,65.819283
1155,1994,15.5618322134599,11.2657069227981,13.7632878844693,.0021046695656555,56.920658
1155,1995,15.6527485016384,12.1435534175805,13.8517022652306,.0316634718072002,57.431599
1155,1996,15.7052532401085,12.2721740072959,13.9427855576136,.0514660991033798,58.377388
1155,1997,15.6802424915617,12.1493065076811,14.0005753486492,.0712687263995595,60.258923
1155,1998,15.7775266545928,11.361136992932,13.9790505909584,.0812190572527277,65.471497
1156,1994,17.8735836791862,14.3374529607311,15.840088122159,-.0334760673526515,58.300335
1156,1995,17.9174968773033,13.8946405415396,15.8770130400764,.0887415653715978,59.188988
1156,1996,17.9751953070949,14.4422176772713,15.9871108872058,.0887415653715978,62.682041
1156,1997,17.9464986721051,14.844457606299,15.5440212517529,.0887415653715978,59.762199
1156,1998,18.051485834623,14.8171232071611,15.8209165037173,.118300367613142,62.545074
1157,1995,15.0082683050337,12.2655153927373,13.1743324833798,.0210532960993553,27.725689
1157,1996,15.2918936850094,10.9349445660168,13.156241575474,.0310036269525234,30.20318
1157,1997,15.0035675157448,11.6765907371661,13.2364683684509,.0508062542487031,28.539232
1157,1998,15.0236398842748,11.9947156095373,13.3621094607752,.0706088815448828,27.295002
1157,1999,14.9813449629429,12.0928815507572,13.4805095984839,.0706088815448828,27.802158
1158,1995,16.7399249429777,12.5178349479824,15.2037675917814,.0770967556958363,60.323872
1158,1996,16.4668247773882,12.0175599632084,15.1327545280859,.096899382992016,60.857189
1158,1997,16.5413862010154,13.7465312578138,15.2350558291385,.155168291115992,63.204914
1158,1998,16.4719062514191,14.3516155489757,15.4533576217533,.259528306440235,67.721146
1158,1999,16.6420601319244,14.4253500398972,15.6315884559635,.108705416705651,67.878418
1159,1990,15.081608960359,10.0843497115937,12.0776197639817,-.0943964533925534,28.305861
1159,1991,15.242174979583,11.1958557756239,12.3438160302488,-.0745938260963736,34.441795
1159,1992,15.4164782862535,10.4911353189034,12.3956093603566,-.0163249179723979,38.900429
1159,1993,15.3933188723955,11.2464698422995,12.578469992194,.0606361231637304,37.896595
1159,1994,15.406560371958,11.8730165671901,12.8857408920327,.109426287333162,41.524075
1160,1994,12.6075055228861,5.59842195899838,8.59960232765695,-.0818712058328566,.83581442
1160,1995,12.5819672772385,0,8.49923286603924,-.0330810416634246,7.645196
1160,1996,12.1227763335691,0,8.39886000445437,.14924051513053,9.4366722
1160,1997,12.1699618122376,5.27299955856375,8.33876006486908,.235418211371583,10.505113
1160,1998,12.2386584140638,8.3380665255188,8.895917256999921,.235418211371583,12.816631
1161,1995,12.0168495286121,9.86646043169905,10.9609288274505,-.0459551945616977,17.658659
1161,1996,12.0663160109219,9.57574708283836,11.0642777658249,.0584048207625452,19.499418
1161,1997,12.1345773281551,9.38965741974984,11.1158019686778,.0879636230040895,22.180964
1161,1998,12.269702146782,9.851509813443419,11.239748351788,.107766250300269,20.211845
1161,1999,12.2869897383045,10.0822193404795,11.3855488073325,.127568877596449,22.018087
1162,1994,11.3765409775674,8.36637030168165,10.7750737626258,.0089165253717733,11.035777
1162,1995,11.2443003170108,7.3132203870903,10.6935912841599,.0481372385250548,12.953688
1162,1996,11.1812905993811,0,10.5817672578789,.0679398658212346,13.429746
1162,1997,11.2234452277692,0,10.4699399177305,.0679398658212346,6.6968865
1162,1998,11.2778694023677,8.748146169621929,10.5136389192937,.0679398658212346,10.431536
1163,1990,11.5437002363594,10.6068078114164,9.91482306219987,-.0702195388879557,6.610075
1163,1991,11.8926426726176,9.75301343918129,10.4543133932557,-.0702195388879557,13.738722
1163,1992,11.8839818837557,8.973478148521041,10.5573298163978,-.0504169115917758,14.670954
1163,1993,11.7957586539479,10.4931058722672,11.1271129729071,-.0111961984384945,17.117502
1163,1994,11.7826850981182,6.70196036600254,11.0274572734035,-.0012458675853263,18.259489
1164,1994,13.0173409823551,10.4584927279139,11.5151020943928,.0137764550573902,23.751871
1164,1995,13.2137292735875,10.6919449129004,11.7617804267971,.0137764550573902,24.289698
1164,1996,13.4402204311524,11.276088586524,12.1138126093049,.0137764550573902,26.575994
1164,1997,13.5118337809975,0,12.0019869589512,.0137764550573902,23.22156
1164,1998,13.6526187754603,0,11.890161180114,.0137764550573902,29.826855
1165,1991,14.6314544286361,8.815370000960661,11.1943043448429,-.0179778261038541,28.530607
1165,1992,14.7987973151533,7.17011954344963,11.1011394217768,-.008027495250686,32.453625
1165,1993,14.8071253248027,9.14995322196109,11.1273865059409,-.008027495250686,35.171696
1165,1994,14.7661359009626,10.1313001866986,11.3359854019287,.0117751320454937,37.015598
1165,1995,14.952979316936,9.43492288748465,11.3610799595191,.0217254628986619,39.848289
1166,1991,12.642283824907,9.0811424335045,9.392886903461431,-.0542155905513101,7.8306594
1166,1992,13.052706853606,8.79406706515142,9.736570731179199,-.005425426381878,13.91919
1166,1993,13.1290551057647,9.076008659180889,10.0540303030354,.0622332220919369,15.33963
1166,1994,13.2370457120331,7.50604217851812,10.0173205749295,.219236970901602,13.277216
1166,1995,13.361680556488,8.648747631156541,10.1269590500701,.135855361962551,15.507644
1167,1995,14.572693190859,12.307220299535,13.5495295710338,.0696218524989589,25.985521
1167,1996,14.9923810634827,12.6922141066701,13.7670949086554,.0696218524989589,30.741373
1167,1997,15.1149277358746,12.2398651912649,13.8281644585997,.0696218524989589,30.12867
1167,1998,15.2336618343428,12.5788320383893,13.9418850257915,.146582893635087,27.738085
1167,1999,15.3350220323284,12.7001558946466,14.0557904400652,.185803606788368,27.434175
1168,1995,16.0830341164177,11.2834242464513,13.5090667802689,.0043380000335382,73.224091
1168,1996,16.1288850356479,12.6830332686766,13.7668911592136,.0043380000335382,76.144333
1168,1997,15.5446782321755,12.7567716540284,13.9714526322859,.0043380000335382,71.142624
1168,1998,15.7207607529415,13.1925832291763,14.2375942099431,.0043380000335382,71.981583
1168,1999,15.5640173030633,13.1846957167114,14.4285022244883,.0043380000335382,75.085213
1169,1990,14.4525829750055,11.6029855233379,13.0250415756446,-.0239713769527105,20.024574
1169,1991,14.5965004415416,11.2121176252995,13.0721078601293,-.0140210460995424,22.511986
1169,1992,14.4967795905121,11.1550927081676,13.1009538196868,-.0040707152463742,27.243441
1169,1993,14.33516855243,10.3975128376238,13.0529262643996,-.0040707152463742,25.398233
1169,1994,14.1730311563933,9.619598278323039,12.9697908183558,.0447194489230578,32.431297
1170,1990,11.8302476183975,4.23410650459726,8.75856951099151,-.0522692904608943,-8.4677658
1170,1991,11.4934013445941,0,8.65844966859159,-.0522692904608943,-5.7073588
1170,1992,11.3609904520377,7.02464903045364,8.743467835738651,-.0034791262914624,2.8296676
1170,1993,11.296249486713,5.52146091786225,8.683673265212841,.0064712045617057,-3.7138705
1170,1994,11.4046452867807,0,8.58365486211566,.0164215354148738,-2.7451241
1171,1993,14.960999419787,12.3343559158204,13.5164297662511,-.0128060133576711,15.340265
1171,1994,14.8119623236861,10.6457105707427,13.4720758595601,.0641550277784572,12.475031
1171,1995,14.8505674494779,10.5047935294305,13.4207585095596,-.0866678619561264,22.907351
1171,1996,14.9883488510651,10.6208394217929,13.3767695989406,.0788465765214468,20.949297
1171,1997,15.0736917872631,11.7121041388306,13.4398024848754,.127636740690879,21.323534
1172,1995,16.5873949070811,12.6507584667916,14.3919224412982,.120808690567615,28.753441
1172,1996,16.5399445662885,12.0528806726632,14.3762046214944,.0903494830829068,31.909967
1172,1997,16.5574666121004,12.3805426258777,14.3928663432348,.100299813936075,34.45612
1172,1998,16.5770908971983,13.1448036993938,14.5268250588463,.120102441232255,33.433201
1172,1999,16.6655309499635,12.6645222837468,14.5579010381075,.149661243473799,32.931519
1173,1995,14.6092898664572,12.2137332281968,13.456394064439,-.0328168884050132,26.069063
1173,1996,14.6471231741786,11.5906362249969,13.4895898179945,.0254520197189626,30.108671
1173,1997,14.7072015171002,11.9915357008939,13.5776488490031,.0837209278429384,28.248285
1173,1998,14.7525720228419,12.8931514506885,13.8607875104071,.12294164099622,35.810135
1173,1999,14.8990043972677,12.7952416878415,14.0355905413427,.1427442682924,36.29845
1174,1994,14.9303397476333,9.658992675310881,12.7380479301117,-.138695246575382,.11460914
1174,1995,15.0613317965205,10.9546587666041,12.7845466373433,-.0076669841689777,5.742712
1174,1996,14.978164952926,10.9867831370923,12.8257885480042,.0876431956353473,19.137268
1174,1997,15.1054018421452,11.4957386135474,12.94263820708,.209860828359596,16.378616
1174,1998,15.2836861645125,11.1232992566061,12.9784708358382,.239419630601141,22.656385
1175,1993,11.8743259111041,9.29053691397046,9.54972977808942,-.0481624799901765,4.2501726
1175,1994,12.0117730626347,7.46851327149634,9.54553321909899,.0380152162508759,10.529999
1175,1995,12.2365058040587,6.23244801655052,9.455245415071911,.0675740184924203,13.238367
1175,1996,12.2707259347445,6.5510803350434,9.381280741396511,.106794731645702,14.124844
1175,1997,12.534047319813,0,9.25538065698588,.165063639769677,12.87973
1176,1992,12.6556402334779,6.21460809842219,10.3964047738288,-.227656552388047,19.159653
1176,1993,12.4080568688459,8.764053269347761,10.4786391748584,-.169387644264071,16.55817
1176,1994,12.7229852062505,10.9004915364495,11.310705236268,.0537559070501382,14.478806
1176,1995,12.8558256200183,8.760923376338839,11.2824979498846,.112024815174114,18.809357
1176,1996,13.0355400462811,9.42133036711782,11.3188041642125,.17029372329809,21.756752
1177,1995,13.0020387956073,9.74096862303835,10.6819152379905,.122029989420014,18.577927
1177,1996,13.0575559752408,0,10.582094534899,.101827282102495,23.116329
1177,1997,13.1249972560363,6.90775527898214,10.5057303335727,.101827282102495,25.68622
1177,1998,13.0143527122319,8.72631895096224,10.5542098922036,.101827282102495,14.546588
1177,1999,12.4819568955305,7.60090245954208,10.5014637935974,.101827282102495,26.16848
1178,1995,12.295803836666,10.9685602929629,12.1169151490909,.0209997845213502,3.8647273
1178,1996,11.9331606852045,11.289781913656,12.3434120908098,.0209997845213502,6.4908943
1178,1997,12.007897844411,10.0518644532771,12.3074954686426,.0309501153745184,9.6307669
1178,1998,12.2696258500588,11.3431449396706,12.4898317833259,.0605089176160628,14.551683
1178,1999,12.704098295728,10.3113165311662,12.4632395810982,.0900677198576074,13.973002
1179,1994,11.479441274726,8.50572771330696,9.24160645385018,-.0049875415110389,4.6608191
1179,1995,11.5162949206149,0,9.12978086411777,-.0049875415110389,6.9201736
1179,1996,11.4526397990136,0,9.01795635804314,-.0049875415110389,11.577292
1179,1997,11.6346154189912,9.096051225574049,9.6111680772676,.0148150857851407,10.804811
1179,1998,11.6813232995044,7.70436116791031,9.63023421673647,.0148150857851407,14.397229
1180,1991,14.6870791464907,10.2190279531163,11.8147056898012,-.0682615041030157,11.203336
1180,1992,14.6436927952353,9.74501923176433,11.8242981847982,-.0583111732498475,11.011023
1180,1993,14.1066428127575,8.385716828627849,11.6909444456108,-.0095210090804156,15.627857
1180,1994,13.6124685255149,7.74975340627444,11.5949505141981,.0392691550890166,13.006109
1180,1995,13.8465118633173,8.237743803890931,11.5129694640023,.0880593192584485,16.70665
1181,1993,17.3402983362733,13.6341169704736,15.3315111017879,-.118327312767071,25.446503
1181,1994,17.4443973986274,13.7711395648588,15.4240015422034,-.0506686642932556,32.044792
1181,1995,17.481940838229,13.1879806914355,15.4226652257781,.0169899841805592,33.489773
1181,1996,17.5594830156234,14.240686785914,15.5778297162637,.0846486326543741,35.507141
1181,1997,17.6140889283428,13.6156464260312,15.6013704086154,.14291754077835,36.736023
1182,1995,13.6826632552437,10.0100073959138,11.1072403326585,.245002763587935,8.9249516
1182,1996,13.6771203473563,10.9010264191108,11.5751939114369,.340312943392259,6.9071894
1182,1997,13.8542066682108,11.2987416550275,12.0076765833494,.299490948872004,8.8339252
1182,1998,13.9773089689768,10.7333049444709,12.1335782938673,.309441279725172,13.354363
1182,1999,13.9880986365035,9.836920308264011,12.1163410265804,.135087892580395,15.252895
1183,1990,12.8179288162615,9.181426361811541,11.1844908400315,-.481028054588841,-2.6573088
1183,1991,12.9322315791767,9.30955202204713,11.2252620590109,-.461225427292661,.49477556
1183,1992,12.9738835985873,10.1332094192105,11.4156091742704,-.431666625051117,2.4253607
1183,1993,12.9149632344901,10.4043840452242,11.624380073864,-.274662876241452,12.398501
1183,1994,13.0309034551952,10.7285836242254,11.8610135471093,-.0435511552780655,13.373561
1184,1990,16.6497885868484,13.8022287438783,13.6279235630496,-.0917454245164036,39.274841
1184,1991,16.58075820979,10.0168162378431,13.546797693716,-.0429552603469717,42.495934
1184,1992,16.5983967578916,12.6201802990197,13.7850442370522,.0058349038224605,47.288204
1184,1993,16.4592954969263,12.1593321293964,13.8613771192353,.0353937060640047,50.140076
1184,1994,16.5260927358884,12.3473421466196,13.9541510021301,.0841838702334368,47.716499
1185,1995,15.6774219163932,11.5504331733066,13.5503403806025,.0410509799137093,30.956106
1185,1996,15.8409778999283,12.6205107093262,13.7566953606515,.0993198880376851,32.071136
1185,1997,15.9832989401931,12.8313049447915,13.960741863891,.0688606805529766,30.243364
1185,1998,16.0552437722155,12.3211408883578,14.0133877461247,.0280386860327213,30.375919
1185,1999,16.3395704803897,13.244313717772,14.2588404603831,-.0338367176853661,33.693836
1186,1990,12.1754119435406,0,10.2186631892968,-.10416071618621,-8.9927902
1186,1991,11.903991700145,0,10.1133999570012,-.0553705520167777,-9.9479351
1186,1992,11.8311326050054,0,10.0027399515731,-.0065803878473456,-3.4558494
1186,1993,11.37997451795,4.76217393479776,9.90025232482609,.0326403253059359,.56663495
1186,1994,11.3283288215932,0,9.792298975562771,.118818021546988,1.4519769
1187,1991,11.5306315154874,10.5938308057633,9.20649298024729,-.179514485432886,5.5475326
1187,1992,11.4267379968329,7.79152281915073,9.322605992429921,-.121245577308911,7.7404923
1187,1993,11.4222975952958,4.8283137373023,9.222318348735589,-.062976669184935,8.7850704
1187,1994,11.2770482891421,6.69826805411541,9.18930057970692,.199387595282556,9.3839188
1187,1995,11.1939902248232,8.85366542803745,9.609331233975499,.285565291523608,10.682723
1188,1995,15.1818931351647,10.6968872249852,12.1556589641696,.0581788750541279,38.510723
1188,1996,15.0742143743964,10.8207977645637,12.2645651135684,.0877376772956723,39.536743
1188,1997,15.0622412159523,10.2815814638482,12.271908137737,.107540304591852,40.067616
1188,1998,15.3323602107191,11.27832907961,12.4562884149508,.11749063544502,42.399914
1188,1999,15.1533858115681,11.5800045062519,12.6705167869222,.147049437686565,41.559902
1189,1994,12.5693589393805,7.51479976048867,12.4058112248889,-.0309854798480809,28.433695
1189,1995,14.2939331781474,9.19766031881881,12.3379509851151,-.0111828525519012,32.942638
1189,1996,14.5413486597762,8.4320709379994,12.2530487843978,.0280378606013802,38.83271
1189,1997,14.8822322461829,11.9842906668551,12.6905235953334,.0575966628429245,35.422657
1189,1998,14.716732128209,12.2021499618567,13.0386649791624,.0871554650844689,38.654282
1190,1991,13.8393299795593,10.6212785640088,13.7968672464018,-.295285975083511,23.548555
1190,1992,14.0344623635317,9.854769885738699,13.7245687031204,-.129771536605937,27.315031
1190,1993,14.1544162409074,10.2042585895296,13.6621978269598,-.0528104954698091,28.899025
1190,1994,14.2245824194242,10.1215783602137,13.5987086061351,.0869514469053494,30.815697
1190,1995,14.3751705986441,10.3725845208891,13.5439443249507,.106754074201529,37.419468
1191,1995,15.1457988878769,11.0020998412042,12.642443867912,-.115676577304835,26.40913
1191,1996,15.3400194305256,10.9475380532116,12.6881805342584,.154350559908225,32.354813
1191,1997,15.5707964040753,10.6689553946757,12.6898999731592,.240528256149277,30.98769
1191,1998,15.718448289005,11.4197350369039,12.808272440444,.270087058390822,29.002535
1191,1999,15.4233646446569,8.274866820685251,12.701002701493,.299645860632366,31.633057
1192,1994,13.5364201920469,8.84793475332846,10.5392651204846,-.0056751337104004,7.5249605
1192,1995,13.6033802988193,10.038499099192,10.901854001043,.201339035673926,8.2438984
1192,1996,13.5548494484357,8.575084669832011,10.8903150301765,.287516731914978,14.244452
1192,1997,13.5052896797527,0,10.7902732607226,.287516731914978,10.403992
1192,1998,13.5695499126456,0,10.6902320832084,.170982915659026,11.789868
1193,1995,15.5065815508973,12.1335019526953,13.1929910718397,.128218973166623,24.446663
1193,1996,15.5307497192641,12.9022153350699,13.6267402928748,.0116851569106714,26.75742
1193,1997,15.7094440783043,13.5948638868487,14.1701924170282,.0016348210571699,34.794018
1193,1998,15.6170984603275,12.8218473003058,14.2837784316576,-.0084155147963314,33.122765
1193,1999,15.6848163376791,12.4286720488227,14.3157631638478,-.0184658506498328,33.308739
1194,1992,12.4620330799464,0,10.6740447475027,-.16224535867844,9.8744383
1194,1993,12.3773467954864,8.131824785007201,10.692894461936,-.076067662437388,12.814692
1194,1994,12.6422557252074,8.652423140676341,10.755448808088,-.0562650351412082,13.794344
1194,1995,12.6895881394946,9.30127736696828,10.8959427120378,.0299126610998442,16.806658
1194,1996,12.6471686368246,9.46537011215271,11.0364449056247,.106873702235972,17.90793
1195,1990,11.6784399034478,10.8356516335666,10.9846654075226,-.0699765581751864,-14.995458
1195,1991,12.2006680670713,6.80239476332431,10.8842092997693,-.0307558450219052,1.4697267
1195,1992,12.1524608760815,0,10.7673327474988,-.020805514168737,-.24775881
1195,1993,12.4562708955603,8.961750799330501,10.8092834053176,.0279846500006952,.66860807
1195,1994,12.1600025286756,4.65396035015752,10.6945891411183,.086253558124671,-3.7839942
1196,1995,13.9607848607767,9.015784277513889,11.8775435782456,.0825448643549567,8.1621056
1196,1996,13.8232777987557,11.8914714837271,12.44840373305,.121765577508238,13.171911
1196,1997,13.9465883620113,10.9054053703777,12.5262870076461,.243983210232487,14.775107
1196,1998,14.1276902669565,11.0311568994703,12.6113140619546,.263785837528667,19.713697
1196,1999,14.155155371009,11.0866554274289,12.690145894351,.303006550681948,19.223177
1197,1995,16.1304968385943,10.658505636804,13.9272488721584,.071535436114041,50.69252
1197,1996,15.4101405491217,10.7918930809207,13.8612148227831,.081485766967209,43.821423
1197,1997,15.6644931452287,10.4825137339914,13.7861346809909,.0914360978203773,37.86161
1197,1998,16.1274527816524,12.303022389605,13.8721550342054,.111238725116557,35.195667
1197,1999,16.1606573107805,12.8362294393072,14.0507548392366,.131041352412737,34.075329
1198,1995,13.0925426031597,10.7411678838284,11.6248334987724,.0421275433023121,7.0521679
1198,1996,12.8643182224012,0,11.5352367077636,.0421275433023121,10.41206
1198,1997,13.0072532727345,0,11.4456407765646,.0421275433023121,10.24617
1198,1998,13.2439151223064,0,11.3560435587375,.0421275433023121,9.2211037
1198,1999,13.2877875059313,7.5847730776122,11.2872837959567,.0520778741554801,8.5651855
1199,1991,12.3691179364755,8.537191877922931,9.707192824104551,-.206274709059047,-1.1760292
1199,1992,12.5307903532828,0,9.59334171510006,-.120097012817995,-1.6280036
1199,1993,12.5511116537818,0,9.47950454151988,.0369067359916698,.50231934
1199,1994,13.1046901213871,0,9.36565894098387,.123084432232722,14.385502
1199,1995,12.9154449834334,0,9.251818151422491,.123084432232722,15.752936
1200,1992,11.0904982930506,8.606485298895,10.0545334174099,-.035539724480825,-.95809788
1200,1993,11.3038544809486,8.87206651340834,10.2261795621774,.0321189239929899,.1510561
1200,1994,11.1643816812674,8.18952211074809,10.2469886005141,.0420692548461578,-2.0566919
1200,1995,11.181660198253,8.674538762140021,10.3276075707415,.052019585699326,.25425813
1200,1996,11.2499970577548,7.71333788887187,10.2914673463033,.0815783879408703,.56030977
1201,1990,14.0346788659158,9.69214904667168,12.3249173396499,-.0562213576243198,14.439461
1201,1991,14.1854026989959,9.40096073158483,12.2863296379354,-.0562213576243198,20.723169
1201,1992,14.1806562303221,0,12.192567865099,-.139602966563371,20.144335
1201,1993,13.873735262478,0,12.0988053130521,-.0908128023939386,27.925756
1201,1994,13.7745899868897,9.305650551780509,12.0647256476179,-.0046351061528863,24.288652
1202,1990,14.0775670824693,10.3569488589125,12.4428113623587,-.0971956738699522,13.333855
1202,1991,14.124779055798,9.439625028047161,12.3809335238795,-.0484055097005201,14.861114
1202,1992,14.011057682141,0,12.2667565597064,.0192531387732948,16.785528
1202,1993,13.4543806859193,8.75447630628417,12.1832527408273,.058473851926576,23.38216
1202,1994,13.6300899833466,10.0616871672097,12.1849521702537,.058473851926576,25.684498
1203,1994,11.1101115393699,0,9.060284629769139,.0034844422789036,-.89429307
1203,1995,11.6765332532979,0,8.94453720124284,.177437749402341,-.064494535
1203,1996,11.8706163879977,6.09582456243222,8.883057780920829,.245096397876156,8.489151
1203,1997,11.3420415995402,0,8.767313573774629,.245096397876156,7.0498209
1203,1998,11.6417437253918,8.987696695703621,9.43002193752721,.245096397876156,5.7986164
1204,1990,13.626293847025,13.6646876682297,12.0115833612753,-.0894281654752789,-20.184143
1204,1991,14.1435963944576,13.6270522095243,13.7625031637677,-.119887372959987,16.58423
1204,1992,13.0010662923398,8.92239159729586,13.6712098409172,-.0245771931556625,22.426348
1204,1993,13.1867697667411,9.29035230994557,13.5845169000312,-.0146268623024944,30.649858
1204,1994,12.6211116973247,8.639410824140491,13.4921937085313,-.0146268623024944,23.35841
1205,1990,11.5792936674945,7.79358680337158,8.68744216697592,-.132806645058441,-14.452946
1205,1991,11.8229873649124,0,8.57404600300902,-.113004017762261,-2.5317671
1205,1992,11.7319302311799,7.72665366484764,8.833797941495099,.0180242446441432,3.4464538
1205,1993,11.6581478117026,7.66715825531915,9.001765184837369,.0668144088135754,-2.5983922
1205,1994,11.1065377823085,7.90100705199242,9.18161162514331,.13447305728739,-15.772743
1206,1995,12.455749908348,6.15060276844628,9.25350521987091,.0577789419234327,1.1500866
1206,1996,12.5364472578536,0,9.137866448652581,.0577789419234327,5.5026636
1206,1997,12.3033502016496,5.92692602597041,8.71555212590782,.0775815692196123,9.1573591
1206,1998,11.4691583598917,7.44249272279444,8.834657342152489,.0973841965157922,7.8243132
1206,1999,11.5921680891308,8.874587876279319,9.400539155130661,.126942998757337,8.4345465
1207,1992,15.1599842755998,12.3592828832804,11.9852638665127,-.133679941490225,23.095926
1207,1993,14.9662710883935,11.2521579250593,12.2708776936463,-.0848897773207929,25.619181
1207,1994,15.1541078999738,12.227354570283,12.8353802606261,.113961081424372,25.684891
1207,1995,15.2454065354947,12.0981978606337,13.100190362959,.262381086542646,32.346859
1207,1996,15.3200760752204,11.962637097198,13.2468843730494,.301601799695927,37.986404
1208,1995,12.6148363457581,8.514389264083499,10.2861308802888,-.0007492900069226,15.296962
1208,1996,12.637615522779,6.22653666928747,10.1739687851056,.0480408741625095,15.669265
1208,1997,12.7925103240361,8.02289686960146,10.1513510331408,.0968310383319415,14.571409
1208,1998,12.904491913796,11.0508900053737,11.2326889388514,.116633665628121,17.100521
1208,1999,13.0837053858935,9.76766782939359,11.3025031544652,.23885129835237,17.72419
1209,1990,11.7612800505686,8.38708450606922,9.00208543315572,-.0472651924671142,5.4957733
1209,1991,11.593516593662,0,8.888715367682231,.0015249717023179,4.1770201
1209,1992,11.2389867407994,6.66185474054531,8.88308552440458,.0015249717023179,5.1287956
1209,1993,10.52784592242,6.32076829425058,8.847187347653639,.0213275989984975,6.1569438
1209,1994,10.3736554540027,0,8.73370681323834,.0213275989984975,2.68101
1210,1990,13.3427553412002,9.67237483157224,12.4254972902756,-.085783967363863,-2.9469211
1210,1991,13.2846516725885,9.76065590342859,12.4340405409599,-.036993803194431,2.8006699
1210,1992,13.4158802283789,8.72696777499149,12.3979257161127,-.0171911758982513,5.3718209
1210,1993,13.3228127341048,10.2048506120438,12.4422753536529,.0026114513979285,7.2427258
1210,1994,13.4691701565928,8.618666160346869,12.4028898804864,.124829084122177,8.6040535
1211,1992,12.4057534202176,9.463508636396091,9.187266199005579,.0172980417648343,-2.2082071
1211,1993,12.0557374233897,8.292298107063219,9.428993858017529,-.0235239527554207,2.6214311
1211,1994,11.8739241494192,4.86753445045558,9.3262104680186,-.0235239527554207,3.0868521
1211,1995,11.8917677462943,5.7037824746562,9.238762606238881,-.0135736219022525,8.463953
1211,1996,11.7561579711346,6.3818160174061,9.17908703482097,.0907863934219903,7.758615
1212,1995,11.9068065681857,5.7037824746562,9.71125504411363,-.0380106807715424,3.4106326
1212,1996,12.0737761151042,0,9.65044520368853,.0753180045354609,5.1870661
1212,1997,12.0259594382163,8.374707543119481,9.81379804710526,.104876806777005,7.4086103
1212,1998,11.8753424235356,5.93489419561959,9.771309529408111,.144097519930287,8.4532928
1212,1999,11.8907297437683,5.79301360838414,9.72698900904496,.113638312445578,8.1047506
1213,1990,15.0718455440826,11.9597244365714,13.2493853798433,-.107530580163718,-12.675382
1213,1991,15.1947081783349,12.1478925334637,13.4502570661335,-.0398719316899032,-2.5677321
1213,1992,15.2859396791055,11.9018884929789,13.5473964447534,-.0103131294483588,-4.4542875
1213,1993,15.5079471139708,11.0735363911421,13.527397192519,.0289075837049225,5.6429729
1213,1994,15.6869481786935,12.0850851059311,13.6388273159571,.115085279945975,7.2527461
1214,1990,12.5534273385537,9.25979698068878,10.4677781109711,-.0660468829876603,-4.2890143
1214,1991,12.6580145201562,10.4865966278871,11.1226065716415,-.0560965521344922,-5.5977564
1214,1992,12.5709174054528,0,11.062231792659,-.0560965521344922,-2.4055536
1214,1993,12.4186213528099,0,11.0018364731926,-.0168758389812109,-.6641047
1214,1994,12.3623485904273,4.66343909411207,10.943161609133,.173744520627439,.17947152
1215,1991,15.0362574588396,10.7426164231111,12.8917819837925,-.127147056049299,11.291916
1215,1992,15.1017171747829,11.3654574066068,12.9700190983856,-.087926342896018,15.128091
1215,1993,15.1923659694877,12.2804191606588,13.2657271731367,.007383836908307,17.789032
1215,1994,15.2169012549922,12.3315857272485,13.4775569847055,.0935615331493593,20.839338
1215,1995,14.1618348742857,0,12.6169039962357,.0935615331493593,18.640474
1216,1995,14.5250477682057,11.5347847993231,13.7295921471059,.069770588664406,45.263355
1216,1996,14.6974367418321,10.8696345467617,13.6712476162722,.0993293909059506,44.632332
1216,1997,14.7073570729678,11.4461444312799,13.6568473620335,.11913201820213,46.64859
1216,1998,14.805707796829,11.3338825276249,13.6332524391581,.11913201820213,49.358067
1216,1999,14.8603351228352,10.9248407556573,13.5818771802954,.148690820443675,51.390163
1217,1990,18.4306297809685,16.606626768876,18.2976030123491,-.277696067194645,59.011234
1217,1991,18.4500904696334,16.1117081945235,18.3020463252222,-.228905903025213,61.181561
1217,1992,18.428279385961,15.2707382221303,18.2417283977886,-.180115738855781,69.235374
1217,1993,18.4582352460063,14.0167045710173,18.1470059117919,-.0757557235315382,62.70919
1217,1994,18.3876707518292,11.6866266394706,18.2440765578018,.0195544562727867,69.329132
1218,1990,14.7803890839692,11.7509576287782,12.6142274664488,-.0721383391515302,28.074677
1218,1991,14.5016240657014,8.802221746402459,12.5221486429883,-.0721383391515302,27.603428
1218,1992,12.5643418848101,10.4741563163706,12.5343175589248,-.0721383391515302,-31.68005
1218,1993,14.0177033197742,10.5372031493266,12.5513212568609,-.0721383391515302,30.388723
1218,1994,14.1412956156649,9.72555634404347,12.4946416994975,-.0425795369099857,28.118919
1219,1990,14.3864323025324,9.249561085129461,9.888424674859079,-.0949849064868764,17.188108
1219,1991,14.3613696964913,10.4036565961136,10.811598924462,-.0654261042453319,22.326691
1219,1992,14.298907922108,10.7232673840294,11.3793369278558,-.0262053910920507,26.579901
1219,1993,14.5285682327498,11.1406871809603,11.8713199296854,.0130153220612305,27.842775
1219,1994,14.1592373105396,11.67760904991,12.3752219951303,.042574124302775,29.287157
1220,1992,13.5344148770908,10.6964800680658,10.5211323276335,-.156406094637068,18.8405
1220,1993,13.2292184584614,10.1585172927127,10.9575033711941,-.0520460793128248,20.472956
1220,1994,13.7567313557109,10.0519075576544,11.19536545936,.0432641004915001,20.591211
1220,1995,14.1021259903799,9.952277716705559,11.3369982209145,.0920542646609322,24.680464
1220,1996,14.0864562047588,11.6018516741646,12.0384436228946,.1020045955141,24.432148
1221,1990,12.8295583597148,7.9373746961633,10.8720860640336,-.0894292848264244,9.3621521
1221,1991,12.586452345675,7.98241634682773,10.8283871218039,-.0406391206569925,12.584082
1221,1992,12.7036111397814,8.772610303280739,10.8523093640847,.0081510435124397,15.571885
1221,1993,12.3861750752152,0,10.7509361158528,.0081510435124397,13.817394
1221,1994,12.174821293999,7.89020821310996,10.7058657486958,.103461223316765,20.936857
1222,1994,13.3664554330644,8.256607344626159,10.6605597848498,.0195347474743382,19.951263
1222,1995,13.4857295796759,10.1691923849344,11.0258098573837,.0490935497158826,18.087561
1222,1996,13.4010020731999,0,10.924440956632,.078652351957427,16.021727
1222,1997,13.5082116610325,0,10.8230728513597,.108211154198971,21.5432
1222,1998,13.5767508910768,6.5206211275587,10.7342334678586,.137769956440516,22.943922
1223,1995,16.3617448782576,10.4590379450816,12.0892146194205,.0651200985029944,27.173492
1223,1996,16.4787254020615,10.9894704248041,12.2635006341427,.0946789007445388,26.590874
1223,1997,16.3939899710474,9.17388383496557,12.2051787461211,.104629231597707,28.786463
1223,1998,16.3559802085284,9.81142708668691,12.1866527949656,.104629231597707,26.784538
1223,1999,16.2284609905122,9.92235837328638,12.1782948912806,.124431858893887,33.636257
1224,1990,12.0140917587884,8.091015041710531,10.1596789578965,-.204914938557482,4.3343549
1224,1991,11.8914361531834,6.99576615630485,10.113752529875,-.1656942254042,2.2428482
1224,1992,11.7661545104692,5.18178355029209,10.0315464986022,-.107425317280225,1.7242124
1224,1993,11.8351476564683,5.09375020080676,9.949225444209979,-.0876226899840447,11.386238
1224,1994,11.8604989068556,10.9787459155059,11.1947374485464,-.0580638877425003,8.2966967
1225,1995,15.0386584030038,12.7349493635535,14.2263410466411,.0153886598863022,33.519104
1225,1996,15.087468550671,11.7337383022795,14.190850560845,.0449474621278465,35.493706
1225,1997,15.1182627677067,11.0108448254569,14.1176504851224,.0647500894240263,37.544312
1225,1998,15.2220067313791,13.9747340635123,14.6024743944859,.0747004202771944,38.47414
1225,1999,15.2525995528329,13.2643662852006,14.710030006009,.0747004202771944,42.062721
1226,1994,14.4369461360481,11.8501688327648,12.9962024701824,.0084199022929382,27.93733
1226,1995,14.5672333736275,10.9015794450987,12.9859714401776,-.0220393051917705,28.850529
1226,1996,14.7049431366861,10.4271800420089,12.9326645150866,-.0022366778955907,31.741081
1226,1997,14.8159455774508,0,12.8067610023038,.017565949400589,30.754278
1226,1998,15.0611824583916,10.2862979700795,12.7548348891236,.0471247516421337,28.861732
1227,1995,16.4588693957938,12.5362572995244,14.8481242378632,.0177696428179952,53.311565
1227,1996,16.4735529966117,13.4451437351604,14.9470323719682,.0277199736711632,55.361637
1227,1997,16.5188093683384,12.8382907829422,14.9428993040871,.047522600967343,58.097881
1227,1998,16.5583891040158,13.5296654639007,14.399286858762,.057472931820511,62.451473
1227,1999,16.92670813707,13.0084799782721,14.4950446494545,.0870317340620555,64.922142
1228,1992,16.3139711335604,12.3202581065572,14.0956969075463,.0046329377237274,48.235073
1228,1993,16.360618357126,12.5909267997342,14.2139148638409,.0046329377237274,50.94397
1228,1994,16.3446282441797,12.8697266466953,14.3597997775173,-.015569769593792,57.124512
1228,1995,16.4591626898597,11.984371803011,14.3600500677979,-.015569769593792,57.66415
1228,1996,16.5890176309424,12.215314804897,14.3789137361028,.0042328577023878,56.464481
1229,1995,17.2422416502516,12.5507964583492,13.8883098956579,.0429022976405617,61.170113
1229,1996,17.2505064654108,13.7956261673256,14.3984760083556,.082123010793843,57.450562
1229,1997,17.3590658193913,13.0467342488787,15.0230773362219,.101925638090023,58.717045
1229,1998,17.1404725473193,12.9423296016425,15.0125565371336,.111875968943191,61.460789
1229,1999,17.1325813749815,12.615479972871,14.9714912236137,.101825633089689,58.238876
1230,1991,15.5594107276949,12.0100516788607,13.4827951356707,-.0884092966001101,36.341518
1230,1992,15.5274721607238,12.0425649921118,13.5959525708251,-.0491885834468287,44.807102
1230,1993,15.3218416020397,11.816284016807,13.6487003162963,-.0196297812052843,53.971752
1230,1994,15.4946521880175,11.6745339801666,13.6745434746985,.0195909319479971,42.177055
1230,1995,15.6357161764995,11.6241716261856,13.6861585338851,.0491497341895415,51.26086
1231,1992,15.9319140444917,12.6767010795448,14.3374279203356,.0276237250942849,41.632008
1231,1993,15.7105398683622,12.3757352481272,14.3714510861131,.0276237250942849,61.693043
1231,1994,15.9424270634516,11.6314992989743,14.3333898857641,.0175733892407833,45.539989
1231,1995,16.2274251455885,13.3990795434807,14.5554180820962,.0175733892407833,46.319466
1231,1996,16.5151889737146,13.5576073282683,14.7541405012049,-.0443020144773042,46.065006
1232,1995,15.7705129116955,10.5842078380879,14.6859477834655,.0283831896899799,55.726959
1232,1996,15.4965402020912,13.3774504580523,14.8260474856306,.0283831896899799,50.506069
1232,1997,16.2850190772204,13.6365035021381,14.9056545919615,.0283831896899799,63.175167
1232,1998,16.5345893270534,13.296652762501,14.9891057597232,.0283831896899799,62.472752
1232,1999,16.545750331868,13.7501183391972,15.1382231401228,.0283831896899799,63.334438
1233,1995,15.9744352370682,11.6550585071087,13.1058355421187,.130876826408613,51.247318
1233,1996,15.905441631765,12.3976966335667,13.3714235333883,-.0083852409248952,52.750725
1233,1997,16.1268410494006,11.4871357507839,13.3817319284305,.0114173863712844,53.957062
1233,1998,15.9582645041777,10.5633881393024,13.31126556759,.0114173863712844,58.60944
1233,1999,15.7028000055597,10.765575498396,13.2570932016227,.0883784275074129,58.254456
1234,1995,15.8553846230776,11.3388220465807,14.9377607568783,.109993530966372,60.335274
1234,1996,15.8922932131381,12.1410433373097,14.8828101134862,.177652179440187,61.178699
1234,1997,15.9294282785853,12.4485402782832,14.8507338156889,.177652179440187,61.958565
1234,1998,15.9840366183017,12.0487929086393,14.7944705775472,.177652179440187,54.839943
1234,1999,16.111862256633,13.3240740773289,14.8773146609929,.177652179440187,53.387165
1235,1994,16.2571262780461,12.4865714801931,15.5928325397597,-.172507170852774,42.236359
1235,1995,16.2947433371979,11.9789336229405,15.5186093818161,-.0771969910484486,42.503601
1235,1996,16.2609845457253,12.2630624340426,15.4544707088647,.0712230140698246,44.122471
1235,1997,16.3061201929898,12.5858267059523,15.4062025993386,.210984956444983,43.526848
1235,1998,16.4181959047683,12.2276971416268,15.3441770823017,.0944511401890318,38.895432
1236,1995,15.4304887255691,12.075901315852,13.2192773613361,.0231988278801103,45.568558
1236,1996,14.6370377992798,10.756156676113,13.1366531899635,.002996120562591,36.246635
1236,1997,14.663622950147,10.6966158054594,13.1246876741327,.0227987478587707,37.899864
1236,1998,14.7732053286504,10.4606718152801,13.0972609308435,.0127484120052692,41.140976
1236,1999,14.829645186807,10.5980087886492,13.0800999278201,.0127484120052692,42.910343
1237,1995,17.3269292365696,13.4722946337097,15.2339006220294,.0441427304620883,72.580299
1237,1996,17.3086410664782,13.3051248374267,14.8371960849087,.0540930613152565,76.359764
1237,1997,17.3020048274864,13.0168872995139,14.8828980884565,.0540930613152565,75.509674
1237,1998,17.4113653939366,13.4930824394207,14.9956093115866,.0540930613152565,75.294769
1237,1999,17.4898671885805,12.9884410512324,15.0173220984412,.0132710667950012,83.202133
1238,1995,15.5460934518765,13.2986987191788,14.5742843705793,.0453701064989968,24.815878
1238,1996,15.5853308802143,13.6435471696385,14.7709052269429,.0651727337951763,25.46464
1238,1997,15.9677682965213,13.2186785066232,14.8276953355235,.0347135263104677,31.983261
1238,1998,16.2684993975101,14.1082741973573,15.0816258151475,.0347135263104677,27.754553
1238,1999,16.2688371339998,13.7382871224057,15.1744861104327,.12089122255152,29.827999
1239,1995,14.8041488706837,10.1528834749944,12.7519846787506,.0201972803421515,48.336746
1239,1996,15.0659348499907,10.5312958917877,12.7356482839665,.0399999076383312,51.682404
1239,1997,15.1835674703623,9.120743838164429,12.6451717361873,.0399999076383312,56.146442
1239,1998,15.1835363602536,10.5787762147948,12.6424739240248,.0399999076383312,47.645462
1239,1999,15.4902801843115,9.022443300849041,12.5515566538838,.0095407001536226,60.153645
1240,1991,15.1501022725024,11.7360690162844,12.8291747047539,.0131055031784805,5.4210329
1240,1992,15.260577888827,11.7519423654407,13.0326589957122,-.0381877912090703,15.251781
1240,1993,16.1008287136323,13.2730876222737,13.5830638663239,-.0381877912090703,24.109539
1240,1994,16.7255884943641,12.3714302920555,13.5772612368294,.0106023729603619,20.040222
1240,1995,16.6084028139003,12.0795452390584,13.6736625061752,.0498230861136431,26.910406
1241,1994,14.7048866589718,10.0127454634726,12.5205395306385,-.0657762648167266,9.4441347
1241,1995,14.8298810860964,9.45626251017973,12.4497961689886,-.0265555516634452,13.038471
1241,1996,14.8480399422272,7.60290046220476,12.3415825171737,.0030032505780991,19.640133
1241,1997,14.95020617577,11.4350287862617,12.5508198358033,.0325620528196435,21.260294
1241,1998,15.2657597882825,13.2979959460475,13.5320559372334,.0523646801158233,19.721371
1242,1995,13.2841496346526,10.7718267684771,11.5168158874533,-.0090185253988972,26.272978
1242,1996,13.5872137850211,10.9550606431985,11.8331587027363,.0302021877543842,25.739534
1242,1997,13.7768920216126,11.1149968857487,12.0923982204621,.0597609899959284,25.915445
1242,1998,13.9677357242126,12.4857704282028,12.8487609203456,.0697113208490966,28.926577
1242,1999,13.9309048243265,12.3426250951631,13.1759322008108,.0895139481452764,31.327591
1243,1995,11.6151101343979,4.31748811353631,9.319356198836619,-.0080613172654134,-13.287203
1243,1996,11.5191052640789,9.20089591314818,9.830045512446571,.021497484976131,-9.6226072
1243,1997,11.1013694009106,10.2107516397156,10.5925539178845,.0510562872176753,-11.60639
1243,1998,11.2780933949387,9.10985683339786,10.6838646278756,.0806150894592198,-9.459444
1243,1999,11.4489219445524,11.2240693702906,11.5338470738161,.110173891700764,-5.190207
1244,1991,11.5216869706388,0,8.71213477956629,-.0198810555931493,2.4944596
1244,1992,10.7583680207247,0,8.611612065034279,-.0000784282969696,1.1512293
1244,1993,9.998683440095061,0,8.511235479441989,-.0000784282969696,-3.2772515
1244,1994,9.91812279021679,0,8.41089890659832,.0098719025561984,-1.6365304
1244,1995,10.4535338894554,0,8.310513366132691,.0098719025561984,1.6077693
1245,1995,10.1898687792549,7.14124512235049,8.095751128784929,-.0322768008645094,-1.2162304
1245,1996,10.0954706196007,7.0184017990692,8.27522353585198,-.0124741735683297,-.19549033
1245,1997,10.3295392942527,0,8.174843717622149,.0267465395849517,-8.4803705
1245,1998,10.3375077230616,7.32646561384032,8.4098084060841,.0563053418264961,-4.961
1245,1999,10.6247604701551,7.18538701558042,8.54981525823349,.105095505995928,-1.8566629
1246,1995,11.6640102980735,5.54126354515843,10.1602979613208,-.024601197107583,3.5237432
1246,1996,11.674444366857,7.25559127425367,10.0996709222676,-.0047985698114032,3.7553277
1246,1997,11.6628673121584,9.480367509189239,10.3998166069494,.0628600786624118,9.6074934
1246,1998,11.6787534078702,7.13089883029635,10.3231809566549,.121128986786388,7.1662021
1246,1999,11.7538234663522,0,10.211354532147,.16991915095582,8.3117266
1247,1995,11.483909298021,8.091015041710531,8.53016864493863,-.0303866163523933,3.4256332
1247,1996,11.200233388729,0,8.46978706901897,.0372720321214217,5.4887953
1247,1997,10.8804213702213,0,8.40938523878193,.0668308343629661,6.0968618
1247,1998,11.3759451406703,6.71659477352098,8.501328002226661,.0963896366045105,6.3967476
1247,1999,11.9017963811524,7.81480342948936,8.81045964216192,.11619226390069,6.8043637
1248,1994,11.9470428156516,0,10.544888704661,-.0015476322085853,11.823479
1248,1995,12.1317961976468,0,10.43507416775,-.0015476322085853,11.804924
1248,1996,11.8555643628771,0,10.3252589869186,-.0015476322085853,13.449426
1248,1997,12.0172520154364,7.8995244720322,10.2956951671524,.0280111700329591,15.478014
1248,1998,11.9347428101742,0,10.1858806630543,.0956698185067741,16.953945
1249,1995,12.752728554451,9.743964132018149,10.1543552143651,.153497385822249,6.0423431
1249,1996,12.8361914211636,10.4181059745408,10.8530525060223,.036963569566298,7.3676844
1249,1997,12.976434138809,9.975901233045169,11.0735875978753,.0167608622487785,8.5356255
1249,1998,13.2703288247095,11.1810406898387,11.6788787901738,-.0240611322714765,12.780338
1249,1999,13.4126880438772,9.76399557371753,11.6964363142754,-.096631825106312,15.124499
1250,1995,12.7068479334427,10.6630309027358,11.3023920703707,.0080332277995884,19.166235
1250,1996,12.6709255324483,11.5849111867428,12.0114072156449,.0278358550957681,21.205265
1250,1997,12.8150117887967,10.6272609266378,12.1124798401938,.0278358550957681,20.807476
1250,1998,13.0321125773266,10.0158782981152,12.1101111536682,.0278358550957681,19.765366
1250,1999,13.1074365241794,9.852194258148581,12.0915732752388,.0573946573373125,23.203945
1251,1994,11.7081385675554,8.584477938221831,8.613484707734161,-.0142617229775581,4.6428967
1251,1995,11.9501153127726,8.651374372882261,9.202832256485859,.0055409043186217,7.1109428
1251,1996,11.9401455416814,0,9.087087403476771,.0253435316148013,14.919909
1251,1997,11.7829526021833,0,8.97133417144844,.0253435316148013,7.6116548
1251,1998,11.805595078933,0,8.855592142159731,.0352938624679694,5.112946
1252,1995,13.1061903136571,12.0260783784953,12.7335639226068,.0016515280384729,17.760607
1252,1996,13.0988890840814,10.0564661171332,12.7121580521979,.0016515280384729,13.737961
1252,1997,12.9900069629366,9.48865369442386,12.6550750982565,.0016515280384729,15.794947
1252,1998,12.8659325280674,9.548382803766909,12.6021693401051,.0016515280384729,13.743532
1252,1999,12.9497946559598,9.10320049641828,12.5361095770648,.0016515280384729,20.09976
1253,1995,12.5710577208445,9.084550365917879,9.73139351589761,-.0102772494665147,-4.12602
1253,1996,12.828087497838,8.444407421690579,9.895404976342769,-.0102772494665147,-2.7457886
1253,1997,13.0352428393211,8.505120610181971,10.0371308139031,.0289434636867667,-5.3595176
1253,1998,13.2407466355734,0,9.976742661105069,.0777336278561988,1.3157722
1253,1999,13.5515802125225,10.1066324573436,10.6151743081756,.0876839587093668,4.1240616
1254,1995,15.6582332884122,12.2783933071098,13.5110141807296,.0055424605019641,25.660618
1254,1996,15.4137425457443,10.3013572215225,13.4485302673046,.0447631736552455,31.419228
1254,1997,15.5630213418801,11.2143981279982,13.4440004001061,.0935533378246775,27.556347
1254,1998,15.7531697530169,12.1824661928545,13.57784240852,.042260043437127,23.271538
1254,1999,16.0910090135032,11.0126935294151,13.5464602315162,.0522103742902952,29.045008
1255,1995,15.8456177357865,14.0120094727284,15.4345226116892,-.0050522087120402,57.925415
1255,1996,15.86805251585,13.3641747947696,15.4386473902667,-.0050522087120402,60.778858
1255,1997,15.8782985453746,12.8999845336268,15.4007462245586,.0341685044412411,62.054375
1255,1998,16.0442320226915,13.321664954233,15.4019595996153,.0241181685877397,68.067482
1255,1999,16.0301720302185,13.2234730711066,15.3925162249703,.063338881741021,65.692802
1256,1995,13.9557829427082,0,13.0663370049167,-.0473505357678769,9.5974054
1256,1996,14.1273598247423,10.5096324469742,13.0249608902508,-.0177917335263326,12.673879
1256,1997,14.1021000521353,10.9272146440124,13.0218933283414,.0117670687152118,12.20914
1256,1998,14.2040464845104,12.1951178603817,13.254250393783,.0413258709567565,15.603009
1256,1999,14.283095387775,12.7293918978776,13.5821790350626,.0805465841100378,18.738562
1257,1995,12.6416668961129,7.82244472948932,9.227099155791141,0,1.9979284
1257,1996,12.622922728091,8.215276958936631,9.4159307640428,0,-.08175943
1257,1997,12.5376499367945,6.69084227741856,9.366215278755149,0,3.3712263
1257,1998,12.8855877469593,8.08548677210285,9.488328105805991,0,5.0547781
1257,1999,13.0025983202019,7.71154897962915,9.525100015620319,0,7.0807047
1258,1995,12.2183686268433,7.74066440191724,9.14552447904128,-.079015797489559,9.8545742
1258,1996,12.3263929434394,9.96213374796886,10.1911971246098,-.0302256333201269,10.954205
1258,1997,12.2911666657804,7.57814547241947,10.1570943513269,-.0006668310785825,12.433066
1258,1998,12.5832374045109,9.984053200375699,10.6349006636664,.0191357962175973,11.371042
1258,1999,12.977426353117,9.32563141631092,10.7573580514486,.158897738592756,18.352121
1259,1994,12.6784930923182,10.9880178199949,12.2323128404848,.416421915288748,9.1884975
1259,1995,13.3940295104112,10.4397762237386,12.3044966088387,.0453582338979163,7.7794337
1259,1996,13.8304550555115,11.0508900053737,12.4644593947768,-.117160695599859,8.7836456
1259,1997,14.5321837736536,10.1049988037232,12.4730217680699,-.256422762933366,8.8638163
1259,1998,14.838750647791,11.025881469869,12.5922482346796,-.256422762933366,14.297754
1260,1994,11.961025340746,7.60090245954208,9.357164276416979,-.0694925732818775,-5.0291705
1260,1995,12.1381286721603,8.931419805192981,9.740050554683711,-.0207024091124455,-2.4455996
1260,1996,12.2952141102098,7.13409372119287,9.695189509338411,-.0107520782592774,-.90924925
1260,1997,12.5213517521587,9.648917831534551,10.2265922692155,.0380380859101546,-.11094882
1260,1998,12.7951920868031,8.90218344633502,10.3369568570539,.0578407132063343,-.7414974
1261,1995,15.3852881200108,0,14.212130865895,.006337640484644,43.633907
1261,1996,15.8158114667704,14.0386541092785,14.6847243572493,.0261402677808237,45.716881
1261,1997,16.1127670679228,13.4434202628293,14.8049343469168,-.0043189397038848,45.841686
1261,1998,16.199888282097,13.3415503116223,14.8798883429826,-.0143692755573862,44.793888
1261,1999,16.1503215779568,13.0081056206441,14.8914596999489,-.0143692755573862,48.849236
1262,1995,16.0033783860207,12.7754067713567,14.4394414670854,.0017183071276508,61.158974
1262,1996,15.9993724735071,12.9549832395916,14.5198130361825,.0116686379808188,59.090714
1262,1997,15.6754819493733,0,14.4024923990826,.0116686379808188,58.60527
1262,1998,15.929541672912,12.3328682787759,14.3980448421219,-.0085340693367006,62.987
1262,1999,15.0525273463599,0,14.2807241708771,-.0085340693367006,67.189674
1263,1995,14.3704235958261,8.133880887949211,13.0153376983534,-.0405036689061862,33.782616
1263,1996,14.2079392662948,0,12.921576297392,-.001282955752905,29.50737
1263,1997,14.0978195821348,0,12.8278148513913,.018519671543275,29.163664
1263,1998,14.0642639974147,11.9766594812024,13.0667371303736,.0383222988394545,30.942776
1263,1999,14.0128988781051,9.07153796909572,12.9897351196878,.0581249261356343,35.223072
1264,1995,15.5422803820914,12.3159444699152,14.7706249626432,.0266302421827349,30.300423
1264,1996,15.5661486823157,14.0741000144928,15.0845835912654,-.0141917523375202,32.941212
1264,1997,15.7003417945288,13.8855644663524,15.2641548047179,-.004241421484352,34.84824
1264,1998,15.7600623563074,12.6472651929218,15.2670265584059,.005708909368816,36.136673
1264,1999,15.6965101547823,14.2598296453204,15.4875995176272,-.0144937979487034,31.435114
1265,1996,15.9284109578506,12.7614078562821,14.3313316038073,.079406946221338,49.55864
1265,1997,16.0364768031324,13.362695947435,14.5279998676505,.0592042389038185,52.797192
1265,1998,16.0097313068177,13.4590855827807,14.698035756498,.0390015315862989,52.1437
1265,1999,15.9367392101547,12.8565836870043,14.7263825549769,.0187988242687795,51.369831
1266,1996,12.8327524383415,10.8960168423961,11.9087960255935,.052734120726595,5.228313
1266,1997,12.5946427830082,10.940578984556,12.0943485921125,.052734120726595,8.9771385
1266,1998,12.8230776258695,9.984929281123369,12.0786426017636,.052734120726595,9.2036057
1266,1999,12.8054971677152,10.9289555071662,12.2159091085145,.052734120726595,5.7403026
1267,1990,12.2436408381097,0,9.852194258148581,-.115889688850429,5.5744262
1267,1991,12.4952886731972,0,9.75186201518472,-.0297119926093763,-.43310288
1267,1992,12.3000013429074,6.74051935960622,9.70149987912799,.0472490485267521,4.9651608
1267,1993,11.724212823918,0,9.60113167785055,.0864697616800334,.78469509
1268,1992,12.4461453855738,0,10.3645355747768,-.184695103785462,-.23916557
1268,1993,12.0562535047702,0,10.2476409278211,-.0893849239811368,.31526908
1268,1994,12.4267263432361,0,10.1307665411301,.0416433384252674,3.8472784
1268,1995,12.3064112883395,0,10.0138968018626,.0416433384252674,6.7129908
1269,1992,11.4552248595329,0,9.204100947186159,-.0100945096351071,7.2988615
1269,1993,11.0465761517907,0,9.09265983106703,.0194642926064374,10.564763
1269,1994,11.2314170750152,0,8.975377243856631,.0194642926064374,9.5783405
1269,1995,10.9260163493216,4.86753445045558,8.87990388352431,.0194642926064374,10.382111
1270,1990,12.8133298406934,8.69951474821019,11.7692097452746,-.119307888940651,-13.303525
1270,1991,12.7554962503234,0,11.6581126639905,-.0610389808166748,2.5252542
1270,1992,12.4487858277801,8.534836626588829,11.5896762988292,-.0218182676633934,3.933758
1270,1993,12.160316013555,9.29348595306285,11.5736093791465,.017402445489888,10.723794
1271,1990,12.661969426937,8.99850761180784,10.261616438988,-.1220052207859,-14.417399
1271,1991,12.6031514320597,0,10.1447421050752,-.0086765354788964,-16.772743
1271,1992,13.1848350362302,9.21034037197618,10.3757012378079,.0401136286905356,8.4402351
1271,1993,12.9867653776994,4.969813299576,10.2635263324295,.0793343418438168,-3.8102338
1272,1992,11.9328850192288,10.0982316293286,9.96969187295935,-.0301054489195252,-2.2107949
1272,1993,12.4090134895269,8.44376191333035,10.0802101309296,-.0201551180663571,2.5360045
1272,1994,12.6823068245265,10.5584135202759,10.9513414914276,-.0003524907701775,-7.0080976
1272,1995,12.4760997827432,0,10.8617452232316,.0766085503659512,-3.170718
1273,1990,15.2420678187704,11.7077929909327,13.4076671238797,-.0868460784318844,31.276785
1273,1991,15.0379568314764,11.8538876068643,13.485243270766,-.0768957475787162,42.576782
1273,1992,14.9502040613317,10.0544474328871,13.3877306667372,-.0768957475787162,36.464115
1273,1993,14.9134267917825,11.2610094271872,13.3753321032468,-.0281055834092841,63.520496
1274,1993,12.4498930918096,7.16549347506085,8.703672758358859,-.119813488755873,7.6175966
1274,1994,12.5335486183267,5.99146454710798,8.652894727574971,-.0245033089515481,4.887145
1274,1995,12.353955420175,0,8.536034572549591,.0708068708527768,5.5869555
1274,1996,12.6076109595365,0,8.41916131114314,.119597035022209,3.2659144
1275,1990,12.2841377066415,9.39266192877014,10.8166534070628,-.127944565327623,-6.4828019
1275,1991,12.4061728576135,8.6628507638386,10.8341879645002,-.0326343855232984,.63627934
1275,1992,12.2125343092876,8.51639287124547,10.8326905610017,.0535433107177541,5.3292437
1275,1993,12.2629055701763,0,10.7336407073644,.0927640238710354,5.6827931
1276,1992,15.1022494579614,13.9715086730887,13.8980465855001,-.0302582296617524,32.369431
1276,1993,15.2745423841938,11.5832348028682,13.8857027233441,-.0203078988085843,33.695507
1276,1994,15.3937136962218,12.6798659598398,14.0423177897975,.0284822653608477,35.81435
1276,1995,15.3726273592932,12.1686511128805,14.0724161818941,.067702978514129,38.938622
1277,1990,15.7102140170876,13.1305160538406,14.6784157028694,-.0322251472947369,31.871058
1277,1991,15.6444943144464,12.306714043648,14.7033650245165,-.0222748164415688,34.592113
1277,1992,15.6200413601364,12.5285582377621,14.744762252505,.0265153477278632,38.09724
1277,1993,15.6774297548381,12.2388011761523,14.7559198450064,.0265153477278632,44.798794
1278,1994,14.7151243185654,11.3257400990101,12.9705469710397,.0055633248289547,42.764362
1278,1995,14.8691315771043,11.4220484441796,13.0706419913986,.0055633248289547,42.079533
1278,1996,15.5293657628043,12.4770649656593,13.5106709329198,.0055633248289547,48.988014
1278,1997,15.6759627170886,11.6696813198089,13.562271392851,.0055633248289547,51.791981
1279,1990,11.9522411234535,0,9.551657993593871,-.0622139464060442,-3.9406846
1279,1991,12.9031121889245,7.47193207824512,9.575587469795559,-.0229932332527629,3.8248086
1279,1992,13.1642053427883,8.290794347381359,9.72773437662021,.0257969309166691,11.240274
1279,1993,12.8391564337921,0,9.626336500390559,.0553557331582136,7.1939106
1280,1992,13.9802975194337,8.859505484519129,11.09874851876,-.0782280039755665,17.234446
1280,1993,13.6027463387217,0,10.9830053631112,-.119049998495822,18.817173
1280,1994,13.9225979892744,0,10.8672609274798,-.0894911962542773,19.997736
1280,1995,14.1267321045494,8.89274876911826,10.8798003717981,-.0599323940127329,25.47258
1281,1990,14.5859106715791,12.3004733209517,13.3803256596567,.027499673702585,14.741819
1281,1991,14.5030275246458,12.1255402346383,13.5271762728681,.027499673702585,27.957497
1281,1992,14.5582373972652,13.0190540898722,13.8986510778437,-.0029595337821237,38.649323
1281,1993,14.2431396427751,13.0623160888989,14.1507152058199,-.0542528281696743,55.07917
1282,1992,12.6881684055061,9.11701821474481,9.458324817569419,.0002518021512714,19.919014
1282,1993,12.5752685382231,9.107975365298151,9.889160407390079,.0200544294474511,18.874344
1282,1994,12.8364305346487,9.56177159159186,10.3219149526352,.0496132316889954,18.201157
1282,1995,13.2911814291523,9.549024446394,10.5730538772751,.0496132316889954,17.673018
1283,1992,16.9573882232282,13.3677536256653,15.3888474188367,.0209987335186826,51.134647
1283,1993,16.7573480671067,13.2655195528475,15.3832876866928,.0309490643718508,58.757057
1283,1994,17.0039778062452,13.7779062976469,15.4478085561561,.0208987285183495,54.616665
1283,1995,17.2103278104083,13.9463072146048,15.5235269942518,.0108483926648479,59.613518
1284,1991,16.0930045208953,13.0506052575684,14.1737249962732,-.0962204663136363,21.949993
1284,1992,16.0180788043579,13.1945668228121,14.3811687963281,-.056999753160355,28.358084
1284,1993,16.2100607927085,12.1809394358912,14.3607679847978,-.0371971258641751,32.388519
1284,1994,16.5056140412956,13.051294781663,14.4772044804338,-.0076383236226306,36.438374
1285,1993,11.9459894496057,7.94803199063728,9.75174563597457,-.0289260653868497,13.331444
1285,1994,12.0966023613195,8.84750362592364,9.991818891326091,.0387325830869653,12.288903
1285,1995,12.2872284961497,9.37415845720558,10.3112034590294,.0486829139401333,13.918867
1285,1996,12.0832759239341,8.786303878282579,10.3968872224787,.0684855412363131,19.30051
1286,1991,15.2229808912362,11.1593030003298,13.5017908287556,-.0889395658397747,19.241264
1286,1992,15.2375027270071,11.7249918908366,13.5606322437223,-.0789892349866066,24.466137
1286,1993,15.388984471955,12.0037299975785,13.6537401717675,-.0690389041334385,26.546455
1286,1994,15.6400562576754,12.4180298624535,13.8081644412001,-.0690389041334385,32.496666
1287,1992,15.0814318819734,12.9472263499603,14.6009171330483,-.032396035621568,39.094856
1287,1993,15.1294500081052,12.9123161930769,14.589902369752,-.0125934083253883,46.959721
1287,1994,15.3119330663456,13.1807851040396,14.7021524755459,.0169653939161561,43.921375
1287,1995,15.3943217262425,13.4878533545243,14.8471824744697,.0269157247693243,46.013496
1288,1992,14.1232757102356,10.6525423650344,10.1559102553428,.0043261822927484,2.7813878
1288,1993,14.1105446653587,10.1961571664989,10.7841904842302,.024128809588928,-.28273413
1288,1994,14.1074982393343,10.6619541992167,11.3228999084312,.024128809588928,6.437984
1288,1995,14.1166107193709,10.581521095286,11.6027442308866,.024128809588928,8.4626665
1289,1990,11.7990598388736,9.903487552536131,9.39207842523172,-.276186012107724,6.9164581
1289,1991,11.9313507082518,8.006367567650249,9.519235840827159,-.227395847938291,8.9641514
1289,1992,11.885638755338,9.10497985631836,9.935882135971999,-.237446183791793,10.870914
1289,1993,11.8256479778951,8.59785109443369,10.0656999350532,-.227495852938625,12.498909
1290,1990,14.7995296294817,0,14.1218909717423,-.0237165266173162,7.0708885
1290,1991,14.6457946204491,0,14.0100657280261,.0058422756242281,15.316397
1290,1992,14.5998656885607,0,13.8982400223033,.0058422756242281,25.462767
1290,1993,14.43099021477,0,13.7864135150955,.0058422756242281,23.040415
1291,1990,11.4444930797339,0,9.11526016572591,.0675626250404995,7.2755208
1291,1991,11.4624945665188,0,9.05443481992765,-.0267480544307419,9.4116526
1291,1992,11.4082292224613,0,8.99360126833497,-.0069454271345622,8.7934046
1291,1993,11.3952035794441,0,8.932885819679839,.0226133751069821,8.4867287
1292,1992,11.7826160789643,6.77650699237218,9.39087700340488,-.0089115047577343,4.7238927
1292,1993,11.6671842897354,0,9.2810411175489,.0303092083955469,3.5779912
1292,1994,11.7360508438632,0,9.17120445522758,.0695299215488283,4.4589796
1292,1995,11.7002853802082,0,9.06138782508271,.0695299215488283,-1.1951495
1293,1990,14.7387892173024,11.3160951635236,12.857298268939,-.0173727166688065,16.258066
1293,1991,14.7693848944297,11.2848196218262,12.9443774481792,.0024299106273733,23.940874
1293,1992,14.812223740785,13.0952326450139,13.6306800964994,.0123802414805414,24.388958
1293,1993,14.9076536329871,12.6357814850088,13.8419023115625,.0023299056270401,32.067852
1294,1991,15.9928823399316,12.5735866342098,14.7389258497807,.0139776335610882,59.878529
1294,1992,16.0578284043816,11.3804563650558,14.6593186791458,.0039272977075869,39.215157
1294,1993,15.7085752371288,11.5146939003662,14.5793422716777,-.0061230381459145,50.350063
1294,1994,15.8763621761957,11.8799407627032,14.5229385801558,-.026325745463434,45.024197
1295,1992,14.0783950175068,10.4458409127064,11.8242014979347,-.0622872389023351,31.990789
1295,1993,13.8282549184333,9.49228099379885,11.81825785015,-.0230665257490538,30.994591
1295,1994,14.049806821194,9.27369068747694,11.7920129596202,-.003263898452874,32.563732
1295,1995,14.1207449413836,10.5715733025007,11.9428073752789,.0829137977881783,33.427223
1296,1996,14.1723972665556,11.7038515629601,13.2144270201785,.228583746737705,34.069809
1296,1997,14.2312418914005,11.0727291507735,13.195409543184,.305544787873834,30.794407
1296,1998,14.5935890659557,13.7327472361072,14.0380033375725,.11921520968234,32.263977
1296,1999,14.4075918773682,11.5035617620173,13.984613549875,.455687446303553,33.279827
1297,1990,14.0962367318492,0,10.6896695990633,-.13044212574959,.57237822
1297,1991,13.994161433643,10.4631033404715,11.209138400535,-.0260821104253473,6.7684155
1297,1992,13.7564620485798,0,11.1166926081756,.0321867976986285,28.766125
1297,1993,13.5270259169392,0,11.0242428648899,.109147838834757,22.922709
1298,1995,12.1958295516283,0,9.95897429212916,-.0020271380083431,18.718479
1298,1996,12.3422496813439,6.05678401322862,9.867984719493469,.0275316642332013,21.294533
1298,1997,12.1772265991873,0,9.75783152411257,.0667523773864826,22.643507
1298,1998,12.1707147032683,8.7684187268574,9.94735610159276,.0865550046826625,25.94171
1299,1990,10.9472916047092,0,9.11954000764969,-.0591176044830891,-20.643063
1299,1991,10.889863891977,0,9.006141236662909,-.0008486963591131,-5.1612554
1299,1992,10.6943057602695,8.183397369998429,9.27358743454001,.0287101058824314,-.73539329
1299,1993,10.1781603703943,0,9.160225330544341,.0287101058824314,-.72929633
1300,1990,11.9169137431016,8.827907962978591,9.708749225727081,.115971277881123,9.3612604
1300,1991,11.9486094739118,8.19257047115217,9.81090066121331,-.0118620936287622,15.487939
1300,1992,11.8877319826025,0,9.700753062247051,-.2103130323526,17.753368
1300,1993,11.7868519422467,0,9.590617578191811,-.079284769946196,18.474693
1301,1992,11.7673541398215,0,10.9139259705988,-.316598017587992,18.432673
1301,1993,11.7912747704666,8.73873546136347,10.9142553900319,-.248939369114177,16.300091
1301,1994,12.0567112339711,9.9281801651265,11.1258531673039,-.135610683807173,15.882189
1301,1995,12.3148191666404,9.952277716705559,11.2795105937914,-.0403005040028485,18.577223
1302,1991,15.0870682145832,11.4162273223911,12.7279100168453,.0017939157975066,37.531536
1302,1992,15.1627353738044,11.2469005083376,12.8207349044376,.0017939157975066,43.077656
1302,1993,15.1758414496309,10.9303352749749,12.844150199802,-.008256420055995,46.06488
1302,1994,15.5227921698156,11.9898364335264,13.0848959583323,.0405337441134372,47.961597
1303,1990,16.0674147002375,12.0202369212764,14.2221236735263,.0282580236209986,28.089577
1303,1991,16.0315869083012,12.0856323324373,14.2261688912384,.0080553163034791,30.266144
1303,1992,15.8425340220381,11.7255417990643,14.193012378986,-.0432379780840715,37.087315
1303,1993,15.4699092719601,13.0672057841167,14.3691882933676,.0055521860853605,30.510561
1304,1990,13.2611061113998,9.998797732340449,10.9123210019575,-.141319262390973,-22.630476
1304,1991,14.2448985404558,12.9560372095636,13.035138741313,-.102098549237691,17.111813
1304,1992,14.1898490627939,11.6082356447746,13.1584036537105,-.0725397469961469,22.268425
1304,1993,13.9666375519148,9.366574594006821,13.0815334661861,-.0527371196999672,18.80657
1305,1996,12.3622927447049,0,11.6187366790483,.085692665928495,25.451067
1305,1997,12.7752171278863,0,11.5064636322257,.105495293224675,17.817074
1305,1998,12.8619335188973,0,11.3941903512313,.115445624077843,18.813925
1305,1999,12.7106044902827,0,11.2819173186428,.145004426319387,19.107962
1306,1996,15.3611321558582,13.1207280409703,13.9250765482045,-.214659265079666,35.287415
1306,1997,15.6852019687246,13.7094664753945,14.3723037375146,-.0662392599613928,38.771378
1306,1998,15.7779106360649,13.6293628909368,14.6206096729731,-.12811466367948,43.978634
1306,1999,15.6598696616638,13.6245739983697,14.7947466049971,-.138164999532982,45.790051
1307,1996,17.0982035846512,12.5427769980675,15.7800454419933,.0289082904686181,59.750004
1307,1997,17.2758250061388,13.9483932402217,15.8280880231643,.0487109177647978,57.493122
1307,1998,17.2313077462202,14.4224999970841,15.9414408079708,.0685135450609776,59.775471
1307,1999,17.3677169205691,14.1991205739105,15.9997271977285,.136172193534792,63.639111
1308,1992,12.026861421632,0,9.87867730802739,-.0325351276343266,.87368774
1308,1993,11.6503687793749,0,9.7783380761554,.0162550365351056,-6.2520566
1308,1994,12.0867506360823,0,9.67797244129542,.0458138387766498,6.2097263
1308,1995,11.670523257895,0,9.577598119982049,.0850345519299311,7.1512556
1309,1991,11.3923755851823,9.10509096125709,8.482643153656831,-.130775745146487,-5.1204653
1309,1992,11.275196512076,0,8.38833656929123,-.0819855809770553,-1.2985668
1309,1993,11.1849486444241,0,8.29789224781948,-.0819855809770553,-2.396816
1309,1994,11.029218214798,0,8.207429095818251,.0133245988272696,3.9511209
1310,1991,13.8891486969637,10.4041113138175,9.60638794060598,-.0493618428544802,20.751223
1310,1992,13.8959346757225,10.6604307911762,10.8824600829047,-.100655137242031,28.301085
1310,1993,13.7851757612969,10.7825332183804,11.4260366259271,-.0236940961059023,31.019773
1310,1994,13.6756532330403,8.391403185357939,11.3459991903208,.0155266170473792,36.485531
1311,1990,15.9153495142349,15.5431351579097,15.5971435941674,.0969515260764503,43.962208
1311,1991,16.3109840277861,15.8508008714537,16.3591312997861,-.126192025237759,51.699547
1311,1992,16.4301416400384,12.4684292176604,16.273628797595,-.086971312084478,53.657661
1311,1993,16.5389356401246,12.4446406263537,16.1892098641414,.0953502447094767,56.746597
1312,1994,15.2879990550096,13.1388152993126,14.0629083819095,-.0272503144901605,44.014305
1312,1995,15.3100516126331,13.1816826770701,14.2908700688357,-.0272503144901605,34.149235
1312,1996,15.1097656883067,11.6075353996602,14.2407329328627,.0215398496792718,37.724075
1312,1997,15.1970658265188,12.2663630938698,14.2503646804381,.0314901805324399,38.297222
1313,1991,14.4018866890603,11.2793527181655,12.1808127845849,-.017348638334613,12.284815
1313,1992,14.2802120911462,10.5274186224074,12.2514049333683,-.017348638334613,16.590099
1313,1993,14.1378208891433,9.801177933711561,12.2242170359662,-.017348638334613,19.630653
1313,1994,13.6893878389972,10.9525944213004,12.5693857083259,.0503100101392018,21.518314
1314,1990,11.5424842672118,8.294049640102029,9.33406129896594,-.115625153547006,3.0732064
1314,1991,12.0376539939052,8.650849576228911,9.662211852898499,-.0203149737426812,-4.9228363
1314,1992,11.9605940129635,8.232971790593441,9.776721792744169,.0379539343812946,-.62548882
1314,1993,10.8854162009912,0,9.675387990463779,.0867440985507267,-.22643161
1315,1993,11.8353860863541,7.9820748750812,10.1668705287098,-.104309255795665,5.7223911
1315,1994,12.0943400935498,5.24174701505964,10.0620072457383,.0267190066107398,2.5245485
1315,1995,11.862321014856,7.27239839257005,10.0083564473682,.0943776550845545,3.608448
1315,1996,11.7149398531362,3.93182563272433,9.89828403770453,.0430843606970039,7.4931054
1316,1990,11.2829217449885,8.74830491237962,11.0598969399305,-.0526017030807894,-89.639839
1316,1991,11.3460581659627,8.84375938191798,11.0695653246054,-.0038115389113574,6.9464741
1316,1992,11.1152432278509,8.61250337122056,11.0546922913234,.035409174241924,.24827786
1316,1993,10.4718066506688,0,10.9543161703504,.0649679764834684,-13.186511
1317,1995,16.6046057951543,12.2079808237995,14.4573786019312,.076429965975059,13.095006
1317,1996,16.72616739891,11.6393995130185,13.3221752496379,.105988768216603,21.997543
1317,1997,16.8632496615456,11.5986810537879,13.3720179844994,.154778932386035,29.20443
1317,1998,16.8298926046002,12.5303096214044,13.6053422133953,.22243758085985,28.287764
1318,1990,15.261308289062,12.8239573415896,12.5276270192298,-.0376680661127616,-11.561482
1318,1991,15.1236096294938,10.7363966754712,12.5867743218737,-.0477184019662631,9.463275
1318,1992,15.1398528747673,10.9112447228602,12.6603920427359,-.0679211092837826,5.5821347
1318,1993,15.073496100638,9.87508807801443,12.6169543904712,.139093060100543,7.4789009
1319,1996,16.5844722894176,13.5422756212594,15.0587032773663,.036780070940065,34.848167
1319,1997,16.6614836747268,14.4348109630249,15.3607070144659,.0663388731816093,55.809986
1319,1998,16.7042083467482,12.4268975107683,15.302631175508,.0562885373281079,64.767189
1319,1999,16.4733618231617,12.4012034787985,15.2457868756613,.0049952429405572,60.363899
1320,1991,12.0540155071798,0,9.75516734243817,-.120030542383058,4.4125915
1320,1992,12.1044951699818,0,9.68181791447792,-.0904717401415138,8.4588623
1320,1993,11.4015624533286,0,9.604090459748869,-.0512510269882323,11.275482
1320,1994,11.4461486517316,0,9.536798347129279,-.0024608628188003,9.0821648
1321,1992,10.9855865852525,9.36117126167877,9.025732202875799,-.106918590118062,-6.4927425
1321,1993,10.8567812441296,9.581697010450901,9.952425324858559,-.0676978769647807,-1.7961172
1321,1994,10.8508512805243,7.71244383427499,9.951501224837569,.0276123028395442,-.95991361
1321,1995,10.7215203619004,5.03043792139244,9.85510580495329,.122922482643869,.18063995
1322,1990,12.2897367624769,10.1453350886441,12.3196870043143,-.0745020016567574,10.198685
1322,1991,12.1297845046413,8.488587934405899,12.2030756590493,-.0257118374873253,17.948681
1322,1992,12.1357127849699,7.70975686445416,12.0747160292215,.0325570706366504,23.446505
1322,1993,12.1521728422175,5.33753807970132,11.935570810666,.0621158728781949,28.717276
1323,1996,13.0845956736177,7.7397944584087,10.1470609853618,.0224556393321994,20.971483
1323,1997,13.2364576889277,8.25035895147729,10.1686287270483,.0520144415737438,20.366043
1323,1998,13.6139285363993,5.87493073085203,10.0696966649261,.0912351547270252,22.354647
1323,1999,13.1732883737537,0,9.95742160704537,.177412850968077,22.946566
1324,1996,15.2536961616424,12.9090488624587,13.3019005614277,.0532864723572134,49.338112
1324,1997,15.361166324036,12.9652322604837,13.7043242161997,.0632368032103814,51.080833
1324,1998,15.5678696845659,13.1752138587467,14.0311968529309,.0731871340635496,59.10812
1324,1999,15.4288540242643,13.1742819762483,13.6075973095295,.0731871340635496,51.272827
1325,1990,12.3965943291961,10.4319369610557,10.3832558518368,-.0309817376087285,8.7432804
1325,1991,12.6949690176646,0,10.2661182258571,-.0309817376087285,8.3128052
1325,1992,12.27301423698,0,10.1487839084915,-.0309817376087285,19.711432
1325,1993,11.9643277570817,0,10.0314541151757,-.0309817376087285,12.356043
1326,1992,16.6393346818966,13.7736578240813,15.7047813130874,-.226546425321131,48.900951
1326,1993,16.6955377613793,13.9915423757559,15.7667775761985,-.113217740014127,51.152668
1326,1994,16.8974434546653,13.8883566628697,15.8019202724223,.052296698463446,51.833271
1326,1995,17.0375471170297,14.3119382268444,15.8916930572299,.0720993257596256,54.992424
1327,1994,14.4320471759633,0,11.5087949461103,.0252842205449515,40.40419
1327,1995,15.0867974654338,11.8334788085409,12.2595840281402,.0548430227864959,46.475605
1327,1996,13.8941978859872,10.2522764834507,12.2782481803003,.0940637359397772,52.492809
1327,1997,13.7051855171972,0,12.1768796463745,.0940637359397772,41.071484
1328,1990,13.0437145746236,10.207510384576,11.1432665934732,-.17244714656512,14.271325
1328,1991,13.0370039584233,8.107720061910531,11.0686176522545,-.123656982395687,18.84992
1328,1992,12.8698438255331,8.26821888006751,11.0056518586478,-.103854355099508,17.886662
1328,1993,12.7250738320494,7.94093976232779,10.9278772470971,-.0646336419462264,20.387833
1329,1990,11.9409252259628,8.732304571033181,10.424006048273,-.0719006398280215,8.0118179
1329,1991,11.8709328541427,8.006367567650249,10.4450091957447,-.0326799266747402,7.6640992
1329,1992,12.0052572015263,11.8539871539252,12.0116683859932,.0161102374946917,9.5499506
1329,1993,12.4989186089776,8.350902451694809,11.9699673272874,.0161102374946917,13.568006
1330,1990,16.2523841670359,12.5595881035456,15.5288820885219,-.118466744466831,-24.682783
1330,1991,16.0005273656282,12.7508416200982,15.5264688541789,-.0696765802973988,26.124361
1330,1992,16.1625155672457,11.8276048093169,15.4866065909122,-.0597262494442307,36.157482
1330,1993,16.2108249450512,11.0696494494655,15.4340977280028,.0264514467968216,40.677814
1331,1991,12.6294019262447,6.21460809842219,10.2009479113393,-.0721113373472564,-.67525476
1331,1992,12.3286367931047,0,10.100566350305,-.0233211731778243,4.9471893
1331,1993,12.0049378917924,0,10.0001922141441,.0254689909916078,4.9060006
1331,1994,12.0006763245009,0,9.8998057831335,.0646897041448892,8.9959621
1332,1994,13.6911661565279,10.4602421081905,11.8963030975033,-.0898696481279183,24.673565
1332,1995,13.7833460302712,10.6096743466039,12.021400728803,.117144521256408,23.180256
1332,1996,13.7805107969745,10.0549202562963,12.0320852628262,.291097828379846,26.24222
1332,1997,13.6911611055652,7.64012317269536,11.9280359069297,.196787148908605,35.24897
1333,1996,15.1400644901803,9.51708950714519,12.3929048473852,.108244378439062,19.635092
1333,1997,15.3439480201527,11.4395049487722,12.6123487580187,.137803180680606,23.552406
1333,1998,15.5132286617463,11.4088862981686,12.770922710704,.157605807976786,23.922855
1333,1999,15.786339763259,10.140257836765,12.7515637191273,.116783813456531,24.902872
1334,1990,13.9117798413181,0,11.8705859231303,-.0633503155007619,13.065111
1334,1991,13.5195198867239,0,11.7446822159523,.0136107256353666,10.159617
1334,1992,13.2611788859149,0,11.6187780595374,.0235610564885347,12.952991
1334,1993,13.0735394039677,5.56452040732269,11.4953529690814,.0235610564885347,15.743386
1335,1990,11.8803963821058,0,10.128988323424,-.0646342196833192,-6.394279
1335,1991,12.0433764650303,8.6164953924901,10.2585677255034,-.0158440555138872,14.776628
1335,1992,11.3964118071363,5.74620319054015,10.1924600420416,.0137147467276572,-.95195419
1335,1993,12.6883706698881,0,10.1152708194797,.0625049108970893,.23330992
1336,1990,16.6355530580003,10.6342676479029,13.0234950749828,-.103334923479867,48.655266
1336,1991,16.4105730798225,10.1295468489312,12.9807809188948,-.0356762750060525,43.067669
1336,1992,16.2888707765447,11.5090479571438,13.0950141741998,.0225926331179233,66.092888
1336,1993,16.1533035496678,11.6448918836616,13.2112043130637,.0713827972873554,58.29459
1337,1990,14.375661973854,9.700269170029189,12.7586925909531,-.0538778399703482,23.670958
1337,1991,14.517852340264,11.128585638477,12.8609492614028,-.0243190377288039,20.791672
1337,1992,14.5052275514739,11.0974100210086,12.9380339662192,.0052397645127404,32.766857
1337,1993,13.7318451096753,10.7977780441306,13.0515691702002,.0250423918089201,37.435406
1338,1990,11.4043864309485,0,9.16732848138289,-.120878240563686,14.492252
1338,1991,10.9126057311021,8.51719319141624,9.502517327289221,-.0255680607593611,2.7086666
1338,1992,10.8052433889346,0,9.39103560702555,.0232221034100709,12.738265
1338,1993,10.6921177575098,0,9.27955855141273,.109399799651123,11.260992
1339,1991,12.1141031090552,0,8.444988023166999,-.156037679061983,19.15201
1339,1992,11.9479213496754,4.14313472639153,8.342292035225769,-.116816965908702,22.767653
1339,1993,10.5083612783095,0,8.22550309756692,-.0872581636671578,14.590268
1339,1994,11.0964610257968,0,8.108472790587401,-.0384679994977258,16.204218
1340,1990,11.8615859789898,8.69951474821019,8.662158961666419,-.145238224480642,5.8742051
1340,1991,12.6468995980445,8.51719319141624,9.205619244973651,-.0408782091563992,-19.253025
1340,1992,12.5027710656027,8.69951474821019,9.580931041514541,.0544319706479257,17.406963
1340,1993,12.1690856398886,7.00306545878646,9.532257190588201,.112700878771902,14.214075
1341,1990,17.7048138429412,14.0246314497392,14.9359890296068,-.0989423136498689,41.39056
1341,1991,17.6729846068312,14.1188417910582,15.2054567181421,-.0889919827967008,48.435669
1341,1992,17.4751903056757,10.8199782644129,15.0942314845042,-.0790416519435328,57.345818
1341,1993,17.0560639131179,12.7893547356074,15.0698893060987,-.0592390246473532,67.269913
1342,1990,16.0486246534445,8.79011689289247,13.7017436966722,-.24706909014624,35.333664
1342,1991,15.8950119714021,12.1797184031974,13.8240028957689,-.198278925976808,40.907333
1342,1992,16.166295760333,12.2062476302195,13.9250122869492,-.140010017852832,45.002377
1342,1993,16.1675605533545,12.3060084741428,14.0239119760561,-.0538323216117794,45.989868
1343,1990,12.7200990010847,10.6313018250044,11.9455970963166,-.0374162013854222,5.7980118
1343,1991,12.717325074202,9.622450022803021,11.9370088391649,-.0374162013854222,15.988119
1343,1992,12.5415891747724,7.68294316987829,11.8478829835565,.0113739627840097,21.668468
1343,1993,12.1676673910153,0,11.7414592627686,.0601641269534419,23.086931
1344,1991,11.1283408344414,6.02102334934953,9.137619130175009,-.0641009254065237,7.1933827
1344,1992,11.1676323505713,6.77878489768518,9.117182873489931,-.0058320172825478,11.922466
1344,1993,11.3910109318246,0,9.00143251068863,.0333886958707336,13.05389
1344,1994,11.3673809276201,0,8.8856484738905,.0333886958707336,13.468927
1345,1990,14.7438530074687,11.1915073443877,12.1959566509555,-.119284130671539,6.209878
1345,1991,14.806226789018,10.2007733611306,12.2310705773595,-.0423230895354108,23.010908
1345,1992,14.6916680399541,10.4232630068217,12.2884315917279,.025335558938404,28.073399
1345,1993,14.6461457902538,9.134862230800231,12.2311008115723,.120645738742729,30.836046
1346,1990,12.8973434893708,0,10.5871650367196,-.0861318236292873,26.819746
1346,1991,13.0044826072221,9.68831217087109,10.8394828676846,-.0184731751554724,31.588404
1346,1992,12.9703500281912,10.4163111789648,11.2524823539052,.0491854733183426,32.73679
1346,1993,13.2224125975267,10.7775177556957,11.640188754014,.0491854733183426,34.472446
1347,1990,16.3086551822707,12.4049235042753,14.0301823248367,-.144475269351449,55.560612
1347,1991,16.1039464640048,12.1034417344432,14.0643301211001,-.0862063612274729,72.715645
1347,1992,16.0521083387496,12.0768974651063,14.0873926911652,-.0092453200913445,75.579681
1347,1993,16.1364393068337,10.1582460432196,13.9958432215541,.0395448440780875,69.430672
1348,1996,14.6554209168705,10.2018869883291,13.5761560665164,-.0014823620888129,39.558876
1348,1997,14.6230369917197,9.8598490955063,13.5134266078774,.0183202652073668,40.515652
1348,1998,14.832692385489,10.6098964070793,13.4775454876211,.0381228925035465,39.243782
1348,1999,14.860495931359,11.276088586524,13.4885956442857,.0579255197997264,42.252937
1349,1992,12.3678762005259,8.287528423111761,8.527955074060269,-.0937152025358974,-2.7295051
1349,1993,12.6900562600649,0,8.42803405509642,-.0260565540620825,1.3126863
1349,1994,12.8161720850633,8.51719319141624,9.07242222875818,.0035022481794619,4.97054
1349,1995,13.0642671137496,9.44216612367323,9.849944360605161,.0522924123488939,4.8049798
1350,1995,11.1977754529522,6.72142570079064,8.10470346837111,.0896669576961497,4.0503879
1350,1996,11.277655705388,6.82979373751242,8.24611910634448,.119225759937694,2.3395035
1350,1997,11.2877060412415,0,8.15421269491423,.168015924107126,5.4844103
1350,1998,11.3359081430594,6.93731408122368,8.30392571077223,.197574726348671,6.2951913
1351,1993,15.1389794388388,9.711115659888669,12.8786563394138,-.0291014385620381,49.080753
1351,1994,15.1415850078692,9.10097183492082,12.7733189610861,.0101192745912431,43.503887
1351,1995,13.8917418261959,8.23880116587155,12.6551261581156,.200739634199893,39.289398
1351,1996,13.5536633481526,7.4500795698075,12.5316110392373,.200739634199893,42.081284
1352,1994,15.4086459369069,11.2709303339707,12.1879646814807,.118312022331783,21.101284
1352,1995,15.4613529787157,9.104646467417121,12.1311060741163,.0774900278115275,23.1684
1352,1996,15.3435630919979,9.562896846651171,12.1009215523864,.0874403586646956,25.764732
1352,1997,15.2752555680054,9.06044728240157,12.044338701968,.11699916090624,27.297947
1353,1996,12.2917672355483,9.147932911847571,9.08200687542462,.0519644511473957,21.61808
1353,1997,12.3365647555375,8.414495793177901,9.36356776856576,.0717670784435757,24.941507
1353,1998,12.2601441659176,0,9.24793476338488,.10132588068512,24.442638
1353,1999,12.0780926320922,8.748146169621929,9.583013657259359,.130884682926664,24.119524
1354,1991,12.4932327777211,6.39692965521615,9.86959462151294,-.0199967261048458,-1.4438639
1354,1992,12.435365966712,8.55756708555451,10.0088650680495,.0192239870484354,.47760308
1354,1993,12.6644665130274,8.43381158247719,10.0937028714492,-.0533467057864,3.2246549
1354,1994,12.7775639748581,0,9.983541029382449,.0510133095378428,2.6813715
1355,1992,19.1619961606022,14.8562698386766,16.585902550409,-.0115656987604506,64.163567
1355,1993,18.9929592521148,15.8365084337509,16.8660659701689,-.0016153679072826,68.380775
1355,1994,19.1904869583403,15.3692052899372,16.9501304787653,.0083349629458854,65.458412
1355,1995,19.1652455075725,15.6337394343317,17.0620709365632,.0182852937990536,64.066772
1356,1991,11.202924515366,8.64646552712038,8.99662721439106,-.0607415110485859,-8.7210608
1356,1992,11.1880060481156,6.90775527898214,9.01478766833308,-.0311827088070414,-6.65802
1356,1993,11.1980563839691,8.51719319141624,9.398826223737981,-.001623906565497,-2.2860446
1356,1994,11.1949701449475,0,9.29527876849237,.0375968065877844,2.2607381
1357,1990,15.6895143180725,10.265940770051,13.1302164610663,-.086952625263781,35.039776
1357,1991,15.5787964565182,11.7383384391951,13.2915926024259,-.0286837171398051,39.76767
1357,1992,15.6503478816686,11.19072095848,13.3408413417746,.0295851909841707,41.408161
1357,1993,15.6379964159521,11.3321826612895,13.3992974464468,.0783753551536027,45.374519
1358,1991,11.637704150477,8.63958779962984,8.399782586398951,-.32869828032406,8.1660128
1358,1992,11.3013373886451,0,8.273999982296321,-.188936337948901,11.372502
1358,1993,10.9773506728813,0,8.14798286396724,-.102758641707849,10.281116
1358,1994,11.1448645456898,0,8.022273724667301,-.0350999932340342,11.738482
1359,1990,14.0060533687711,0,9.174402265170549,.0937092120374001,26.540026
1359,1991,14.1253040932567,10.8293523068446,10.9570798111394,-.0455528552961075,28.13829
1359,1992,13.9053771947509,0,10.8470976878652,-.0760120627808161,25.320518
1359,1993,13.7269592684527,0,10.7372093886087,.0192981170235088,18.768677
1360,1996,11.4861546121215,9.13776967914135,10.1833289672087,.199340862086332,9.4652548
1360,1997,11.4570627711727,7.1770187659099,10.1183247010068,.219143489382512,9.3604107
1360,1998,11.4357726006714,7.69120009752286,10.0863423004917,.258364202535793,8.5318928
1360,1999,11.6378017632365,6.87212810133899,10.0114042982523,.335325243671922,9.7541943
1361,1991,12.0528953201625,0,8.96456770260161,-.0224903067331244,9.6358671
1361,1992,11.9403047010111,0,8.840232755149071,-.0224903067331244,9.1281815
1361,1993,12.0626983492252,0,8.71581451562365,-.0224903067331244,6.579998
1361,1994,12.2109360717211,0,8.59131687773221,.0818697085911184,9.6752834
1362,1991,10.9928166094798,5.75890177387728,8.843788237366621,-.091760706050734,.11468274
1362,1992,10.9583242421145,0,8.751854161890771,-.0241020575769192,2.3396215
1362,1993,10.4677032152126,0,8.660046004299829,.0246881065925129,4.6060081
1362,1994,10.8103390085234,0,8.56811441659462,.0829570147164888,3.3661227
1363,1990,16.1925815839639,10.5708552801086,11.4653935089249,-.150486473201384,15.84906
1363,1991,16.1943671199165,10.878688496289,11.8308954427353,-.0922175650774079,17.834633
1363,1992,16.1060319473726,10.1831248524048,11.9132708228282,-.0724149377812282,15.506625
1363,1993,16.0910841085814,11.2485952693258,12.2380861993924,-.0428561355396838,16.244642
1364,1991,15.1583566836839,11.0882316648335,10.4912325499035,-.0867591448154701,-30.010084
1364,1992,14.9613568762582,11.3878949798834,11.6577848281753,-.0475384316621888,-19.896866
1364,1993,14.7467173538809,0,11.5536392936408,-.0375881008090208,5.3581533
1364,1994,14.4132112686975,10.6689553946757,11.7994501178703,-.0375881008090208,-6.0604734
1365,1992,11.6694173326971,0,10.0540432065664,-.282675435228032,-6.8608856
1365,1993,11.5517453180151,0,9.929588928450871,-.262872807931852,1.6609029
1365,1994,12.3424366455601,0,9.805141268428031,.0372317845184862,-1.7753206
1365,1995,13.6746973332978,0,9.68071268325035,.0372317845184862,.30884051
1366,1990,13.8045015884151,11.3805362769245,12.1570504544446,-.0722600617368482,20.789297
1366,1991,13.4386643105847,9.04746843900354,12.1007521290724,-.0330393485835669,26.625473
1366,1992,13.1112526699395,0,11.9984314345964,-.0034805463420225,21.809465
1366,1993,13.3152978360464,0,11.8962915109931,.026078255899522,27.091307
1367,1993,14.0319560315145,10.3288859983517,13.1974211269481,-.0624370738068556,2.5182526
1367,1994,13.9888189248794,10.6734337240657,13.1720931000504,.0052215746669591,12.197809
1367,1995,13.9122912746984,10.5865843972426,13.1394450513602,.0052215746669591,10.686747
1367,1996,13.7924493331243,11.6772442737131,13.2351776447068,.0052215746669591,15.024287
1368,1990,15.4490951076286,11.4432323483689,13.4917991544776,-.370740152588011,-47.354607
1368,1991,15.6697263316321,12.5205804197727,13.7280564284287,-.303081504114196,-36.01339
1368,1992,15.6990881702028,11.8935922882382,13.7783445803953,-.24481259599022,-32.600819
1368,1993,15.5641448143615,11.0303795085493,13.7383340056073,-.177153947516405,10.191984
1369,1990,15.7295309389492,12.2518678531006,14.2455453442774,-.0874875057112474,31.993269
1369,1991,15.7904809258975,12.6108008154995,14.3370098548687,-.057928703469703,-6.5111089
1369,1992,15.8675552826023,13.3271571974576,14.5620128010065,-.0381260761735232,-2.6005511
1369,1993,15.709404400067,11.7809047051461,14.527387339353,-.0085672739319788,5.0118012
1370,1990,11.7334060605638,8.9226582995244,9.19755903761145,-.176420060747024,-2.9005716
1370,1991,11.9356193049649,9.3195534569495,9.890685960698921,-.0994590196108952,2.0588901
1370,1992,11.5667243865387,0,9.795896773911959,-.0699002173693506,2.3455815
1370,1993,11.7101308747755,6.28785856016178,9.731375698896031,-.0306795042160693,11.076018
1371,1991,12.3343357653353,10.2592721001897,9.644302229874651,-.0570511858690132,15.289888
1371,1992,12.3909666770054,8.38068594676157,9.79021806547687,-.008261021699581,13.046545
1371,1993,12.0077945389377,6.51619307604296,9.713452321706241,.0115416055965987,12.943416
1371,1994,12.4695058960685,8.32579052588609,9.82596375308124,.0507623187498801,14.360475
1372,1992,16.0227522134712,13.2423643959615,15.0809868824682,-.0004484243907227,39.742771
1372,1993,15.8059237031179,13.4156536942137,15.1385012085874,-.0104987602442241,43.398666
1372,1994,16.107153206485,13.2617896112618,15.1612471084143,.0093038670519555,44.630188
1372,1995,16.3410083228158,13.5396714137119,15.2162284480739,.0485245802052368,51.762016
1373,1990,16.3978530275358,13.3193748405802,15.6434555297764,-.108506045708591,37.989994
1373,1991,16.3604673491852,13.5663553682775,15.6473659181632,-.0408473972347767,40.439102
1373,1992,16.3283812381158,14.0159871436793,15.7174117944282,-.0508977330882781,49.016937
1373,1993,16.1754548723228,13.0006408420991,15.6657003373846,-.04094740223511,54.397621
1374,1993,10.5855243736355,0,8.3343514993754,-.125207344678095,-1.42468
1374,1994,10.7661112352264,0,8.24199289646651,-.0764171805086625,.2382101
1374,1995,10.8380346097878,0,8.1494284104909,-.0181482723846867,2.3480628
1374,1996,10.8828573646149,0,8.056870549823349,.0210724407685947,-1.2935319
1375,1992,14.275522515427,8.987196820661969,12.3801011599095,-.0981842197633759,22.190033
1375,1993,13.8444402429485,9.305650551780509,12.307202675288,-.0493940555939438,39.450741
1375,1994,14.2552139235764,10.0432494949113,12.2850132076028,-.0006038914245117,30.014933
1375,1995,14.8251780715682,9.25913053614561,12.2116316655073,.0763571497116166,32.265114
1376,1991,14.7367600472477,9.964112174352559,13.5215969765947,-.066009350818512,42.189217
1376,1992,14.4495861458667,0,13.3980755455366,-.056059019965344,33.228649
1376,1993,13.8113607289191,0,13.2736453177591,-.0362563926691642,26.110292
1376,1994,13.9579848692626,6.98749024700099,13.151141097982,.0029643204841171,35.377708
1377,1993,17.3842915364195,10.7724770112923,14.9628578346765,.0271853071916181,25.470411
1377,1994,17.6028132768692,0,14.8686262277832,.0567441094331625,28.750509
1377,1995,17.6670317310776,13.3304793785734,14.9636510875625,.124402757906977,30.83972
1377,1996,17.7947518895998,13.7253560647378,15.1118236180511,.163623471060259,32.320671
1378,1990,10.7895477311946,0,8.40469616018909,-.0954919814592208,-7.4610114
1378,1991,10.8760201751217,0,8.291471319087229,-.0093142852181683,-3.3422823
1378,1992,10.6435046982119,0,8.177965161081231,.0489546229058075,-4.038157
1378,1993,10.5172140644334,0,8.06454213170132,.0489546229058075,.11436719
1379,1991,15.7632912148758,12.1716830437429,14.3052764337889,-.102045627481922,43.988159
1379,1992,15.6377159870717,12.8674117711753,14.4492924796273,-.0437767193579458,53.316845
1379,1993,15.6687041649723,10.2471836342467,14.3921186975355,.0331843217781826,50.063992
1379,1994,15.8044540183221,11.2422840391205,14.3606023529242,.100842970251998,52.449158
1380,1990,14.8179943652088,10.2269107336407,12.3776154867884,-.261812144044237,12.08056
1380,1991,14.8551216223273,9.992368015029999,12.3604858623202,-.166501964239912,15.475676
1380,1992,14.9946068371975,11.2196142452224,12.9081857616941,-.0895409231037839,14.928992
1380,1993,14.8953481680505,10.574746933338,12.8924476968993,-.0125798819676555,11.71853
1381,1991,13.3899867897863,8.51719319141624,8.727567562652229,-.0199594777396039,-.15991648
1381,1992,13.2990875989577,7.69621263934641,8.96991077411845,-.0199594777396039,.30848292
1381,1993,13.326363297037,8.545002892055511,9.406433332854061,.0192612354136774,2.5465615
1381,1994,13.3571359894945,8.85366542803745,9.78702114973817,.0390638627098572,8.8271723
1382,1990,13.3873675888357,8.846640813100491,10.9643979740202,-.0344014267173324,3.1642568
1382,1991,13.3642334155833,8.55140136274597,10.9931347748186,-.0344014267173324,5.1089392
1382,1992,13.2490218663943,8.281470857895171,10.9979227961522,-.0344014267173324,6.4445605
1382,1993,13.3141515872948,12.2434358653796,12.4280947682784,.0966268356890719,11.633439
1383,1990,12.7726298857446,5.99146454710798,12.7987197017927,-.0817566994884491,4.0574789
1383,1991,12.7611480935812,0,12.7317253035393,.0226033158357938,5.7123976
1383,1992,12.7639815253609,0,12.6647286963518,.0125529799822926,9.5071659
1383,1993,12.9780312019529,10.4981946602828,12.7058167959425,.042111782223837,8.4240303
1384,1990,14.3476611790447,11.7227243712593,11.3951211790881,-.079654170664346,-9.079381
1384,1991,14.9189359848764,10.7443648451204,11.7218581180905,-.030864006494914,11.772289
1384,1992,14.0389853902479,9.740674462130221,11.7347088917343,.0274049016290618,13.807042
1384,1993,14.679222991438,0,12.6266887290847,.0761950657984938,14.845577
1385,1992,12.738671518637,9.43420366421474,10.8629967650624,-.0097702450423628,2.4734197
1385,1993,12.802784138103,8.845201135339581,10.8912576619772,-.0097702450423628,6.2930202
1385,1994,12.9651421885637,0,10.7912183031809,-.0097702450423628,5.1323838
1385,1995,13.2102017784812,0,10.6911764358794,.0001800858108052,9.9304619
1386,1990,11.3844782687449,0,9.38016753118845,-.0895435849099877,-6.042665
1386,1991,11.570571537663,0,9.279791804974399,-.0407534207405559,-1.9291632
1386,1992,11.6246009988608,7.17011954344963,9.298397035796469,.0362076203955726,-1.2082688
1386,1993,11.4941808777522,0,9.19799447404208,.0849977845650046,.37976667
1387,1992,15.1370409000097,11.7227730149121,13.155449156428,-.0692919027976649,31.804239
1387,1993,14.9775670862751,11.4864172050894,13.2111192152703,-.0494892755014851,37.41
1387,1994,15.4302884997658,11.7813253246867,13.3069726487161,-.0102685623482039,40.166119
1387,1995,15.4145225073116,12.2254732312341,13.4720511880803,.0192902398933407,39.601551
1388,1990,13.3460099110017,10.0395906355285,10.8974057700896,-.0919203499084337,11.788893
1388,1991,13.2703752518218,9.8035014576602,11.0926471815229,-.0336514417844579,14.810349
1388,1992,13.2400719768337,6.71659477352098,10.9920074169229,.0340072066893571,17.272367
1388,1993,13.2654378516761,11.1971182287926,11.7030655439734,.0827973708587891,19.813963
1389,1990,14.7934782764128,13.6325680083942,11.2291557293384,-.0410217906236843,18.335438
1389,1991,14.7961639459232,11.7694418949038,12.1611469297522,-.0310714597705162,18.372669
1389,1992,15.0248037455489,12.0661839451216,12.7149603928259,-.0310714597705162,19.770992
1389,1993,15.0982290524393,9.76932739084919,12.6445117530482,-.0211211289173482,21.942307
1390,1991,12.704602991202,9.10497985631836,10.6203292868157,-.0278835990808413,10.262518
1390,1992,12.7872652003308,7.08924315502751,10.5223502068961,.0016752031607033,11.247229
1390,1993,12.8591707619489,8.173575486634149,10.489895489652,.0312340054022476,12.215411
1390,1994,12.7475555802999,8.779557455883729,10.5333860464309,.0895029135262236,9.6038017
1391,1992,12.1750504671684,10.4437166266714,10.4411177035714,-.228013623104872,1.1531531
1391,1993,12.3403787984087,9.526901403978339,10.6683761571826,-.228013623104872,9.9881115
1391,1994,12.112345393616,9.59171768455526,10.8450911923826,.0030980978585145,4.4947834
1391,1995,13.0104875315357,10.8838041741748,11.4298535906671,.0518882620279465,6.026969
1392,1994,12.5687515104876,0,10.1822777088163,-.0049262577164199,5.2395868
1392,1995,11.8957752597662,0,10.0822360669433,-.0049262577164199,2.9113598
1392,1996,10.2923730156708,9.272657678041041,10.3341947157594,-.0049262577164199,1.5122977
1392,1997,11.3654590288112,7.82404601085629,10.3074481961716,.2877433562464,5.6268554
1393,1991,12.9293859939085,12.3518901290941,11.9817346311289,-.114927129990894,10.386703
1393,1992,12.9105224236714,9.920688759855899,11.9950101979139,-.0951245026947144,12.133607
1393,1993,12.69144648842,9.738436006907129,11.9859196181385,-.0463343385252825,12.628436
1393,1994,12.8219323167244,10.1238672880276,12.0207804808464,.0024558256441496,11.08098
1394,1993,15.2453723405001,0,13.6255111215429,-.137960460453191,26.851097
1394,1994,15.1586639938203,0,13.4996074587169,.077150919163754,27.343702
1394,1995,15.2154955677371,12.3400745524455,13.6455520231026,.199368551888003,33.216118
1394,1996,15.042097392679,11.7327354661752,13.6538772362002,.105057872416762,27.757658
1395,1991,12.2527342119718,9.547383873965691,9.767295480584391,-.272628430628824,4.8284898
1395,1992,12.4720850569739,8.86587628542542,10.0089505629412,-.252825803332644,9.4081392
1395,1993,12.016254904604,8.048468743668881,10.0306751155566,-.157515623528319,6.1524334
1395,1994,12.3489794634286,7.25488481007734,9.97701678582424,.0331047360803303,7.7092466
1396,1996,10.9882395378706,0,8.277869443872991,.0696101548293503,8.6913385
1396,1997,11.0370328371361,0,8.18596319023697,.0795604856825184,9.5686293
1396,1998,11.2981805802429,0,8.09407314806935,.0795604856825184,8.2459888
1396,1999,11.4034499545445,0,8.00219219623977,.0795604856825184,11.333911
1397,1990,14.0632829035835,0,10.0982316293286,-.145287490119096,-2.3629081
1397,1991,13.9725278478158,0,9.9978336313808,-.0683264489829677,1.2978551
1397,1992,13.7376530069485,7.61972421378267,9.98968818429398,.0450022363240356,-8.5048847
1397,1993,13.1813813878775,7.58832367733522,9.978516172192419,.0549525671772037,-7.9065294
1398,1992,12.148592254214,10.3649863681651,10.2350836342997,-.0386762715121686,-1.0436723
1398,1993,11.8549797382759,6.21460809842219,10.1549891855154,.0289823769616461,-2.6034818
1398,1994,12.3285067441414,0,10.0415872445731,.096641025435461,4.727109
1398,1995,12.1037827956099,6.07534603108868,9.946657189186849,.126199827677006,8.4641714
1399,1991,14.79276925814,11.4530799145988,10.9587451281696,.0132897163997363,12.016568
1399,1992,14.6572562697899,11.2213826159693,11.7115180936556,-.0485856873183512,16.905474
1399,1993,14.6076474898042,10.3596774601359,11.8389663407762,-.0287830600221715,15.965814
1399,1994,14.6354968714703,10.7887415906248,12.0342499819728,.0573946362188811,19.511036
1400,1990,16.0430492628926,12.6062705730319,14.3438402870947,-.0249374606614164,14.739723
1400,1991,16.0148915533465,10.5713169251118,14.2754452274457,-.0051348333652367,23.782478
1400,1992,16.0911024742412,12.2699718998803,14.3132433433685,.0048154974879313,26.123722
1400,1993,15.8930550066201,12.0471531127778,14.3215365217684,.0246181247841112,30.185429
1401,1996,12.2108347761026,6.72503364216684,9.44830947960895,-.0044587099925911,12.619744
1401,1997,12.2961791447793,9.836920308264011,10.210600859797,-.0044587099925911,10.070785
1401,1998,12.4119538301109,7.91205688817901,10.1890912165928,.0153439173035887,11.840049
1401,1999,12.3736184290135,8.44203851781548,10.2282450097228,.0449027195451332,13.982152
1402,1996,13.7061187287122,10.1932798967973,11.688672959895,.126153159450856,.29795015
1402,1997,13.7338336790151,9.253208272203359,11.7040969123715,.174943323620288,5.1491632
1402,1998,13.8096550580441,10.0725549936517,11.8049179840844,.174943323620288,5.478344
1402,1999,13.7001045411615,7.62364194651157,11.7580097483615,.233212231744264,7.9970045
1403,1993,10.5840106213507,5.78689738136671,8.74263809259228,-.0430068882359656,4.4131303
1403,1994,10.6728988824295,0,8.62848408755481,.0057832759334664,6.3424511
1403,1995,10.7599045234844,0,8.514309036236369,.0545734401028985,3.8964062
1403,1996,10.6630536280793,6.02344759296103,8.476766951907971,.0545734401028985,3.3565383
1404,1996,12.3722438850116,6.91373735065968,9.15136501437553,.0800487656542559,4.9247332
1404,1997,12.6550871584855,8.587092318795911,9.467962641706629,.0998513929504356,5.64536
1404,1998,12.8241132796011,8.872487182278039,9.771674682405569,.12941019519198,8.5055208
1404,1999,13.1134530183273,8.534836626588829,9.897011628933789,.14921282248816,19.243877
1405,1990,12.7197177159185,12.4684369099977,11.012677038242,-.130578599919871,8.8176203
1405,1991,12.5940431108956,7.87853419614036,10.9582402517491,-.0352684201155462,14.19152
1405,1992,12.7267176059714,7.4500795698075,10.8891270925443,.0509092761255062,15.660532
1405,1993,12.6958977716579,5.91889385427315,10.7964154872233,.0996994402949382,20.060822
1406,1991,15.3423111414949,12.1489095257968,14.0512165503518,-.0898332660260732,27.582197
1406,1992,15.2797871580096,10.5429438298982,13.9582434739279,-.0998836018795747,30.694839
1406,1993,15.0775607124804,0,13.8338139246759,.0223340308446744,35.630009
1406,1994,15.0944955922421,0,13.7093839711711,.0711241950141063,37.755939
1407,1991,12.7376787418752,9.82741611558483,11.499458186902,-.0272746421348809,15.199022
1407,1992,12.6470941009397,9.23347078936504,11.4879224792191,.0022841601066636,16.521162
1407,1993,12.939604789126,9.24242026543959,11.4773086499677,.0022841601066636,13.658449
1407,1994,13.2722694206779,9.30410390178835,11.4721805508125,.0220867874028433,17.395811
1408,1994,14.1021103252533,7.19368581839511,13.2251793183762,.0439260073175739,36.312313
1408,1995,14.18409216487,11.5454313765265,13.2852912532721,.0637286346137535,35.287754
1408,1996,14.3400598088959,11.3595644732572,13.3135240868655,.0932874368552982,39.669708
1408,1997,14.2976884807262,11.2240827191977,13.3218869606393,.113090064151478,37.29372
1409,1991,15.8126539595102,10.7895252412393,11.9976465097903,-.0619977962278188,41.247982
1409,1992,15.7359959746346,12.7372772010852,13.054213436266,-.0132076320583867,31.872423
1409,1993,15.6121958894,11.1939591024787,13.1005855526894,.0260130810948946,39.095146
1409,1994,15.5887271296997,12.2301309106232,13.3516539172141,.0458157083910742,35.09145
1410,1994,16.9306695822013,14.3791741425062,15.8024232520968,-.0423451539237878,60.812088
1410,1995,17.0196286613721,14.6579967178081,15.9832640305467,-.0127863516822434,63.644753
1410,1996,17.0762847003093,14.5197697705788,16.0940070666561,.016772450559301,66.006104
1410,1997,17.1576291890019,15.0166788332726,16.2820967330251,.0365750778554807,68.763702
1411,1996,18.3484383094417,14.3310263656021,16.8749162879703,.0129305791069413,70.418999
1411,1997,18.4459100619539,15.0714114551506,16.9239795291351,.0028802432534399,72.370399
1411,1998,18.4899094849235,15.0310364674201,16.9608875260534,.0226828705496197,79.244797
1411,1999,18.5959842242338,15.3668955389498,17.0384316536802,.0226828705496197,84.084679
1412,1996,15.9196848381252,11.679219260687,14.5158810872123,.0620142521667079,47.992786
1412,1997,15.9541303483839,12.145531457733,14.5049542390283,.0719645830198758,51.254963
1412,1998,15.9369375169176,12.0605091566818,14.4878549021857,.0719645830198758,51.495197
1412,1999,15.9785699093208,12.2830568345465,14.4900553316752,.120754747189308,53.227741
1413,1996,15.5052987338878,11.6848178262736,13.9447675156943,.0878156224686751,27.073618
1413,1997,15.5540591667649,12.6532841207945,14.0724534610653,.127036335621956,30.415871
1413,1998,15.6572332861929,12.4162971035737,14.1347793749918,.156595137863501,34.329376
1413,1999,15.801130394235,13.0620038454485,14.3084311999653,.186153940105045,41.643517
1414,1991,15.4056744500934,11.6172764712449,11.4328568402942,-.145391831769606,31.864906
1414,1992,15.1932968623113,12.0556857072666,12.4063634506613,-.0966016676001735,34.176834
1414,1993,14.7072312809724,12.6360157090452,13.1304593166684,-.0478115034307415,68.735321
1414,1994,15.2645607186708,11.3987147908254,13.1816726875186,.0383661928103109,42.688236
1415,1994,16.2100062224485,12.2267817246199,15.3508697162793,-.0758995753191071,21.703945
1415,1995,16.2086537917492,12.2823667976786,15.2954680386838,.0102781209219454,26.101536
1415,1996,15.9956724932799,10.6219369159583,15.2044823814805,.0685470290459211,37.95797
1415,1997,16.0890021940391,12.5345595123543,15.1667033286844,.0584966931924197,26.767885
1416,1991,15.5435614631382,14.0544841504104,15.5019772684982,-.0838246627103123,16.852859
1416,1992,15.5186245639681,11.7704163352578,15.4327040777753,-.0640220354141327,27.930727
1416,1993,15.4003454743919,12.696319981253,15.4031461374229,-.0248013222608514,36.326256
1416,1994,15.5329489903577,9.985896688776849,15.3138337197285,-.0049986949646718,35.689262
1417,1992,15.50984767913,11.9699704930516,14.374731925269,-.0040216357048637,48.633652
1417,1993,15.8215799059203,11.448578925403,14.3334292662231,-.0344808431895723,42.92421
1417,1994,15.8249550969596,11.6525047819747,14.3052811521056,-.0146782158933926,42.765175
1417,1995,16.0053411905752,11.2250433725158,14.2539370870748,.0148805863481519,38.256424
1418,1991,16.7111079202261,14.3517460004814,15.5266824461022,-.0618004009054471,38.169346
1418,1992,17.0064339481624,14.0978629528832,15.6759223873786,-.013010236736015,44.925064
1418,1993,16.8604102810095,13.9213460607978,15.7679152716047,.0357799274334172,51.833561
1418,1994,16.8845482476647,13.5168672972484,15.7989186458402,.0357799274334172,50.781113
1419,1991,15.1547942730453,11.2137374523322,13.9026014151286,-.102285960180176,30.36348
1419,1992,15.037878717955,12.5579928033682,14.0315978322089,-.072727157938632,32.670773
1419,1993,15.0016673192306,12.2644830530766,14.0815767311354,-.0431683556970875,37.675659
1419,1994,15.0366384127484,12.0009900095336,14.087841451705,-.013609553455543,36.341625
1420,1994,14.219061015957,0,13.372718123115,-.0824091362407179,16.619205
1420,1995,14.3459549829504,8.706490361946621,13.2717499841782,.0037685600003344,28.401699
1420,1996,14.7839004895766,8.71915396346254,13.1716031547683,.0037685600003344,39.167496
1420,1997,14.8612528029713,9.65226597708712,13.0890318011928,.0037685600003344,36.760727
1421,1992,15.7145373414146,12.143595997271,14.1311998898315,-.0058190365192512,34.532261
1421,1993,15.6796410437598,11.6341957464441,14.0980607096078,-.0260217438367706,45.773254
1421,1994,15.9655641880136,11.9281032519322,14.0931714608039,-.0062191165405908,47.412777
1421,1995,15.8951569705113,13.1010845811066,14.2890162976562,.0425710476288412,46.185978
1422,1991,15.8603116086407,0,13.9524520919417,-.138424091329668,-21.004332
1422,1992,15.2316187664688,10.3293760102852,13.8758493977725,-.0073958289232633,-27.641457
1422,1993,14.6845267918511,7.3132203870903,13.7731694935747,.0413943352461686,-1.1787781
1422,1994,12.5509156558572,0,13.6690307813847,.0901844994156008,5.91468
1423,1991,10.8526041130041,0,8.32008281714884,-.239280392607879,-10.652561
1423,1992,10.7726365795408,5.41164605185504,8.27208517772338,-.125951707300876,-8.016448
1423,1993,10.8239464863597,0,8.168543104862311,-.106149080004697,-6.2270489
1423,1994,10.6833907306082,4.40671924726425,8.08843898533012,-.0384904315308815,-3.8931386
1424,1996,14.9062169962314,9.6306940925781,10.9314788593503,.0006048601998791,29.248653
1424,1997,15.123108602726,3.85014760171006,10.8281293172659,.0105551910530473,31.463568
1424,1998,15.1513881872546,12.1217068567929,12.2069247823584,.233698742367257,29.254602
1424,1999,15.101137203713,10.0443358611235,12.2041988911484,.291967650491233,28.754576
1425,1992,11.8695278050234,8.26924452118306,11.4107365810336,-.0845203603155188,-1.5855989
1425,1993,12.295863439148,0,11.2973531791523,-.026251452191543,2.286953
1425,1994,12.6339620224194,8.91865027812686,11.2746428948132,.0225387119778889,1.4486252
1425,1995,12.7556072165637,0,11.1612494341907,.0808076201018648,7.5052676
1426,1996,13.3308979853773,12.1246727673172,12.8203724870121,.0326233708767344,28.686766
1426,1997,13.5307401015658,12.0718724578835,13.0974014035395,.0814135350461665,29.917782
1426,1998,13.4118194158703,11.6348333152036,13.2049936881896,.110972337287711,29.95627
1426,1999,13.5190568222586,11.2946077505513,13.2464880401479,.130774964583891,32.66396
1427,1992,12.7972774286712,8.294049640102029,10.1905857045395,-.013113639145383,12.30202
1427,1993,12.3304287488362,7.69621263934641,10.1562170901884,-.0539356336656381,8.1153917
1427,1994,12.4590536328726,0,10.0389140233651,.0322420625754143,13.224697
1427,1995,12.834080769476,8.51719319141624,10.1168433597792,.0322420625754143,14.168727
1428,1994,15.2368960616571,10.3992502986251,11.6971344061998,-.0729084941862323,17.843185
1428,1995,15.3550080097459,8.689801056022549,11.6439484642049,.0314515211380104,24.830402
1428,1996,15.3334898049348,7.93343838762749,11.5668358318342,.0706722342912919,20.104095
1428,1997,15.1771413270219,9.68034400122192,11.5994755689231,.192889867015541,18.919256
1429,1996,11.770313831705,8.504715669905121,9.25985408384564,-.264827830079384,7.5070963
1429,1997,11.9402167724858,0,9.148028702895431,-.264827830079384,10.562571
1429,1998,11.9847212373677,0,9.036201247589791,-.235269027837839,12.533719
1429,1999,11.953816106936,7.85360481309784,9.17635950681044,-.0955070854626807,18.126816
1430,1996,13.7227401692468,8.79330862749655,9.61638531194936,-.0057264298020163,2.0992794
1430,1997,13.8259826264679,8.920255414908089,9.899263644382909,-.0057264298020163,5.2614503
1430,1998,13.8853428098983,0,9.79922088285505,.0042239010511518,6.7215753
1430,1999,13.7780379035913,6.60934924316738,9.73652937236489,.0240265283473315,7.2751503
1431,1994,11.997857835728,8.987196820661969,9.941558566577051,.0164904188097953,1.7471387
1431,1995,12.128380083648,9.47270463644367,10.3158819310361,.036293046105975,-2.8392866
1431,1996,12.4518703398255,8.74512525946224,10.3954483491339,.036293046105975,-4.6024613
1431,1997,12.6496313564649,8.987196820661969,10.5012520506635,.036293046105975,-.88030154
1432,1994,11.9908440807616,0,10.2733911112448,.0194941558744492,-8.4281301
1432,1995,12.4014036471526,8.62353322718756,10.3225465108286,.0194941558744492,.93939346
1432,1996,12.5263888534709,7.14124512235049,10.236252927226,.0194941558744492,-.62926537
1432,1997,12.6402966219554,0,10.1103472384438,.0194941558744492,-3.5031281
1433,1996,13.2332008035653,10.0943145023738,10.028480092703,.006717908432293,8.4380293
1433,1997,13.4999133536974,8.58241897633394,10.1182480641545,.0265205357284726,3.9710433
1433,1998,13.7161098566734,6.11368217983223,10.0237696850692,.0753106998979046,3.1085024
1433,1999,13.69478482455,8.43988008831357,10.0877322588919,.124100864067337,5.7842984
1434,1994,11.9465695977325,8.40335237499248,9.894285341771329,.0503679848506488,14.990071
1434,1995,12.152723249007,8.88294679928817,10.0775458961598,.0503679848506488,12.299967
1434,1996,11.8371741450452,6.24027584517077,9.97239308687597,.0503679848506488,10.260154
1434,1997,11.6967772040415,0,9.84648853775618,.0503679848506488,12.926426
1435,1996,12.7776417206842,7.15539630189673,8.862936603281289,-.0052824760505028,-1.2202133
1435,1997,12.9009971237452,8.69500459273231,9.336435433500331,.0339382371027785,9.5816088
1435,1998,12.9818674854054,0,9.21956766922631,.0634970393443229,4.6478777
1435,1999,13.2450905946019,9.534089150464361,9.929998024014481,.0832996666405027,6.1115127
1436,1996,12.7938878979866,0,8.69438494658066,-.0171575141893557,5.5050573
1436,1997,12.3971012551268,7.76514490293613,8.8913877664405,.04111139393462,7.7466769
1436,1998,12.3934084502226,6.68461172766793,8.86797681555935,.0706701961761643,6.1843405
1436,1999,12.2124123877811,8.91918561004543,9.435801236245551,.156847892417217,7.5986428
1437,1993,13.1329907067651,10.5441828730936,10.4640400444845,-.011648558015796,32.627098
1437,1994,12.9674227189594,5.50938833662798,10.3593890880261,-.011648558015796,33.139244
1437,1995,13.1064108091103,6.68085467879022,10.272070810218,-.0016982271626279,35.574135
1437,1996,13.2289029976451,9.63828426184477,10.5716630190605,.0082521036905401,34.254326
1438,1995,12.226423047738,8.77152528418647,9.897424207555989,.129866162312211,1.7471225
1438,1996,12.1781987739107,8.206583614320749,9.936491868482859,-.0209567274223727,8.326972
1438,1997,12.3028074568007,9.90403740134156,10.4679828448746,-.001154100126193,9.444849
1438,1998,12.3786091789527,10.1965675300495,10.8889274103555,-.0316133076109016,9.4575844
1439,1993,10.7678637444581,8.294049640102029,8.97407358647056,-.0880372506013092,-15.879869
1439,1994,11.240062912122,0,8.87367811730268,-.0488165374480277,-2.4521449
1439,1995,11.1551756578587,7.83280751652486,9.068119909916661,-.0000263732785956,-1.8753736
1439,1996,11.1249413401516,8.481980435660491,9.391519609905639,.0391943398746857,12.397956
1440,1996,12.1728518965385,8.66561319653451,8.92943528380342,-.0242729572547432,-.56918019
1440,1997,12.2207198495769,8.36869318309779,9.24061736286045,.0526880838813852,-5.0512552
1440,1998,12.2427805889356,7.98275770201111,9.354830250461131,.0822468861229297,1.3145753
1440,1999,12.3719598958607,0,9.22892657345186,.0921972169760978,4.5840664
1441,1996,17.1981139054176,12.3501729895039,14.8093970924338,.0149967533607221,40.059521
1441,1997,16.8397444118559,12.4536043728547,14.835057994036,.0542174665140034,45.593094
1441,1998,16.9052867333054,12.5267421019336,14.8640324775628,.0740200938101832,57.200256
1441,1999,16.8765380149291,10.9584091525795,14.8258424830015,.113240806963465,43.922867
1442,1996,14.2028187596538,9.10742131796834,11.4651827020845,.017462666417412,-10.330244
1442,1997,14.4034076641775,10.0991776837356,11.5789940649399,.0662528305868441,-10.966534
1442,1998,14.6945901825016,11.6489849093773,12.1708407265496,.0958116328283886,-7.0558467
1442,1999,14.7175174989479,12.1929874059815,12.7357898935197,.13503234598167,-2.1464868
1443,1996,11.617183524407,8.583916823459139,8.831697314911221,-.0484460634217585,6.8305874
1443,1997,11.7947590960312,6.39692965521615,8.80113829007111,.0098228447022173,7.9353752
1443,1998,11.9206657296001,8.17131687471973,9.09686927652934,.0197731755553856,6.7411785
1443,1999,11.8138566341336,8.34093322600088,9.350215351440671,.0780420836793614,8.3935957
1444,1993,13.7738439553818,10.8967393255464,12.7681200461264,-.0337152645157821,-3.8163865
1444,1994,14.3791414451596,11.6446114057956,12.9328245587194,-.0041564622742377,2.9044039
1444,1995,14.7786403138542,12.6791465566331,13.3795157759712,.0057938685789303,9.5832157
1444,1996,14.6354863211145,11.0008991206277,13.3399388155084,-.0144088387385891,8.7370071
1445,1996,14.866427283169,10.6320983973716,13.6211444357379,-.0119285708652738,43.555561
1445,1997,15.5065931557586,10.159020846652,13.5487442185667,-.0119285708652738,46.936508
1445,1998,15.8207755482158,9.30364854910983,13.4606411259646,.0176302313762707,44.519901
1445,1999,16.1227376601431,11.6010095996828,13.4938934160337,.0176302313762707,48.440357
1446,1994,11.6488359080743,8.77740128686726,10.9387055540701,.0101750911098622,14.998108
1446,1995,12.0536825953488,7.19067603433221,10.8599812073453,.0001247552563608,13.732921
1446,1996,11.8565702772837,9.865526046249011,11.0592376066829,-.0200779520611587,11.005297
1446,1997,11.610347719077,11.8213949737522,12.0592151390748,.0094808501803858,17.243063
1447,1996,17.9750196084733,15.0712690354394,15.6060494826308,-.0180161206535945,65.862701
1447,1997,18.0966426367382,14.7362712845099,15.8298731525027,.0017865066425853,66.290382
1447,1998,18.1337542814538,14.9291667836801,16.0433752189817,.0410072197958664,68.048569
1447,1999,18.2808660985576,13.4985850335428,16.0042474051031,-.0755265964600852,69.523766
1448,1996,16.2998805512459,11.8138741455224,13.5333533287539,.0020224417771473,47.039642
1448,1997,16.4390298495327,12.3409968177867,13.6822997996454,-.0080278940763542,49.641552
1448,1998,16.6745111638799,12.7481323664763,13.8928455106682,.0019224367768139,51.822803
1448,1999,16.6549813573969,13.6630887161683,14.3416139401718,.011872767629982,50.4762
1449,1996,17.5637148294988,13.8643378643011,15.2052154715327,.0120120547459956,51.381004
1449,1997,17.6600352698897,14.7977976228517,15.5743192475276,.0019617188924943,60.272411
1449,1998,17.6956702645269,14.6012109395345,15.7575731288605,-.0080886169610073,61.290859
1449,1999,17.7594250619721,14.4842984453767,15.8682602070121,-.0080886169610073,58.395058
1450,1996,14.3757411587778,11.1577921891931,13.6969915140202,-.091370155364747,8.9193897
1450,1997,14.6715421436764,11.4060415673328,13.6825597967407,-.0237115068909321,4.0458245
1450,1998,15.0308996441621,11.1118507051634,13.6463548300316,.0439471415828829,9.5667839
1450,1999,14.9226235784046,12.3288078434095,13.763168081799,.0637497688790624,14.638458
1451,1996,12.9626280580005,9.62714098974809,9.247992547925611,-.102760538644945,1.3336273
1451,1997,12.9245859829214,8.79102985704596,9.60279453699888,.045659466473328,.28046775
1451,1998,13.1039130359179,9.26473385580652,10.0015892868694,.0152002589886195,3.143383
1451,1999,13.1457390462809,8.28828304520769,10.041221352664,.0350028862847994,3.2975543
1452,1996,13.0013434675935,0,9.84728221378756,-.0671655362597629,-7.7588
1452,1997,12.8966673911346,7.24779258176785,9.79875461768604,-.018375372090331,-.37589109
1452,1998,13.1013079738036,0,9.6818803204789,.0111834301512133,1.7672216
1452,1999,13.1451435301879,0,9.5650103072277,.0694523382751892,5.6282578
1453,1996,10.654384638637,7.97315543344413,9.805902286685081,-.0074720148387011,.40703553
1453,1997,10.8848541611465,8.012349639327789,9.84712352896701,-.0074720148387011,3.8408899
1453,1998,10.8948857568971,0,9.743095770819229,-.0074720148387011,1.732156
1453,1999,11.1709420697745,0,9.6390661736589,.0220867874028433,3.5599306
1454,1996,12.772283095489,11.2086396433517,10.8981494419759,-.039873865187659,5.0411167
1454,1997,12.8355437180751,8.961879012677681,10.9151484624147,-.0103150629461147,5.7642088
1454,1998,12.9892946566318,11.330323868969,11.6898809836323,.0094875643500651,7.9260006
1454,1999,13.2530315409827,10.7380691890837,11.8869122898113,.0390463665916094,10.678556
1455,1996,11.7788449406399,8.741935464094141,9.549060081137871,-.148635499139148,1.3309748
1455,1997,11.6526874073454,8.006367567650249,9.61057850991255,-.0533253193348234,-3.1075768
1455,1998,11.6526874073454,8.006367567650249,9.66098277649329,.0419848604695014,-4.4629788
1455,1999,11.8565151693603,7.43838353004431,9.633697787148151,.137295040273827,-3.5144603
1456,1996,12.7175185718687,0,11.9489818518413,-.0099503308531681,.65057886
1456,1997,13.11518836848,11.0325967146462,12.148153766139,-.0099503308531681,7.5772405
1456,1998,13.3505827528997,9.21034037197618,12.0715962350884,-.0099503308531681,6.814765
1456,1999,13.5569896022884,12.0649985927145,12.6094545853492,.0292703823001132,12.28287
1457,1996,11.9742808053381,7.50659178007084,9.88591403891896,-.0549764656770061,2.260937
1457,1997,12.1057958524958,6.83840520084734,9.814421338541511,-.0254176634354617,-1.2184204
1457,1998,12.26969596675,9.359966545931989,10.1687092690577,.0041411388060829,2.1171196
1457,1999,12.310539762226,8.38776764397578,10.1998890005065,.0717997872798976,4.4709382
1458,1996,13.166952347953,9.591034531092429,10.4166075422305,-.0248877155077789,12.073584
1458,1997,13.3278690925703,11.0780572924927,11.3408171747558,-.0050850882115991,18.603004
1458,1998,13.4382509095581,10.6422770909748,11.6014362173346,.0147175390845805,22.268131
1458,1999,13.4305360757211,9.324383088016839,11.5656801410192,.0147175390845805,21.864334
1459,1996,11.5768200879123,8.909235279192259,9.575969110787041,-.0574836942638683,12.652832
1459,1997,11.8728983340486,8.66561319653451,9.7868863182773,-.0279248920223239,13.607874
1459,1998,11.8958416660363,7.99631723179675,9.82096427078106,.0112958211309575,15.346137
1459,1999,11.7676710020183,8.940760134888381,10.0369295661665,.0695647292549334,17.048048
1460,1996,12.494649754817,9.174816815907141,9.618122793039509,-.052121751122483,9.3392105
1460,1997,12.7636090134945,9.750977193313799,10.2398419250688,-.0129010379692016,7.4366527
1460,1998,12.8136262422579,0,10.1289085085944,.0263196751840799,17.940569
1460,1999,12.8128238904754,0,10.0179762790208,.0362700060372478,20.534903
1461,1996,10.913230583641,6.10702288774225,8.963851425166981,-.0124719014953204,2.2529356
1461,1997,11.0381094157769,7.04228617193974,8.99191069288819,-.0124719014953204,2.964941
1461,1998,11.0249926287468,0,8.891539080465529,.0073307258008593,6.0095663
1461,1999,11.0871071539121,0,8.79116672980774,.0172810566540274,2.3442843
1462,1996,12.20906815451,7.82404601085629,8.83064534456159,-.0074720148387011,12.631669
1462,1997,12.3533929082223,9.65502619323763,9.86584279690917,-.0074720148387011,17.173679
1462,1998,12.5303096214044,10.0249084077405,10.4924845957459,-.0074720148387011,17.588045
1462,1999,12.7222797630486,0,10.3694486467365,.0220867874028433,19.894556
1463,1996,12.8581710350201,0,8.14882153544518,0,19.495567
1463,1997,13.4178339967488,0,8.01997457105646,0,36.091366
1463,1998,13.348423818283,7.3132203870903,8.277945664353471,0,35.045853
1463,1999,12.9232229115097,9.04782144247841,9.26552906942007,0,33.294094
1464,1996,12.670165088086,12.5539086408017,13.2111757649337,0,7.1155252
1464,1997,13.5775540850417,9.243678431586689,13.1032812664739,0,15.209296
1464,1998,14.0772353872674,12.7629790521188,13.4957843801287,0,19.23558
1464,1999,14.2674883180439,10.2729800001855,13.4069687717322,0,20.27706
1465,1996,11.6107297138153,8.70979505761775,9.82387600190104,0,8.649765
1465,1997,11.7822078943606,8.71078434046842,9.982940855775761,0,16.84255
1465,1998,11.8963482251938,8.627123250788429,10.0883475514247,0,20.891565
1465,1999,11.9494332484079,0,9.97651958893565,0,22.920959
1466,1996,12.1954723352361,0,9.715813697715561,-.131588631685998,5.3066664
1466,1997,12.3480099917368,8.99776577201121,9.98369332383715,-.0454109354449452,2.0498126
1466,1998,12.4063073516446,8.450198322591961,10.0567964495922,.0128579726790306,5.6217966
1466,1999,12.405203556176,11.130067870314,11.2627189941063,.143886235085435,9.8696718
1467,1996,14.828857733631,11.4650998354876,12.8465126378888,-.0370529807027075,35.233879
1467,1997,15.0886810396235,11.6006340988198,12.992530280503,.002167732450574,36.847198
1467,1998,14.9120133257784,10.7767246349328,12.9979265039861,.0219703597467536,37.39677
1467,1999,15.0467700965185,11.1079302464467,13.0370671105902,.0119200238932521,38.023708
1468,1996,12.4326394313705,0,11.3790122851885,-.0617533962754822,-4.4524488
1468,1997,12.6186927212905,8.41183267575841,11.347797251898,-.0321945940339379,.08104343
1468,1998,12.6853060192753,10.1971641220356,11.5234924373441,.0447664471021906,1.6688819
1468,1999,12.6940394988143,9.47270463644367,11.5562061943231,.0447664471021906,6.6074247
1469,1996,13.4918242309126,11.5502694181107,12.6505494705945,-.0074720148387011,11.012244
1469,1997,13.8650897700868,11.1201495079781,12.714735832915,-.0074720148387011,13.483585
1469,1998,14.1937677094424,12.3014419144978,13.0792533506669,-.0074720148387011,15.962006
1469,1999,14.1758062861753,11.3432278893616,13.1091452009551,.0220867874028433,15.947489
1470,1996,11.7398139950893,7.21817683840341,8.486053339974839,-.0374162013854222,3.3366458
1470,1997,11.8370648204323,8.969541885423251,9.325328394107769,-.0374162013854222,.98438072
1470,1998,12.2588500880249,9.04711531087322,9.78196377903588,.0113739627840099,-1.5060316
1470,1999,12.0552148714662,8.73182058296211,9.992185007297421,.0601641269534419,1.1883007
1471,1996,12.155820913791,10.4210603627594,11.7256501276752,.0526363010806099,7.4812427
1471,1997,12.5483245760671,8.967504187316241,11.6588639453755,.0526363010806099,8.2399101
1471,1998,12.9179655224825,10.3399020812882,11.7603431998822,-.0199343917542257,11.015332
1471,1999,12.9844544171968,10.996165601716,12.0002273627317,-.0925050845890611,10.21325
1472,1996,13.8068965638153,10.7440628671625,10.6869278027704,-.0299490173598572,7.5966086
1472,1997,13.7099589129313,9.43172237267073,10.8141001945256,-.0101463900636774,7.5872335
1472,1998,13.6930366624075,10.4852281992717,11.2193970023024,.0096562372325023,12.278763
1472,1999,13.7391984662149,7.91935619066062,11.1416226245484,.0294588645286819,8.0254183
1473,1996,10.5409793068512,6.94215670569947,8.82710142262618,-.04741684063983,3.2576673
1473,1997,10.984970128487,9.10497985631836,9.52566922574719,-.0178580383982856,1.901139
1473,1998,11.1953296032765,0,9.41227662991257,.0117007638432588,1.4487659
1473,1999,11.1780669832382,8.92890541228487,9.76569566832142,.0509214769965401,4.3903909
1474,1996,13.3888621239725,0,10.670869840025,-.0616123691275225,4.9454575
1474,1997,13.8074388628654,0,10.5695024594513,-.0033434610035467,4.6761212
1474,1998,13.968178558747,11.504086516303,11.6836390761598,-.0033434610035467,6.3116546
1474,1999,14.0878666865091,12.1020223822278,12.4602577827139,.0643151874702681,7.2652955
1475,1996,11.8902300581723,8.473032295630469,8.62823354620523,-.0099503308531682,2.811419
1475,1997,12.0029004726666,7.13727843726039,8.69809707712257,-.0099503308531682,7.7140999
1475,1998,12.0047919421815,9.186150133174969,9.5104079267036,-.0099503308531682,7.3441272
1475,1999,11.8318542130194,5.54907608489522,9.402397715158139,.029270382300113,9.5829897
1476,1996,11.7641121073091,4.86753445045558,9.234974446267859,0,12.263021
1476,1997,11.857252486128,9.130430988747881,9.74615514972565,0,10.224473
1476,1998,12.1191848972618,6.37842618365159,9.677352029735861,0,12.907681
1476,1999,12.0368844671262,9.36134324551271,10.0921638749681,0,10.823448
1477,1996,13.0345938949435,7.52886925664225,10.2247119871628,-.0449810137970405,14.389731
1477,1997,13.1167476386187,10.9486639021149,11.1957939842932,-.0251783865008608,11.836044
1477,1998,12.9876106678472,10.4655574694891,11.457982360226,-.005375759204681,10.621696
1477,1999,13.1897864841217,11.2565094743924,11.9139895695203,.0715852819314474,16.111904
1478,1996,12.2608343163185,7.76514490293613,11.1787707408412,.0039038601558425,5.9958987
1478,1997,12.5098171777972,9.43444346278509,11.2080280552988,.0526940243252745,10.368135
1478,1998,12.8258986726534,10.9387872349925,11.6298886090518,-.0638397919306769,13.243115
1478,1999,13.1870036025535,10.9147793255271,11.8850626499498,.0038188565431379,13.44377
1479,1996,11.3022044336546,7.09007683577609,9.28162794196087,-.0882084310677604,4.0798631
1479,1997,11.3193407158976,0,9.16795465547975,-.002030734826708,1.150751
1479,1998,11.4616321705827,8.764053269347761,9.54217329216325,.0079195960264599,-2.8969314
1479,1999,11.7464153083386,0,9.427634850768071,.0755782445002748,2.0237672
1480,1996,11.9383565857193,5.62040086571715,8.07548931972063,-.134399765479655,-8.5336523
1480,1997,12.1797800035752,7.99193051985248,8.596318555381741,.0311146729979183,-4.499136
1480,1998,12.2002809057384,6.01126717440416,8.56377138717682,.0311146729979183,.83015454
1480,1999,12.3216309861644,7.79193595693806,8.81913313561472,.0606734752394625,6.347199
1481,1996,13.7582465748858,9.70436565706383,11.4666155225065,.133485679383674,4.427927
1481,1997,13.8693797601399,9.547954813176171,11.4953142946771,.172706392536956,7.6498647
1481,1998,13.9411205651723,9.888323152016349,11.5663050814735,-.15579767443508,7.7537227
1481,1999,14.014461326492,9.259035293514939,11.5542554904209,-.207090968822631,8.9272728
1482,1996,14.1430036007275,6.4723462945009,11.103712843698,0,19.996305
1482,1997,14.121066237537,7.68708015578313,11.0339279113688,0,17.909628
1482,1998,13.9849408027063,7.87169266432365,10.9725148219524,0,18.460333
1482,1999,13.8995618793488,10.0815918960401,11.1939343394812,0,20.186934
1483,1996,12.0701240882011,10.1745065640914,11.0144235908931,-.0299490173598573,-1.518379
1483,1997,12.327975610736,11.3347672295142,11.7411329727862,-.0101463900636775,-.46887791
1483,1998,12.9426684585445,10.4414710403444,11.8644059409901,.0096562372325021,2.871242
1483,1999,13.0764046289735,9.76388059814971,11.8684339288355,.0294588645286819,7.2042389
1484,1996,12.5131272528016,10.347948989651,10.0331420647621,-.0249374606614165,11.431254
1484,1997,12.6135347452507,10.4325852210896,10.8021335272368,-.0051348333652368,12.921175
1484,1998,12.6671233383962,9.006386515055111,10.8362833237721,.0048154974879313,15.709888
1484,1999,12.6607335402974,9.26150865855058,10.9021892624395,.024618124784111,16.159292
1485,1996,14.4401666585713,10.6404841403743,13.2737331655627,-.034984831382958,20.646477
1485,1997,14.294903926232,9.99807019502208,13.2185400907509,-.0151822040867782,22.643871
1485,1998,13.9405603602469,6.95463886488099,13.1306947747291,.0046204232094014,25.681597
1485,1999,12.8605329491835,6.66695679242921,13.0425228826177,.0438411363626828,17.85125
1486,1996,12.3643287700463,8.563695025067659,9.323677985814751,-.0195776019798821,-5.0418906
1486,1997,12.5394349669098,9.62450089845157,10.0340288542912,.0099812002616621,7.2292404
1486,1998,12.7686345497499,8.67846133901236,10.1363318986215,-.0102215070558572,5.656498
1486,1999,12.870474806291,6.91075078796194,10.0572038523197,.0193372951856872,5.5599737
1487,1996,12.5052578080269,8.66509582133973,9.97896137720277,-.0148886124937505,10.366025
1487,1997,12.5361035655308,9.218606116393209,10.2239320280801,.0049140148024292,8.2627888
1487,1998,12.5113943095136,8.596928159435089,10.2699831159456,.0049140148024292,10.061838
1487,1999,12.5298189147956,8.49699048409872,10.293402379296,.0049140148024292,12.216125
1488,1996,11.9684434317769,8.85907931788153,9.885634124316541,-.0049875415110389,3.0823247
1488,1997,12.1615458801467,9.322060621586591,10.2039291252393,-.0049875415110389,-.80375236
1488,1998,12.3078030804101,11.07986302967,11.2734708587205,-.0049875415110389,1.5686156
1488,1999,12.5321048599904,8.028781162487149,11.2063826415175,.0148150857851407,6.7204161
1489,1996,11.8337854318709,9.4588397305527,11.4212168915881,-.0902537813772483,2.5718381
1489,1997,11.948746591688,8.94858592153432,11.4339742447408,-.0132927402411199,6.5440245
1489,1998,12.1081046946716,8.360071435644031,11.414103526152,.0636683008950086,10.57761
1489,1999,12.256248057525,8.59526472683639,11.4053614121956,.0332090934102997,9.7293987
1490,1996,13.6687116379373,0,8.762818131879429,-.0684060326640604,22.096821
1490,1997,13.4722638957888,0,8.65133939500576,.0626222297423438,22.55582
1490,1998,13.5878746306596,8.46863300080086,9.118663583404279,.0007468260242563,23.180689
1490,1999,13.4634684115295,0,9.00717100186939,.0007468260242563,27.753471
1491,1996,12.8405952708994,8.603921194926061,9.45982201061266,-.0445908833278753,13.867304
1491,1997,13.093792366718,8.845057053500851,9.762609237248549,-.0053701701745939,16.097698
1491,1998,12.983181106999,8.76670599775052,9.950457012610279,.0241886320669506,16.68849
1491,1999,11.8975594573065,0,9.84030810743619,.0241886320669506,19.048737
1492,1996,14.1994633408907,12.3124666269782,12.2393299397166,-.0124719014953202,24.650743
1492,1997,14.3918977426769,10.2750511089686,12.25399243103,-.0025215706421522,32.842442
1492,1998,14.555290571281,11.6125807366302,12.5460985603507,.0074287602110159,34.847588
1492,1999,14.4188845556763,11.4127183145532,12.6989810095771,.0074287602110159,35.712399
1493,1996,12.5350885814749,7.98480338973441,10.9736969373214,0,21.289518
1493,1997,12.3543935078029,5.80814248998044,10.8786564408671,0,17.71977
1493,1998,12.3400920440604,3.43398720448515,10.7788271148806,0,18.448441
1493,1999,12.0967598855895,4.00733318523247,10.6795134155888,0,18.69875
1494,1996,12.9985973609209,8.555066843844321,9.16653476423871,-.0816670799739128,13.892321
1494,1997,12.9126046756255,7.36707705988101,9.20925978835594,-.023398171849937,16.168314
1494,1998,13.1486363766545,7.82604401351897,9.31784857969147,-.0134478409967689,17.572037
1494,1999,13.2588820419402,8.01135510916129,9.440062238650521,.10876979172748,17.069923
1495,1996,12.3337516398949,0,8.640896445721779,-.0074968284266229,7.048265
1495,1997,12.5885305880696,9.166179476190409,9.48314989430521,-.0074968284266229,1.0325791
1495,1998,12.7764956695482,9.01905879381072,9.833059723418319,.0024535024265451,1.1105088
1495,1999,12.4679840437103,8.91704256073877,10.0353838591358,.0124038332797131,2.7742674
1496,1996,12.0980307604344,8.327242607457791,9.609082934323521,-.0149625013895147,7.2530298
1496,1997,12.4806352833198,10.3162592358267,10.567761895527,-.0050121705363466,4.9370685
1496,1998,12.6378550619557,10.2035921449865,10.9567955941596,-.0050121705363466,6.5260673
1496,1999,12.6115377536383,0,10.8410484617789,.0245466317051978,18.10228
1497,1996,12.561706547773,6.10924758276437,9.882743882598181,0,10.484323
1497,1997,12.7218858108072,9.578449693540581,10.2983870405395,0,14.188222
1497,1998,12.4684369099977,5.99146454710798,10.1952911199471,0,12.890676
1497,1999,12.437791325114,0,10.0795436891798,0,11.581512
1498,1992,12.2996205103957,9.292473201514699,12.1231550593507,-.0384330416058598,17.4613
1498,1993,12.2015279352684,8.94728586934913,12.0542358698939,.0198358665181161,19.62055
1498,1994,12.0670563454132,0,11.9427462183325,.0967969076542447,20.227304
1499,1990,11.6317535839664,10.1694223581052,11.2205390109139,-.0230652729309962,-12.208507
1499,1991,11.6113901537086,8.489616423646,11.1623859464709,-.0230652729309962,-2.0219991
1499,1992,11.4009258048898,8.141481041457419,11.0917089522702,.0445933755428187,3.7948251
1500,1990,15.2457360365006,9.82590431787775,13.7257597959196,-.0759626811702539,31.014606
1500,1991,15.282777231817,9.874316175235849,13.6466407986884,-.0464038789287095,38.490093
1500,1992,15.1223653395118,11.5820689917748,13.669780723091,-.0266012516325297,37.266064
1501,1996,16.1159593239889,13.0716677990858,15.5301247470852,.0386141093979012,51.687492
1501,1997,16.1656188619257,14.6217435371938,15.7547976514986,.0485644402510693,51.67572
1501,1998,16.2410702874926,13.7619378255254,15.7797250976736,.068367067547249,53.890411
1502,1990,11.289781913656,8.51719319141624,10.3698595955478,-.049583500188828,-19.006222
1502,1991,11.2822536472352,0,10.2774035123108,-.0007933360193959,-4.2495065
1502,1992,11.3144745262464,0,10.1849830273964,.0479968281500362,2.577157
1503,1992,11.7081572585372,9.626349693960019,9.50121733532448,-.0007750841600359,4.094451
1503,1993,11.7385078867046,9.076008659180889,9.922068846072481,.0190275431361438,7.2000523
1503,1994,12.0133591662556,9.134538658559901,10.2075251413475,.0582482562894252,10.260624
1504,1990,11.8449463119839,8.455317787698149,8.131530710604251,-.127584377633482,-4.2626033
1504,1991,11.4840191822842,0,8.07096858683477,-.107781750337303,.19671449
1504,1992,11.2730163077118,0,8.01079110271003,-.0978314194841345,1.5956727
1505,1990,14.544351283141,9.332558004700431,12.5102946756141,-.0822556419427296,28.190088
1505,1991,14.6698237948394,9.29605924737872,12.4218845861486,.0487726204636744,34.633724
1505,1992,14.5129647864591,10.0557364250738,12.3862773801027,.0285699131461551,28.670895
1506,1991,12.7259333299322,7.37775890822787,11.2819651925379,-.0430594894604472,13.318708
1506,1992,12.6274826321754,8.006367567650249,11.2298434626206,-.0038387763071658,7.4241152
1506,1993,12.3091030649733,0,11.1394777846906,.0449513878622661,-3.0362384
1507,1991,11.844519295782,6.59987049921284,9.63412334553627,.0613885029488932,4.1862845
1507,1992,11.8717154547275,7.01121398735037,9.59089784437816,.119657411072869,-2.0043437
1507,1993,12.0349083071537,0,9.47358117524819,-.181447681711053,5.4963279
1508,1991,12.8154101987512,7.86134179559999,9.50661541884598,-.0430914174309482,-7.7626572
1508,1992,12.793025247533,8.91193433616143,9.849870507699009,-.0135326151894038,-3.487565
1508,1993,13.036911872457,8.51879191277993,9.977262969399471,.0541260332844109,-2.1499596
1509,1992,11.8959177172263,9.784197131344801,9.83004013140131,-.418710334858185,-.74128133
1509,1993,11.6448305358502,0,9.739143428972829,-.418710334858185,-3.0536401
1509,1994,8.424102768350229,7.39633529380081,9.7319991051485,.5212969236332859,0
1510,1992,12.5167489823753,0,10.4195872439248,-.0680654326682691,-4.2692013
1510,1993,12.4847250437769,0,10.302723298393,-.0680654326682691,-6.1278763
1510,1994,12.4253819623492,9.602450025037189,10.5981485866413,-.0680654326682691,5.8082671
1511,1990,12.4757867021137,8.131236549696119,10.5209678541707,-.106188028123494,.43819788
1511,1991,12.3253377569726,4.58496747867057,10.4104165944781,-.106188028123494,-1.644711
1511,1992,12.2022256840247,8.02092771898158,10.3893891369346,-.0479191199995184,-1.1642506
1512,1990,11.7360690162844,0,11.0659662615327,-.0726306910349076,-8.0946007
1512,1991,11.683469606141,8.52773740529191,11.0830667370689,-.0143617829109319,-9.5280275
1512,1992,11.6952470217642,0,11.0222569808169,.080948396893393,-2.4018273
1513,1997,11.6384635376293,8.80911625812527,9.757657989324199,.003241493924171,6.6338325
1513,1998,11.6453640195644,8.545780648268151,9.90620884645482,.003241493924171,8.2026072
1513,1999,11.7695577742504,8.79194198845612,10.0750935691122,.003241493924171,11.302616
1514,1994,14.3223281603327,10.6608528904226,12.4612445685467,.0457651326193505,45.789482
1514,1995,14.386391794633,10.1279102853487,12.4649979265438,.0457651326193505,45.338501
1514,1996,14.3455380403658,10.4158020673535,12.4936944661669,.0557154634725185,54.729885
1515,1990,11.9121913978356,7.35244110024358,8.49249057877587,-.0493614295377241,10.427739
1515,1991,11.9121913978356,8.69951474821019,9.237118613008789,.0089074785862517,12.370411
1515,1992,12.2115317154892,8.52317526309379,9.559235128595949,.0384662808277961,12.404074
1516,1990,15.3571435129008,11.9640138231028,13.7006349167377,-.0363962151912906,44.589195
1516,1991,15.5155875268312,12.4588060665645,13.8807611692555,.0028244979619906,48.38105
1516,1992,15.7567032735289,11.8479466493241,13.9219047192264,.032383300203535,53.114235
1517,1992,12.4615601724917,9.234837843576569,9.23472074070156,.0283209158005584,10.206875
1517,1993,12.6930852306763,7.24494154633701,9.26696642191339,.0283209158005584,15.156416
1517,1994,12.7881987743294,0,9.16757899807488,.0771110799699905,3.895875
1518,1991,10.9703298533727,0,9.96107226438706,-.0869480416506564,-2.8909247
1518,1992,11.233447404599,7.77106708606541,9.96819324719943,-.0381578774812244,.96839768
1518,1993,11.1682551580583,0,9.864720736356031,.038803163654904,.46403855
1519,1990,12.2634026224301,0,11.0279462594495,-.0049875415110391,2.897814
1519,1991,12.0871663542583,0,10.9239292688801,-.0049875415110391,4.979876
1519,1992,12.011406729683,5.40717177146012,10.8240969455543,.0049627893421291,7.3795204
1520,1990,14.8523762237943,12.1003842983637,9.98072633287693,-.104660270543433,21.870882
1520,1991,14.7996303179739,12.3845284064212,12.4303959007201,-.0003002552191901,28.585333
1520,1992,14.7163496646358,12.477343284084,13.0686777499845,.0950099245851349,32.182022
1521,1990,12.9843127200786,10.7259070688002,11.8693193694211,-.009950330853168,5.4064941
1521,1991,12.9870750485293,10.9553226496453,12.1393653743534,-.009950330853168,7.0375733
1521,1992,12.8731228348117,10.2821979233355,12.2072060030379,.0196084713883763,10.640202
1522,1990,11.5461023096648,8.006367567650249,9.03491498187007,-.0560652239329489,11.347821
1522,1991,11.2859724402802,0,8.933492727897001,.0022036841910269,10.559406
1522,1992,11.0196271105581,0,8.832149906002901,.050993848360459,11.884482
1523,1994,15.0453325286894,0,12.290424363761,.135196235486283,78.889343
1523,1995,15.2100754721483,10.8197782844103,12.3804388925923,.125145899632781,47.941841
1523,1996,15.2777401494066,11.9183905730784,12.7400561438027,.104943192315262,49.939388
1524,1994,11.8436704791378,6.92853781816467,9.3484400640132,-.0221858548220381,9.0615206
1524,1995,12.0959166813752,7.92660259918138,9.45062418610798,.143328583655535,10.310354
1524,1996,11.929425644342,9.21123996721902,9.902241776879769,.143328583655535,11.442705
1525,1997,11.9689902143182,0,8.831595088567401,.0256142985316224,15.311568
1525,1998,11.8540294491449,6.25190388316589,8.78711345268926,.0551731007731667,15.891595
1525,1999,12.1838905698889,6.92165818415113,8.80729234038362,.0847319030147112,17.905905
1526,1991,16.7331623663157,13.6320611654026,15.295674561813,-.0265897781668657,37.99939
1526,1992,16.6954696675508,13.6413940475239,15.3641583073808,-.0166394473136977,40.319714
1526,1993,16.501285232065,13.5638736491207,15.4078464814933,.0129193549278466,54.539417
1527,1993,16.1153798117225,12.6863607082264,15.0495765654035,-.0210056780620875,48.407459
1527,1994,16.1855466901218,13.7303262381614,15.1684118243292,-.0012030507659078,46.390614
1527,1995,16.5642515575005,13.1877840093677,15.1712839055658,.0283557514756367,48.626122
1528,1995,14.6443974887757,12.2060726455302,13.9175913110761,.0783619991833471,38.03117
1528,1996,14.7748719419651,11.719085611244,13.9047942512865,.107920801424892,39.978508
1528,1997,14.6770004386041,12.4916838251629,13.9984672463528,.137479603666436,37.674419
1529,1991,11.4471469975526,7.80220931624712,9.62172790783611,-.244264377054152,10.32522
1529,1992,11.3801909881469,6.05443934626937,9.53956497929666,-.139904361729909,11.041213
1529,1993,10.9417154553304,6.58479139238572,9.48085593950605,-.129954030876741,9.6412439
1530,1990,11.2357216368061,8.29704514908183,9.259035293514939,-.0327898228229908,5.7976241
1530,1991,11.2731569821324,5.10594547390058,9.174298600628919,.0160003413464411,8.884882
1530,1992,11.2500400647351,0,9.072984532612161,.0160003413464411,9.0652866
1531,1991,12.1461323568121,7.69621263934641,9.258768565880381,-.0153254102875867,1.5905423
1531,1992,12.3194040780862,5.7037824746562,9.1876549935428,.0142333919539577,5.8615594
1531,1993,12.0013470195896,7.78280726283969,9.312653248295449,.0437921941955021,10.597427
1532,1990,12.6640097980271,7.14519613499717,12.2338823461694,-.0265120945401105,23.722172
1532,1991,12.4511184470782,8.841014310483891,12.1784095253475,.0030467077014339,16.908829
1532,1992,13.9737350034319,9.738318054559739,12.4678217208076,.0228493349976137,21.220427
1533,1995,11.5184876309358,7.57455848420248,8.226600219738479,.0502186082857694,7.493928
1533,1996,11.1632859191728,5.95583736946483,8.22673393281716,.0894393214390509,5.499197
1533,1997,11.0341273708771,0,8.1341742721379,.118998123680595,4.0715342
1534,1990,12.871620603555,7.62559507213245,11.1737535875959,-.0327898228229908,14.117138
1534,1991,12.7117348187426,0,11.0636087777814,.0160003413464411,10.478264
1534,1992,12.2671331387274,0,10.9534574161208,.0160003413464411,14.376356
1535,1990,12.5658593591378,7.60090245954208,10.8331287687784,-.0746725448953924,2.1793618
1535,1991,12.6234490382635,0,10.707225298171,-.0258823807259603,5.5435843
1535,1992,12.5865104689162,9.539500223874271,10.8683246093295,.0229077834434718,10.089856
1536,1991,14.9433255833866,12.1453986474948,13.1699800914456,.0445441910846415,22.972923
1536,1992,15.1597585234131,9.91279411185643,13.0843931460727,-.028026501750194,28.094019
1536,1993,15.3211188713053,11.1369366314264,13.0988740505752,-.0180761708970259,32.567562
1537,1991,11.4117593626712,0,11.8022963605571,-.0441763623328289,4.0471139
1537,1992,11.3635572608533,0,11.7098482366414,.0046138018366032,9.3732786
1537,1993,11.3630139033849,6.91174730025167,11.6257960096325,.0046138018366032,9.269083
1538,1993,15.8286028202157,11.2018382840721,14.3774516973161,-.0643058289725096,53.963463
1538,1994,15.8494675065785,12.1007121298723,14.4173195598687,.0926979198371551,33.205734
1538,1995,15.9078876268271,9.495068084601529,14.3087268027058,.178875616078207,34.857632
1539,1990,11.5909287098433,0,9.48721424571136,-.199700327064753,8.4329863
1539,1991,11.2051268519872,6.13339804299665,9.412709624073919,-.150910162895321,8.4664173
1539,1992,10.9533594781769,5.92157841964382,9.332823456190731,-.223480855730157,9.6953182
1540,1991,10.9486990644771,8.44225410475174,10.3656543035136,-.0330478540462004,2.6135969
1540,1992,11.0564025123369,9.441452092939571,10.6090819441478,.0061728591070808,-.9432261
1540,1993,11.1173241419827,8.378160982720679,10.6108654937848,.0259754864032607,3.6145008
1541,1990,14.5312721435213,10.5918734159944,11.2072830671415,-.0920895445764231,13.098807
1541,1991,14.580432253891,8.8495139654864,11.2031041173858,-.0338206364524474,16.342007
1541,1992,14.5143286694393,9.476006870370281,11.2726573720849,.0244482716715284,20.12606
1542,1990,11.16662509003,6.39692965521615,8.875287128108379,-.0496469398894138,-14.322179
1542,1991,11.1373880231038,7.56682847920833,9.00850566598322,-.0200881376478693,-3.998709
1542,1992,11.3597742854761,0,8.88257214531836,.0660895585931831,-7.0854473
1543,1990,12.0979304869105,8.216088098632319,9.15196945864985,-.0815799869924231,5.722609
1543,1991,12.2163199619817,0,9.03622505172933,.0137301928119018,6.082211
1543,1992,12.1610752795994,0,8.920415786971621,.0625203569813339,7.1803837
1544,1990,13.0561174171422,0,8.285513309079739,-.0967825498807772,13.799259
1544,1991,13.0432340125063,0,8.18163653552304,-.0967825498807772,19.383587
1544,1992,12.9971140768927,0,8.077602368578701,-.0672237476392328,17.627628
1545,1990,11.3181620279903,7.17011954344963,10.4106063143708,-.0066445427186686,1.4308207
1545,1991,11.2892065847874,0,10.2996629781816,-.0066445427186686,-7.2338381
1545,1992,11.444492660706,9.21034037197618,10.4919545415209,.0131580845775112,8.4223166
1546,1990,13.0595667077489,0,8.70251025718999,-.0495835001888278,22.857103
1546,1991,13.1511663982367,5.12396397940326,8.630593302743771,-.0007933360193959,22.317556
1546,1992,12.6465296494805,6.76272950693188,8.678427295879709,.0479968281500362,27.220676
1547,1990,12.9433487780203,9.14676139033331,11.050572494655,-.18894436914407,14.714538
1547,1991,13.0867757511774,0,10.9337085744312,-.102766672903018,14.291035
1547,1992,13.0133027598046,9.309280319831091,11.0069182141782,.0542370759066469,14.237732
1548,1991,10.5867562385144,0,8.858169554925739,-.0520799848654359,-3.048887
1548,1992,11.0102642220775,7.09007683577609,8.908518806370679,-.0032898206960038,6.8764319
1548,1993,10.8518655334347,6.10255859461357,8.8542509708595,-.0032898206960038,7.3921747
1549,1990,11.9183905730784,10.4631033404715,11.2957391341301,-.0541282720382186,7.7803941
1549,1991,11.8493977015914,0,11.1842463826839,-.0541282720382186,12.802389
1549,1992,11.9903887020298,0,11.0727648694131,-.0541282720382186,11.648408
1550,1990,12.1544223795411,0,9.55307865017604,-.0630205982467323,-38.38007
1550,1991,12.6081081832339,9.863238310628439,10.350833294608,-.0630205982467323,-22.55551
1550,1992,12.7546992620335,9.279306576440909,10.5555627073206,-.0334617960051879,.34209302
1551,1990,13.9776462372906,11.1444815374315,10.9891159136459,-.122667796871889,9.1628122
1551,1991,13.9168272831511,11.9012240681565,12.1810158291256,-.0834470837186079,18.193222
1551,1992,14.0072685098526,9.20552881497896,12.1178379751677,-.0442263705653265,19.203991
1552,1990,14.6142095839853,12.188305744736,14.165624324376,-.0557815404587607,26.507277
1552,1991,13.9583498478074,10.7085561787056,14.0930327431075,.0118771080150541,41.295162
1552,1992,13.5504461810668,9.383873422737061,13.9922425220507,.0414359102565986,50.356098
1553,1990,16.1309617268924,12.2240697222318,14.7170587506755,-.0166276577698561,34.06884
1553,1991,16.0504846813479,12.3368947463359,14.6889722408645,-.006677326916688,40.783154
1553,1992,16.1653763908055,12.2349904656876,14.65229377559,.0228814753248564,46.419254
1554,1990,11.1937068580754,8.294049640102029,10.8361239629464,-.135027013459219,-12.38279
1554,1991,11.4167851011347,9.16951837745593,10.9167724999755,-.0862368492897869,-18.724257
1554,1992,11.4664721033497,0,10.8133053802942,-.018578200815972,-20.311989
1555,1992,15.5041405959415,11.6162218517791,14.1371959344148,-.0308809115500747,32.975281
1555,1993,15.5462592444447,10.5163461618672,14.0505818896296,-.0209305806969066,41.216305
1555,1994,15.6428672879449,11.4869202412827,14.0124006431898,-.0109802498437386,41.854874
1556,1991,11.4576946039708,6.21460809842219,9.63884469404389,-.0707690708882074,.97576642
1556,1992,11.5442626202793,0,9.52199284506654,.0335909444360356,-2.6782031
1556,1993,11.6737206875162,0,9.405133830265459,.0335909444360356,-1.2244893
1557,1992,12.3967338477022,8.9398431242785,8.9304412668395,-.0073211619829506,5.4791594
1557,1993,11.5177973588393,0,8.48580571817461,-.135154533492836,6.51122
1557,1994,11.6382291648158,8.831711917821581,9.26664508818665,.0132654716254378,8.493557
1558,1991,11.942318399734,9.974830992604261,9.11526016572591,-.0574093744102023,4.2218633
1558,1992,11.2565713007815,7.28961052145117,9.169174568360351,.0287683218308501,7.1680126
1558,1993,11.0116970949045,6.68461172766793,9.150282464546811,.168530264206009,7.1476941
1559,1993,10.8879151581071,0,9.96826823185104,.0019065782705814,-5.0472393
1559,1994,10.8947128829302,0,9.855562264253701,.0019065782705814,-13.847089
1559,1995,11.0157509574744,0,9.742843335254999,.041127291423863,-6.0740948
1560,1991,11.7782402953108,10.7567106809427,11.1502123277792,.0012820715025564,-8.7642117
1560,1992,12.0647278072861,8.575462099540211,11.1252816107691,-.0500112228849943,-2.131568
1560,1993,11.8159790382325,0,11.0239086247572,-.0012210587155622,-1.1755602
1561,1997,16.7932518632904,12.3172561744908,14.2440668670061,.0069323368110651,24.790245
1561,1998,16.8562532925733,13.1242515936016,14.4188255868879,.0168826676642332,25.563612
1561,1999,17.057055133284,12.4715436176417,14.4534735158623,.0268329985174013,29.561943
1562,1994,16.0069139248841,13.4084561876477,14.9241914873184,.0089110072904858,46.508167
1562,1995,17.3739987959347,12.9601620445262,14.9366182829702,.0577011714599179,61.910286
1562,1996,17.5698173463856,11.953905711112,14.8670001764218,.0577011714599179,61.301975
1563,1990,14.0709173418643,11.0020998412042,12.0668163253066,-.0132452267500206,-8.4189835
1563,1991,14.0543563151817,9.00417684069666,12.0217464808517,-.0132452267500206,1.6617072
1563,1992,14.0367076006746,11.1744973168005,12.2953066755954,.0259754864032607,8.5127783
1564,1990,15.0534789496881,9.735601303538431,12.3684040574476,-.0331768446945573,-12.615591
1564,1991,15.1090120308704,11.4364331139817,12.6152840607917,-.0036180424530129,10.168429
1564,1992,15.1052319721085,10.7228928645666,12.6564330410259,.0356026707002683,15.374665
1565,1992,15.8969359999298,12.6735010868238,14.171161838138,-.049583500188828,33.649242
1565,1993,15.894033783044,12.8155501321803,14.3327441467978,-.0007933360193959,40.01825
1565,1994,15.9093044576401,12.0568415115358,14.3614535260305,.0479968281500362,42.875088
1566,1991,11.6508136830622,6.5510803350434,9.32373155533014,-.161845421362435,2.4641585
1566,1992,11.4829641588768,7.49164547360513,9.376701909191411,-.113055257193003,4.3288078
1566,1993,11.2357387762879,8.3466420902212,9.588769958357901,-.0453966087191877,5.7514424
1567,1990,13.4840994919842,9.952277716705559,10.8610929575445,-.0519803083394125,10.15868
1567,1991,13.300839408608,8.909235279192259,10.9009342183713,-.0031901441699806,19.112375
1567,1992,12.9384076013859,8.1086232683546,10.8614977960415,.0166124831261993,17.635784
1568,1992,16.2478290604394,12.8842812998507,15.0321790005441,-.0340280369538378,24.650524
1568,1993,16.2938701720266,13.1039529405611,15.0523415118111,-.0440783728073392,29.105677
1568,1994,16.4401198654741,13.3827811332679,15.1077911460813,-.0242757455111595,38.001133
1569,1991,11.6570861005367,8.57960445153763,8.517793011488211,.0350913198112702,4.6209507
1569,1992,11.460609425535,0,8.404919948933451,.0350913198112702,8.0950422
1569,1993,11.1886416468739,0,8.292298107063219,.0350913198112702,9.6589212
1570,1991,15.4443911904602,11.6914899728865,11.716983235992,-.0289225414366622,16.687365
1570,1992,15.4969449757937,11.9067632368374,12.4179720173299,.0387361070371527,19.480089
1570,1993,15.4632980655613,11.6845735962077,12.6986639295939,.0779568201904341,22.72415
1571,1990,16.016931536209,12.3370789778716,13.4210951761526,-.0298500219688853,41.037296
1571,1991,16.086690726343,12.0402364552961,13.5627564080671,-.0002912197273408,42.852615
1571,1992,16.007974829763,10.5556564763675,13.5179455430553,.0292675825142035,60.169342
1572,1990,13.1717133848323,9.21034037197618,10.1964183264236,-.0757257105281355,8.3825235
1572,1991,13.0984969533884,9.360224821513469,10.462431686391,-.0365049973748541,13.778959
1572,1992,13.2175177147801,9.39938924951956,10.6532938556442,.103256945000304,18.705309
1573,1990,13.8346400438496,11.3007465813807,12.426027117131,-.0345946447644991,17.062923
1573,1991,13.9031497794849,11.1437440689393,12.5773882401882,.0046260683887822,22.04524
1573,1992,14.0203322816777,11.4976087608583,12.7727483109237,.0145763992419504,22.601566
1574,1990,15.0047723161882,11.3939392057306,12.6846333087089,-.0898759315425016,34.920963
1574,1991,14.8302921426444,9.89090877032927,12.6465756927145,-.0700733042463219,40.479553
1574,1992,14.8735424394036,13.5491345572329,13.8181476777054,-.0502706769501421,37.537907
1575,1991,13.4996872509636,0,8.935903526274419,.0177377001434151,20.656027
1575,1992,12.8687605222781,0,8.81858584285121,.0946987412795437,67.798889
1575,1993,13.0277601319713,0,8.70134640303916,.0744960339620242,42.776272
1576,1991,15.274181479012,10.3998287821011,13.3225449896484,-.043059489460447,29.738459
1576,1992,15.2931524046126,11.4928349962517,13.365596416827,-.0038387763071657,42.807362
1576,1993,15.1566176844744,11.1334350740343,13.3583328043953,.0449513878622663,46.995506
1577,1992,11.2743880335361,0,9.795323109545571,-.0887041988378477,.84741247
1577,1993,11.2175056357068,9.615805480084351,10.302283806519,.0066059809664774,4.898725
1577,1994,11.2133245135036,0,10.1763770016371,.221717360583423,6.8330679
1578,1994,12.7079743999417,0,11.109340089058,-.0519614623690871,-1.2124026
1578,1995,12.42238049983,9.21034037197618,11.1339187266584,-.042011131515919,3.119616
1578,1996,12.6928533245331,8.15937473677543,11.0690666616352,.0532990482884061,5.9362078
1579,1991,10.5833720715274,0,9.144339448716361,-.0696659782331028,-4.0306649
1579,1992,10.8205070987606,0,9.04447467181345,-.0208758140636707,1.3386849
1579,1993,10.6054100116979,5.7037824746562,8.967440442296301,.0183448990896107,-2.4518771
1580,1991,11.3674928702945,0,10.4633975828923,0,2.0003648
1580,1992,11.3133766771622,4.18965474202643,10.3526696605895,0,5.5524611
1580,1993,11.2921891685308,0,10.2399490748142,0,7.0652099
1581,1990,13.7139895508398,7.1608459066643,9.782787767298339,-.141226038079244,13.996099
1581,1991,13.5940504803128,0,9.658398705049409,-.0924358739098119,14.557702
1581,1992,13.7168254331144,7.3790081276283,9.63758001809517,-.0628770716682676,22.65889
1582,1990,12.4651558923154,9.463974330288391,12.2992259555077,0,-10.74808
1582,1991,12.965805157332,0,12.1740049285926,0,-2.0730405
1582,1992,12.8035664524809,0,12.0487829608447,0,.027843656
1583,1990,13.6126686554913,8.40065937516029,11.0274588983378,-.114164392010487,-2.2120998
1583,1991,13.642748062855,9.545955098183271,11.1444945466992,-.0558954838865109,2.3158042
1583,1992,13.6678102569875,7.77233157516961,11.079560757382,-.0558954838865109,4.775074
1584,1990,12.7935636115557,8.38685668968823,10.0588660497156,-.0726306910349075,25.096693
1584,1991,12.6988076644202,7.39141523467536,10.0086220426521,-.0238405268654755,22.450581
1584,1992,12.1759083678269,7.16857989726403,9.943289827318891,.0894881584415277,21.522055
1585,1991,15.2834475839016,11.4067979886066,13.2517205952704,-.482106957361481,28.179714
1585,1992,15.3615942957874,11.2118203721863,13.2792667792991,-.299785400567527,29.147877
1585,1993,15.471288567496,11.6889690229712,13.3703236311704,-.134270962089953,33.306095
1586,1993,12.9464355592534,8.43010908450912,11.2123729222051,.0211085146773726,19.059111
1586,1994,12.9300579247495,10.2750511089686,11.4351055350947,.0793774228013484,25.544739
1586,1995,12.7017590624433,10.1996584923838,11.5804140055186,.0991800500975282,21.309557
1587,1990,16.248043034744,13.0080450825953,14.9414675490775,-.119457484835417,46.035969
1587,1991,16.3203892257156,13.1503948002033,15.0096473671005,-.0611885767114408,47.793076
1587,1992,16.3714150588093,13.7346626929052,15.1691211256399,-.0123984125420089,55.022778
1588,1990,16.3085830564314,11.8214978083135,13.124648763918,-.0560652239329489,43.900902
1588,1991,16.4012974247573,11.973913576289,13.3193577598649,.0022036841910269,51.145935
1588,1992,16.6252485382179,11.8253830734034,13.4336783792293,.0509938483604588,53.065914
1589,1991,12.9793772153593,10.2822663953818,10.1302724660366,-.160917235943306,15.567743
1589,1992,12.3887119936093,0,10.0201232636006,-.0839561948071775,18.963203
1589,1993,11.8312921602711,0,9.909464654022401,-.0740058639540096,16.579794
1590,1997,15.7852952847622,13.1756026770947,15.1564246346612,.08540351845924,57.438751
1590,1998,16.0000275121639,13.5105616005027,15.219111959502,.10520614575542,59.56488
1590,1999,15.7310405833002,13.4551273182164,15.2636531449329,.134764947996964,60.918175
1591,1994,12.2060515824081,0,8.14174309215117,.155703770251105,14.441352
1591,1995,12.3415455956076,7.22766249872865,8.36941218209666,.241881466492157,15.841222
1591,1996,12.379331761054,9.154510487015511,9.39341997471403,.281102179645439,20.202972
1592,1990,17.0119542404493,12.052921466036,13.7796854332698,-.077680041852412,35.101608
1592,1991,17.0959252104836,12.4274466320878,13.9110023576383,-.0288898776829801,42.186642
1592,1992,16.9391422374054,11.9848959087675,13.9386147002776,.0103308354703012,53.447701
1593,1990,15.6645602726199,11.7453537791617,13.3065332250559,-.0364926363590259,25.665455
1593,1991,15.5255988197617,10.8645604271822,13.2822815077541,-.0069338341174814,33.773479
1593,1992,14.7437534431921,10.160568654878,13.2069820608511,.0418563300519506,43.625366
1594,1991,17.8664718027847,15.0988218528303,16.6309221037303,-.0796003351344721,75.839867
1594,1992,17.8732741257844,15.0559438271531,16.7060796630529,-.0796003351344721,67.228622
1594,1993,17.9193963194332,15.2328592044749,15.5314009256731,-.0500415328929276,68.069778
1595,1990,11.5272112028323,0,9.40771473139643,-.0364926363590259,3.4747031
1595,1991,11.8425744762433,0,9.306177685548359,-.0069338341174815,6.5283785
1595,1992,11.7603423244232,0,9.20475480168157,.0418563300519504,6.7074394
1596,1990,14.3905091360564,11.2154354515274,12.6512615453546,-.0560652239329489,29.142801
1596,1991,15.1511235426998,11.1588186491372,12.7429951637138,.0022036841910269,30.188101
1596,1992,14.7527796962236,10.9348910915108,12.776036139386,.050993848360459,29.157551
1597,1990,15.2317207862112,15.0958848024345,14.7020544059106,-.0198026272961799,30.935844
1597,1991,15.1904893889497,13.6670523121148,14.9147613094383,.0097561749453647,41.867443
1597,1992,15.1560332715292,0,14.8029354245175,.0097561749453647,52.947926
1598,1990,12.7871305773642,8.569026340056251,11.2667179740575,-.0511682865743993,-16.225664
1598,1991,13.500450290209,0,11.1509752024023,.0164903618994154,11.306383
1598,1992,13.3294713093305,0,11.0352234792725,.0164903618994154,23.148184
1599,1990,16.5478442343131,10.2679570399408,13.7302402099583,-.0265120945401104,7.790339
1599,1991,16.6016922826222,10.7527192561283,13.68308666612,.0030467077014339,22.202568
1599,1992,16.5488431827921,11.8505042320179,13.7371561825887,.0228493349976137,16.140717
1600,1990,10.9177299723581,8.1786387885907,8.251663923605591,-.150620561427592,-7.3490057
1600,1991,11.0023724904398,0,8.15398265120491,-.0644428651865397,-.055534292
1600,1992,10.7943958741533,8.27512163021651,8.83352102805793,.0125181759495886,-2.2046173
1601,1991,14.6221268157615,12.3624266106265,13.2131230374624,-.0332264520523309,46.920498
1601,1992,14.5927275739052,10.7012649821742,13.18331415779,.0059942611009505,54.591774
1601,1993,14.4457102324496,9.28145099943413,13.0923209902544,.0921719573420029,57.959049
1602,1990,12.1913870379295,9.40475517645752,10.4031106617941,-.0855658883296468,9.8237104
1602,1991,12.3025298562828,9.28924396957165,10.5947930382167,-.0086048471935184,15.145169
1602,1992,12.2971032192443,8.970177815492381,10.671795543678,.0867053326108065,9.0943842
1603,1990,14.5631121411638,10.80084008339,11.9984394345791,.0142547661368021,22.390104
1603,1991,14.5652854083008,11.4849785629193,12.3824922366047,.0340573934329816,24.512962
1603,1992,14.205960163333,12.9653960679307,12.4462247282091,.0035981859482731,.089650422
1604,1992,11.3629467801641,0,9.844936404586241,-.12070717737267,10.50905
1604,1993,12.0431241628847,6.51025834052315,9.75315872677835,-.0814864642193889,9.6742163
1604,1994,12.0601315145966,7.43779512167193,9.72207358375954,-.032696300049957,-1.3857738
1605,1990,9.510444964426521,7.60090245954208,8.9226582995244,-.0337828779675689,-12.214484
1605,1991,9.58190392840867,0,8.822263213469251,-.0139802506713892,-8.863245
1605,1992,9.923290179832311,0,8.721895747991759,.0155785515701552,-8.6799412
1606,1991,12.2369849003734,0,10.5101150533853,.0403128137028361,3.1886225
1606,1992,12.0799707287325,0,10.3986196749722,-.0109804806847144,.055344239
1606,1993,11.640394770216,0,10.2871330005044,.0472884274392612,5.6035771
1607,1990,15.8564807633646,13.2816755708154,14.6469782076933,.0844419970388005,46.079319
1607,1991,15.7184290068036,12.1466463679124,14.6043762440432,.03314870265125,62.679474
1607,1992,15.9489928715946,12.1300551591063,14.5619435914478,-.0181445917363006,63.590168
1608,1991,11.0469035869103,8.1605182474775,8.65189889426853,-.348852068174869,1.2632521
1608,1992,9.794140618414939,6.90775527898214,8.716207971151849,-.20909012579971,-11.826106
1608,1993,10.8157918659469,0,8.612576095848789,-.122912429558658,-5.9089141
1609,1993,13.1266054392814,0,10.6107964805022,-.0351378276011897,1.6247458
1609,1994,12.9846614915011,9.10497985631836,10.7455696918099,.0136523365682424,3.566834
1609,1995,12.9409276047079,8.361941906144949,10.7677057391172,.135869969292491,6.4341769
1610,1990,10.5365308090264,8.006367567650249,9.245128197461851,-.0033277900926745,-1.3792976
1610,1991,10.3823801291991,0,9.13241126241298,-.0033277900926745,-2.8434546
1610,1992,10.7008338603176,0,9.019700312173491,.0066225407604935,-1.0132337
1611,1990,11.0588487267545,0,9.33987629332522,-.185582857245013,-14.990973
1611,1991,10.9884906856139,0,9.226440073465611,-.117924208771198,.13667388
1611,1992,11.0880502388877,0,9.11313539818299,-.0883654065296537,-3.7999508
1612,1990,16.1180956509583,12.2548628096996,13.95785698377,-.040048499002352,39.81284
1612,1991,16.1973928500401,12.1085535278179,13.9962512825679,-.0202458717061722,33.746037
1612,1992,16.248550415613,11.6307262782464,14.2020780251525,-.0102955408530041,38.752808
1613,1990,11.3012581513991,7.14991683613211,10.0621565806649,-.156903730515695,8.5977859
1613,1991,11.4759839558464,7.91753635394363,10.0693324448824,-.156903730515695,10.751772
1613,1992,11.5370644391341,6.41836493593621,9.98448672572758,.0899563474158313,11.680247
1614,1990,12.1581945652857,9.21830854162536,10.6900339973546,.0131298200762935,.79088819
1614,1991,12.2307652581205,9.68034400122192,10.9073385107545,.0030794842227921,6.1270332
1614,1992,12.146347916308,9.47270463644367,11.0172429369137,.0326382864643365,11.422494
1615,1990,13.7257711458282,10.1658518170036,11.7462806991208,-.0898622028546107,-12.092725
1615,1991,14.0176369708678,10.1658518170036,11.8444892462387,-.0506414897013293,1.7427176
1615,1992,13.862982619022,9.305650551780509,11.8231659229496,.0076274184226463,6.5680962
1616,1991,15.0632322692202,11.5636185792857,13.023445176513,-.0551584637311118,15.988037
1616,1992,15.1329638217932,11.2239091695053,13.0736839271059,-.0753611710486312,16.743639
1616,1993,15.1510904045397,11.136047813714,13.1031436561854,-.0955638783661507,23.888906
1617,1993,16.6552437459987,12.2010601037066,16.0582097880673,.0090498137361799,61.731956
1617,1994,16.6000751419666,13.7589402064759,16.0599641343957,-.0852608657350614,45.217548
1617,1995,16.4812144894708,13.9900830011145,16.0805796335852,.0009168305059911,47.958408
1618,1990,14.9507761642804,7.97246601597457,11.8769294854928,-.0892311337279426,14.585886
1618,1991,16.0175568255797,10.0432494949113,11.9209918534796,.0417971286784615,18.37487
1618,1992,15.9491348405575,11.7360690162844,12.436180688374,.0417971286784615,29.15485
1619,1993,11.9272175008733,8.40581460343285,10.0531481670905,-.051383066104183,18.20719
1619,1994,11.9271912715371,0,9.94301110444451,.016275582369632,18.364054
1619,1995,11.9297846441767,8.887376485379759,10.1264070787586,.0554962955229132,17.954142
1620,1995,11.1007680130009,9.13270310224903,9.38708809042069,.0178506874170889,2.5197213
1620,1996,11.09361495004,7.94803199063728,9.47703371398948,.0178506874170889,1.1921085
1620,1997,11.7727480405429,5.98896141688986,9.389924853060251,.0474094896586333,3.9673316
1621,1990,12.4336065451457,9.778491062361439,10.4436292306362,-.00329456694943,6.8649788
1621,1991,11.9977246536667,7.32843735289516,10.3773493544526,.006655763903738,4.5103898
1621,1992,12.0938366963029,7.02908756414966,10.2982118507782,-.0033945719497634,4.2624245
1622,1990,11.4927227576527,8.51719319141624,9.38160098141071,-.0066445427186685,-9.9374361
1622,1991,11.8775685785581,9.01225522000275,9.856883247634711,.0033057881344996,-4.8296351
1622,1992,12.1709634684166,8.56426759880217,10.0392676648942,.0033057881344996,-5.0545602
1623,1990,13.7906566178597,9.84458644461597,12.6480593145349,-.0331768446945573,6.3447485
1623,1991,13.5994111686013,10.6237634004843,12.6650867353825,-.0133742173983775,6.3038173
1623,1992,13.584718843588,0,12.5482162693886,.0448946907255982,18.378883
1624,1990,15.172894985457,12.6702436731772,13.1638872055817,-.105800538833428,-2.4576128
1624,1991,15.3982596165817,12.8333257198955,13.6297770671376,-.0475316307094522,5.8565192
1624,1992,15.4813300619255,14.1894911909124,14.5655070073616,.0012585334599799,20.147194
1625,1990,12.0957057298502,9.52515111181622,11.8097654752068,-.0560652239329489,9.8873987
1625,1991,12.1077177185172,9.017362234993699,11.7622917746776,.0022036841910269,11.70439
1625,1992,12.2486425077178,6.72503364216684,11.6576135149988,.0509938483604588,14.206462
1626,1990,16.1514005439125,13.6631888711757,14.0149858118981,.0145379786604786,38.515694
1626,1991,15.9377715831988,13.7119107136368,14.490309840596,-.0367553157270719,39.438461
1626,1992,15.8991689990653,14.1372229737977,14.9333741455044,-.0880486101146226,50.012833
1627,1990,13.9024836304703,11.7566007894539,13.3589758146655,-.0397334022186001,6.7099791
1627,1991,13.5383511104515,0,13.254947971957,-.0199307749224204,11.004575
1627,1992,13.5931160900521,0,13.1509210962047,.0570302662137078,22.554953
1628,1990,15.2675113437849,12.4588177166201,13.4315099308024,-.009950330853168,36.601662
1628,1991,15.1955183010944,11.917076376567,13.5619708126439,-.009950330853168,38.241112
1628,1992,15.1231219177686,11.2916801109391,13.5860929911111,.0196084713883763,55.644115
1629,1991,13.0766610273898,0,10.3129845217577,-.0101733012659181,-18.099316
1629,1992,13.5232324489897,0,10.2129262243895,-.0101733012659181,-14.608857
1629,1993,13.4017775403142,9.2259184019395,10.4376858938239,.120854961140486,-7.2908869
1630,1991,12.9763549640194,9.923437227843751,11.2376277224874,-.098335900720862,17.143208
1630,1992,12.8409479811257,8.404248432400101,11.1975514865411,-.0030257209165371,20.91235
1630,1993,12.6949888994548,7.80791662892641,11.1321700424774,.092284458887788,21.202211
1631,1990,11.8035211387603,0,9.80983599645467,-.0296882437018247,5.4557986
1631,1991,11.4630462646199,0,9.695675865218901,.0095324694514566,9.4932356
1631,1992,11.0648088596332,0,9.581517646915019,.0194828003046248,5.5555611
1632,1992,11.0649282914514,8.9273141110606,9.53692099030633,-.199631988179209,-.44527352
1632,1993,11.1131097758284,0,9.425096849913301,-.131973339705394,2.1819978
1632,1994,11.084972335049,9.10497985631836,9.86862174300979,-.0550122985692656,2.529933
1633,1992,12.9049609977413,7.36201055125973,10.5433394360378,-.0368575403858924,-6.3081031
1633,1993,12.7777429760283,9.14729407025855,10.6703683494731,.0675024749383504,4.9863915
1633,1994,12.8122876762562,0,10.5703266914024,.171862490262593,3.2155266
1634,1990,15.208378941466,11.3038080853891,12.0384820533362,-.0655651593347229,14.30919
1634,1991,15.3269920176416,11.7552596916704,12.5226023450683,-.0360063570931784,17.499628
1634,1992,15.254285081669,11.9413841822038,12.8750982254414,-.0064475548516341,20.423059
1635,1990,10.7107049588702,7.64108424917491,8.84231554684186,-.0591490238531331,-2.2420397
1635,1991,10.6165805185231,0,8.742015333109,.0085096246206818,-8.3348589
1635,1992,10.1653840641567,6.57507584059962,8.75438164965103,.0477303377739631,-4.7888799
1636,1990,13.5983329251156,11.2660781869568,13.4314512032234,-.0363962151912907,22.114321
1636,1991,13.6175594942821,9.568923494184221,13.3464698249851,.0028244979619906,18.66778
1636,1992,13.7756589258235,11.391932282301,13.3764814274179,.032383300203535,19.842543
1637,1990,14.3152133072765,8.92811007820265,12.6800402827049,-.12577574179296,10.888085
1637,1991,14.4096920324176,11.8716483105263,12.9523664395205,-.12577574179296,16.406778
1637,1992,14.2497230749259,12.1951987383116,13.2337052689144,-.242309558048912,20.521301
1638,1991,16.1980380098248,10.9761151442322,16.3880399145084,-.0776398230572262,53.279663
1638,1992,16.1050378904534,14.5201306720057,16.4526327879099,.0267201922670167,62.084705
1638,1993,15.7545934998831,13.8824970179532,16.4450989339172,.0465228195631965,57.428154
1639,1992,14.1794758456537,0,12.5617629548753,-.0024027780536886,-7.9178395
1639,1993,13.7848271649161,0,12.5013761013172,.0271560241878559,4.9826679
1639,1994,13.8713925033828,6.81563999007433,12.4442801634208,.0469586514840355,10.73134
1640,1990,11.6661133717163,7.81923445385907,8.24800570160062,.0147784207359188,-2.1538546
1640,1991,11.6895046561878,6.96885037834195,8.397395627960639,-.0577922720989169,8.0732136
1640,1992,11.4915643229594,0,8.271369376378811,-.0090021079294848,2.8981857
1641,1990,11.6497680777827,0,9.075207697984689,-.0298823744818696,-12.122487
1641,1991,11.7133016395802,6.39692965521615,9.05071138022979,-.0100797471856897,-2.1348095
1641,1992,11.7832643689825,7.8935720735049,9.23793608356698,.0387104169837422,-3.2546837
1642,1992,15.1204548043021,10.6426830465879,12.698388923351,-.0622767762943054,39.127827
1642,1993,14.899986224773,10.2658015669883,12.66121324008,-.0327179740527609,43.233582
1642,1994,15.0174713016365,9.958591078762151,12.6025252628756,.0534597221882915,42.933453
1643,1990,10.6615848908723,5.52146091786225,8.744009988096741,-.283191808804465,1.8558915
1643,1991,10.5503702681158,6.45519856334012,8.747240854407179,-.134771803686191,2.5440474
1643,1992,10.319940597878,5.14166355650266,8.675546456569389,-.0671131552123765,-3.3426507
1644,1991,12.4292161968444,6.10924758276437,12.1678826010554,0,8.3446026
1644,1992,12.5245263766487,9.68034400122192,12.1505440792374,0,2.9993789
1644,1993,12.4292161968444,10.0123419574482,12.1647536525266,0,7.1513906
1645,1990,14.6627576970652,10.4840257887134,12.116826045016,-.0426123908038757,12.215823
1645,1991,14.7534336408615,10.2947861207267,12.1756129225814,.0156565173201001,12.989064
1645,1992,14.7943576626321,10.3982142817124,12.2374724704955,.0256068481732682,16.925854
1646,1990,11.6886253011495,8.695841342843879,9.57955634740923,-.120900376142084,-1.9542918
1646,1991,11.6805950973465,9.38647616968305,10.1033338173396,-.0721102119726521,-13.785526
1646,1992,11.8615887402273,9.877348894926429,10.6007412896389,-.0523075846764724,-5.3832664
1647,1992,11.0683844863867,0,9.36288118523478,-.210200985784556,3.0557988
1647,1993,10.8599377537947,5.7037824746562,9.27598765321204,-.15193207766058,1.0706422
1647,1994,10.8609221414866,6.21460809842219,9.20945998454888,-.0566218978562552,2.5655482
1648,1994,12.1404989369812,8.014666370464941,8.26742328403432,.0292412786802674,9.7973146
1648,1995,11.924559039635,5.56452040732269,8.217870293363211,.0780314428496995,10.793159
1648,1996,12.0003185042734,0,8.104491965643451,.0978340701458792,13.471305
1649,1990,16.1330290983533,12.3393133709151,13.1667916614387,-.20681368778886,14.717467
1649,1991,16.3750381221025,12.3956387305784,13.4587106062124,-.139155039315045,21.717691
1649,1992,16.5889200077881,12.8591163233928,13.8023665527578,-.0999343261617639,20.868208
1650,1990,12.2390237456699,9.635608107380531,11.6555702046113,-.0232281261192072,3.2379081
1650,1991,12.2437296367073,10.4631033404715,11.8263841963681,-.0132777952660391,7.3249102
1650,1992,12.1294615431583,8.61250337122056,11.7551874880309,.0355123689033929,10.196673
1651,1990,15.1979507220331,9.157150543462061,12.8144459440407,-.0331123514502025,11.946833
1651,1991,15.3895470065677,12.8541989243176,13.4590967227908,.0621978283541225,14.3669
1651,1992,15.6052537055319,12.5037186626038,13.6930189167031,-.0321128511171188,17.355618
1652,1997,11.3129232425079,0,8.96264794774056,.0249803898253657,3.2695763
1652,1998,11.372186101255,7.15148546390474,9.011255085755041,.0447830171215454,6.5169911
1652,1999,11.0872889615902,6.16751649088834,8.97133417144844,.0743418193630897,3.8336453
1653,1990,15.4248687380499,13.2613946180994,13.6342476406138,-.191533083489398,6.1455011
1653,1991,15.6867210096989,11.6292674628302,13.6768856439273,-.211735790806918,22.356441
1653,1992,15.8154109190888,0,13.5865232149114,-.252557785327173,31.040342
1654,1990,11.9283625104874,8.20794694104862,10.6340027695648,-.12010089082318,2.8592525
1654,1991,12.1301849305734,0,10.5326427292574,-.090542088581635,7.235436
1654,1992,12.093518309937,6.98100574072173,10.4607376873766,-.152417492299723,8.4109163
1655,1990,11.496155464609,5.62401750618734,8.0040315078527,-.0625052053513969,.96455026
1655,1991,11.6680694608195,8.006367567650249,8.63093250668893,.0051534431224178,1.259055
1655,1992,11.4407896209669,0,8.530563410354411,.0539436072918498,6.868433
1656,1994,17.0291047057713,12.6806875017084,14.6030233814849,.0293942212133658,53.031197
1656,1995,16.9876687625215,13.9817772557967,14.9162519784218,.068614934366647,53.852924
1656,1996,16.9888745831746,13.7171973736521,15.0600027318241,-.0256957451045942,56.986095
1657,1990,13.7032455979986,10.2937374948378,11.4794927688818,-.152651029742537,22.132301
1657,1991,13.2288020589324,9.51745735706657,11.5055140682942,-.123092227500993,14.650137
1657,1992,13.2514099032944,9.10108338603923,11.4810208835388,-.0838715143477116,44.403454
1658,1990,15.0898219678707,9.504128762859731,12.0254077157716,-.0607731311805302,-3.0780399
1658,1991,15.4855518214004,12.8704164634322,13.1688107994953,-.0119829670110983,38.571644
1658,1992,15.3987455528715,12.5550802705596,13.5060460276445,-.0220333028645998,40.967766
1659,1990,16.245481674423,11.2502611554937,12.3392739836927,-.0420302243165797,42.62603
1659,1991,15.775694774632,9.70467069321298,12.2969301998213,-.0420302243165797,33.267963
1659,1992,13.8663481485346,7.02553831463852,12.1850374489324,-.0124714220750353,64.286469
1660,1991,11.6439302073632,6.04025471127741,9.176597428411229,-.0394367979545553,7.8815498
1660,1992,11.5751474808614,0,9.06484049911859,.0375242431815731,7.5046892
1660,1993,11.3751642008731,0,8.95380806851662,.0474745740347412,9.2381639
1661,1992,11.8208593285349,9.74096862303835,10.7264934522041,-.026193538281941,11.67359
1661,1993,11.7633821921974,0,10.6464791032998,.022596625887491,17.278675
1661,1994,11.7330352189717,9.324115386235031,10.8007707809194,.071386790056923,18.229094
1662,1990,14.6178305861399,11.254180642413,12.4513533519108,-.0509404906908396,9.0155287
1662,1991,14.6433389331302,9.478380804172669,12.4123707049104,-.0609908265443411,25.950727
1662,1992,14.4870681920959,10.3449952519912,12.4296281119957,-.0914500340290496,34.466801
1663,1992,15.0008845851316,12.6299079829932,13.7986180800727,-.13418121645728,41.464809
1663,1993,14.9637995827601,13.1316917326926,14.1292159425987,-.144231552310782,44.954781
1663,1994,14.9639486728085,11.481073535521,14.1073101667166,.325772076934954,48.482124
1664,1990,12.5598969719835,0,9.81126260849361,-.117605242074263,-.95781684
1664,1991,12.6465447787092,0,9.705896000531281,-.0042765567672602,4.3828359
1664,1992,12.1267098607856,0,9.600515853861999,.109052128539743,-6.8046827
1665,1990,14.3364526373978,10.7180998703772,13.6707991873518,-.0660373972613072,26.315887
1665,1991,14.0989955851305,8.08548677210285,13.5616336636555,-.0077684891373313,21.668186
1665,1992,14.3637781985561,10.020559224122,13.4787862695807,.0691925519987971,49.478653
1666,1992,15.6658078296056,13.100117768457,12.7832094683115,-.129545639728844,24.556156
1666,1993,15.8378431283676,12.6267054733193,13.3128837320126,-.0903249265755629,24.969427
1666,1994,15.846551902169,14.2136072525336,14.4611396249553,.0230037587314403,29.467779
1667,1990,11.5211899432147,6.77422388635761,9.15925758174687,-.21284624683109,6.2203569
1667,1991,10.863806737219,0,9.09845863932809,-.145187598357275,-2.6587567
1667,1992,11.1562328903854,6.30627528694802,9.09722766334454,-.0682265572211462,14.314917
1668,1991,15.9240103721108,11.8844890214027,11.0142046152536,-.0298823744818697,16.898977
1668,1992,15.6399627390215,11.7597855429018,12.0839089663504,-.0100797471856899,53.51421
1668,1993,15.3986634402111,12.5585517994399,12.9702207800293,.038710416983742,52.217812
1669,1991,16.5401070536429,10.4507126056821,14.7273585153149,-.156151226908365,46.072754
1669,1992,16.247855984087,12.3080920860071,14.703318478511,-.136348599612186,51.097431
1669,1993,16.295990907638,10.7261706544451,14.6088517457324,-.0319885842879428,55.29578
1670,1992,15.4183302438036,12.4488501824704,13.8923171427282,-.015132956250897,32.852573
1670,1993,14.7603223804498,12.2136141368635,13.9476192890857,-.0051826253977288,33.079433
1670,1994,14.9487688263015,12.5918043239479,14.0597922365543,.053086282726247,34.62508
1671,1997,14.6047115120408,12.1096223160021,14.3421894322594,.0682113921243015,18.062458
1671,1998,14.5944155593967,12.3270018379521,14.3555075497055,.0063359884062139,20.701948
1671,1999,14.6125844299866,12.0227686062583,14.3376793638977,.0261386157023938,20.835886
1672,1997,15.8110312176364,12.5388129270617,14.4668191336808,.174385413360102,42.570488
1672,1998,15.8670978568569,12.6513544430087,14.5161921831759,.194188040656282,46.881302
1672,1999,15.7944809787493,14.3846675407343,15.0149577370794,.233408753809563,47.908401
1673,1991,14.0532183657262,11.4796375181041,12.6449528647988,-.065461095435,49.584064
1673,1992,14.0358239628974,10.2708007094947,12.6282293375031,-.0262403822817187,35.076447
1673,1993,14.2018757811919,10.5115124796792,12.6360931210387,-.0162900514285506,37.335739
1674,1991,15.1296791232536,12.0900611647434,15.2869570896535,-.0046558115361939,55.429253
1674,1992,15.2594579939007,11.8479895677791,15.2046008318748,-.0559491059237445,53.564064
1674,1993,15.4640867695052,12.5389132959173,15.159077621042,.0573795793832588,52.551659
1675,1991,15.0891086783759,10.3405805183246,13.5006622694193,-.0032945669494299,50.892689
1675,1992,15.0959579554272,10.8095663193339,13.4594134470479,.0066557639037382,46.384819
1675,1993,14.9966040676142,10.7392187765519,13.4155240648007,-.0033945719497634,56.343037
1676,1991,15.521158458138,13.5918093511892,14.4501251986524,-.122467781004626,36.560699
1676,1992,15.4687037861557,13.1840246381955,14.6115092743228,-.0736776168351936,39.647224
1676,1993,15.4341731117341,12.4108933541267,14.6243121101821,-.0441188145936492,42.216316
1677,1992,16.2998556887967,11.154491832588,12.1031946015437,-.0100490908032215,44.146164
1677,1993,16.3156423044393,11.3816201641922,12.3984476631727,-.0000987599500534,45.276134
1677,1994,15.8983784049838,10.7544714682096,12.4636682502995,.0294600422914911,43.906433
1678,1993,11.3515823145615,5.37527840768417,9.119846574757441,-.0558778054887639,10.750554
1678,1994,11.0198251489668,5.57215403217776,9.04723303410603,-.0459274746355957,6.0432076
1678,1995,11.4877102158292,4.71849887129509,8.958591563651639,.0028626895338363,5.4296083
1679,1992,12.4451407257933,7.82084087990734,8.220187791503569,0,-3.6736357
1679,1993,12.3245887457624,0,8.103343026773629,0,-2.9230976
1679,1994,12.3919711308145,5.15905529921453,8.03922190452119,0,-2.1189928
1680,1992,11.3945552331979,6.95177216439891,9.42627399410425,-.121741789440293,2.6201413
1680,1993,11.3457650690285,0,9.331566362743549,-.0540831409664786,.38089493
1680,1994,11.6777474003769,0,9.236816758549031,.0228779001696499,-6.1996489
1681,1992,10.9686436593022,0,8.96367227561502,-.0758184132768386,-6.1878862
1681,1993,10.984684545234,0,8.850259634902621,-.0081597648030237,-9.1757116
1681,1994,10.8228870520712,0,8.736938976856189,.0780179314380289,-9.7937508
1682,1992,10.4443572976505,0,8.42206899431606,-.0397334022186003,-13.083646
1682,1993,10.3722091102793,0,8.3217377616722,-.0005126890653189,-6.2821445
1682,1994,10.5351581859943,0,8.221317643935929,.0387080240879624,-5.9425111
1683,1993,11.6149137639163,8.12415060330663,10.3014076014713,-.127451151867549,3.9086218
1683,1994,11.8306504039547,8.89206162554694,10.41885882915,-.0691822437435731,4.6307311
1683,1995,11.9040013888813,0,10.3148320100149,-.0396234415020286,7.0760345
1684,1993,10.0976965067522,9.655602949958411,9.495180911093311,0,-7.192121
1684,1994,10.3551680844413,0,9.3947514109477,0,-14.803443
1684,1995,10.3284284371449,7.74066440191724,9.464711235706959,0,-14.347548
1685,1995,11.6112945977673,7.0604763659998,8.770904744296869,-.0273412448912677,11.63311
1685,1996,11.8561888749973,7.81963630236759,8.971410367730099,.0403174035825473,12.791904
1685,1997,11.5612202683735,8.216088098632319,9.22495308434403,.0403174035825473,14.538274
1686,1994,10.4726009521726,8.087947554642669,8.44959934084299,-.0290866001218909,-15.109841
1686,1995,10.249697933427,0,8.34922414284668,-.0092839728257113,-10.059924
1686,1996,10.2043696204519,0,8.24884304726395,.02993674032757,-6.4727182
1687,1993,11.0682727403039,0,8.87766093359367,-.0311109950250529,-2.2972999
1687,1994,10.9357585532014,0,8.76431885907569,-.0015521927835085,-.47736445
1687,1995,10.7716701952671,0,8.65091956503073,-.0015521927835085,1.2034011
1688,1995,13.8164319998454,10.0216260805532,11.5284641124509,.179455948948702,15.80828
1688,1996,13.7212678394562,8.745921121024351,11.4863699682883,.247114597422517,13.638017
1688,1997,13.4656518900991,0,11.3873225586678,.247114597422517,22.046406
1689,1993,14.2760621493608,8.788745881938141,11.8007572762106,-.162373918984259,25.390907
1689,1994,14.5920645321297,12.00675547808,12.5035686533951,.028246440624391,25.835842
1689,1995,14.5987846242499,10.8587682017015,12.5667663036093,.114424136865443,28.561106
1690,1993,12.789798297894,9.74243813101771,11.8111408666154,-.0024470036430518,18.80991
1690,1994,12.8799019312922,0,11.6852354056998,.0075033272101162,18.48551
1690,1995,12.7590550525894,0,11.5593327924379,-.0025470086433851,27.851871
1691,1995,12.4334145613655,8.67077227934454,9.27337150757881,-.0022210610285801,3.2401149
1691,1996,12.6701107799342,5.70044357339069,9.18496102363679,.111107624278423,.85825014
1691,1997,11.8396727479423,5.04342511691925,9.08466376388818,.140666426519968,-.035007536
1692,1997,15.5470735755251,12.5097597021748,15.3797856305265,.092982583815215,23.823963
1692,1998,15.4616029048395,11.7050405746518,15.2778020699013,.179160280056267,25.300873
1692,1999,15.1982736833253,12.4603271918694,15.2070196735863,.0957786711172165,21.716972
1693,1997,12.3217201345408,6.10924758276437,9.37802195203062,.0320617998653168,16.124481
1693,1998,12.3072352121446,8.006367567650249,9.4711033550767,.0518644271614964,11.363399
1693,1999,12.3306998028175,7.29844510150815,9.45010502430663,.0716670544576762,14.500775
1694,1996,13.8995025481798,10.0690019910137,12.3812525110476,.0173118806498831,10.789222
1694,1997,13.7757586192511,4.86753445045558,12.3466216693798,.0173118806498831,5.3818789
1694,1998,13.9003654975568,11.5233113445226,12.6355735652163,.0173118806498831,8.9568748
1695,1996,13.5170196128845,9.922407437388641,10.8780698337874,-.01980262729618,28.684097
1695,1997,13.6054966839613,9.724241262259101,11.0356764512032,.0097561749453644,38.032257
1695,1998,13.5540938444286,10.9327140353858,11.5443194753905,.0097561749453644,33.653305
1696,1997,13.7695786550715,8.683046555502891,10.3041076089811,0,4.594439
1696,1998,13.8370968876348,10.2043696204519,10.800988863647,0,7.0096197
1696,1999,13.9046096707827,12.0263177919335,12.1171228455575,0,8.6260815
1697,1996,13.0759041127996,7.38647084882989,9.530864685231951,-.0099503308531681,-.53082001
1697,1997,12.4920741991179,0,9.41399116797893,-.0099503308531681,1.1330786
1697,1998,11.7982273027398,0,9.297123389560451,.0196084713883763,2.6486075
1698,1996,12.7584019514146,0,9.61077283755627,0,12.13728
1698,1997,13.1385634448359,7.24422751560335,9.579424996324869,0,13.688103
1698,1998,13.2281763906697,9.188197007290491,9.957137318262911,0,13.941959
1699,1996,11.6999028333004,6.85646198459459,8.466804750683011,-.0681569666602822,8.1057119
1699,1997,12.2993808226638,10.1695756441756,10.1794777910982,.0628712957461219,6.2030687
1699,1998,12.5430590356661,9.23746903936444,10.381394245145,.0009958920280344,10.390326
1700,1996,12.7461327471056,0,8.192487457191939,-.0462472511653198,-13.226201
1700,1997,13.2540352922712,0,8.075613740387061,.0025429130041121,5.2049704
1700,1998,13.2172953038617,9.615805480084351,9.647782069096539,.0417636261573936,5.7751575
1701,1997,12.1518993897363,7.92153563213355,8.23023085988881,-.0103150629461148,-2.0703087
1701,1998,12.1530549657626,7.63046126178363,8.53164821238582,.0094875643500649,-1.8678384
1701,1999,11.9409472857592,8.15392513200786,8.912001719335869,.0390463665916094,-2.188323
1702,1997,12.6271814176264,8.34164861890131,9.331849789373379,.0208582301204098,1.4674529
1702,1998,12.2893792516566,7.88532923927319,9.416052881560709,.0208582301204098,3.3390012
1702,1999,13.074334223593,0,9.299184235602789,.0208582301204098,-.91568935
1703,1997,14.1626400890595,10.3591386755575,10.7233026256992,-.00002475216891,6.3967357
1703,1998,14.3498812092675,11.9107212387735,12.0181966915929,-.00002475216891,21.261625
1703,1999,14.0535860705864,12.1178641886899,12.6139870849093,.0099255786842581,24.233553
1704,1996,11.6499925330545,9.25148231530736,10.3933979703197,-.0066445427186685,20.372549
1704,1997,11.9460598482694,8.99093980694081,10.4909852868129,.0033057881344996,23.093765
1704,1998,11.9370206996828,10.0324522838171,10.8461319557029,.0033057881344996,21.295012
1705,1997,12.3820826597103,0,9.19453614043122,0,8.1512032
1705,1998,12.6386761533393,0,9.09416604165922,0,11.332118
1705,1999,12.6976022936304,7.27862894232068,9.13394517072247,0,15.149422
1706,1996,12.8315624954071,7.78072088611792,10.2349687833546,-.0263173083173735,19.270172
1706,1997,12.7746634342106,6.80461452006262,10.1679726433837,.0129034048359078,16.046103
1706,1998,12.7166528972036,0,10.0776089127647,.0129034048359078,18.171566
1707,1997,12.3416912334464,0,9.05503068742903,0,14.465155
1707,1998,12.3049763608446,5.05624580534831,8.95657007337006,0,16.045937
1707,1999,12.7756019885365,0,8.84094196990441,0,10.100159
1708,1997,12.904512462017,8.707152175339401,10.776843643156,-.0422449815937459,22.630703
1708,1998,12.9275964058043,11.1163507202075,11.5167282253032,-.0224423542975662,18.476931
1708,1999,12.8749966790411,7.34018683532012,11.4403182123273,.0997752784266829,21.137514
1709,1997,13.67499584898,10.6757924338819,11.0298852272122,-.0199496753076205,15.537903
1709,1998,13.5998744655175,10.3865924837015,11.3116082272113,.0096091269339241,14.638448
1709,1999,13.5590726284913,10.3189029914975,11.4879522130043,.0294117542301037,15.834299
1710,1997,12.4231609350637,10.4730536713247,10.2634949377195,-.0135567472393559,24.51862
1710,1998,12.7777973373323,10.1402972946142,10.7623292401061,.0256639659139256,29.283293
1710,1999,12.8771530384873,8.418477218477079,10.7460284019809,.0552227681554699,30.658176
1711,1997,12.3390318227832,7.64060382639363,9.436830317861171,-.0153254102875867,17.611757
1711,1998,12.2852619226794,7.42356844425917,9.444922255431219,.0142333919539577,16.071007
1711,1999,12.1131063601562,6.49526555593701,9.38248532231858,.0437921941955023,18.316418
1712,1996,13.0201202199546,7.38274644973891,10.3587962380331,-.0132452267500207,3.1185992
1712,1997,13.3445176395333,9.07176772211224,10.4875366860056,.006557400546159,3.3760517
1712,1998,13.574983027066,0,10.3861667561792,.006557400546159,4.5748048
1713,1997,12.8056533751066,9.52697426637773,9.52705440888572,-.0205715623590569,-.89330906
1713,1998,13.066681519977,10.0005235150477,10.3354680013,.0186491507942243,-1.4821022
1713,1999,13.0515116364324,8.46653127661401,10.3570409912846,.0578698639475057,.85079718
1714,1997,11.9617501452234,9.42230163388782,9.173500023505641,-.0653176293186618,4.8907828
1714,1998,11.913739774863,6.39859493453521,9.16737023852337,.0116434118174666,4.6641998
1714,1999,12.0958224169093,10.0502251086477,10.2535738388613,.12497209712447,5.970448
1715,1997,13.2903456273427,8.738254576526121,11.0343701742771,.013423020332141,5.7885733
1715,1998,13.3055672973267,0,10.9343294364859,-.0067796869853787,4.8505206
1715,1999,13.3317203533648,10.1699587565855,11.1921649502711,-.0067796869853787,7.0314994
1716,1996,11.8345668374302,9.65297280442579,10.1973952057821,-.0298823744818695,13.854859
1716,1997,12.040260062612,9.089414904047301,10.3636460016502,-.0100797471856899,14.301653
1716,1998,12.2569606077818,8.385260520155409,10.3815864514884,.0387104169837422,16.477304
1717,1997,12.5849229253996,10.2539683523115,11.608591036161,-.0199744287386948,10.570893
1717,1998,12.7675130678074,9.491148875484789,11.604382777459,-.0001718014425151,5.8258891
1717,1999,13.3394629917819,11.5122452336654,12.1094141571662,.0293870007990295,7.5687079
1718,1996,11.7523910836493,7.64969262371151,8.280077482535139,-.0066445427186685,7.0409217
1718,1997,11.6184559661797,6.62539236800796,8.32273427396194,.0033057881344996,4.8525763
1718,1998,11.6727457564177,7.75276480885133,8.628573551398061,.0033057881344996,5.4517922
1719,1996,12.5984862858936,8.620291149419799,10.1178204033717,-.0373439531404212,11.15
1719,1997,12.8387795622787,10.9153247999215,11.1336338236659,-.0373439531404212,14.1009
1719,1998,12.8483843216376,11.0112247489812,11.6200689901215,-.0175413258442414,17.262316
1720,1997,12.8921159532288,0,10.6070775169318,.0241219421204098,14.537956
1720,1998,13.0661772113665,8.17779668327778,10.5749283447963,-.0271713522671408,13.096693
1720,1999,13.0435556221408,5.99146454710798,10.4726122726497,.0023874499744036,14.105428
1721,1996,11.847036845534,0,8.153292202385771,-.0099833336089011,4.4471641
1721,1997,12.2365459324158,0,8.036411688998619,-.0000330027557331,4.1268167
1721,1998,12.299904460364,8.05134093329298,8.59269019841423,.0099173280974351,7.9813809
1722,1996,12.896029743182,11.0373704552862,12.7450634795801,0,16.494879
1722,1997,13.2039120275002,10.8498224057587,12.7552715080598,0,15.606602
1722,1998,13.1628141030128,7.86518795418747,12.6379855729193,0,15.047606
1723,1997,12.2202910827677,7.4489161025442,8.74004870125048,0,21.810324
1723,1998,12.2448172838393,8.02387999273488,9.004041646600751,0,23.236603
1723,1999,12.4076411196866,9.00331620254186,9.550043099224791,0,26.328844
1724,1996,13.6619735231517,0,9.30865512443717,0,33.026836
1724,1997,13.7061687943122,9.19309247856663,9.808308364152049,0,35.193905
1724,1998,13.8147392605909,9.356948391612271,10.165678725101,0,4.0768585
1725,1996,12.7007688873663,9.21034037197618,11.2405680347322,-.0132452267500207,8.275857
1725,1997,12.4068887849603,0,11.1304182950427,.006557400546159,14.646999
1725,1998,12.0045682693194,9.305650551780509,11.1613773563233,.006557400546159,12.419394
1726,1997,13.4181702515831,9.5324238711453,13.2594729357517,.0075033272101164,19.920958
1726,1998,13.6995700965374,0,13.1335695530176,.0075033272101164,32.89703
1726,1999,14.1240475094408,0,13.0076660759694,-.0126993801074032,28.389151
1727,1996,12.384986448772,8.34735341212434,8.182838710766029,0,-1.4431741
1727,1997,12.7266684676348,8.77446760144659,9.069007195859539,0,1.1935893
1727,1998,12.8775230847528,9.176369852405029,9.674910516542999,0,3.8260534
1728,1996,12.0869299074598,8.7227428743294,10.4793112793158,-.0726306910349076,8.5019884
1728,1997,12.4842516199327,0,10.3779437543519,-.0143617829109319,9.2638178
1728,1998,12.838109237226,9.986449073250469,10.765034834549,.080948396893393,9.8356733
1729,1997,11.74263807312,8.92996487470684,8.770081935367211,-.042794166157752,-14.755087
1729,1998,12.2521310785753,9.35712110318438,9.64712971332637,.00599599801168,-.31886005
1729,1999,12.0807115911082,8.46589989702869,9.78367871633071,.0921736942527325,-4.2543774
1730,1997,13.1848084588253,9.975575628930381,9.964145114986479,-.136742896886495,2.0116355
1730,1998,13.2603602847604,8.725020038618551,10.0894690701616,-.0057146344800907,.30153266
1730,1999,12.8996897156747,0,9.972598417061629,.125313627926314,-4.8385515
1731,1997,12.8082912505226,9.169310022418189,10.9901841302563,-.0330478540462005,2.0647821
1731,1998,13.3861850869749,10.1208142185288,11.2081894640859,.0061728591070808,6.9890962
1731,1999,13.4765463237491,11.7536652898026,12.0555119307271,.0259754864032605,7.643106
1732,1997,11.4641972988789,9.02220192986066,10.2601054948503,-.0198026272961798,10.420018
1732,1998,11.5712509752659,4.53259949315326,10.1530120465066,-.0198026272961798,12.874029
1732,1999,11.9595581078927,7.30249642372733,10.095425225924,.0384662808277961,11.565777
1733,1997,12.7962529249316,10.5312692034145,10.1341070889045,-.0758184132768386,11.701034
1733,1998,12.8055281770278,10.6596095322575,10.9755333907424,-.0081597648030238,11.551993
1733,1999,12.9683094336387,10.6851033810837,11.3949006500876,.0780179314380287,15.779067
1734,1997,13.971887929444,10.6713246787275,9.728348142270381,-.0033277900926746,16.658239
1734,1998,14.2898077761854,11.1607546479198,11.2120135967605,-.0033277900926746,25.455582
1734,1999,14.5646569933378,10.1638112749746,11.3742356476635,.0066225407604935,25.79237
1735,1997,12.2898759655366,6.62936325343745,10.1162534417042,0,11.802509
1735,1998,12.5114190313017,10.7212388963206,11.0013478918945,0,22.863796
1735,1999,12.7321611959621,9.76548905437884,11.1381214639637,0,27.541767
1736,1997,13.7050181112606,9.643939319328121,11.5111789406842,-.0029955089797983,8.8111715
1736,1998,13.7961279779461,10.5407255386566,11.7131114975478,-.0231982162973178,8.0193882
1736,1999,13.7024160242893,10.1022974268349,11.7824478946872,.0255919478721141,3.9761257
1737,1997,11.7273027042043,7.18159194461187,9.471242028892989,-.0066445427186685,-12.526603
1737,1998,12.2992214002282,10.3353349019184,10.5323415152025,-.0066445427186685,2.1762636
1737,1999,12.6496296247609,0,10.4181657456176,.0131580845775112,14.004198
1738,1997,14.8753456253691,12.0566673551778,12.0592076108185,.0483502609410468,44.551716
1738,1998,14.9044604271671,10.4453175351648,12.1158814911298,-.0350313479980043,30.948444
1738,1999,14.7065003597435,10.1892678176983,12.12827919804,-.0152287207018246,38.493042
1739,1997,15.3981826401768,12.2314235779658,13.1848591886299,-.0263173083173735,33.439053
1739,1998,15.7077016156213,12.1078973652425,13.3416399415519,.012903404835908,42.886127
1739,1999,15.6760801931007,13.0863257528451,13.7673851877704,.012903404835908,43.010693
1740,1997,11.7062947700365,7.39141523467536,8.91970728288814,0,18.782715
1740,1998,11.8086298838283,8.855663430700121,9.44092020548077,0,18.550549
1740,1999,12.1348239722725,6.45676965557216,9.37563444719251,0,19.877937
1741,1997,10.4332624984605,8.987196820661969,9.780828272299971,0,-3.7083414
1741,1998,10.1401789163956,9.94534900663105,10.4210126843976,0,-6.3551745
1741,1999,11.065856807007,6.57228254269401,10.3401444330711,0,-5.4484963
1742,1997,11.8426807168838,8.600614799555309,8.333799059619309,0,-.2165273
1742,1998,11.9773774377396,8.606302366488009,9.026080938711941,0,2.5661936
1742,1999,11.9515601677595,8.292798858200371,9.284148299120901,0,3.418983
1743,1997,12.9301223852799,10.5928776842184,10.6465147793187,-.0263173083173733,1.2499139
1743,1998,12.9190494138072,10.5921496903114,11.1712742405133,.0129034048359082,3.6838348
1743,1999,12.6621738321068,0,11.057881381663,.0129034048359082,7.1351438
1744,1997,11.6031043202,9.277531621516509,8.84911222076107,0,5.1457596
1744,1998,11.9125133359055,0,8.7333685209667,0,6.3920279
1744,1999,11.4979640998301,7.98786409608569,8.98602112980825,0,5.3941813
1745,1997,11.3641068057333,8.006367567650249,8.65846703377267,.0103534120794915,7.6256461
1745,1998,11.3158316498919,8.025516386489009,8.949494953477959,-.020105795405217,8.0446005
1745,1999,11.40043619241,7.42177579364465,9.02052279005528,.0094530068363276,9.1866302
1746,1997,12.466878003226,9.348100311680669,9.701450924612841,-.0066445427186685,10.216007
1746,1998,12.5686859226154,9.33890947277089,10.0850171291299,.0033057881344996,16.384897
1746,1999,12.9095042595406,9.073374516903019,10.2553830933015,.0033057881344996,13.857919
1747,1997,11.567584090274,0,8.94580174529559,-.0232606935745521,5.788033
1747,1998,12.0483188154799,0,8.835661467883529,-.0034580662783723,14.461455
1747,1999,12.0466489209397,0,8.725507328484451,.0261007359631721,8.1176691
1748,1997,12.3587937325478,5.63121178182137,8.91371173139949,-.0364604970027745,-9.7005854
1748,1998,12.8558450969469,8.847072312567811,9.42451582988404,-.0166578697065948,1.1504577
1748,1999,12.7278382093345,9.717157974344641,10.1174046709198,.0510007787672202,2.8672423
1749,1997,11.5927352839888,8.59415423255237,9.034175821855969,-.019148818838761,7.8786421
1749,1998,11.6073635069972,10.1370169834028,10.2695532648616,-.0393515261562804,10.458364
1749,1999,11.7948243082817,7.39756153552405,10.2192212240079,.0559586536480444,13.029786
1750,1997,12.659950068654,8.958797346140271,9.71949860642089,-.0199333377074501,5.2195954
1750,1998,12.8311149530729,10.4576599808055,10.6947749953456,-.0001307104112705,6.1147213
1750,1999,13.0038050412802,8.60886037994206,10.6898130967396,.0196719168849092,6.3436465
1751,1997,12.2519824750394,0,9.28116223650184,.0134230203321408,-1.1028613
1751,1998,12.6581604912699,7.89207842124812,9.380159093046361,.0134230203321408,3.1320119
1751,1999,12.7510880794214,7.75491027202143,9.43729266083222,-.0273989741881145,5.4259896
1752,1997,12.6262407703662,11.9985009707686,11.8480303386052,-.0133110140596722,-1.9652543
1752,1998,13.1392745057755,11.1139393229598,12.1092494717275,-.0033606832065042,2.6080844
1752,1999,13.3234096730759,9.4093551517118,12.0586915006097,.0164419440896754,-.28130645
1753,1997,12.4610361551782,9.49401442303042,9.766401277368731,-.0232606935745521,6.0443411
1753,1998,12.3556376991348,9.20210656704908,10.0999256668875,-.0034580662783723,7.0985117
1753,1999,12.7942219760105,8.006367567650249,10.0957676909743,.0261007359631721,3.8938906
1754,1997,13.6787453708294,11.0419613746294,11.2001457312403,-.0298500219688855,5.427249
1754,1998,14.1173107491113,10.2682348273657,11.4414423525484,-.0002912197273411,8.2730398
1754,1999,14.4495259081899,11.8451458179892,12.2268924024334,.0292675825142033,15.066883
1755,1997,12.694112637262,10.938645176926,11.411176198673,-.0133110140596722,9.195775
1755,1998,12.8245124435567,6.66440902035041,11.3091506232941,-.0033606832065042,13.961404
1755,1999,12.9079788535637,8.03268487596762,11.2336440083318,.0164419440896756,12.574152
1756,1997,11.6837275938552,7.76641689801966,8.4936379317947,-.0490123617039536,-3.2920432
1756,1998,11.7708188782654,9.84654676207332,9.91833675538633,.0186462867698611,-.10301922
1756,1999,11.6377189894507,8.03689677268507,9.94537298140958,.0285966176230292,-.43404591
1757,1997,13.3182590542254,12.4179530045657,12.2900203342158,-.0033277900926746,5.6544766
1757,1998,12.9165684644247,11.9183905730784,12.6831490163673,-.0033277900926746,1.6404723
1757,1999,13.3770055957779,10.5966347330961,12.6880171973436,.0066225407604935,10.216425
1758,1997,12.711538081121,8.788440957404591,9.018150280983621,-.0198026272961798,-4.2358313
1758,1998,12.8463090084274,5.6970934865054,8.95083102834124,-.0198026272961798,-3.1842391
1758,1999,13.0890408355578,8.1961611392829,9.21135985212965,.0384662808277961,6.5959797
1759,1997,11.9235572030298,8.041734711487541,8.45248398904679,-.042899834315221,-6.9151487
1759,1998,12.2537288336584,8.49596955496461,9.02346847808341,.005890329854211,3.2263618
1759,1999,12.3360477219519,6.26149168432104,8.965436778879409,.0354491320957555,2.7693636
1760,1997,13.09123092334,8.42879904065364,10.5469690607812,-.0099833336089012,1.9135165
1760,1998,13.1419617244049,0,10.4300989231962,-.0000330027557332,7.0924826
1760,1999,12.5745951778047,6.06610809010375,10.3251179619291,.0099173280974349,1.9430642
1761,1997,13.947556491584,10.7537239483388,11.4191640851558,-.0265120945401105,49.66555
1761,1998,14.0120505779911,12.2720757186877,12.4817490626457,.0030467077014339,32.840801
1761,1999,14.3335760789861,9.43898874392484,12.4393490852903,.0228493349976134,36.745705
1762,1997,15.1565480858388,13.0374654019712,14.1783098199243,-.0133110140596722,32.082523
1762,1998,14.9364657980012,6.2363695902037,14.1182405159395,-.0033606832065042,32.573799
1762,1999,14.954822193912,11.7711890253393,14.1393921497405,.0164419440896754,32.635429
1763,1997,14.8374364210136,11.1595023708891,14.1627246791212,-.0819792928199147,38.055843
1763,1998,14.6967283850438,10.000931817197,14.1026718948568,.0041984034211378,37.603241
1763,1999,14.5256155011687,8.248529124800219,14.0311737208047,.0718570518949525,36.414474
1764,1997,13.0392395311112,7.64969262371151,10.9374617595551,-.0625052053513971,24.108391
1764,1998,13.1729674110053,0,10.8370876099328,.0051534431224178,5.5341229
1764,1999,13.1997235073149,0,10.7367140164176,.0539436072918498,4.5713634
1765,1997,14.1640475786465,9.79623636178915,11.3228249302292,-.0166276577698562,19.024715
1765,1998,14.3576464589524,11.3675065520664,11.9021087405041,-.0066773269166882,23.099573
1765,1999,14.4631503052928,9.121071904218001,11.8574445246099,.0228814753248562,21.489851
1766,1997,14.2033391281765,10.1656594908178,11.2547374677461,-.0331768446945573,26.585943
1766,1998,14.2595296441868,10.3184408385166,11.4654427956567,-.003618042453013,25.623589
1766,1999,14.2203553211929,8.606485298895,11.4167085742278,.0356026707002685,22.787447
1767,1997,14.2148652085271,10.6125818984255,12.5117531451581,.0068232253481257,26.642971
1767,1998,14.1072543404923,10.1379666135141,12.5313539248966,-.0133794819693939,26.619419
1767,1999,14.0945689996462,10.1787300735943,12.5520704410478,.0064231453267859,27.331041
1768,1997,14.626275871696,0,13.7990944479399,.0012007205765189,26.877876
1768,1998,14.6829357828308,11.9425497100626,13.812205903604,-.0821808883625323,31.518206
1768,1999,14.7054515649956,13.2182606575588,14.1073851544919,.0748228604471324,29.039555
1769,1997,13.9567694918101,9.00724451596575,11.1319095251881,-.0298500219688854,42.491753
1769,1998,14.0050070530686,10.3643873675324,11.4039227690636,-.000291219727341,43.762417
1769,1999,14.0683712548775,10.4251344149337,11.6158574340947,.0292675825142035,43.122604
1770,1997,15.0581021443193,12.863592648447,13.3611602536713,-.186092216690148,16.109295
1770,1998,15.2451706879533,12.9165684644247,13.7227863117498,.004528142918502,18.312073
1770,1999,15.2333312261904,12.2690474446916,13.8097569375897,.152948148036775,20.20507
1771,1997,14.3724157612965,10.2693452060495,11.7363521761909,-.0066445427186685,28.049084
1771,1998,14.6426442919224,10.1666591833034,11.7916777856008,-.0066445427186685,30.371183
1771,1999,14.6504858464719,10.8896214609521,11.8538804959807,.0131580845775112,30.917648
1772,1997,14.5734800356748,11.1017792498901,11.9737281450062,-.0032281173514255,31.484791
1772,1998,14.636012781222,11.6037528849307,12.3638564319118,-.0132784532049269,31.948704
1772,1999,14.8486982449196,9.97119292889014,12.3355707905354,.0162803490366176,31.806517
1773,1997,15.1542226583556,11.89964258945,12.549330025203,0,41.313766
1773,1998,14.8721264714696,11.5684642345609,12.747575087102,0,42.928226
1773,1999,15.0415490781983,11.1729109619246,12.8215168998253,0,46.286346
1774,1997,14.8183687592823,11.3829762202148,13.0333966353885,0,37.052155
1774,1998,14.8055938982702,7.5137092478397,12.9253360589984,0,30.706291
1774,1999,14.7569070869053,11.6701514113144,13.0497791360906,0,36.790333
1775,1997,16.9036805397234,15.0465112946779,16.2139595592449,-.0397334022186,72.807945
1775,1998,17.0615410858194,15.4227819251332,16.3756419971049,-.0005126890653187,75.32402
1775,1999,17.1137335982432,15.0792439874396,16.4901474536964,.0387080240879628,75.85141
1776,1997,15.36068394692,12.1087519459848,13.4266854342064,-.0066445427186687,45.155998
1776,1998,15.48588153029,11.7977359182676,13.5070717471971,-.0066445427186687,46.801212
1776,1999,15.8073668518365,13.1123130415508,13.9004798179182,.013158084577511,51.220463
1777,1997,15.466332610885,11.431183814911,13.593061515423,.131780545300237,35.624142
1777,1998,15.5880068443698,11.3793140691455,13.56640937864,-.0425728418445406,36.441814
1777,1999,15.604571890493,11.7718376239259,13.5868631381152,-.104448245562628,38.600655
1778,1997,14.8911312958723,11.937925190607,13.229939836046,.0168071183163812,36.437965
1778,1998,15.08326911406,11.8929496805964,13.3403932360508,.0168071183163812,39.130161
1778,1999,15.3106837840804,11.3920225676026,13.355138317626,-.0344861760711693,41.723843
1779,1997,14.1414235197207,9.053101595549689,10.8660987346788,-.0066445427186685,31.853249
1779,1998,14.0568955734954,10.2569222525499,11.1745870881921,-.0066445427186685,32.564423
1779,1999,14.138767415194,9.319912008405471,11.2084647483729,.0131580845775112,29.61043
1780,1997,14.3689505334343,11.9638545767835,12.6587027884763,.0000666688889875,29.080738
1780,1998,14.3649508091597,11.4583003103063,12.7978568651084,-.0099836669645139,32.6343
1780,1999,14.3386310072219,10.9155065586191,12.8208655047898,.0098189603316659,31.722507
1781,1997,13.8793747517943,11.8434514864139,13.7309658816201,-.0132452267500207,38.604675
1781,1998,14.0168791061273,12.1362562207306,13.8027810808592,.006557400546159,41.407486
1781,1999,13.9682022468107,11.2311591929478,13.7697311917904,.006557400546159,42.005306
1782,1997,15.1993283549292,10.7079748353389,12.5375104448979,-.0066445427186686,50.838821
1782,1998,15.5168537692598,11.3192072118407,12.6794829654103,-.0066445427186686,52.100224
1782,1999,15.6427714927674,11.0660600701631,12.7472928386919,.013158084577511,53.158527
1783,1997,14.2774627411334,10.4707029614894,12.5148638443776,0,29.633554
1783,1998,14.3330632497853,10.6203268453529,12.5320117457858,0,31.110764
1783,1999,14.2518114703471,10.5400643816077,12.5367736175382,0,33.453903
1784,1997,14.9229133327163,7.09837563859079,11.7577796261453,-.0199333377074501,32.379555
1784,1998,14.7156952954878,8.9470256559727,11.6973306827674,-.0001307104112705,36.41077
1784,1999,14.3879420863747,9.92216209280094,11.729204710753,.0196719168849092,32.18932
1785,1997,14.5888836737667,11.634992643899,11.7814874071717,-.0331768446945573,32.114315
1785,1998,15.0273356528098,11.0392671655457,12.0302521112226,-.0133742173983776,32.843197
1785,1999,14.8793308742635,9.946355452763299,12.0159019648008,.0448946907255982,32.684452
1786,1997,14.3145264227062,10.7782685534535,12.3823031897127,-.0343692200795414,31.243122
1786,1998,14.2704622901835,10.8534451418808,12.4564702091747,-.06482842756425,27.713984
1786,1999,14.2051643399555,11.7704163352578,12.7307201060904,.0921753212454146,27.439142
1787,1997,15.5058727585964,12.3485352855622,13.1083492364489,-.0033277900926746,39.641251
1787,1998,15.6091888517371,12.7056077708194,13.4742597621937,-.0033277900926746,42.101601
1787,1999,15.8897909286854,12.5408219702192,13.6631164344882,.0066225407604935,40.723392
1788,1997,15.0508476051988,10.9795985758577,12.3681596067431,-.0199333377074501,44.6231
1788,1998,14.7893967440734,11.135143614962,12.485417308172,-.0099830068542821,48.67123
1788,1999,15.0840511249903,11.0276213784343,12.5565365407781,.0292377062989993,48.38903
1789,1997,14.639526777729,10.9686119970432,11.931926547031,-.0232606935745519,34.208263
1789,1998,14.6539227719492,10.6145728782271,12.041828699635,-.0034580662783722,40.045559
1789,1999,14.9191972832071,10.4019571540925,11.8097089932312,.0261007359631721,47.67514
1790,1997,13.0434716737381,9.029178142902071,12.3213137866415,-.0298500219688853,15.700131
1790,1998,13.2651728452659,8.873187904050109,12.2510775594324,-.0002912197273408,10.9873
1790,1999,13.4075618683191,10.0741581665892,12.2512868999389,.0292675825142037,14.235155
1791,1997,15.0405919091688,11.4744860465267,12.7622926743964,-.0560652239329489,40.941357
1791,1998,15.0304462918046,11.2479959129644,12.8354162348254,.0022036841910271,41.963871
1791,1999,15.1070713061647,11.5724577256716,12.955128167248,.050993848360459,43.331558
1792,1997,15.5039586825118,11.2432797550045,12.8600987279751,-.0133110140596726,48.045692
1792,1998,15.6204406019556,10.4911631001538,12.8211242215803,-.0033606832065045,50.034618
1792,1999,15.6943727073224,10.4678065487421,12.7828795304337,.0164419440896752,79.779732
1793,1997,14.7590770996854,11.5394894960958,13.7007500000168,.0368368900519738,42.240379
1793,1998,14.8493105102331,12.0749440780934,13.7676845088865,.0063776825672653,40.204273
1793,1999,14.8241386916773,11.9548960648907,13.7869534578516,-.0449156118202853,43.446308
1794,1997,16.1628985890963,12.842816127381,13.6414078536816,.016739324004298,39.406067
1794,1998,16.2429318809733,12.5860318937854,13.8035232969768,-.0034633833132214,41.091766
1794,1999,16.2932520106438,12.5881974762304,13.9266331509237,-.0135137191667228,44.139515
1795,1997,14.6384034949532,10.176601523625,13.3716358556569,-.0033277900926745,37.885998
1795,1998,14.8454969558811,9.820866523847791,13.3135422586967,-.0033277900926745,42.224628
1795,1999,15.0807511007656,10.5247089935245,13.2839242481103,.0066225407604935,43.449013
1796,1997,14.8293137700707,11.2829461026467,12.477744993527,-.0495835001888278,39.320805
1796,1998,14.9174798721781,9.12150915826957,12.425135080406,-.0007933360193959,41.035896
1796,1999,15.0178138694623,8.07184314960916,12.35273248177,.0479968281500362,41.386089
1797,1997,14.1714345199867,8.720786883485729,11.8010047085391,-.0199333377074501,40.498104
1797,1998,13.9675266755193,11.2994846891174,12.1482035674635,-.0001307104112704,39.985832
1797,1999,14.4927783253495,11.4149377036418,12.4158820914781,.0196719168849094,44.17004
1798,1997,14.5421038294401,11.9602360436683,13.2540940246597,-.0165948735718365,50.94883
1798,1998,14.8377990901284,11.9453440426387,13.3787131293604,.0032077537243432,52.548901
1798,1999,15.0104862090189,12.0546565566319,13.4989437080652,.0131580845775114,54.835804
1799,1997,14.2184572742686,10.3245635081584,10.8181810094455,-.0296882437018248,25.190971
1799,1998,13.996385227395,9.44430516192198,10.9170102527591,.0095324694514566,27.083509
1799,1999,14.0325018565499,9.62832676063802,11.0314693051341,.0194828003046246,25.513891
1800,1997,13.6545692069643,10.0701877284271,11.9025152239201,-.0132452267500205,15.499863
1800,1998,13.7125937207573,9.634954298923111,11.8854168666832,.0065574005461593,14.754402
1800,1999,13.8281009651036,8.15794350710504,11.7973070969553,.0065574005461593,17.911299
1801,1997,14.3997448651529,11.4314767693587,13.0077739617106,-.0519597389307111,32.56953
1801,1998,14.2316312152691,10.8016754117124,13.0409246624325,.0250013022054172,32.280548
1801,1999,14.2479821778283,10.8297484170476,13.0730206005726,.0250013022054172,33.837067
1802,1997,11.4853384175419,6.39024066706535,10.0756325028785,.0202027073175195,5.006762
1802,1998,11.6603622282439,5.48893772615669,9.984694197955861,.0202027073175195,4.5686297
1802,1999,11.7313941058992,8.77986510086385,10.1289045176857,-.0416726964005682,6.7505612
1803,1997,11.8417902668696,7.43425738213314,9.953781347590599,-.0529086556554021,6.3751683
1803,1998,12.0967431527817,9.044639916198459,10.1558131360939,-.0041184914859701,8.5148249
1803,1999,12.1878781245377,9.119101891541909,10.3223919475108,.0541504166380057,9.9514475
1804,1997,11.0995894624815,7.58832367733522,8.965194024768961,0,12.872433
1804,1998,11.1773548217915,0,8.90480656799296,0,9.2185669
1804,1999,11.2264826243534,0,8.84442284667052,0,10.333352
1805,1997,12.5120083520897,10.055092136668,9.142318457529271,-.0132452267500207,9.9039316
1805,1998,12.3962176855808,8.59118687132456,9.46289514182646,.006557400546159,11.080888
1805,1999,11.5470466591894,9.51029680530335,10.0336031178595,.006557400546159,9.9627323
1806,1997,12.6545365771463,8.682707629893811,9.680856369938651,-.0265120945401105,8.3087673
1806,1998,12.8520050453523,11.2446668629764,11.2771765488174,.0030467077014339,9.7198715
1806,1999,13.0362454193789,7.45876269238096,11.2067141141693,.0228493349976137,11.123973
1807,1997,12.5347766205193,9.30792070031505,10.8270358842042,-.0298823744818695,10.186816
1807,1998,12.5212987268031,9.497322199313571,10.9491578199922,-.0100797471856899,13.552081
1807,1999,12.5066709906902,9.510444964426521,11.0456046338014,.0387104169837422,13.060067
1808,1997,11.8700892893874,0,10.217929611283,-.0033277900926745,7.7586112
1808,1998,12.0895388292742,9.255218130754271,10.4296026936445,-.0033277900926745,8.2756872
1808,1999,12.1380132667747,7.98888225330923,10.4166464520958,.0066225407604935,14.065496
1809,1997,11.5941607105185,10.3980923267746,9.73081727198198,-.0232606935745521,7.3346791
1809,1998,11.6592540193201,10.5452098511039,10.7540977781225,-.0034580662783723,4.1118035
1809,1999,11.5956440930914,0,10.6281939603371,.0261007359631721,8.3379669
1810,1997,11.6723280436871,8.261268150577649,10.177609348615,0,12.438444
1810,1998,11.9657447861284,9.690294332075091,10.5223286643994,0,14.212911
1810,1999,12.0854067083035,0,10.41083814537,0,17.037642
1811,1997,12.1582540092746,9.654577374584891,10.6307994168161,0,10.090746
1811,1998,12.3776089775895,9.505916206547059,10.7869678613751,0,10.397265
1811,1999,12.720956930866,9.63639211369274,10.9356448180827,0,10.592116
1812,1997,12.1782965219524,7.86326672400957,8.85686031893397,-.032789822822991,-5.9422126
1812,1998,12.428273690144,7.72223474470961,8.99868062860326,-.032789822822991,4.6778641
1812,1999,12.5235866223853,8.63994165667529,9.381070001234139,.0625203569813339,3.524982
1813,1997,10.9241382997345,7.60090245954208,9.480718592590421,-.059149023853133,7.333694
1813,1998,11.3652951479662,8.820256365906319,9.7537803192951,.008509624620682,4.400146
1813,1999,11.7068543948059,9.022563964499261,10.0018521537515,.0477303377739633,8.1436996
1814,1997,11.7662178838854,0,9.080983112666139,-.0066445427186685,4.2261534
1814,1998,11.6918187073599,0,8.956544295523541,-.0066445427186685,2.5049853
1814,1999,12.00241280054,6.04500531403601,8.882336180045799,.0131580845775112,1.9833578
1815,1997,11.4347264178208,9.128153700988239,9.35312383192265,-.0199333377074501,9.5608959
1815,1998,11.2489866114879,0,9.23973411205203,-.0001307104112705,8.8868475
1815,1999,11.4745660442901,0,9.1263390058099,.0196719168849092,8.2643795
1816,1997,11.3758016845835,0,9.248387319613091,0,5.0245628
1816,1998,11.4597868901521,7.39510754656249,9.318782135709791,0,5.8359976
1816,1999,11.2888725197001,5.43372200355424,9.27606256729498,0,7.2486477
1817,1997,11.3059012955359,0,10.4088794402611,-.0133110140596726,1.0545862
1817,1998,11.3930151682977,0,10.3085058941924,-.0033606832065045,-.79864001
1817,1999,11.1490820315529,0,10.2081336684909,.0164419440896752,2.4240441
1818,1997,10.8143234337273,8.55101473989175,8.55217416031148,-.0066445427186685,-3.5058877
1818,1998,10.7438686903099,6.55961523749324,8.571264623203961,.0033057881344996,-1.0620022
1818,1999,10.9218835073474,6.46146817635372,8.577139936467301,.0033057881344996,-4.452373
1819,1997,13.2391948671511,8.75699718362355,10.7717197525327,-.0232606935745519,21.343969
1819,1998,13.532030325406,8.135053908611569,10.7358573996534,-.0034580662783721,20.973986
1819,1999,13.7855405912062,8.603554357064279,10.7394853787732,.0261007359631723,31.551174
1820,1997,12.0584515953624,0,8.926411248393711,-.0462472511653198,7.9463568
1820,1998,11.9858097351645,7.0647590277918,8.968536290924019,.0025429130041121,12.326712
1820,1999,12.1740491695853,7.55485852104068,9.07791693676867,.0417636261573936,12.094414
1821,1997,13.2052308066236,9.526026640837561,10.2037625008455,-.0232606935745519,-5.6883731
1821,1998,12.9947439499088,9.614671504043139,10.5462541799282,-.0034580662783721,-4.2481523
1821,1999,13.1750812296314,9.09627541568821,10.6598113898171,.0261007359631723,1.8274362
1822,1997,13.2381212526959,0,10.259989981595,-.0559391523241079,12.115537
1822,1998,13.2620644483616,0,10.1340872376696,-.0361365250279282,10.892655
1822,1999,13.2263016821996,9.74096862303835,10.5029200298419,.0860811076963207,11.109132
1823,1997,12.5320665326352,0,10.3507405885007,-.0132452267500207,19.816565
1823,1998,12.6486070194723,0,10.2389128126973,-.0132452267500207,17.71903
1823,1999,12.658836869932,8.866299565855019,10.3397663386302,.0259754864032605,20.171146
1824,1997,11.9024334437015,6.56385552653213,10.0525108239286,-.0263173083173735,7.2350564
1824,1998,11.8973856393014,0,9.940682176093841,.012903404835908,7.1488194
1824,1999,11.5576010028236,8.349720837472489,10.0032333350393,.012903404835908,6.0350957
1825,1997,13.5038228419049,11.1642045182446,10.8772770847566,-.0360104375230333,6.855689
1825,1998,13.4790087609062,10.8940319602344,11.4298492441781,-.0360104375230333,8.1321001
1825,1999,13.6454165649681,11.3592613334258,11.9371776522003,.0683495778012096,9.7981882
1826,1997,12.1061860097076,8.78935545220998,11.1890440304836,-.0033277900926745,10.223296
1826,1998,12.1444631638985,4.9416424226093,11.0649869995926,-.0033277900926745,10.459688
1826,1999,12.310774944611,9.676586952344209,11.1514332221712,.0066225407604935,9.6771393
1827,1997,12.641323067441,9.05485546913579,10.0559339237113,0,15.068773
1827,1998,12.4587866495035,6.23048144757848,9.974681998777919,0,12.310753
1827,1999,12.4105999854784,7.9536697786498,9.98898152885544,0,22.092285
1828,1997,13.614336402454,8.991935575009149,11.4162174085915,0,38.97493
1828,1998,13.7218425290918,9.722864552377761,11.472982250876,0,29.519571
1828,1999,13.7476834352995,9.40491982616564,11.4822518015018,0,30.01689
1829,1997,13.7445566434602,10.1527276085716,11.2881242905576,-.0198026272961798,25.602901
1829,1998,13.9699282649937,9.810769011532919,11.3569334242113,-.0198026272961798,25.597496
1829,1999,13.9937393170193,9.507329003748261,11.3675007694299,.0384662808277961,30.909037
1830,1997,12.6264515874889,8.76467807411661,11.1542757152426,-.0199333377074501,25.12772
1830,1998,12.7463641679267,8.808966881771269,11.1132028372156,-.0001307104112705,25.188314
1830,1999,12.7810490682204,8.641532465671849,11.061599124182,.0196719168849092,23.983931
1831,1997,12.6514005786279,7.00033446027523,9.95193956430038,-.0132452267500207,15.330034
1831,1998,12.7371689663463,8.623353387244631,10.0850254690309,.006557400546159,15.892012
1831,1999,13.1059818076593,6.89568269774787,10.0377736602915,.006557400546159,19.365395
1832,1997,13.0522208810662,9.53437848138862,10.9738323881456,0,17.763889
1832,1998,13.3610052994427,0,10.8897986278671,0,18.297697
1832,1999,13.7022348490318,9.56106766364501,11.021544561322,0,17.542149
1833,1997,13.1756197437048,8.775240458738329,11.465978501063,-.0066445427186685,30.271252
1833,1998,13.4657615740963,10.782761540731,11.7433051720451,-.0066445427186685,32.25536
1833,1999,13.4513534062778,8.76592651372944,11.6783195572234,.0131580845775112,31.701252
1834,1997,12.8386616370223,8.006367567650249,10.3518013999291,-.0331768446945573,11.913124
1834,1998,13.2298556961454,8.006367567650249,10.3248916244458,-.003618042453013,13.27646
1834,1999,12.9380402924505,9.908475094047169,10.6924129851557,.0356026707002685,9.293438
1835,1997,12.4698743379414,9.673004633835159,10.6545144145378,-.0265120945401105,11.455648
1835,1998,12.6518988419576,10.5526044725899,11.1571258521032,.0030467077014339,11.539478
1835,1999,12.7397081350207,9.678467241209059,11.2372220280066,.0228493349976139,11.985931
1836,1997,12.6205699035853,8.492080490601159,10.2112001674859,0,17.728273
1836,1998,12.7639359840012,8.49105453380654,10.2716487758678,0,21.396276
1836,1999,12.7871331176474,9.968900691084359,10.6964755431687,0,18.334967
1837,1997,11.4357636036711,0,9.68023774557699,0,-1.9523764
1837,1998,11.3372736161412,8.848652886213911,9.92002505117506,0,-4.8773379
1837,1999,11.5613631860865,5.99146454710798,9.837673551653319,0,-5.1902556
1838,1997,13.3613216514844,5.69035945432406,10.5621907929751,-.0199333377074503,23.64542
1838,1998,13.3717636087657,7.48941208350872,10.4881889072042,-.0001307104112705,28.451717
1838,1999,13.388764690661,8.0149968943483,10.4475748232825,.0196719168849092,19.995291
1839,1997,15.0703237509314,10.2645478666674,13.8882072418619,-.0331768446945573,34.43116
1839,1998,15.1322169265702,12.2469554382022,13.9620957774441,-.003618042453013,34.889175
1839,1999,15.2097035251561,11.6784144793958,13.9609041778502,.0356026707002685,34.196835
1840,1997,13.7487380767283,0,12.1074797334514,-.0199333377074501,29.301535
1840,1998,13.4270117055095,10.0349543152784,12.107634227888,-.0001307104112705,28.548328
1840,1999,13.1868506472286,7.38832785957711,12.004115567477,.0196719168849092,25.9021
1841,1997,14.6621169653529,10.9964338195776,12.1673827514675,-.009785300734797,21.097504
1841,1998,14.7545252259539,10.4032320062913,12.2198103496775,-.0198356365882984,22.493315
1841,1999,15.0411353430716,10.6645970737685,12.3024454423752,.0289545275811336,22.419456
1842,1997,13.2177314323823,10.0186449219236,11.6487422441084,-.0463745505098999,7.6972299
1842,1998,13.3830961832569,9.4240798432151,11.6210639185831,-.0071538373566186,10.190144
1842,1999,13.4313404106064,10.6177844918188,11.7935791460429,.0511150707673574,13.001768
1843,1997,13.2299652194126,9.47516315028188,9.546405382835101,-.0133110140596726,22.717592
1843,1998,13.3622460105802,9.56120848888113,10.1063549244461,-.0033606832065045,26.255955
1843,1999,13.3092556498611,8.03333401588006,10.1100015968788,.0164419440896752,23.956146
1844,1997,13.6352588575389,9.638414622945209,11.5055704832829,-.042772091843869,26.81535
1844,1998,13.805404665012,10.5156957905907,11.6908289430784,-.0328217609907009,26.543756
1844,1999,13.9064165079164,10.9476260558165,11.9441960621269,.0715382543335419,29.103367
1845,1997,13.4391706629658,8.176672771948461,11.2562652017131,0,10.133707
1845,1998,13.4334328207451,6.69703424766648,11.1665741909544,0,11.681707
1845,1999,13.1625720638897,0,11.0671960193222,0,12.462123
1846,1997,13.8913028175759,10.3626513929782,12.3843284483364,-.0099833336089012,33.428505
1846,1998,14.1426091446502,11.0283846814621,12.4865544833952,-.0000330027557332,34.281593
1846,1999,14.2144431373974,11.8298944580469,12.7674406117899,.0099173280974349,36.330872
1847,1997,14.569756045781,9.73654709778048,12.0269388025735,-.0397334022186,30.666737
1847,1998,14.5038325912015,11.185906405939,12.2469059999859,-.0005126890653187,29.445333
1847,1999,14.3652414499543,10.7570940430329,12.3159444699152,.0387080240879626,31.95418
1848,1997,14.0873000274894,11.4903526041178,12.3497815709183,-.0099503308531681,22.38208
1848,1998,14.234826611923,9.99675018299582,12.3107681901438,-.0099503308531681,22.230124
1848,1999,14.2043892980732,11.3422557609167,12.4923697593694,.0196084713883766,21.406416
1849,1997,13.7322614221343,10.8409916808095,12.0719788090495,-.0099503308531681,16.057735
1849,1998,13.9515388956253,11.0509217509015,12.2534046041774,-.0099503308531681,15.965025
1849,1999,13.9648861323282,10.1540906167465,12.2515630858797,.0196084713883763,18.388659
1850,1997,14.553119979301,10.8751562252596,12.5883602177394,-.0687172779589881,23.15976
1850,1998,14.6242160791585,12.8830650373334,13.3014577323798,-.0489146506628084,19.05724
1850,1999,14.6774789915943,11.8075334974927,13.3946782773708,.108089098146856,26.808895
1851,1997,13.9567236208676,12.1367225673954,12.1529128735144,-.0199333377074501,17.486746
1851,1998,14.0183077181696,10.4998484644084,12.2250214770739,-.0001307104112704,10.879421
1851,1999,14.0678081694288,11.2515477137385,12.431600552009,.0196719168849094,10.935901
1852,1997,14.6386166135502,0,14.183823249851,-.0265770148504524,23.751831
1852,1998,14.6182241843444,8.138856750696331,14.095641895229,-.0067743875542726,25.549849
1852,1999,14.5487338168229,0,14.0052794808233,.0324463255990087,25.079428
1853,1997,15.1367552261045,0,13.434834009063,-.0395411746205327,28.97648
1853,1998,15.2270840654203,11.2405916694652,13.4471696880946,.0092489895488994,30.262072
1853,1999,15.3937351879842,11.6594212060864,13.5040374430523,.0290516168450792,33.150253
1854,1997,12.7553581305751,8.361708288575841,9.90069365323173,-.0096532570281384,19.159977
1854,1998,12.8906519826726,7.10332206252611,9.836203933729889,.0199055452134062,19.36059
1854,1999,13.0065501283351,6.54391184556479,9.749875894077411,-.0105536622713025,20.71356
1855,1997,14.6889984485961,11.2110362810834,12.7186462407036,-.0463745505099002,34.272781
1855,1998,14.7945498058599,12.3553069741694,13.1189331007267,-.0168157482683556,35.458611
1855,1999,14.9247572630182,12.1260495209982,13.3216857643069,.0601452928677728,34.621071
1856,1997,13.5736693821134,10.4862058393267,12.5308420272389,-.0232606935745518,25.138493
1856,1998,13.6072574582226,8.490849216076629,12.4374248137743,-.003458066278372,25.30617
1856,1999,13.6699050644681,8.611411866655221,12.3477462377987,.0261007359631723,30.385611
1857,1997,12.6820769844507,7.54644627374602,9.76872111183933,-.0557815404587607,20.118824
1857,1998,12.1257840743013,10.0126109795545,10.4507588888541,.0118771080150541,22.427111
1857,1999,13.1929933081782,6.89467003943348,10.3746405210384,.0414359102565986,19.177471
1858,1997,12.7656884334656,8.69951474821019,10.3166992448987,-.0191488188387608,9.2303619
1858,1998,13.0225430421221,10.3089526606443,10.8557610688179,-.0393515261562803,4.5014062
1858,1999,12.9814908185229,10.7589023810253,11.3492647073642,.0559586536480448,11.572038
1859,1997,14.1586421090531,8.802973456578419,10.5024147088562,-.0232606935745519,26.644596
1859,1998,14.1152267862408,8.27995071572253,10.4749415628173,-.0034580662783721,25.329447
1859,1999,13.9320340427802,9.00601857490256,10.5464776350981,.0261007359631723,25.61352
1860,1997,14.6602997817523,12.0509790212705,12.8573915963183,-.0099833336089011,24.05164
1860,1998,14.733527126782,11.8201527786561,13.0240568129198,-.0000330027557331,29.788925
1860,1999,14.7652240160415,11.5787787464315,13.1010739573794,.0099173280974351,31.582825
1861,1997,12.5171661992984,0,10.2000005176227,.0000666688889877,22.079922
1861,1998,12.2833732160273,6.45362499889269,10.1086178346976,-.0099836669645137,11.018173
1861,1999,12.2758588530365,4.51085950651685,9.998688635480519,.0098189603316661,7.8475575
1862,1997,13.2583735952016,7.99057688174392,11.6276317723486,-.0298500219688854,23.511166
1862,1998,13.2303477899813,6.3919171133926,11.519245451715,-.000291219727341,22.985025
1862,1999,12.8670054059116,0,11.4058534855935,.0292675825142035,21.023272
1863,1997,13.3617195903806,0,11.7457674342221,-.0165293019512107,27.700377
1863,1998,13.6552440379835,0,11.6323746673552,-.0165293019512107,29.196224
1863,1999,13.6030638555278,5.62401750618734,11.5212814562323,.0322608622182215,29.278131
1864,1997,13.5048598397769,9.887967740878089,11.0352718490497,-.0232606935745519,14.246189
1864,1998,13.6857432049842,11.2244564162672,11.682327253158,-.0034580662783722,11.490348
1864,1999,13.8606461183223,9.293669979563189,11.6513708889413,.0261007359631721,17.661329
1865,1997,13.7636908755852,0,11.5696809643177,-.0395411746205326,25.536963
1865,1998,13.7136496047577,11.0794311841406,11.9141750334972,-.0295908437673646,24.010508
1865,1999,13.7254317614958,7.7484600238997,11.8184081620475,.0657193360369604,24.834867
1866,1997,11.8516031249993,9.79896002318219,9.53213397405673,-.0562543015498737,23.355545
1866,1998,11.3757806948102,0,9.41874381976864,-.0170335883965925,25.397738
1866,1999,12.0214750459694,0,9.305350506771511,.0691441078444601,21.460674
1867,1997,11.9765975924948,8.10167774745457,9.67783460532001,-.0263173083173734,10.501923
1867,1998,12.028572288055,5.81413053182507,9.581276145187109,-.0263173083173734,8.6340456
1867,1999,12.0341518035882,0,9.46519962106046,.0506437328187549,14.824973
1868,1997,14.3428509888879,10.7606650199178,12.6685432854221,-.0428998343152208,26.792809
1868,1998,14.4411122139292,10.493189049643,12.664134315071,.0058903298542113,28.925299
1868,1999,14.4963229270057,10.0943558152985,12.6274790138744,.0354491320957557,27.68457
1869,1997,14.0975869478952,0,12.3978105622574,.0035395902985326,18.140549
1869,1998,14.5001385530937,9.3894902376045,12.3428928740003,-.0166631170189868,18.284967
1869,1999,14.5804368581476,10.3530333398795,12.3620207090951,.0128956852225576,21.288223
1870,1997,16.5347362911093,10.7951986654359,13.3793741064701,-.0265770148504525,42.806782
1870,1998,16.5765964668595,13.1346002011501,14.197001570287,-.0067743875542726,46.718838
1870,1999,16.5575357952438,12.851194869075,14.3178648410318,.0324463255990087,45.724903
1871,1997,12.3480842294762,10.2446629974279,10.807928350453,.0136257435818128,1.7332991
1871,1998,12.2346698205078,8.598404446841061,10.8020012043076,-.0168334639028957,-2.7282305
1871,1999,12.1685784411026,9.065892467610309,10.8498670432874,.002969163393284,-2.5899096
1872,1997,12.7417762305621,10.0388048494838,10.1870486454036,-.0033277900926745,13.166614
1872,1998,12.4464154382704,9.332734980189789,10.418117929042,-.0033277900926745,12.990633
1872,1999,12.508862518275,6.61740297797448,10.3351628203643,.0066225407604935,11.071968
1873,1997,12.5960551814521,0,9.37256975956074,-.0265120945401104,14.789266
1873,1998,12.6232719709673,9.163667963777749,9.83302216886362,.0030467077014339,14.280818
1873,1999,12.6434400859839,8.32796785830549,9.91674429237777,.0228493349976137,15.950598
1874,1997,11.9508118406814,7.54697411751653,9.559171634516749,-.0265770148504524,6.1560121
1874,1998,11.9632955829101,9.16555218918605,9.944154335011619,-.0067743875542726,3.4189975
1874,1999,12.040345518937,9.09076823683534,10.1735719400188,.0324463255990087,-.92097735
1875,1997,14.6513783085367,10.9404726336333,11.2428645571869,-.0330478540462004,52.614357
1875,1998,14.7244041073531,11.248282606478,11.8032610138376,.006172859107081,46.542419
1875,1999,14.8175030774461,11.1068951971894,12.0821979055618,.0259754864032605,50.064186
1876,1997,12.0317787804234,0,8.972577984275381,-.0363962151912906,8.4408121
1876,1998,12.1060147129632,8.006367567650249,9.16543714387376,.0028244979619906,11.315099
1876,1999,12.1898314687336,0,9.051602520479181,.032383300203535,11.246686
1877,1997,13.5741992172778,10.7237958787128,12.4689706137063,-.0099503308531681,9.2191343
1877,1998,13.6593992907744,11.0720455918909,12.5556282066982,-.0099503308531681,16.390045
1877,1999,13.8663785619287,10.2283931527859,12.5188371326384,.0196084713883763,12.08408
1878,1997,14.3272191917621,9.06612352121577,12.1679366238863,-.0232606935745519,38.030579
1878,1998,14.3398247999108,10.1764493108312,12.1736191827985,-.0034580662783722,33.840668
1878,1999,14.35928728187,10.1105017219205,12.1706516642437,.0261007359631723,35.018871
1879,1997,11.5517387938718,5.06259503302697,9.427039200606369,-.0856882798603057,9.4868765
1879,1998,11.7647690206081,8.3354314778808,9.59007049107506,-.0274193717363299,14.283132
1879,1999,11.7125175146316,8.222822130813659,9.692223163752001,.103608890670074,16.657003
1880,1997,12.5427739873334,9.121071904218001,10.3289938215806,.369133178860774,22.502665
1880,1998,12.0054208598892,8.12266802334641,10.3122405828326,-.141692444905217,18.701111
1880,1999,12.0824387192585,0,10.1964929310193,-.377414778426286,20.230671
1881,1997,12.1630085560591,8.46526811855132,10.0063103509115,0,1.7655919
1881,1998,12.2664242889149,0,9.894487170338831,0,1.8222623
1881,1999,12.3623795704179,7.27309259599952,9.848429284785921,0,2.6922922
1882,1997,13.2134336724962,9.01602720232985,11.5620850846921,-.0133110140596724,24.448593
1882,1998,13.3901024027015,8.85879510585745,11.5078264872504,-.0033606832065043,25.398624
1882,1999,13.46901222762,8.280204233279971,11.4287337453714,.0164419440896754,28.580362
1883,1997,12.1866147628028,7.1608459066643,8.526588913056599,-.0132452267500207,7.9832993
1883,1998,12.4465313407606,9.03693891255679,9.356507842041159,-.0132452267500207,8.1557045
1883,1999,12.604332048967,6.74523634948436,9.30753060156068,.0259754864032605,5.8255467
1884,1997,12.5825447559659,0,10.9462911043757,-.0099503308531681,2.9887271
1884,1998,12.9460437569018,0,10.8348008780759,-.0099503308531681,8.1170645
1884,1999,13.1917672859726,10.0962543671916,11.0925466990547,.0196084713883763,9.1212883
1885,1997,12.5418875232812,0,10.3942859637886,-.0265770148504524,19.086309
1885,1998,12.7270723374945,10.4290737017753,10.9681948412467,-.0067743875542726,19.407305
1885,1999,12.6940573911868,10.435761507508,11.3007713084556,.0324463255990087,17.654261
1886,1997,13.7249702780783,7.85243908535751,10.151432978764,-.0165948735718365,34.077782
1886,1998,13.5498939228901,9.00307016981826,10.3089326604443,.0032077537243432,38.340935
1886,1999,14.4412268988573,6.90775527898214,10.2379434720412,.0131580845775114,32.963284
1887,1997,12.7388324830684,0,9.76856662352435,-.0199333377074501,23.622065
1887,1998,12.7246846077262,0,9.644133752071211,-.0001307104112705,24.184782
1887,1999,12.4796779123113,0,9.519705655259109,.0196719168849092,16.519274
1888,1991,13.0047251312654,10.7579028806922,11.9352260576591,-.157123572417027,23.754353
1888,1992,13.2669347503976,9.39266192877014,11.9001152588456,-.0527635570927844,26.059475
1889,1990,12.0750121928177,0,9.398146859000709,-.0995012938939193,9.6261768
1889,1991,12.0353150474624,8.372167419365979,9.61221236590746,-.0412323857699435,12.530855
1890,1991,11.6824095833079,9.7981270368783,10.2163803959939,-.0184771338331093,-1.3606181
1890,1992,11.6649613882593,8.85366542803745,10.3523984101072,.0013254934630704,1.6574597
1891,1991,9.9524288026,9.19786285046507,8.958758765149121,-.179287136164251,-17.60865
1891,1992,9.939609279825961,6.49828214947643,8.92844154428013,-.0570695034400016,-9.1350317
1892,1990,12.592949388827,8.13973227971767,9.541656481448021,-.0849537058801638,-17.231039
1892,1991,12.6717073699947,0,9.42478217263645,.0103564739241611,-1.7201926
1893,1991,12.6591801666615,8.3584318990313,8.143662701838419,-.0049875415110391,-5.6011457
1893,1992,12.0364670772254,0,8.02659494133021,-.0049875415110391,1.2637929
1894,1991,12.5609459675223,7.91352101728389,8.96506623577398,0,3.8580317
1894,1992,12.4390200451795,9.998797732340449,10.2355895392255,0,4.4321928
1895,1990,11.3897403643999,9.350102314351339,9.06612352121577,-.0458493362342805,-2.0035336
1895,1991,10.9465478503925,8.59433940059289,9.500207555333301,.0029408279351515,3.2649257
1896,1991,12.0837568112447,7.82404601085629,10.6165991120156,-.0487901641694321,-6.9504113
1896,1992,12.2479849374,7.72046169459972,10.5823709878321,.0465200156348929,.71281976
1897,1991,11.2766543170243,9.503009985939,10.4400540197943,-.0430594894604471,-2.2083158
1897,1992,10.8496454353678,0,10.3231973877274,-.0038387763071658,2.8676693
1898,1992,11.6100549840051,0,8.40934068443676,.0019821612039912,4.440166
1898,1993,11.5687637737808,6.99301512293296,8.53018838691105,.0019821612039912,4.5852475
1899,1992,11.3749382665695,5.41610040220442,8.15794350710504,-.0127024390697936,-.80800635
1899,1993,11.5517646727615,0,8.04112319894052,.0168563631717509,1.066703
1900,1992,11.4143789564034,8.0532511535491,8.636344179887271,.0250989732209387,2.7559648
1900,1993,11.2917161877483,8.30449489796357,9.08761891235247,.0738891373903707,6.0585136
1901,1991,11.9774456900785,7.57660976697304,9.70548773155557,.0050125418235442,5.5619521
1901,1992,11.8250119136629,8.070906088787821,9.780568223680721,-.0050377940299572,17.305933
1902,1991,17.5631759505388,13.956141687704,16.3458247605116,-.208502539279946,45.583134
1902,1992,17.3078395325957,13.2194900881351,16.2749512520425,-.169281826126665,53.035141
1903,1990,15.8620692126888,12.9718334680026,15.1973485040005,-.147653772275817,12.715137
1903,1991,16.8874920646033,13.7757744320086,15.3384201112823,-.0893848641518415,54.482376
1904,1991,11.7725895838269,0,11.0166337109813,-.0487901641694321,17.917088
1904,1992,12.2727588587252,0,10.9152629944379,.0465200156348929,20.011604
1905,1991,11.5691064125883,0,8.533302733149309,-.0677513455569246,6.3588209
1905,1992,10.9401874982696,0,8.42103465185652,-.0189611813874927,1.3137752
1906,1996,17.039701492973,13.5766935675104,14.8426919341086,.0533060410284294,39.587494
1906,1997,17.0679315344429,13.8460795294247,15.0277435428715,.0533060410284294,36.263981
1907,1997,20.3886840749305,16.8093911181548,18.7746233812386,.0495673159466156,96.565178
1907,1998,20.4838902554969,17.0918367296114,18.813316868767,.0395169800931143,88.814949
1908,1990,15.7580407781298,10.5966347330961,11.8587396437362,-.229521250486286,42.341324
1908,1991,15.7645144476482,10.4613017185249,11.993268582011,-.143343554245234,39.692429
1909,1990,16.7186196638263,11.3396191485032,15.0098732325621,-.0381945457979693,25.803308
1909,1991,16.7516934057499,11.7066072493348,14.9890369176107,.0387664953381591,26.750322
1910,1991,14.3749372423065,12.1776114407081,13.7011809398912,-.0099503308531681,8.4311399
1910,1992,14.1539080149887,8.82541291508557,13.6050973804913,.0098522964430116,15.601109
1911,1991,11.2808347527127,7.00397413672268,8.817268153797979,-.0148886124937506,2.2983124
1911,1992,11.2405177104137,8.02027047281924,9.107620810371669,.0146701897477936,1.8766038
1912,1991,11.3191825033946,7.13089883029635,8.090678078359771,.0041984034211378,-.57063353
1912,1992,11.3273740525979,6.62007320653036,8.194505509765641,.0718570518949527,8.421895
1913,1991,13.4067250434028,10.5230151032223,11.6827382792986,.0050125418235444,18.822824
1913,1992,13.4112464426612,10.2495564506876,11.8028270724308,-.0050377940299571,22.044924
1914,1991,12.5013915544017,8.097121930918711,11.0159041221806,-.0570788471825426,11.334526
1914,1992,12.3267145057137,9.309280319831091,11.0783090565803,.0472811681417002,14.080567
1915,1992,14.3367249749856,10.5189164052908,12.7178085548605,.0146128654046817,35.50827
1915,1993,14.1482936446901,8.596928159435089,12.6244013286212,.0146128654046817,41.967579
1916,1990,13.0209506146613,0,9.27030595314362,-.0688028534346648,-5.3372021
1916,1991,12.3681914950066,0,9.16988289434491,-.0011442049608499,-3.8602879
1917,1990,15.0200756956559,12.0610468734799,12.991819517656,.0061279345171343,28.268839
1917,1991,15.2220039956994,12.3673407931263,13.3272500820876,-.0039224013363671,26.982828
1918,1992,10.9456335001104,7.98684490116138,8.0129789972379,.0009391862296854,-1.234606
1918,1993,11.1136453711303,5.85793315448346,8.02204404703525,.0304979884712298,1.0887731
1919,1994,16.9605344789863,12.8346813049525,15.0873131456523,-.0002046241139905,68.55024
1919,1995,16.9438674774897,13.1062339954744,15.0999960333598,.0293541781275538,66.571785
1920,1990,15.5386294150833,11.2747571043879,13.540294461357,-.0099833336089012,27.608011
1920,1991,15.6070655062794,10.3355945915907,13.4675663896423,-.0000330027557331,27.392672
1921,1993,12.1800150990631,0,10.833355692824,.0425775068672884,.42068949
1921,1994,12.3570767686907,8.033982734683221,10.7926845414122,.0913676710367206,3.3738155
1922,1992,11.9581496587387,6.08449941307517,9.15612702891953,.0043328805648399,1.3929373
1922,1993,11.3917981481457,0,9.063741108301761,.0812939217009682,6.6885657
1923,1991,13.3142483144544,10.2095005816726,11.9179458075182,0,2.5703278
1923,1992,13.5983176585689,9.10642325855641,11.8840054562281,0,9.1382771
1924,1992,12.5149599461369,8.54090971803355,11.0329733128697,.0266944993956479,8.5236368
1924,1993,12.5208118707328,0,10.9172171061389,.122004679199973,9.2170773
1925,1990,10.8198831798686,0,8.840435439266569,-.106922495132491,2.1025598
1925,1991,10.7631077927778,0,8.736906867427249,-.0392638466586762,1.2797818
1926,1990,15.4626788187018,12.6507584667916,12.9466042407518,-.0645603958983169,16.38019
1926,1991,15.4714136039117,11.4947614943426,13.0569478851733,-.0157702317288847,23.550032
1927,1991,11.3217551855851,9.291920358968611,9.27618429071144,-.0166578697065949,4.447793
1927,1992,11.3731425633457,7.09007683577609,9.27658680879509,.05100077876722,14.021683
1928,1991,11.2941904439408,0,11.3090476321366,-.153365931421329,11.638901
1928,1992,11.2185235650154,9.98916053427428,11.4348125606944,-.104575767251897,10.82055
1929,1991,12.8526639383833,13.0216830038869,9.68185535854585,-.0240289777993611,2.2137363
1929,1992,12.9218242369248,9.03741453682259,10.0157129508744,-.0240289777993611,8.9600019
1930,1992,11.9522550870311,7.94979721616185,8.76017074208354,.0063295129806682,19.097366
1930,1993,12.0017058687077,8.149312843635339,9.08571774958128,.0739881614544831,21.071386
1931,1991,11.7544158078953,8.237743803890931,10.2280643177443,-.0049875415110391,-1.2099869
1931,1992,11.5221018943596,6.13122648948314,10.129841943583,.0049627893421291,.28555191
1932,1991,14.2667878783191,8.974618038455111,10.6790761001462,.0089074785862519,36.12727
1932,1992,14.5018769387069,10.8058618991504,11.3522225326099,.0384662808277961,31.055239
1933,1998,10.6896061046587,8.839276690585351,9.270494294795929,.0854763042731927,4.1100135
1933,1999,10.9179304883439,5.06890420222023,9.17257619755517,.124697017426474,4.5810466
1934,1997,16.511211365814,11.6960133946921,14.1814986000636,.0811590236402693,70.831139
1934,1998,16.4981071914754,12.0490444964228,14.1594061021054,.100961650936449,65.814919
1935,1991,11.8782142034309,6.95939851213398,9.52192694165895,-.0295588022415444,6.7582774
1935,1992,11.959583698721,5.66296048013595,9.432026862292391,.0287101058824314,13.065252
1936,1990,15.3440944830523,10.6135164319646,14.0038150147986,-.200731132755418,19.617565
1936,1991,15.2905591773914,11.7109317048302,14.0096739723779,-.105420952951093,23.636782
1937,1992,15.8491530052259,9.698797679880171,11.9844117445466,-.0038387763071656,37.094025
1937,1993,15.5696464913008,8.97765140781844,11.8956560920964,.0449513878622665,46.927208
1938,1992,12.5475711578092,9.20381915498592,10.949259737088,.0188861946350188,2.3981545
1938,1993,12.6528388333789,0,10.8240292362978,.0581069077883002,8.5457916
1939,1994,10.133579185065,6.93342302573071,8.021683018428019,.0170963791651058,-5.7894006
1939,1995,10.2069623169107,5.71373280550937,8.01347557910962,.0170963791651058,-5.568624
1940,1990,10.3534797826944,6.89264164117209,8.75004942158424,-.0589479228243264,-19.546057
1940,1991,10.6085880072135,0,8.649711571116381,-.0006790147003506,-10.058616
1941,1991,12.0244480957704,0,8.433920272222419,.0190481949706944,-9.9022264
1941,1992,12.0999132658919,9.54438108340598,9.75973264889099,.0190481949706944,-12.746097
1942,1991,11.5635492644627,8.242756345714479,8.13464350787881,-.107180681679571,-11.931072
1942,1992,11.3723887590016,0,8.019185071360861,-.107180681679571,-6.748301
1943,1992,12.0558609705344,0,8.001355025826699,-.316188027527703,5.8427277
1943,1993,11.3461525638127,6.12249280951439,8.033917881737249,-.316188027527703,6.2296147
1944,1991,15.6071690386031,12.0081154873157,14.14550874019,-.0629747991613884,26.808064
1944,1992,15.6633033106001,10.9340351102901,14.071506433374,.0592428335628606,27.600994
1945,1992,12.1307940227401,8.22523532410167,8.17717868837061,-.0990317253010851,-10.418
1945,1993,12.3587352021155,0,8.05984514142839,-.0890813944479169,8.7989817
1946,1991,11.1990080561499,8.839276690585351,9.881011855770939,-.0143617829109316,-14.468906
1946,1992,11.3210582664005,6.61472560020376,9.81661616574741,.0809483968933932,-5.3038306
1947,1992,11.631474201254,9.76709492763057,9.810999387100971,-.0035324235439143,3.1560676
1947,1993,11.6514045967851,0,9.69915348845891,.0826452726971382,9.2967939
1948,1991,11.4335927565103,7.82404601085629,8.95464780217662,-.0099503308531681,3.2851007
1948,1992,11.4167882614923,9.06357899058078,9.619843981017381,.0098522964430116,7.211668
1949,1992,13.4073472315484,9.26605886073253,10.608338476318,.0361216708454568,25.132116
1949,1993,13.5849495400031,7.89655270164304,10.5597528826697,.158339303569706,19.869062
1950,1992,14.8176927995188,10.2721503541202,12.478221956819,-.0214982881014451,45.862972
1950,1993,14.7334026986512,0,12.3624715105798,-.0214982881014451,40.536648
1951,1992,14.4773028448968,10.8626845054207,12.3065539773061,-.0246926125903715,47.439301
1951,1993,14.0504802644288,9.21522840604896,12.2509733507894,.0240975515790607,53.547264
1952,1991,11.6965899597927,0,9.782821615309491,-.0892644657252711,13.139112
1952,1992,11.8395665264189,8.04910772132641,9.843084468678351,-.161835158560107,14.422811
1953,1991,16.5993938105137,13.484148243425,15.362424771476,-.0178987307013917,37.412434
1953,1992,16.5574885285076,13.7056142154237,15.430483324793,-.0279490665548932,44.194599
1954,1991,13.9732055208219,10.748239317228,12.1505218799075,-.0067796869853787,11.463348
1954,1992,13.5196605519118,8.63710728808157,12.0696101041404,-.0067796869853787,8.2432356
1955,1992,16.2011045221621,9.414097209490199,14.3636895370711,-.0002912197273409,46.687733
1955,1993,16.1529096817538,11.1378101083567,14.3191161398437,.0292675825142035,52.637356
1956,1992,16.2672745117007,11.6377061818675,13.4076304360564,.0340072066893571,70.507706
1956,1993,16.4710692061632,12.06432473242,13.5575525815356,.0827973708587891,75.026276
1957,1992,12.1607091037786,10.9272326065247,10.5515301438439,.0726312153573325,9.5132399
1957,1993,12.3673407931263,0,10.4397031066855,.0726312153573325,9.7097569
1958,1993,12.515918684153,0,9.218169643090519,.0242785841982992,8.1597357
1958,1994,10.9761827409875,0,9.089290756853719,.0242785841982992,2.0731733
1959,1991,12.003956461408,0,9.93868576318609,-.0707690708882073,14.375719
1959,1992,12.0313025048891,6.39692965521615,9.84323848519028,.0335909444360356,15.110473
1960,1991,15.0871475934162,10.4117198164495,11.9493917003647,-.0246926125903715,30.013447
1960,1992,15.080849015933,8.554874258383929,11.8833808213689,.0240975515790607,43.292446
1961,1990,10.6236417385826,9.525224101853111,8.604654467186229,-.0524026787930484,-10.663483
1961,1991,10.4128921671467,0,8.49279803458152,.0152559696807664,-5.0587325
1962,1993,16.3003200283435,13.1825719126688,14.571916206368,-.101547836512931,49.639866
1962,1994,16.3753512262178,13.3806516540003,14.7306837456184,-.0245867953768023,43.117973
1963,1991,12.2060726455302,10.8371662340115,10.9099169330512,-.0486722433848501,7.960063
1963,1992,12.4684369099977,0,10.8032219820946,.0001179207845819,8.9966259
1964,1991,13.7231810003165,10.5966347330961,10.3334078466772,.0097470482131808,22.450165
1964,1992,13.5439182180289,8.006367567650249,10.3040037683864,.0774056966869958,23.60033
1965,1990,14.8191115476787,10.8902181085561,13.3506297844573,-.0902806437751649,-7.211194
1965,1991,14.7032016594393,9.720585827477111,13.2476982703143,-.0414904796057328,19.80345
1966,1991,12.4685651069083,6.59987049921284,10.6454344210297,-.0049875415110391,1.6206808
1966,1992,12.3889701167005,5.41610040220442,10.5572049980992,.0049627893421291,7.0255017
1967,1991,13.2822178283297,9.580247384683631,9.490627670356121,-.0392207131532814,22.699871
1967,1992,13.3551023451119,4.77912349311153,9.39856116070113,.0377403279828471,22.449081
1968,1990,11.2477691062328,0,9.59287797544064,-.128234890890189,-11.686063
1968,1991,10.9493537376143,0,9.481031410895129,-.0329247110858639,-8.995698
1969,1991,11.9685486078705,8.62047154086974,8.265984471833679,.0192313619278876,11.132818
1969,1992,12.1932528591318,0,8.13722037606901,.0680215260973197,8.3203917
1970,1991,12.0962718530846,7.90691548867859,10.2489832408028,-.100854780059675,9.708847
1970,1992,11.8819355433611,9.64723954557388,10.5941290966091,-.0238937389235469,10.480824
1971,1992,11.8425097482984,9.195632743103911,10.1566402900907,-.360007431540268,8.9959192
1971,1993,11.6977272767207,10.1102577897324,10.7352851884331,-.320786718386987,12.104154
1972,1990,12.0879998616258,10.6145237659318,10.2537217996449,-.0333765373083257,-.79342103
1972,1991,12.1501505565144,9.966462351697521,10.7416415924675,-.0535792446258452,3.1471252
1973,1991,13.3864024286871,8.494947582468919,10.6951216798107,-.0148886124937507,15.85584
1973,1992,13.1827683178249,8.012349639327789,10.6635454383787,.0146701897477938,4.6510592
1974,1990,12.7037404840564,8.930229565020721,8.595449689382001,-.0645385211375712,-.64602429
1974,1991,12.0626025029378,7.50328963067508,8.78353415371377,.0307716586667539,5.9639769
1975,1990,11.7293191739331,10.7988610361549,10.2482467855269,-.0970478276286071,-13.574056
1975,1991,11.8734802268388,0,10.1616970440292,-.048257663459175,-9.0312634
1976,1990,13.6769682315551,11.0466429039549,12.9745128101255,.0270286723879194,-49.761177
1976,1991,14.0753716922136,0,12.8703732351659,.0270286723879194,-11.144287
1977,1990,11.3548554478986,0,9.70984212201073,-.058268908123976,-13.589138
1977,1991,10.8436315204324,8.61250337122056,9.895319282868281,.0279087881170764,-13.382868
1978,1991,11.6097721155995,6.14418563412565,9.09792167250645,-.168721155865941,4.5643463
1978,1992,11.4760102886808,5.66296048013595,9.01571138856017,-.0734109760616164,7.6510372
1979,1990,11.9277427052444,0,9.422058905620929,-.0132452267500209,-4.4297347
1979,1991,10.8732258928675,0,9.3093256086606,.006557400546159,-5.5918508
1980,1991,11.3364706988309,9.23190614989074,8.208518984485041,.0408219945202552,-1.9765912
1980,1992,11.472162882248,9.190137664658661,9.4348110422783,-.0425596144187959,-1.653263
1981,1991,14.1591110227378,8.294049640102029,11.785206548686,-.0044554684479867,39.257
1981,1992,14.2981672746742,9.145375093123819,11.7556237697252,.0632031800258283,31.979328
1982,1994,16.9319457971266,13.1444085862729,13.643963705006,-.0565075932485936,82.477837
1982,1995,16.9460783193935,13.6058963213328,15.3408981161599,.158603786368352,86.84359
1983,1991,11.0996748667503,9.853509182729891,9.52770987917269,-.0136106570482587,3.5013218
1983,1992,11.078061707216,0,9.41589005488934,-.0861813498830942,8.8042107
1984,1992,13.5116505739208,10.1512066364164,8.34160094196025,.0129034048359078,4.8175812
1984,1993,13.5995046309589,9.9335801928433,10.0541894349496,.0129034048359078,7.411798
1985,1992,13.5695883102713,4.88280192258637,9.981702436911821,-.5926789155491921,9.1665535
1985,1993,13.8967518050543,3.17805383034795,9.925038650366419,-.435675166739528,9.7080135
1986,1998,11.9107551198328,9.41426032832263,10.3343312167834,.208630610988849,3.8832877
1986,1999,12.312676298749,9.2277872855799,10.481726000171,.24785132414213,6.5432343
1987,1998,11.4690479416913,9.55314963005328,10.0517437511354,.14243950025331,4.4737854
1987,1999,11.7269745321501,4.74493212836325,9.94075443512806,.181660213406591,1.5574926
1988,1990,9.661794900433,0,8.211482916445069,-.144446604365028,-22.956535
1988,1991,9.50812307901646,6.63463335786169,8.31039039969008,.0210678341125454,-11.21569
1989,1991,10.9136619625831,5.90263333340137,8.21924527167454,-.228571305149243,-1.3231192
1989,1992,11.078100705458,6.47697236288968,8.273540763470489,-.160912656675428,1.7386851
1990,1991,14.8782359922134,12.6079111855826,12.5446979198443,-.008284175339909,30.334101
1990,1992,14.8372820915949,11.6246546574847,12.8045063182417,.122744087066495,28.064058
1991,1991,11.8465686070851,4.85981240436167,10.0438319339564,-.0099503308531682,-4.9760494
1991,1992,11.9774368822901,8.987196820661969,10.2453452614337,.0098522964430116,-3.5494909
1992,1991,12.0828912560071,10.391453882156,10.1370961536981,-.0041184914859701,4.7047653
1992,1992,12.2725191684568,9.239899174217729,10.3798645784722,.0541504166380057,11.008937
1993,1993,14.6503499271154,9.9134378833893,14.4283180742634,.0388586925228576,42.540634
1993,1994,14.4324702672199,7.76937860951398,14.35388835067,.0971276006468335,57.579979
1994,1992,11.5571825074663,0,9.137242658569971,-.0802051560165514,-.12895001
1994,1993,11.5383094092675,0,9.011255085755041,-.0604025287203716,3.2748804
1995,1990,11.229998818582,0,8.72534492491121,-.304789325709783,1.6422557
1995,1991,11.0520954772856,5.09375020080676,8.644442392331699,-.255999161540351,4.1485515
1996,1994,14.322970915118,9.873079890114701,13.0737811416163,.0837575665398815,4.8063359
1996,1995,14.285916694347,10.3182757321051,13.0397332251814,.0937078973930495,5.0880065
1997,1993,11.593891965274,0,10.5154301006493,-.110908168667625,-9.3028612
1997,1994,10.9985384728572,0,10.4550394862448,.0201200937387792,4.0522604
1998,1992,12.9384807307434,10.770735088231,11.5868708524792,.0041192875549046,10.502427
1998,1993,13.0806407806132,10.3152328986014,11.7377979208672,.0717779360287197,12.102194
1999,1991,14.9550537856453,9.38202219366579,12.6123953857667,-.0067743875542726,42.387577
1999,1992,15.0050392066049,12.1511992660684,13.0112429720514,.0324463255990085,49.069237
2000,1991,12.6267463302836,0,10.7269675783174,-.419530397690574,5.247088
2000,1992,12.5315302695424,0,10.6151350421556,-.409580066837406,10.633694
2001,1991,13.8387026827365,0,11.071924366771,-.0523112945680109,29.479713
2001,1992,13.3403726027126,0,10.9705541330385,-.0035211303985789,21.552237
2002,1990,15.3882084256652,11.8591146247262,13.4507357557058,-.138685888274229,53.748016
2002,1991,13.5775602591793,9.059517482241599,13.3379631861075,-.0804169801502534,54.342449
2003,1991,11.6462612533591,9.9134378833893,9.77774857715578,.0200693295247243,13.158421
2003,1992,11.673002220612,7.09007683577609,9.731601357463701,-.0207526649955309,11.956646
2004,1991,11.3204290709787,0,8.31937619804804,-.0143246035274317,-3.1250606
2004,1992,11.4134342805736,0,8.20229064736233,.0152341987141129,.043105241
2005,1990,12.4039360963092,8.51719319141624,10.0434668625896,-.0637077661561901,-19.971506
2005,1991,12.5047614568016,7.82404601085629,10.0494346750127,-.0439051388600103,-8.0523949
2006,1993,15.2435287017418,11.7739041545875,12.4755763633404,-.0002938803229454,33.112289
2006,1994,15.5455768104086,11.0888584084624,12.5882213602904,.0673647681508696,30.309912
2007,1991,12.2538156850561,7.29979736675816,10.0439970415156,-.355301391436154,13.227219
2007,1992,12.153485625331,4.81218435537242,9.94974116905356,-.241972706129151,13.947672
2008,1991,16.2930938253408,11.7955221286221,11.8304252867164,-.134574296666001,25.388521
2008,1992,16.1773217625593,11.0359052771498,12.1168134714091,-.0763053885420254,28.406424
2009,1994,15.5285055360743,12.5821775983319,13.4568764103245,.0150657000916815,28.596172
2009,1995,15.6920930270907,12.323086496551,13.6167090700004,.0542864132449628,31.000896
2010,1993,16.9583961547607,0,12.6414812715113,.0114638916907731,52.528801
2010,1994,17.0270931119206,12.2426408053107,13.0593575477615,.0602540558602052,57.638817
2011,1992,16.186941736206,12.4297960287094,13.7246212715941,0,56.760372
2011,1993,16.1933811339624,11.6069074904407,13.7460723730543,0,64.658173
2012,1991,16.0485639206908,14.0090028227604,14.9130549766621,-.0529718847661057,46.462337
2012,1992,16.0837053095444,13.360261542087,15.0393613102791,-.0137511716128244,47.460155
2013,1991,16.0276237477942,12.5461099483159,14.848497406123,-.0295588022415445,31.657475
2013,1992,15.6560601913618,11.6172854802945,14.773695464568,.0287101058824314,38.683945
2014,1991,10.2130289593408,8.42002127966396,8.90298606372688,-.0295588022415446,4.0420723
2014,1992,12.1530515435529,7.28756064030972,8.98004631663313,.0287101058824314,15.369579
2015,1991,11.1117843283421,0,8.193704305153149,-.0044345970678659,-15.544858
2015,1992,10.3738633347466,0,8.093278939639539,-.0044345970678659,-9.3904724
2016,1991,12.8121777577204,0,10.0457550490395,-.0165293019512105,4.7367773
2016,1992,12.7851372353345,0,9.98535781997375,-.0165293019512105,-.89566445
2017,1992,11.4804022732647,0,9.07870432490609,-.124519709104081,11.72481
2017,1993,11.4804022732647,0,8.96685379737818,-.0852989959507995,8.9313879
2018,1991,10.5388731962375,7.02197642307216,8.610574238913539,-.0495835001888278,-.81971771
2018,1992,10.0495340534654,0,8.494804422937831,-.0007933360193959,-.039527006
2019,1992,13.2692304532139,0,12.7131775560193,-.0440168854167742,21.523077
2019,1993,13.731834340415,11.2855103033051,12.8389043752254,.0421608108242781,15.135515
2020,1992,12.6885075910321,9.635608107380531,10.0503891640988,-.129579213041295,15.222314
2020,1993,11.9533253588997,7.9373746961633,10.0537894065552,-.0342690332369698,7.7970557
2021,1992,11.6576836012092,9.12260145766818,9.12552295014226,-.0049875415110391,-1.9939936
2021,1993,11.4014127298272,0,8.999582302937609,.0049627893421291,.96710759
2022,1992,10.3089526606443,7.43838353004431,8.781801090897419,-.0314986670593711,13.231804
2022,1993,9.729134165391351,0,8.68146957568529,.0077220460939103,-19.213673
2023,1992,10.851805881329,7.60090245954208,9.03081889130755,-.0660373972613072,3.6971617
2023,1993,11.0691054732562,0,8.926344829249031,-.0077684891373313,.96929836
2024,1993,10.6317973434696,0,8.513486329484911,-.0049875415110389,4.1143069
2024,1994,10.9626009623823,7.24136628332232,8.642785653964101,.0049627893421291,2.0663679
2025,1993,12.4538307576083,9.903487552536131,11.2490133031275,-.0148886124937507,13.718554
2025,1994,12.8074395305603,9.90323752128092,11.3833542205973,.0146701897477936,13.977713
2026,1995,12.0107601453325,8.006367567650249,8.344932850416599,-.0824464980223881,5.7877169
2026,1996,11.7156258805226,5.87211778947542,8.31090675716845,-.0054854568862598,8.8078117
2027,1993,11.518644333582,9.49205467264817,9.194505662073389,-.0898612545198876,-1.0494583
2027,1994,11.1409856900823,0,9.081096915855021,-.0315923463959117,.24254189
2028,1993,11.3741839517801,0,10.0086985570177,-.0998453349697161,-4.9793053
2028,1994,11.8443831957681,8.294049640102029,10.0645429115369,.0907750246389335,-3.7008183
2029,1993,11.6395493052921,0,9.412080495396349,-.0629747991613883,3.4394155
2029,1994,11.6287599367418,9.006141236662909,9.81767908812061,.0592428335628608,.23680268
2030,1995,10.9438203798935,6.81673588059497,9.333504459325781,.128585722111066,-2.2365327
2030,1996,10.770700951097,9.76932739084919,10.1255905626751,.0981265146263575,3.9774272
2031,1993,13.5067210833677,8.86389860431748,12.8128031813031,-.20294084399669,12.628188
2031,1994,13.172459960564,0,12.7113239616716,.168622712435793,14.21058
2032,1994,14.70997224943,10.047111592619,10.5199993389312,.0211579312707496,22.838074
2032,1995,14.9319071755328,10.3970856306355,11.0271939991807,.0794268393947253,38.661842
2033,1994,11.7310895593407,0,8.814865197897371,0,4.1012092
2033,1995,11.8297508631304,5.85793315448346,8.76372509050298,0,7.2695065
2034,1994,12.1020818143062,8.82261694534418,10.171914172964,-.0297772249875011,7.2225318
2034,1995,12.7072019781496,9.99583881360032,10.673123440478,-.0002184227459567,15.544496
2035,1996,11.2378436744942,7.6586995582683,9.15802550332771,.0090248223846586,-10.236154
2035,1997,11.3177739551882,0,9.054551684680209,.0288274496808384,-4.5790443
2036,1994,15.6766087277624,12.0413689782888,14.9223878968113,-.0224222323484883,49.886402
2036,1995,15.5950270535744,11.8244021859877,14.8376379081414,-.0026196050523086,50.885773
2037,1994,12.2833372516969,0,10.602340921791,-.0246926125903715,10.234432
2037,1995,10.5671663113855,0,10.4850213757725,.0240975515790605,9.7757111
2038,1994,11.3765557624381,8.895629627136479,10.8745069710746,-.0246926125903715,-29.985561
2038,1995,13.1545846515374,11.3736633976367,11.7449994212494,.0240975515790605,1.005558
2039,1995,14.8517308009672,9.78001963853588,12.1327414485316,.187490492755972,25.084236
2039,1996,14.5411340368003,9.83113189034399,12.0997627905034,.0011609145644787,28.410975
2040,1996,11.7006406996961,7.81480342948936,10.5192243910394,-.0099503308531682,3.5474401
2040,1997,12.6538148443323,9.77758413564697,10.7945527798582,.0098522964430116,5.5594325
2041,1996,11.22033070995,8.55178783618074,8.92924986070712,-.0656572701045097,.0806868
2041,1997,11.4291565025703,7.95682712209011,9.11981373277662,-.0360984678629652,-2.0357804
2042,1996,13.0077703731829,8.39886000445437,9.66779686408397,-.0246926125903716,4.3765945
2042,1997,12.4964212331976,7.96901178110648,9.71141864428729,.0240975515790605,5.7432466
2043,1996,13.4083436676458,9.89166797573079,9.659898917594861,-.0049875415110392,3.4300542
2043,1997,13.7382297320391,9.03967066792268,9.95639304663105,.0049627893421289,2.9593322
2044,1997,11.6701257756569,9.10497985631836,10.1508045573107,0,-5.0051079
2044,1998,11.8365078402631,0,10.0473324526315,0,-8.6280727
2045,1997,11.9047065235951,8.006367567650249,9.89342206505269,.0234760326624886,-7.0503001
2045,1998,12.3292321783192,7.76726399675731,9.934394959564409,-.027817261725062,-8.5246744
2046,1996,12.4332082181139,8.294049640102029,11.4644345560195,-.0519597389307112,3.4504046
2046,1997,12.4195253923113,0,11.3385316008158,.0250013022054172,10.598688
2047,1996,13.5617855048535,10.0012039260422,10.5310983809574,-.0222506089348197,5.3768682
2047,1997,13.6998302823014,7.59034694560257,10.5167280578364,-.0222506089348197,6.6869783
2048,1996,11.4907309794605,8.928640371201951,9.905071297749339,0,2.1567161
2048,1997,11.5401709138604,8.74353163362697,10.0668089100025,0,4.6611509
2049,1996,11.34805082178,7.78322401633604,8.5830371101515,0,3.4489131
2049,1997,10.9955282958212,0,8.483553674372001,0,-10.053451
2050,1997,14.9600743825315,11.7781318406568,12.0146639252469,0,26.976425
2050,1998,15.9774872754597,11.3055076141175,12.274881566766,0,21.96496
2051,1997,14.5983045535277,10.085434039,10.933653249051,-.0246926125903714,17.814728
2051,1998,14.4948952810159,9.28683834294891,10.995014801481,.0240975515790605,19.915239
2052,1997,11.8016355040289,6.39692965521615,8.0022591396057,.0032077537243432,-3.4919252
2052,1998,11.8114845271341,7.94873845481361,8.52700489880023,.013158084577511,-3.2038126
2053,1997,17.598361115652,13.023691553601,13.7871119064875,.0151136378100481,70.176315
2053,1998,17.5694709897751,12.2823667976786,13.8669718182448,-.0153455696746604,63.819382
2054,1996,12.7007140078116,12.0783983522758,11.7849071793019,0,19.181208
2054,1997,12.8116091786647,9.36486241141235,11.7423087088504,0,27.17618
2055,1998,13.662543056239,13.4703561400482,14.0094341336287,-.0099503308531681,7.5847483
2055,1999,14.2939311829113,13.7122988430906,14.4237272676741,.0196084713883763,18.125282
2056,1997,12.6022043324573,7.29165620917446,9.633933503399261,0,-1.2159666
2056,1998,12.7505022767099,0,9.5170600733051,0,5.5513005
2057,1998,11.2338595003585,0,9.009349625303109,-.0033277900926746,-5.9936571
2057,1999,11.389943940555,0,8.88683766620963,.0066225407604935,-2.8594933
2058,1998,13.919680465129,12.1776165850454,11.5882295786043,-.0034580662783722,1.485063
2058,1999,13.9838624923637,12.2740816998944,12.5211074478576,.0261007359631721,1.5615824
2059,1997,12.5405961274189,9.21034037197618,8.79279256112504,0,16.655275
2059,1998,12.6705147597501,10.1266311038503,10.201534473877,0,20.194418
2060,1998,11.6452774123225,7.20785987143248,8.10061657855336,0,2.0143936
2060,1999,11.7475864354448,7.82404601085629,8.516572999136759,0,3.2074013
2061,1997,12.305406537518,0,8.77585831479753,-.0049875415110391,15.737955
2061,1998,12.3977296577115,0,8.664042998901939,.0049627893421291,13.763423
2062,1997,12.7721475285263,0,9.02514268307673,-.0049875415110392,3.8812988
2062,1998,12.8339610456281,0,8.9247760554954,.0049627893421289,.59241349
2063,1997,11.987238545179,7.95402108727804,9.200613216217601,0,20.90517
2063,1998,12.5263320182236,9.917291833512531,10.1635491679409,0,8.7305784
2064,1998,15.5223923068187,12.9324684146318,13.531169697442,0,21.851439
2064,1999,15.8931550928976,12.2136439110265,13.6315707725444,0,22.080206
2065,1997,13.3737553582335,9.164924508445701,11.4362474237858,0,19.47423
2065,1998,13.4504231857081,9.854874872615429,11.4921082831877,0,27.607853
2066,1997,11.5212374743093,9.04923221158143,9.03837698365041,-.0049875415110392,4.1151123
2066,1998,11.7868209324701,7.74283595543075,9.14672942051282,.0049627893421289,2.2479558
2067,1997,13.3180173282018,9.73269923155585,11.4949233956961,0,17.553469
2067,1998,13.1111102983431,8.40088406901585,11.4226199409584,0,24.185078
2068,1997,13.0161158017584,9.2369823029226,9.910756072725791,.02531780798429,16.098898
2068,1998,13.1325908975598,10.5448676422742,10.8150049099638,-.0259754864032607,23.575647
2069,1997,12.255077072458,8.070906088787821,10.4105099532091,0,12.959765
2069,1998,12.6479088277892,0,10.2948740200347,0,14.493871
2070,1997,12.3037978159866,11.8922382289315,12.3320068146965,-.0582689081239759,-1.888725
2070,1998,13.8903406761955,0,12.2278678940805,.0550597771830274,-.58512884
2071,1998,13.570368619186,8.776938645175001,10.7690784980725,-.0011314351574719,8.7767038
2071,1999,13.6721829671845,9.45720044990771,10.8818569074779,.057137472966504,6.7109628
2072,1997,15.7530875107563,13.0516275592966,13.7904814262577,.0202027073175195,46.967876
2072,1998,15.7200786368072,10.7314496766166,13.7333902185078,-.0206192872027357,40.974037
2073,1997,12.0451876745125,8.363342466597979,8.107569448159211,0,-3.2343841
2073,1998,12.2521687076731,9.016634256315591,9.202620651460959,0,1.9798309
2074,1997,11.330311865536,7.45240245122364,8.35507418193979,-.0148886124937506,-4.8239808
2074,1998,11.5117647916495,8.724695046740489,9.10735481165576,.0146701897477938,6.2827559
2075,1997,12.3812395017193,10.7824916996243,10.8293760778819,0,-8.608119
2075,1998,12.4225339200805,9.352447388601011,10.9191384338232,0,-4.0554395
2076,1998,17.696185205878,13.8214985938387,15.204743148258,0,61.260654
2076,1999,17.8796181311213,13.9631207525158,15.3360975625088,0,64.239616
2077,1998,14.1810053920686,12.0416342279344,12.8311724895869,0,40.587036
2077,1999,14.5481264978346,12.5739570283029,13.2763711898837,0,37.698883
2078,1998,14.9460464979045,10.3453488758356,14.9090735872168,0,33.485573
2078,1999,14.8803744863852,10.7975531251516,14.8000377526538,0,33.755688
2079,1998,12.133155082507,8.021256180144,8.09672611438973,-.0230652729309962,7.3006949
2079,1999,12.1437054608078,7.07242190053737,8.271522805520419,.0445933755428187,3.5654411
2080,1997,15.7548187570272,11.7580809659355,11.5046069619615,-.0148886124937507,21.612219
2080,1998,16.056259427427,9.355392643675319,11.5075349622812,.0146701897477936,28.501217
2081,1998,15.9133685485356,13.0898401856988,14.4608358853903,-.0033277900926745,43.033272
2081,1999,15.8524179760095,12.8404380364649,14.5339972150237,.0066225407604935,49.481953
2082,1997,13.7851571386982,8.41183267575841,9.31914993283346,-.0198026272961799,7.7600265
2082,1998,13.7510951061764,8.070906088787821,9.454289968562961,.0194180858571015,8.5475254
2083,1998,14.6675712011307,11.2606620150822,11.2419956204395,-.0099503308531681,39.32605
2083,1999,14.5419614615359,10.3868391993014,11.4724232109942,.0196084713883763,38.755161
2084,1998,14.3212637805864,11.0897901543312,12.265058277878,-.0001307104112705,22.337143
2084,1999,14.0540339588092,10.4341158035983,12.2896083226001,.0196719168849092,22.221214
2085,1997,13.1006288852583,8.49739856408806,11.6138028463823,-.0049875415110392,18.326822
2085,1998,13.0609580759368,10.5841825251568,11.7920666678115,.0049627893421289,20.129807
2086,1998,15.7968633871656,12.571548745422,13.8028228077953,.0032077537243432,56.108471
2086,1999,15.943517219351,12.4922097751722,13.9371621012866,.0131580845775114,57.053299
2087,1997,14.3808243670143,9.64212278840172,12.6687951440614,0,27.104219
2087,1998,14.1254253907808,0,12.5435722114108,0,29.304947
2088,1998,14.7227075547856,11.1762492075382,13.3250619063308,.0032077537243432,41.45396
2088,1999,14.6809059730284,10.4270319487099,13.2734501683139,.0131580845775114,42.729488
2089,1997,16.222423954068,10.6727157575014,13.4217180591123,.0151136378100481,59.833206
2089,1998,16.4972692806377,11.2349428668272,13.4068226622505,-.0153455696746604,63.165768
2090,1997,15.2624427172844,10.9967019655176,12.324830761197,-.0199333377074501,44.77993
2090,1998,15.4952809242441,11.1082000831971,12.4590301121729,-.0001307104112705,46.721401
2091,1997,13.9618132677341,10.8389728837577,12.638609322884,.0000666688889879,27.395834
2091,1998,13.9805303007114,11.4936305087873,12.7757456892952,-.0099836669645137,28.772745
2092,1997,13.9215115684615,11.7960572003232,11.3813418884055,-.0099503308531682,13.705031
2092,1998,13.9280648363528,10.7754501505607,11.6922558861082,.0098522964430116,14.039673
2093,1998,15.1613276232138,13.5928094087758,13.8943848602411,.0202027073175195,22.64591
2093,1999,15.5453608053025,13.2328738094494,14.1648734236988,-.0206192872027358,31.778639
2094,1997,12.9711370923633,4.74493212836325,9.9615536098986,-.0049875415110389,14.380783
2094,1998,12.7595234143059,6.55819780281227,9.891662916269469,.0049627893421291,13.759035
2095,1998,10.3510584320774,7.3132203870903,8.09404261325203,.0097561749453644,-9.7771568
2095,1999,10.3692436115226,6.21260609575152,8.12545345792655,.0097561749453644,-11.8105
2096,1998,11.6073170411692,8.53109609658523,8.57014610786891,.0129034048359078,-1.0440439
2096,1999,11.2612924145061,0,8.444235326865909,.0129034048359078,9.0542994
2097,1998,11.1846713667534,4.97673374242057,8.39989503818537,0,6.6724215
2097,1999,11.2685582772044,8.49699048409872,9.005245459639211,0,6.0702038
2098,1997,12.0207482848298,10.5446306598493,10.3505423604035,-.0148886124937507,4.3001595
2098,1998,12.2472629414499,10.8401297806582,11.1689594197728,.0146701897477936,3.8284023
2099,1997,12.5751434424452,8.884056061742459,11.2767853226602,-.0099503308531681,22.110931
2099,1998,12.5235549959203,8.069655306886171,11.2039666392322,.0098522964430116,24.239527
2100,1998,12.2855952179568,8.419359831067471,9.35060653503681,-.0198026272961796,17.031975
2100,1999,12.3060763390012,0,9.226174350278709,.0384662808277964,16.986784
2101,1998,12.7834273080385,8.459987717645459,10.0722256031478,0,24.282059
2101,1999,12.5323646677342,8.898638793680179,10.2360270661296,0,25.427675
2102,1998,13.364401431376,8.876684166614449,10.4216918865399,-.0198026272961798,18.215073
2102,1999,13.395551320377,10.0236677127922,10.8104751440841,.0194180858571015,17.335962
2103,1997,13.2934621941758,11.5521461781235,11.8575841013949,0,12.643023
2103,1998,13.3949338425009,9.7060117479705,11.8496540972907,0,16.910694
2104,1997,12.1746143514958,9.803998654035389,9.88809468792865,0,9.2114096
2104,1998,12.4089973927892,8.758726607842039,10.0288991940236,0,4.8550353
2105,1997,12.9168878237435,0,8.99487973137472,-.0198026272961798,19.576597
2105,1998,12.9080655867341,0,8.879138224010481,.0194180858571015,18.143999
2106,1997,11.4031440805454,6.49223983502047,9.818038590703649,-.0099503308531681,11.129434
2106,1998,11.0448080556926,0,9.718662865524051,.0098522964430116,10.345624
2107,1998,12.8893996316896,0,9.871320702292079,-.0067743875542728,20.182381
2107,1999,12.8944597476694,9.332558004700431,10.2093312006127,.0324463255990085,22.307867
2108,1998,14.6228950564436,11.5179130064813,12.9006343252144,-.0137511716128244,32.484131
2108,1999,14.5951046009372,11.8918686216008,13.1104998836215,.0632098695233038,32.283478
2109,1997,14.1623604315844,10.3411939459513,12.1777930197934,-.0148886124937506,40.016529
2109,1998,14.2015882464118,9.554355517768119,12.1336057107531,.0146701897477936,39.199959
2110,1997,14.278840719073,8.91126025457203,11.5646437190496,-.0099503308531681,35.738426
2110,1998,14.4441138840391,9.9265202516467,11.6064549694037,.0098522964430116,38.078419
2111,1997,14.6976540445343,9.60555310362,11.3404108624149,-.0198026272961796,39.411701
2111,1998,14.7009428115376,9.443909388773969,11.3607493344368,.0194180858571017,41.93327
2112,1998,13.7037457451709,7.72312009226633,12.394212244645,-.0456105112520524,18.503241
2112,1999,13.7447726420453,0,12.2814912940865,.0854177511543518,22.327982
2113,1997,13.7218512780079,9.407550541263889,10.5188029129419,-.0651008629937472,10.442733
2113,1998,13.6998224692305,8.999866223762639,10.593389472931,.0210768332473051,17.706217
2114,1997,14.7596335718216,11.2102109696845,13.089493018005,.0304592074847087,27.250559
2114,1998,14.8174700987112,11.0289040439563,13.1014479671948,-.0314161962333789,20.720049
2115,1998,12.6293332263345,8.577723691156271,9.43631192073344,.006557400546159,5.4322238
2115,1999,12.8155748974613,9.027978814382211,9.814973228505391,.006557400546159,4.8172703
2116,1998,11.6490425991817,8.38753998318937,8.602912066818771,-.0001307104112704,1.0386925
2116,1999,11.6433268708349,9.075894275423259,9.4099204729563,.0196719168849094,3.8389554
2117,1998,11.5348043666887,7.90100705199242,8.09526327927683,.006557400546159,13.752789
2117,1999,11.4598200032831,5.77455154554441,8.072841714255571,.006557400546159,11.857308
2118,1997,13.3235475773641,9.10497985631836,10.7407545573996,-.0099503308531682,24.591717
2118,1998,13.7257145588476,8.69951474821019,10.7330454140886,.0098522964430114,28.705084
2119,1998,17.3971783674712,12.2059626394797,14.4949342000681,-.0099503308531681,64.185722
2119,1999,17.2245999489681,12.9817509734893,14.5657871769444,.0098522964430116,68.335258
2120,1998,16.1622173363379,9.952277716705559,13.2416065021672,-.0198026272961798,54.235497
2120,1999,18.137296710238,13.5875830819077,16.3352140474269,.0194180858571015,78.109894
2121,1998,15.8882398855525,12.6495429848028,13.1406715552336,.0151136378100481,57.067326
2121,1999,16.0058641022435,10.6283029594229,13.0982757867513,-.0153455696746603,63.176003
2122,1998,15.7667396790315,11.8499404114407,14.307340867669,.035627177643151,46.496838
2122,1999,15.7618470446962,11.6653804221579,14.2481753771657,-.0369435151916844,48.988098
